{
  "peak_forwarded_pps": 822407.65,
  "peak_forwarded_gbps": 0.3947561584,
  "sender_injection_pps": 37203192.07317073,
  "packet_loss_pct": 97.77610119143738,
  "nic_drop_rate_mean": 0.0,
  "nic_drop_rate_peak": 0.0,
  "forwarding_efficiency_pct": 2.223898808562619,
  "throughput_std_dev": 89539.50437608492
}