{
  "peak_forwarded_pps": 31617139.5,
  "peak_forwarded_gbps": 21.246718256,
  "sender_injection_pps": 37173056.91304348,
  "packet_loss_pct": 15.09325227984193,
  "nic_drop_rate_mean": 0.0,
  "nic_drop_rate_peak": 0.0,
  "forwarding_efficiency_pct": 84.90674772015807,
  "throughput_std_dev": 56395.892453292254
}