{
  "peak_forwarded_pps": 8628647.0,
  "peak_forwarded_gbps": 5.798451296,
  "sender_injection_pps": 36360801.791666664,
  "packet_loss_pct": 76.20747701323559,
  "nic_drop_rate_mean": 0.0,
  "nic_drop_rate_peak": 0.0,
  "forwarding_efficiency_pct": 23.792522986764403,
  "throughput_std_dev": 786358.5489025903
}