{
  "peak_forwarded_pps": 3620033.6,
  "peak_forwarded_gbps": 2.4326619648,
  "sender_injection_pps": 37165458.76,
  "packet_loss_pct": 91.20695823749922,
  "nic_drop_rate_mean": 0.0,
  "nic_drop_rate_peak": 0.0,
  "forwarding_efficiency_pct": 8.793041762500772,
  "throughput_std_dev": 501705.7496791457
}