{
  "peak_forwarded_pps": 22044288.5,
  "peak_forwarded_gbps": 10.581256432,
  "sender_injection_pps": 37198769.1483871,
  "packet_loss_pct": 40.833195526222006,
  "nic_drop_rate_mean": 0.0,
  "nic_drop_rate_peak": 0.0,
  "forwarding_efficiency_pct": 59.166804473777994,
  "throughput_std_dev": 35128.52107611369
}