{
  "peak_forwarded_pps": 15626312.7,
  "peak_forwarded_gbps": 10.500880752,
  "sender_injection_pps": 37203183.75,
  "packet_loss_pct": 58.42411870245131,
  "nic_drop_rate_mean": 0.0,
  "nic_drop_rate_peak": 0.0,
  "forwarding_efficiency_pct": 41.57588129754869,
  "throughput_std_dev": 195015.6298350912
}