{
  "peak_forwarded_pps": 22116439.8,
  "peak_forwarded_gbps": 10.6158825024,
  "sender_injection_pps": 37879602.27272727,
  "packet_loss_pct": 41.25476454112368,
  "nic_drop_rate_mean": 0.0,
  "nic_drop_rate_peak": 0.0,
  "forwarding_efficiency_pct": 58.74523545887632,
  "throughput_std_dev": 59692.53148377119
}