{
  "peak_forwarded_pps": 8943320.4,
  "peak_forwarded_gbps": 4.2927874944,
  "sender_injection_pps": 37203179.0,
  "packet_loss_pct": 76.06384915754742,
  "nic_drop_rate_mean": 0.0,
  "nic_drop_rate_peak": 0.0,
  "forwarding_efficiency_pct": 23.936150842452577,
  "throughput_std_dev": 23891.885211864563
}