{
  "peak_forwarded_pps": 0.0,
  "peak_forwarded_gbps": 0.0,
  "sender_injection_pps": 37192224.38613861,
  "packet_loss_pct": 99.99999992016073,
  "nic_drop_rate_mean": 0.0,
  "nic_drop_rate_peak": 0.0,
  "forwarding_efficiency_pct": 7.983926986708909e-08,
  "throughput_std_dev": 0.16976661583645788
}