{
  "peak_forwarded_pps": 11852255.0,
  "peak_forwarded_gbps": 7.964716896,
  "sender_injection_pps": 37203209.61111111,
  "packet_loss_pct": 68.35979536370208,
  "nic_drop_rate_mean": 0.0,
  "nic_drop_rate_peak": 0.0,
  "forwarding_efficiency_pct": 31.640204636297927,
  "throughput_std_dev": 88166.89148301956
}