{
  "peak_forwarded_pps": 6020515.4,
  "peak_forwarded_gbps": 2.8898476991999997,
  "sender_injection_pps": 37143477.81081081,
  "packet_loss_pct": 85.74561528140494,
  "nic_drop_rate_mean": 0.0,
  "nic_drop_rate_peak": 0.0,
  "forwarding_efficiency_pct": 14.254384718595059,
  "throughput_std_dev": 524924.4534429556
}