{
  "peak_forwarded_pps": 15699830.0,
  "peak_forwarded_gbps": 10.550290368,
  "sender_injection_pps": 37198417.86956522,
  "packet_loss_pct": 56.498555363558424,
  "nic_drop_rate_mean": 0.0,
  "nic_drop_rate_peak": 0.0,
  "forwarding_efficiency_pct": 43.501444636441576,
  "throughput_std_dev": 3123711.362322054
}