{
  "peak_forwarded_pps": 12321276.8,
  "peak_forwarded_gbps": 5.91421184,
  "sender_injection_pps": 37203188.649122804,
  "packet_loss_pct": 66.896432876306,
  "nic_drop_rate_mean": 0.0,
  "nic_drop_rate_peak": 0.0,
  "forwarding_efficiency_pct": 33.103567123694006,
  "throughput_std_dev": 6525.258543255204
}