{
  "peak_forwarded_pps": 2909290.0,
  "peak_forwarded_gbps": 1.95504288,
  "sender_injection_pps": 37193340.47826087,
  "packet_loss_pct": 92.200680221183,
  "nic_drop_rate_mean": 0.0,
  "nic_drop_rate_peak": 0.0,
  "forwarding_efficiency_pct": 7.799319778816987,
  "throughput_std_dev": 3764.2059536172615
}