{
  "peak_forwarded_pps": 15425779.05,
  "peak_forwarded_gbps": 10.3661237008,
  "sender_injection_pps": 38815381.652173914,
  "packet_loss_pct": 58.67700814693815,
  "nic_drop_rate_mean": 0.0,
  "nic_drop_rate_peak": 0.0,
  "forwarding_efficiency_pct": 41.32299185306185,
  "throughput_std_dev": 84683.05757237133
}