{
  "peak_forwarded_pps": 7908131.0,
  "peak_forwarded_gbps": 3.795903904,
  "sender_injection_pps": 37197259.28169014,
  "packet_loss_pct": 81.76224926210845,
  "nic_drop_rate_mean": 0.0,
  "nic_drop_rate_peak": 0.0,
  "forwarding_efficiency_pct": 18.23775073789154,
  "throughput_std_dev": 590283.0239986482
}