{
  "peak_forwarded_pps": 3772955.6,
  "peak_forwarded_gbps": 2.5354261632,
  "sender_injection_pps": 37193846.047619045,
  "packet_loss_pct": 90.76008051007942,
  "nic_drop_rate_mean": 0.0,
  "nic_drop_rate_peak": 0.0,
  "forwarding_efficiency_pct": 9.239919489920585,
  "throughput_std_dev": 567291.8941113076
}