{
  "peak_forwarded_pps": 2952517.0,
  "peak_forwarded_gbps": 1.9840910656000001,
  "sender_injection_pps": 38820721.217391305,
  "packet_loss_pct": 92.88242758223156,
  "nic_drop_rate_mean": 0.0,
  "nic_drop_rate_peak": 0.0,
  "forwarding_efficiency_pct": 7.1175724177684465,
  "throughput_std_dev": 229352.8401419598
}