{
  "peak_forwarded_pps": 1228096.0,
  "peak_forwarded_gbps": 0.825280512,
  "sender_injection_pps": 37131742.0,
  "packet_loss_pct": 96.6961426070568,
  "nic_drop_rate_mean": 0.0,
  "nic_drop_rate_peak": 0.0,
  "forwarding_efficiency_pct": 3.3038573929432027,
  "throughput_std_dev": 2528.759379616811
}