{
  "peak_forwarded_pps": 31615664.4,
  "peak_forwarded_gbps": 21.2457400256,
  "sender_injection_pps": 37203130.384615384,
  "packet_loss_pct": 14.630646096995601,
  "nic_drop_rate_mean": 0.0,
  "nic_drop_rate_peak": 0.0,
  "forwarding_efficiency_pct": 85.3693539030044,
  "throughput_std_dev": 6167837.613870532
}