{
  "peak_forwarded_pps": 13313478.0,
  "peak_forwarded_gbps": 8.946673088,
  "sender_injection_pps": 38394387.161290325,
  "packet_loss_pct": 65.21015589684255,
  "nic_drop_rate_mean": 0.0,
  "nic_drop_rate_peak": 0.0,
  "forwarding_efficiency_pct": 34.78984410315745,
  "throughput_std_dev": 27980.392776862514
}