{
  "peak_forwarded_pps": 22066578.85,
  "peak_forwarded_gbps": 10.591967576,
  "sender_injection_pps": 37327202.9569378,
  "packet_loss_pct": 40.91605278995397,
  "nic_drop_rate_mean": 0.0,
  "nic_drop_rate_peak": 0.0,
  "forwarding_efficiency_pct": 59.08394721004603,
  "throughput_std_dev": 1533413.0637859022
}