{
  "peak_forwarded_pps": 15648546.0,
  "peak_forwarded_gbps": 10.5158352,
  "sender_injection_pps": 37202361.91304348,
  "packet_loss_pct": 58.41201706319088,
  "nic_drop_rate_mean": 0.0,
  "nic_drop_rate_peak": 0.0,
  "forwarding_efficiency_pct": 41.58798293680911,
  "throughput_std_dev": 54735.72404616772
}