{
  "peak_forwarded_pps": 6058251.8,
  "peak_forwarded_gbps": 2.9079608639999996,
  "sender_injection_pps": 37161545.614035085,
  "packet_loss_pct": 85.65912616942313,
  "nic_drop_rate_mean": 0.0,
  "nic_drop_rate_peak": 0.0,
  "forwarding_efficiency_pct": 14.340873830576871,
  "throughput_std_dev": 473390.5472754182
}