{
  "peak_forwarded_pps": 9167432.05,
  "peak_forwarded_gbps": 4.400368305600001,
  "sender_injection_pps": 37178815.791666664,
  "packet_loss_pct": 78.05538472102579,
  "nic_drop_rate_mean": 0.0,
  "nic_drop_rate_peak": 0.0,
  "forwarding_efficiency_pct": 21.944615278974208,
  "throughput_std_dev": 849166.1667056091
}