{
  "peak_forwarded_pps": 32421063.4,
  "peak_forwarded_gbps": 21.7869553728,
  "sender_injection_pps": 37202987.666666664,
  "packet_loss_pct": 12.901370540362555,
  "nic_drop_rate_mean": 0.0,
  "nic_drop_rate_peak": 0.0,
  "forwarding_efficiency_pct": 87.09862945963745,
  "throughput_std_dev": 11428.900001977378
}