{
  "peak_forwarded_pps": 1256252.0,
  "peak_forwarded_gbps": 0.602999936,
  "sender_injection_pps": 37203178.782178216,
  "packet_loss_pct": 96.64738171330885,
  "nic_drop_rate_mean": 0.0,
  "nic_drop_rate_peak": 0.0,
  "forwarding_efficiency_pct": 3.3526182866911594,
  "throughput_std_dev": 6089.732214351107
}