{
  "peak_forwarded_pps": 5087078.4,
  "peak_forwarded_gbps": 2.4418048,
  "sender_injection_pps": 36979676.93617021,
  "packet_loss_pct": 86.41962718016516,
  "nic_drop_rate_mean": 0.0,
  "nic_drop_rate_peak": 0.0,
  "forwarding_efficiency_pct": 13.580372819834828,
  "throughput_std_dev": 560277.5438931833
}