time_s,cpu0_%usr,cpu0_%nice,cpu0_%sys,cpu0_%iowait,cpu0_%irq,cpu0_%soft,cpu0_%steal,cpu0_%guest,cpu0_%gnice,cpu0_%idle,cpu1_%usr,cpu1_%nice,cpu1_%sys,cpu1_%iowait,cpu1_%irq,cpu1_%soft,cpu1_%steal,cpu1_%guest,cpu1_%gnice,cpu1_%idle,cpu2_%usr,cpu2_%nice,cpu2_%sys,cpu2_%iowait,cpu2_%irq,cpu2_%soft,cpu2_%steal,cpu2_%guest,cpu2_%gnice,cpu2_%idle,cpu3_%usr,cpu3_%nice,cpu3_%sys,cpu3_%iowait,cpu3_%irq,cpu3_%soft,cpu3_%steal,cpu3_%guest,cpu3_%gnice,cpu3_%idle,cpu4_%usr,cpu4_%nice,cpu4_%sys,cpu4_%iowait,cpu4_%irq,cpu4_%soft,cpu4_%steal,cpu4_%guest,cpu4_%gnice,cpu4_%idle,cpu5_%usr,cpu5_%nice,cpu5_%sys,cpu5_%iowait,cpu5_%irq,cpu5_%soft,cpu5_%steal,cpu5_%guest,cpu5_%gnice,cpu5_%idle,cpu6_%usr,cpu6_%nice,cpu6_%sys,cpu6_%iowait,cpu6_%irq,cpu6_%soft,cpu6_%steal,cpu6_%guest,cpu6_%gnice,cpu6_%idle,cpu7_%usr,cpu7_%nice,cpu7_%sys,cpu7_%iowait,cpu7_%irq,cpu7_%soft,cpu7_%steal,cpu7_%guest,cpu7_%gnice,cpu7_%idle,cpu8_%usr,cpu8_%nice,cpu8_%sys,cpu8_%iowait,cpu8_%irq,cpu8_%soft,cpu8_%steal,cpu8_%guest,cpu8_%gnice,cpu8_%idle,cpu9_%usr,cpu9_%nice,cpu9_%sys,cpu9_%iowait,cpu9_%irq,cpu9_%soft,cpu9_%steal,cpu9_%guest,cpu9_%gnice,cpu9_%idle,cpu10_%usr,cpu10_%nice,cpu10_%sys,cpu10_%iowait,cpu10_%irq,cpu10_%soft,cpu10_%steal,cpu10_%guest,cpu10_%gnice,cpu10_%idle,cpu11_%usr,cpu11_%nice,cpu11_%sys,cpu11_%iowait,cpu11_%irq,cpu11_%soft,cpu11_%steal,cpu11_%guest,cpu11_%gnice,cpu11_%idle,cpu12_%usr,cpu12_%nice,cpu12_%sys,cpu12_%iowait,cpu12_%irq,cpu12_%soft,cpu12_%steal,cpu12_%guest,cpu12_%gnice,cpu12_%idle,cpu13_%usr,cpu13_%nice,cpu13_%sys,cpu13_%iowait,cpu13_%irq,cpu13_%soft,cpu13_%steal,cpu13_%guest,cpu13_%gnice,cpu13_%idle,cpu14_%usr,cpu14_%nice,cpu14_%sys,cpu14_%iowait,cpu14_%irq,cpu14_%soft,cpu14_%steal,cpu14_%guest,cpu14_%gnice,cpu14_%idle,cpu15_%usr,cpu15_%nice,cpu15_%sys,cpu15_%iowait,cpu15_%irq,cpu15_%soft,cpu15_%steal,cpu15_%guest,cpu15_%gnice,cpu15_%idle,cpu16_%usr,cpu16_%nice,cpu16_%sys,cpu16_%iowait,cpu16_%irq,cpu16_%soft,cpu16_%steal,cpu16_%guest,cpu16_%gnice,cpu16_%idle,cpu17_%usr,cpu17_%nice,cpu17_%sys,cpu17_%iowait,cpu17_%irq,cpu17_%soft,cpu17_%steal,cpu17_%guest,cpu17_%gnice,cpu17_%idle,cpu18_%usr,cpu18_%nice,cpu18_%sys,cpu18_%iowait,cpu18_%irq,cpu18_%soft,cpu18_%steal,cpu18_%guest,cpu18_%gnice,cpu18_%idle,cpu19_%usr,cpu19_%nice,cpu19_%sys,cpu19_%iowait,cpu19_%irq,cpu19_%soft,cpu19_%steal,cpu19_%guest,cpu19_%gnice,cpu19_%idle,cpu20_%usr,cpu20_%nice,cpu20_%sys,cpu20_%iowait,cpu20_%irq,cpu20_%soft,cpu20_%steal,cpu20_%guest,cpu20_%gnice,cpu20_%idle,cpu21_%usr,cpu21_%nice,cpu21_%sys,cpu21_%iowait,cpu21_%irq,cpu21_%soft,cpu21_%steal,cpu21_%guest,cpu21_%gnice,cpu21_%idle,cpu22_%usr,cpu22_%nice,cpu22_%sys,cpu22_%iowait,cpu22_%irq,cpu22_%soft,cpu22_%steal,cpu22_%guest,cpu22_%gnice,cpu22_%idle,cpu23_%usr,cpu23_%nice,cpu23_%sys,cpu23_%iowait,cpu23_%irq,cpu23_%soft,cpu23_%steal,cpu23_%guest,cpu23_%gnice,cpu23_%idle
0,0.0,0.0,0.0,0.0,0.0,87.88,0.0,0.0,0.0,12.12,0.0,0.0,0.0,0.0,0.0,100.0,0.0,0.0,0.0,0.0,0.0,0.0,0.0,0.0,0.0,87.38,0.0,0.0,0.0,12.62,0.0,0.0,0.0,0.0,0.0,62.63,0.0,0.0,0.0,37.37,0.0,0.0,0.0,0.0,0.0,92.0,0.0,0.0,0.0,8.0,0.0,0.0,0.0,0.0,0.0,79.8,0.0,0.0,0.0,20.2,0.0,0.0,0.0,0.0,0.0,79.8,0.0,0.0,0.0,20.2,0.0,0.0,0.0,0.0,0.0,100.0,0.0,0.0,0.0,0.0,0.0,0.0,0.0,0.0,0.0,60.82,0.0,0.0,0.0,39.18,1.01,0.0,0.0,0.0,0.0,14.14,0.0,0.0,0.0,84.85,2.02,0.0,1.01,0.0,0.0,35.35,0.0,0.0,0.0,61.62,0.0,0.0,0.0,0.0,0.0,55.56,0.0,0.0,0.0,44.44,3.96,0.0,0.99,0.0,0.0,29.7,0.0,0.0,0.0,65.35,0.0,0.0,0.0,0.0,0.0,36.73,0.0,0.0,0.0,63.27,11.46,0.0,1.04,4.17,0.0,47.92,0.0,0.0,0.0,35.42,0.0,0.0,0.0,0.0,0.0,51.52,0.0,0.0,0.0,48.48,1.01,0.0,0.0,0.0,0.0,0.0,0.0,0.0,0.0,98.99,1.96,0.0,1.96,0.98,0.0,0.0,0.0,0.0,0.0,95.1,0.0,0.0,0.0,0.0,0.0,0.0,0.0,0.0,0.0,100.0,0.0,0.0,0.0,0.0,0.0,0.0,0.0,0.0,0.0,100.0,0.0,0.0,2.0,10.0,0.0,0.0,0.0,0.0,0.0,88.0,0.0,0.0,0.0,0.0,0.0,0.0,0.0,0.0,0.0,100.0,0.0,0.0,0.0,0.0,0.0,0.0,0.0,0.0,0.0,100.0,1.0,0.0,0.0,1.0,0.0,0.0,0.0,0.0,0.0,98.0
1,0.0,0.0,0.0,0.0,0.0,85.71,0.0,0.0,0.0,14.29,0.0,0.0,0.0,0.0,0.0,100.0,0.0,0.0,0.0,0.0,0.0,0.0,0.0,0.0,0.0,84.85,0.0,0.0,0.0,15.15,1.01,0.0,0.0,0.0,0.0,59.6,0.0,0.0,0.0,39.39,0.0,0.0,0.0,0.0,0.0,88.89,0.0,0.0,0.0,11.11,0.0,0.0,0.0,0.0,0.0,79.21,0.0,0.0,0.0,20.79,0.0,0.0,0.0,0.0,0.0,78.35,0.0,0.0,0.0,21.65,0.0,0.0,0.0,0.0,0.0,100.0,0.0,0.0,0.0,0.0,0.0,0.0,0.0,0.0,0.0,58.0,0.0,0.0,0.0,42.0,0.0,0.0,0.0,0.0,0.0,13.13,0.0,0.0,0.0,86.87,0.0,0.0,0.0,0.0,0.0,36.0,0.0,0.0,0.0,64.0,0.0,0.0,0.0,0.0,0.0,55.67,0.0,0.0,0.0,44.33,1.01,0.0,0.0,0.0,0.0,29.29,0.0,0.0,0.0,69.7,0.99,0.0,0.0,0.0,0.0,36.63,0.0,0.0,0.0,62.38,0.0,0.0,0.0,0.99,0.0,50.5,0.0,0.0,0.0,48.51,0.0,0.0,0.0,0.0,0.0,46.15,0.0,0.0,0.0,53.85,0.0,0.0,1.0,1.0,0.0,0.0,0.0,0.0,0.0,98.0,0.0,0.0,0.0,0.0,0.0,0.0,0.0,0.0,0.0,100.0,1.0,0.0,2.0,0.0,0.0,0.0,0.0,0.0,0.0,97.0,0.0,0.0,0.0,15.0,0.0,0.0,0.0,0.0,0.0,85.0,0.0,0.0,0.0,0.0,0.0,0.0,0.0,0.0,0.0,100.0,0.0,0.0,0.0,0.0,0.0,0.0,0.0,0.0,0.0,100.0,0.0,0.0,0.0,0.0,0.0,0.0,0.0,0.0,0.0,100.0,0.0,0.0,0.0,0.0,0.0,0.0,0.0,0.0,0.0,100.0
2,0.0,0.0,0.0,0.0,0.0,93.0,0.0,0.0,0.0,7.0,0.0,0.0,0.0,0.0,0.0,100.0,0.0,0.0,0.0,0.0,0.0,0.0,0.0,0.0,0.0,90.2,0.0,0.0,0.0,9.8,0.0,0.0,0.0,0.0,0.0,65.31,0.0,0.0,0.0,34.69,0.0,0.0,0.0,0.0,0.0,95.05,0.0,0.0,0.0,4.95,0.0,0.0,0.0,0.0,0.0,83.84,0.0,0.0,0.0,16.16,0.0,0.0,0.0,0.0,0.0,81.82,0.0,0.0,0.0,18.18,0.0,0.0,0.0,0.0,0.0,100.0,0.0,0.0,0.0,0.0,3.03,0.0,2.02,0.0,0.0,61.62,0.0,0.0,0.0,33.33,0.0,0.0,0.0,0.0,0.0,15.0,0.0,0.0,0.0,85.0,2.02,0.0,2.02,0.0,0.0,37.37,0.0,0.0,0.0,58.59,0.0,0.0,0.0,0.0,0.0,57.29,0.0,0.0,0.0,42.71,12.24,0.0,6.12,0.0,0.0,30.61,0.0,0.0,0.0,51.02,0.0,0.0,0.0,0.0,0.0,40.4,0.0,0.0,0.0,59.6,1.0,0.0,1.0,0.0,0.0,52.0,0.0,0.0,0.0,46.0,0.0,0.0,0.0,0.0,0.0,45.24,0.0,0.0,0.0,54.76,6.0,0.0,7.0,0.0,0.0,0.0,0.0,0.0,0.0,87.0,5.0,0.0,2.0,0.0,0.0,0.0,0.0,0.0,0.0,93.0,2.02,0.0,1.01,0.0,0.0,0.0,0.0,0.0,0.0,96.97,2.02,0.0,2.02,9.09,0.0,0.0,0.0,0.0,0.0,86.87,4.0,0.0,4.0,1.0,0.0,0.0,0.0,0.0,0.0,91.0,0.99,0.0,1.98,7.92,0.0,0.0,0.0,0.0,0.0,89.11,3.0,0.0,3.0,0.0,0.0,0.0,0.0,0.0,0.0,94.0,1.0,0.0,1.0,0.0,0.0,0.0,0.0,0.0,0.0,98.0
3,0.0,0.0,0.0,0.0,0.0,91.0,0.0,0.0,0.0,9.0,0.0,0.0,0.0,0.0,0.0,100.0,0.0,0.0,0.0,0.0,0.0,0.0,0.0,0.0,0.0,86.87,0.0,0.0,0.0,13.13,0.0,0.0,0.0,0.0,0.0,61.62,0.0,0.0,0.0,38.38,0.0,0.0,1.02,0.0,0.0,91.84,0.0,0.0,0.0,7.14,0.0,0.0,0.0,0.0,0.0,80.81,0.0,0.0,0.0,19.19,0.0,0.0,0.0,0.0,0.0,78.35,0.0,0.0,0.0,21.65,0.0,0.0,0.0,0.0,0.0,100.0,0.0,0.0,0.0,0.0,0.0,0.0,0.0,0.0,0.0,60.61,0.0,0.0,0.0,39.39,0.0,0.0,0.0,0.0,0.0,14.14,0.0,0.0,0.0,85.86,1.02,0.0,0.0,0.0,0.0,36.73,0.0,0.0,0.0,62.24,0.0,0.0,0.0,0.0,0.0,55.79,0.0,0.0,0.0,44.21,6.06,0.0,0.0,0.0,0.0,33.33,0.0,0.0,0.0,60.61,0.0,0.0,0.0,0.0,0.0,42.42,0.0,0.0,0.0,57.58,2.17,0.0,1.09,0.0,0.0,46.74,0.0,0.0,0.0,50.0,0.0,0.0,0.0,0.0,0.0,26.15,0.0,0.0,0.0,73.85,0.0,0.0,0.0,0.0,0.0,0.0,0.0,0.0,0.0,100.0,0.0,0.0,0.0,0.0,0.0,0.0,0.0,0.0,0.0,100.0,0.0,0.0,0.0,0.0,0.0,0.0,0.0,0.0,0.0,100.0,1.0,0.0,0.0,0.0,0.0,0.0,0.0,0.0,0.0,99.0,0.0,0.0,1.0,14.0,0.0,0.0,0.0,0.0,0.0,85.0,0.0,0.0,0.0,5.05,0.0,0.0,0.0,0.0,0.0,94.95,1.0,0.0,0.0,0.0,0.0,0.0,0.0,0.0,0.0,99.0,1.01,0.0,2.02,0.0,0.0,0.0,0.0,0.0,0.0,96.97
4,0.0,0.0,0.0,0.0,0.0,86.73,0.0,0.0,0.0,13.27,0.0,0.0,0.0,0.0,0.0,100.0,0.0,0.0,0.0,0.0,0.0,0.0,0.0,0.0,0.0,85.0,0.0,0.0,0.0,15.0,0.0,0.0,0.0,0.0,0.0,62.0,0.0,0.0,0.0,38.0,0.98,0.0,0.0,0.0,0.0,89.22,0.0,0.0,0.0,9.8,0.0,0.0,0.0,0.0,0.0,79.21,0.0,0.0,0.0,20.79,0.0,0.0,0.0,0.0,0.0,77.23,0.0,0.0,0.0,22.77,0.0,0.0,0.0,0.0,0.0,100.0,0.0,0.0,0.0,0.0,1.02,0.0,0.0,0.0,0.0,58.16,0.0,0.0,0.0,40.82,1.0,0.0,0.0,0.0,0.0,13.0,0.0,0.0,0.0,86.0,1.0,0.0,1.0,0.0,0.0,34.0,0.0,0.0,0.0,64.0,0.0,0.0,0.0,0.0,0.0,57.0,0.0,0.0,0.0,43.0,0.0,0.0,0.0,0.0,0.0,31.31,0.0,0.0,0.0,68.69,0.0,0.0,0.0,0.0,0.0,42.42,0.0,0.0,0.0,57.58,1.03,0.0,0.0,0.0,0.0,48.45,0.0,0.0,0.0,50.52,0.0,0.0,0.0,0.0,0.0,49.49,0.0,0.0,0.0,50.51,1.0,0.0,0.0,0.0,0.0,0.0,0.0,0.0,0.0,99.0,0.98,0.0,0.98,0.0,0.0,0.0,0.0,0.0,0.0,98.04,0.0,0.0,0.0,0.0,0.0,0.0,0.0,0.0,0.0,100.0,0.0,0.0,1.0,0.0,0.0,0.0,0.0,0.0,0.0,99.0,0.0,0.0,0.99,17.82,0.0,0.0,0.0,0.0,0.0,81.19,0.0,0.0,0.99,0.0,0.0,0.0,0.0,0.0,0.0,99.01,0.0,0.0,0.0,0.0,0.0,0.0,0.0,0.0,0.0,100.0,1.02,0.0,1.02,0.0,0.0,0.0,0.0,0.0,0.0,97.96
5,0.0,0.0,0.0,0.0,0.0,81.0,0.0,0.0,0.0,19.0,0.0,0.0,0.0,0.0,0.0,100.0,0.0,0.0,0.0,0.0,0.0,0.0,0.0,0.0,0.0,83.67,0.0,0.0,0.0,16.33,0.0,0.0,0.0,0.0,0.0,60.4,0.0,0.0,0.0,39.6,0.0,0.0,0.0,0.0,0.0,88.78,0.0,0.0,0.0,11.22,0.0,0.0,0.0,0.0,0.0,77.78,0.0,0.0,0.0,22.22,0.0,0.0,0.0,0.0,0.0,76.53,0.0,0.0,0.0,23.47,0.0,0.0,0.0,0.0,0.0,100.0,0.0,0.0,0.0,0.0,0.0,0.0,0.0,0.0,0.0,57.58,0.0,0.0,0.0,42.42,0.0,0.0,0.0,0.0,0.0,14.85,0.0,0.0,0.0,85.15,0.0,0.0,0.0,0.0,0.0,35.0,0.0,0.0,0.0,65.0,0.0,0.0,0.0,0.0,0.0,52.69,0.0,0.0,0.0,47.31,0.0,0.0,0.98,0.0,0.0,31.37,0.0,0.0,0.0,67.65,0.0,0.0,0.0,0.0,0.0,41.58,0.0,0.0,0.0,58.42,0.0,0.0,0.0,0.0,0.0,48.48,0.0,0.0,0.0,51.52,0.0,0.0,0.0,0.0,0.0,50.0,0.0,0.0,0.0,50.0,1.0,0.0,1.0,0.0,0.0,0.0,0.0,0.0,0.0,98.0,0.0,0.0,0.0,0.0,0.0,0.0,0.0,0.0,0.0,100.0,0.0,0.0,0.99,0.0,0.0,0.0,0.0,0.0,0.0,99.01,0.0,0.0,0.0,0.0,0.0,0.0,0.0,0.0,0.0,100.0,2.02,0.0,0.0,0.0,0.0,0.0,0.0,0.0,0.0,97.98,0.0,0.0,0.0,12.12,0.0,0.0,0.0,0.0,0.0,87.88,0.0,0.0,0.0,6.06,0.0,0.0,0.0,0.0,0.0,93.94,0.98,0.0,0.98,0.98,0.0,0.0,0.0,0.0,0.0,97.06
6,0.0,0.0,0.0,0.0,0.0,87.88,0.0,0.0,0.0,12.12,0.0,0.0,0.0,0.0,0.0,100.0,0.0,0.0,0.0,0.0,0.0,0.0,0.0,0.0,0.0,84.85,0.0,0.0,0.0,15.15,0.0,0.0,0.0,0.0,0.0,61.39,0.0,0.0,0.0,38.61,0.0,0.0,0.0,0.0,0.0,90.0,0.0,0.0,0.0,10.0,0.0,0.0,0.0,0.0,0.0,79.0,0.0,0.0,0.0,21.0,0.0,0.0,0.0,0.0,0.0,77.55,0.0,0.0,0.0,22.45,0.0,0.0,0.0,0.0,0.0,100.0,0.0,0.0,0.0,0.0,0.0,0.0,0.0,0.0,0.0,58.59,0.0,0.0,0.0,41.41,0.0,0.0,1.01,0.0,0.0,14.14,0.0,0.0,0.0,84.85,0.0,0.0,0.0,0.0,0.0,35.0,0.0,0.0,0.0,65.0,0.0,0.0,0.0,0.0,0.0,32.84,0.0,0.0,0.0,67.16,0.0,0.0,0.0,0.0,0.0,30.3,0.0,0.0,0.0,69.7,0.0,0.0,0.0,0.0,0.0,40.0,0.0,0.0,0.0,60.0,1.0,0.0,0.0,0.0,0.0,47.0,0.0,0.0,0.0,52.0,0.0,0.0,0.0,0.0,0.0,49.5,0.0,0.0,0.0,50.5,0.0,0.0,0.0,0.0,0.0,0.0,0.0,0.0,0.0,100.0,0.0,0.0,0.0,0.0,0.0,0.0,0.0,0.0,0.0,100.0,0.0,0.0,0.0,0.0,0.0,0.0,0.0,0.0,0.0,100.0,0.0,0.0,0.0,0.0,0.0,0.0,0.0,0.0,0.0,100.0,0.0,0.0,0.0,0.0,0.0,0.0,0.0,0.0,0.0,100.0,0.0,0.0,0.0,2.04,0.0,0.0,0.0,0.0,0.0,97.96,0.0,0.0,0.0,16.0,0.0,0.0,0.0,0.0,0.0,84.0,1.0,0.0,1.0,0.0,0.0,0.0,0.0,0.0,0.0,98.0
7,0.0,0.0,0.0,0.0,0.0,85.15,0.0,0.0,0.0,14.85,0.0,0.0,0.0,0.0,0.0,100.0,0.0,0.0,0.0,0.0,0.0,0.0,0.0,0.0,0.0,86.0,0.0,0.0,0.0,14.0,0.0,0.0,0.0,0.0,0.0,59.6,0.0,0.0,0.0,40.4,0.0,0.0,0.0,0.0,0.0,89.9,0.0,0.0,0.0,10.1,0.0,0.0,0.0,0.0,0.0,79.0,0.0,0.0,0.0,21.0,0.0,0.0,0.0,0.0,0.0,77.55,0.0,0.0,0.0,22.45,0.0,0.0,0.0,0.0,0.0,100.0,0.0,0.0,0.0,0.0,0.0,0.0,0.0,0.0,0.0,56.57,0.0,0.0,0.0,43.43,0.0,0.0,0.0,0.0,0.0,16.0,0.0,0.0,0.0,84.0,0.0,0.0,0.0,0.0,0.0,33.33,0.0,0.0,0.0,66.67,0.0,0.0,0.0,0.0,0.0,52.08,0.0,0.0,0.0,47.92,1.01,0.0,0.0,0.0,0.0,28.28,0.0,0.0,0.0,70.71,0.0,0.0,0.0,0.0,0.0,33.0,0.0,0.0,0.0,67.0,0.0,0.0,0.0,0.0,0.0,48.0,0.0,0.0,0.0,52.0,0.0,0.0,0.0,0.0,0.0,46.39,0.0,0.0,0.0,53.61,1.01,0.0,0.0,0.0,0.0,0.0,0.0,0.0,0.0,98.99,1.0,0.0,1.0,0.0,0.0,0.0,0.0,0.0,0.0,98.0,0.99,0.0,0.0,0.0,0.0,0.0,0.0,0.0,0.0,99.01,0.0,0.0,0.0,0.0,0.0,0.0,0.0,0.0,0.0,100.0,1.0,0.0,1.0,1.0,0.0,0.0,0.0,0.0,0.0,97.0,0.0,0.0,0.0,11.11,0.0,0.0,0.0,0.0,0.0,88.89,0.0,0.0,1.0,7.0,0.0,0.0,0.0,0.0,0.0,92.0,0.0,0.0,0.0,0.0,0.0,0.0,0.0,0.0,0.0,100.0
8,0.0,0.0,0.0,0.0,0.0,85.86,0.0,0.0,0.0,14.14,0.0,0.0,0.0,0.0,0.0,100.0,0.0,0.0,0.0,0.0,0.0,0.0,0.0,0.0,0.0,86.14,0.0,0.0,0.0,13.86,0.0,0.0,0.0,0.0,0.0,59.6,0.0,0.0,0.0,40.4,0.0,0.0,0.0,0.0,0.0,90.91,0.0,0.0,0.0,9.09,0.0,0.0,0.0,0.0,0.0,78.57,0.0,0.0,0.0,21.43,0.0,0.0,0.0,0.0,0.0,79.0,0.0,0.0,0.0,21.0,0.0,0.0,0.0,0.0,0.0,100.0,0.0,0.0,0.0,0.0,0.0,0.0,0.98,0.0,0.0,57.84,0.0,0.0,0.0,41.18,0.0,0.0,0.0,0.0,0.0,15.15,0.0,0.0,0.0,84.85,0.99,0.0,0.0,0.0,0.0,34.65,0.0,0.0,0.0,64.36,0.0,0.0,0.0,0.0,0.0,52.58,0.0,0.0,0.0,47.42,0.0,0.0,0.0,0.0,0.0,28.0,0.0,0.0,0.0,72.0,0.0,0.0,0.0,0.0,0.0,34.34,0.0,0.0,0.0,65.66,0.0,0.0,0.0,0.0,0.0,47.47,0.0,0.0,0.0,52.53,0.98,0.0,0.0,0.0,0.0,49.02,0.0,0.0,0.0,50.0,1.0,0.0,0.0,0.0,0.0,0.0,0.0,0.0,0.0,99.0,0.99,0.0,0.0,0.0,0.0,0.0,0.0,0.0,0.0,99.01,0.0,0.0,0.0,0.0,0.0,0.0,0.0,0.0,0.0,100.0,0.0,0.0,0.0,0.0,0.0,0.0,0.0,0.0,0.0,100.0,0.0,0.0,1.01,0.0,0.0,0.0,0.0,0.0,0.0,98.99,0.99,0.0,0.0,0.0,0.0,0.0,0.0,0.0,0.0,99.01,0.0,0.0,0.0,18.0,0.0,0.0,0.0,0.0,0.0,82.0,0.99,0.0,0.99,0.0,0.0,0.0,0.0,0.0,0.0,98.02
9,0.0,0.0,0.0,0.0,0.0,84.85,0.0,0.0,0.0,15.15,0.0,0.0,0.0,0.0,0.0,100.0,0.0,0.0,0.0,0.0,0.0,0.0,0.0,0.0,0.0,85.86,0.0,0.0,0.0,14.14,0.0,0.0,0.0,0.0,0.0,60.61,0.0,0.0,0.0,39.39,0.0,0.0,0.0,0.0,0.0,90.1,0.0,0.0,0.0,9.9,0.0,0.0,0.0,0.0,0.0,79.0,0.0,0.0,0.0,21.0,0.0,0.0,0.0,0.0,0.0,77.32,0.0,0.0,0.0,22.68,0.0,0.0,0.0,0.0,0.0,100.0,0.0,0.0,0.0,0.0,0.0,0.0,0.0,0.0,0.0,56.57,0.0,0.0,0.0,43.43,0.0,0.0,0.0,0.0,0.0,16.0,0.0,0.0,0.0,84.0,0.0,0.0,1.0,0.0,0.0,34.0,0.0,0.0,0.0,65.0,0.0,0.0,0.0,0.0,0.0,53.12,0.0,0.0,0.0,46.88,1.0,0.0,0.0,0.0,0.0,30.0,0.0,0.0,0.0,69.0,0.0,0.0,0.0,0.0,0.0,35.64,0.0,0.0,0.0,64.36,0.0,0.0,1.02,0.0,0.0,46.94,0.0,0.0,0.0,52.04,0.0,0.0,0.0,0.0,0.0,47.96,0.0,0.0,0.0,52.04,0.0,0.0,1.0,0.0,0.0,0.0,0.0,0.0,0.0,99.0,0.0,0.0,0.0,0.0,0.0,0.0,0.0,0.0,0.0,100.0,0.99,0.0,0.0,0.0,0.0,0.0,0.0,0.0,0.0,99.01,0.0,0.0,0.0,0.0,0.0,0.0,0.0,0.0,0.0,100.0,0.0,0.0,0.0,0.0,0.0,0.0,0.0,0.0,0.0,100.0,0.0,0.0,0.99,0.0,0.0,0.0,0.0,0.0,0.0,99.01,0.99,0.0,0.99,17.82,0.0,0.0,0.0,0.0,0.0,80.2,0.0,0.0,0.0,0.0,0.0,0.0,0.0,0.0,0.0,100.0
10,0.0,0.0,0.0,0.0,0.0,83.67,0.0,0.0,0.0,16.33,0.0,0.0,0.0,0.0,0.0,100.0,0.0,0.0,0.0,0.0,0.0,0.0,0.0,0.0,0.0,85.0,0.0,0.0,0.0,15.0,0.0,0.0,0.0,0.0,0.0,59.6,0.0,0.0,0.0,40.4,0.0,0.0,0.0,0.0,0.0,89.9,0.0,0.0,0.0,10.1,0.0,0.0,0.0,0.0,0.0,79.21,0.0,0.0,0.0,20.79,0.0,0.0,0.0,0.0,0.0,77.23,0.0,0.0,0.0,22.77,0.0,0.0,0.0,0.0,0.0,100.0,0.0,0.0,0.0,0.0,0.0,0.0,0.0,0.0,0.0,58.0,0.0,0.0,0.0,42.0,1.01,0.0,0.0,0.0,0.0,15.15,0.0,0.0,0.0,83.84,1.0,0.0,0.0,0.0,0.0,33.0,0.0,0.0,0.0,66.0,0.0,0.0,0.0,0.0,0.0,52.58,0.0,0.0,0.0,47.42,0.0,0.0,0.0,0.0,0.0,30.0,0.0,0.0,0.0,70.0,0.0,0.0,0.0,0.0,0.0,36.27,0.0,0.0,0.0,63.73,0.0,0.0,0.0,0.0,0.0,47.47,0.0,0.0,0.0,52.53,1.01,0.0,0.0,0.0,0.0,47.47,0.0,0.0,0.0,51.52,0.0,0.0,0.0,0.0,0.0,0.0,0.0,0.0,0.0,100.0,1.01,0.0,0.0,0.0,0.0,0.0,0.0,0.0,0.0,98.99,0.0,0.0,0.0,0.0,0.0,0.0,0.0,0.0,0.0,100.0,0.0,0.0,0.0,0.0,0.0,0.0,0.0,0.0,0.0,100.0,0.0,0.0,0.99,0.0,0.0,0.0,0.0,0.0,0.0,99.01,0.0,0.0,0.0,5.05,0.0,0.0,0.0,0.0,0.0,94.95,0.0,0.0,0.0,13.0,0.0,0.0,0.0,0.0,0.0,87.0,0.0,0.0,0.0,0.0,0.0,0.0,0.0,0.0,0.0,100.0
11,0.0,0.0,0.0,0.0,0.0,93.07,0.0,0.0,0.0,6.93,0.0,0.0,0.0,0.0,0.0,100.0,0.0,0.0,0.0,0.0,0.0,0.0,0.0,0.0,0.0,91.18,0.0,0.0,0.0,8.82,0.0,0.0,0.0,0.0,0.0,63.37,0.0,0.0,0.0,36.63,0.0,0.0,0.0,0.0,0.0,95.1,0.0,0.0,0.0,4.9,0.0,0.0,0.0,0.0,0.0,84.0,0.0,0.0,0.0,16.0,0.0,0.0,0.0,0.0,0.0,83.17,0.0,0.0,0.0,16.83,0.0,0.0,0.0,0.0,0.0,100.0,0.0,0.0,0.0,0.0,0.0,0.0,0.0,0.0,0.0,60.4,0.0,0.0,0.0,39.6,0.99,0.0,0.99,0.99,0.0,18.81,0.0,0.0,0.0,78.22,0.0,0.0,0.0,0.0,0.0,37.62,0.0,0.0,0.0,62.38,0.0,0.0,0.0,0.0,0.0,55.21,0.0,0.0,0.0,44.79,1.01,0.0,0.0,0.0,0.0,30.3,0.0,0.0,0.0,68.69,0.0,0.0,0.0,0.0,0.0,36.0,0.0,0.0,0.0,64.0,0.98,0.0,0.0,0.0,0.0,50.98,0.0,0.0,0.0,48.04,0.0,0.0,0.0,0.0,0.0,51.52,0.0,0.0,0.0,48.48,1.01,0.0,0.0,0.0,0.0,0.0,0.0,0.0,0.0,98.99,0.0,0.0,0.0,0.0,0.0,0.0,0.0,0.0,0.0,100.0,0.0,0.0,1.0,0.0,0.0,0.0,0.0,0.0,0.0,99.0,0.0,0.0,0.0,0.0,0.0,0.0,0.0,0.0,0.0,100.0,0.0,0.0,0.0,0.0,0.0,0.0,0.0,0.0,0.0,100.0,0.0,0.0,0.0,17.0,0.0,0.0,0.0,0.0,0.0,83.0,0.0,0.0,0.0,1.01,0.0,0.0,0.0,0.0,0.0,98.99,0.0,0.0,0.0,0.0,0.0,0.0,0.0,0.0,0.0,100.0
12,0.0,0.0,0.0,0.0,0.0,89.0,0.0,0.0,0.0,11.0,0.0,0.0,0.0,0.0,0.0,100.0,0.0,0.0,0.0,0.0,0.0,0.0,0.0,0.0,0.0,90.0,0.0,0.0,0.0,10.0,0.0,0.0,0.0,0.0,0.0,63.0,0.0,0.0,0.0,37.0,0.0,0.0,0.0,0.0,0.0,95.0,0.0,0.0,0.0,5.0,0.0,0.0,0.0,0.0,0.0,83.0,0.0,0.0,0.0,17.0,0.0,0.0,0.0,0.0,0.0,81.82,0.0,0.0,0.0,18.18,0.0,0.0,0.0,0.0,0.0,100.0,0.0,0.0,0.0,0.0,1.0,0.0,0.0,0.0,0.0,59.0,0.0,0.0,0.0,40.0,1.01,0.0,1.01,0.0,0.0,17.17,0.0,0.0,0.0,80.81,0.0,0.0,0.0,0.0,0.0,35.71,0.0,0.0,0.0,64.29,0.0,0.0,0.0,0.0,0.0,51.72,0.0,0.0,0.0,48.28,1.01,0.0,0.0,0.0,0.0,29.29,0.0,0.0,0.0,69.7,0.0,0.0,0.0,0.0,0.0,35.0,0.0,0.0,0.0,65.0,0.0,0.0,0.0,0.0,0.0,50.0,0.0,0.0,0.0,50.0,0.0,0.0,0.0,0.0,0.0,51.0,0.0,0.0,0.0,49.0,1.01,0.0,0.0,0.0,0.0,0.0,0.0,0.0,0.0,98.99,1.0,0.0,1.0,0.0,0.0,0.0,0.0,0.0,0.0,98.0,0.0,0.0,0.0,0.0,0.0,0.0,0.0,0.0,0.0,100.0,0.0,0.0,0.0,0.0,0.0,0.0,0.0,0.0,0.0,100.0,0.0,0.0,0.0,0.0,0.0,0.0,0.0,0.0,0.0,100.0,0.0,0.0,1.0,14.0,0.0,0.0,0.0,0.0,0.0,85.0,0.0,0.0,0.0,3.0,0.0,0.0,0.0,0.0,0.0,97.0,0.0,0.0,0.0,0.0,0.0,0.0,0.0,0.0,0.0,100.0
13,0.0,0.0,0.0,0.0,0.0,93.88,0.0,0.0,0.0,6.12,0.0,0.0,0.0,0.0,0.0,100.0,0.0,0.0,0.0,0.0,0.0,0.0,0.0,0.0,0.0,90.2,0.0,0.0,0.0,9.8,0.0,0.0,0.0,0.0,0.0,64.0,0.0,0.0,0.0,36.0,0.0,0.0,0.0,0.0,0.0,96.0,0.0,0.0,0.0,4.0,0.0,0.0,0.0,0.0,0.0,83.84,0.0,0.0,0.0,16.16,0.0,0.0,0.0,0.0,0.0,82.35,0.0,0.0,0.0,17.65,0.0,0.0,0.0,0.0,0.0,100.0,0.0,0.0,0.0,0.0,0.0,0.0,0.0,0.0,0.0,60.61,0.0,0.0,0.0,39.39,0.98,0.0,1.96,0.0,0.0,18.63,0.0,0.0,0.0,78.43,0.99,0.0,0.0,0.0,0.0,36.63,0.0,0.0,0.0,62.38,0.0,0.0,0.0,0.0,0.0,53.26,0.0,0.0,0.0,46.74,0.0,0.0,0.98,0.0,0.0,30.39,0.0,0.0,0.0,68.63,0.0,0.0,0.0,0.0,0.0,35.35,0.0,0.0,0.0,64.65,0.0,0.0,0.0,0.0,0.0,50.0,0.0,0.0,0.0,50.0,0.0,0.0,0.0,0.0,0.0,51.52,0.0,0.0,0.0,48.48,1.0,0.0,1.0,0.0,0.0,0.0,0.0,0.0,0.0,98.0,1.0,0.0,0.0,0.0,0.0,0.0,0.0,0.0,0.0,99.0,0.0,0.0,0.0,0.0,0.0,0.0,0.0,0.0,0.0,100.0,0.99,0.0,0.0,0.0,0.0,0.0,0.0,0.0,0.0,99.01,1.0,0.0,0.0,0.0,0.0,0.0,0.0,0.0,0.0,99.0,0.0,0.0,0.0,0.0,0.0,0.0,0.0,0.0,0.0,100.0,0.0,0.0,1.0,18.0,0.0,0.0,0.0,0.0,0.0,81.0,0.0,0.0,0.99,0.0,0.0,0.0,0.0,0.0,0.0,99.01
14,0.0,0.0,0.0,0.0,0.0,90.91,0.0,0.0,0.0,9.09,0.0,0.0,0.0,0.0,0.0,100.0,0.0,0.0,0.0,0.0,0.0,0.0,0.99,0.0,0.0,90.1,0.0,0.0,0.0,8.91,0.0,0.0,0.0,0.0,0.0,64.0,0.0,0.0,0.0,36.0,0.0,0.0,0.0,0.0,0.0,95.05,0.0,0.0,0.0,4.95,0.0,0.0,0.0,0.0,0.0,84.16,0.0,0.0,0.0,15.84,0.0,0.0,0.0,0.0,0.0,82.47,0.0,0.0,0.0,17.53,0.0,0.0,0.0,0.0,0.0,100.0,0.0,0.0,0.0,0.0,0.0,0.0,0.98,0.0,0.0,60.78,0.0,0.0,0.0,38.24,1.01,0.0,1.01,0.0,0.0,17.17,0.0,0.0,0.0,80.81,0.0,0.0,0.0,0.0,0.0,35.35,0.0,0.0,0.0,64.65,0.0,0.0,0.0,0.0,0.0,55.67,0.0,0.0,0.0,44.33,1.0,0.0,0.0,0.0,0.0,30.0,0.0,0.0,0.0,69.0,0.0,0.0,0.0,0.0,0.0,34.34,0.0,0.0,0.0,65.66,0.98,0.0,0.0,0.0,0.0,50.98,0.0,0.0,0.0,48.04,0.0,0.0,0.0,0.0,0.0,52.48,0.0,0.0,0.0,47.52,1.01,0.0,0.0,0.0,0.0,0.0,0.0,0.0,0.0,98.99,0.0,0.0,1.0,0.0,0.0,0.0,0.0,0.0,0.0,99.0,0.0,0.0,0.0,0.0,0.0,0.0,0.0,0.0,0.0,100.0,0.0,0.0,0.0,0.0,0.0,0.0,0.0,0.0,0.0,100.0,0.0,0.0,0.0,0.0,0.0,0.0,0.0,0.0,0.0,100.0,0.0,0.0,1.0,4.0,0.0,0.0,0.0,0.0,0.0,95.0,0.0,0.0,0.0,14.0,0.0,0.0,0.0,0.0,0.0,86.0,0.0,0.0,0.0,0.0,0.0,0.0,0.0,0.0,0.0,100.0
15,0.0,0.0,0.0,0.0,0.0,93.07,0.0,0.0,0.0,6.93,0.0,0.0,0.0,0.0,0.0,100.0,0.0,0.0,0.0,0.0,0.0,0.0,0.0,0.0,0.0,90.1,0.0,0.0,0.0,9.9,0.0,0.0,0.0,0.0,0.0,63.64,0.0,0.0,0.0,36.36,0.0,0.0,0.0,0.0,0.0,97.0,0.0,0.0,0.0,3.0,0.0,0.0,0.0,0.0,0.0,84.69,0.0,0.0,0.0,15.31,0.0,0.0,0.0,0.0,0.0,81.82,0.0,0.0,0.0,18.18,0.0,0.0,0.0,0.0,0.0,100.0,0.0,0.0,0.0,0.0,0.0,0.0,0.0,0.0,0.0,62.0,0.0,0.0,0.0,38.0,1.0,0.0,1.0,0.0,0.0,18.0,0.0,0.0,0.0,80.0,0.0,0.0,0.0,0.0,0.0,36.63,0.0,0.0,0.0,63.37,0.0,0.0,0.0,0.0,0.0,55.32,0.0,0.0,0.0,44.68,0.0,0.0,0.0,0.0,0.0,31.31,0.0,0.0,0.0,68.69,0.0,0.0,0.0,0.0,0.0,35.64,0.0,0.0,0.0,64.36,0.0,0.0,0.0,0.0,0.0,51.49,0.0,0.0,0.0,48.51,0.0,0.0,0.0,0.0,0.0,51.52,0.0,0.0,0.0,48.48,0.0,0.0,0.0,0.0,0.0,0.0,0.0,0.0,0.0,100.0,1.0,0.0,1.0,0.0,0.0,0.0,0.0,0.0,0.0,98.0,1.0,0.0,0.0,0.0,0.0,0.0,0.0,0.0,0.0,99.0,0.0,0.0,0.0,0.0,0.0,0.0,0.0,0.0,0.0,100.0,0.0,0.0,0.0,0.0,0.0,0.0,0.0,0.0,0.0,100.0,0.0,0.0,1.0,17.0,0.0,0.0,0.0,0.0,0.0,82.0,0.0,0.0,1.0,0.0,0.0,0.0,0.0,0.0,0.0,99.0,0.0,0.0,0.0,0.0,0.0,0.0,0.0,0.0,0.0,100.0
16,0.0,0.0,0.0,0.0,0.0,94.95,0.0,0.0,0.0,5.05,0.0,0.0,0.0,0.0,0.0,100.0,0.0,0.0,0.0,0.0,0.0,0.0,0.0,0.0,0.0,91.09,0.0,0.0,0.0,8.91,0.0,0.0,0.0,0.0,0.0,64.36,0.0,0.0,0.0,35.64,0.0,0.0,0.0,0.0,0.0,96.04,0.0,0.0,0.0,3.96,0.0,0.0,0.0,0.0,0.0,84.0,0.0,0.0,0.0,16.0,0.0,0.0,0.0,0.0,0.0,83.0,0.0,0.0,0.0,17.0,0.0,0.0,0.0,0.0,0.0,100.0,0.0,0.0,0.0,0.0,0.0,0.0,0.0,0.0,0.0,61.39,0.0,0.0,0.0,38.61,1.0,0.0,1.0,0.0,0.0,17.0,0.0,0.0,0.0,81.0,0.0,0.0,1.0,0.0,0.0,36.0,0.0,0.0,0.0,63.0,0.0,0.0,0.0,0.0,0.0,53.26,0.0,0.0,0.0,46.74,0.99,0.0,0.0,0.0,0.0,30.69,0.0,0.0,0.0,68.32,0.0,0.0,1.0,0.0,0.0,35.0,0.0,0.0,0.0,64.0,1.01,0.0,0.0,0.0,0.0,50.51,0.0,0.0,0.0,48.48,0.0,0.0,0.0,0.0,0.0,51.52,0.0,0.0,0.0,48.48,0.99,0.0,0.99,0.0,0.0,0.0,0.0,0.0,0.0,98.02,0.0,0.0,0.0,0.0,0.0,0.0,0.0,0.0,0.0,100.0,0.0,0.0,0.0,0.0,0.0,0.0,0.0,0.0,0.0,100.0,0.0,0.0,1.0,0.0,0.0,0.0,0.0,0.0,0.0,99.0,0.0,0.0,0.0,0.0,0.0,0.0,0.0,0.0,0.0,100.0,0.0,0.0,0.0,19.0,0.0,0.0,0.0,0.0,0.0,81.0,0.0,0.0,0.0,0.0,0.0,0.0,0.0,0.0,0.0,100.0,0.0,0.0,0.0,0.0,0.0,0.0,0.0,0.0,0.0,100.0
17,0.0,0.0,0.0,0.0,0.0,90.2,0.0,0.0,0.0,9.8,0.0,0.0,0.0,0.0,0.0,100.0,0.0,0.0,0.0,0.0,0.0,0.0,0.0,0.0,0.0,91.92,0.0,0.0,0.0,8.08,0.99,0.0,0.99,0.0,0.0,62.38,0.0,0.0,0.0,35.64,0.0,0.0,0.0,0.0,0.0,95.05,0.0,0.0,0.0,4.95,0.0,0.0,0.0,0.0,0.0,84.0,0.0,0.0,0.0,16.0,0.0,0.0,0.0,0.0,0.0,82.0,0.0,0.0,0.0,18.0,0.0,0.0,0.0,0.0,0.0,100.0,0.0,0.0,0.0,0.0,0.0,0.0,0.0,0.0,0.0,60.4,0.0,0.0,0.0,39.6,0.0,0.0,0.99,0.0,0.0,17.82,0.0,0.0,0.0,81.19,0.0,0.0,0.0,0.0,0.0,35.35,0.0,0.0,0.0,64.65,0.0,0.0,0.0,0.0,0.0,56.12,0.0,0.0,0.0,43.88,0.0,0.0,0.0,0.0,0.0,30.61,0.0,0.0,0.0,69.39,0.0,0.0,0.0,0.0,0.0,34.34,0.0,0.0,0.0,65.66,0.0,0.0,0.0,0.0,0.0,49.49,0.0,0.0,0.0,50.51,0.0,0.0,0.0,0.0,0.0,52.0,0.0,0.0,0.0,48.0,1.02,0.0,0.0,0.0,0.0,0.0,0.0,0.0,0.0,98.98,1.0,0.0,0.0,0.0,0.0,0.0,0.0,0.0,0.0,99.0,1.0,0.0,1.0,0.0,0.0,0.0,0.0,0.0,0.0,98.0,0.0,0.0,0.0,0.0,0.0,0.0,0.0,0.0,0.0,100.0,0.0,0.0,0.0,0.0,0.0,0.0,0.0,0.0,0.0,100.0,1.01,0.0,0.0,7.07,0.0,0.0,0.0,0.0,0.0,91.92,0.0,0.0,0.0,10.0,0.0,0.0,0.0,0.0,0.0,90.0,0.0,0.0,0.0,0.0,0.0,0.0,0.0,0.0,0.0,100.0
18,0.0,0.0,0.0,0.0,0.0,89.8,0.0,0.0,0.0,10.2,0.0,0.0,0.0,0.0,0.0,100.0,0.0,0.0,0.0,0.0,0.0,0.0,0.0,0.0,0.0,90.1,0.0,0.0,0.0,9.9,0.0,0.0,0.0,0.0,0.0,63.37,0.0,0.0,0.0,36.63,0.0,0.0,0.0,0.0,0.0,94.06,0.0,0.0,0.0,5.94,0.0,0.0,0.0,0.0,0.0,83.17,0.0,0.0,0.0,16.83,0.0,0.0,0.0,0.0,0.0,82.0,0.0,0.0,0.0,18.0,0.0,0.0,0.0,0.0,0.0,100.0,0.0,0.0,0.0,0.0,0.0,0.0,0.0,0.0,0.0,59.41,0.0,0.0,0.0,40.59,0.0,0.0,0.0,0.0,0.0,16.16,0.0,0.0,0.0,83.84,1.0,0.0,0.0,0.0,0.0,35.0,0.0,0.0,0.0,64.0,0.0,0.0,0.0,0.0,0.0,56.12,0.0,0.0,0.0,43.88,1.0,0.0,1.0,0.0,0.0,29.0,0.0,0.0,0.0,69.0,0.0,0.0,0.0,0.0,0.0,35.0,0.0,0.0,0.0,65.0,0.0,0.0,0.0,0.0,0.0,50.5,0.0,0.0,0.0,49.5,0.0,0.0,1.0,0.0,0.0,50.0,0.0,0.0,0.0,49.0,0.0,0.0,1.0,0.0,0.0,0.0,0.0,0.0,0.0,99.0,1.0,0.0,1.0,0.0,0.0,0.0,0.0,0.0,0.0,98.0,0.99,0.0,1.98,0.99,0.0,0.0,0.0,0.0,0.0,96.04,0.0,0.0,0.0,0.0,0.0,0.0,0.0,0.0,0.0,100.0,0.0,0.0,1.0,0.0,0.0,0.0,0.0,0.0,0.0,99.0,0.0,0.0,0.99,0.0,0.0,0.0,0.0,0.0,0.0,99.01,0.0,0.0,0.0,18.18,0.0,0.0,0.0,0.0,0.0,81.82,0.0,0.0,1.0,0.0,0.0,0.0,0.0,0.0,0.0,99.0
19,0.0,0.0,0.0,0.0,0.0,87.88,0.0,0.0,0.0,12.12,0.0,0.0,0.0,0.0,0.0,100.0,0.0,0.0,0.0,0.0,0.0,0.0,0.0,0.0,0.0,89.11,0.0,0.0,0.0,10.89,0.0,0.0,0.0,0.0,0.0,63.37,0.0,0.0,0.0,36.63,0.0,0.0,0.0,0.0,0.0,93.14,0.0,0.0,0.0,6.86,0.0,0.0,0.0,0.0,0.0,81.82,0.0,0.0,0.0,18.18,0.0,0.0,0.0,0.0,0.0,81.0,0.0,0.0,0.0,19.0,0.0,0.0,0.0,0.0,0.0,100.0,0.0,0.0,0.0,0.0,0.0,0.0,0.0,0.0,0.0,59.0,0.0,0.0,0.0,41.0,0.99,0.0,0.0,0.0,0.0,16.83,0.0,0.0,0.0,82.18,0.0,0.0,0.0,0.0,0.0,34.34,0.0,0.0,0.0,65.66,0.0,0.0,0.0,0.0,0.0,48.84,0.0,0.0,0.0,51.16,1.01,0.0,0.0,0.0,0.0,29.29,0.0,0.0,0.0,69.7,0.0,0.0,0.0,0.0,0.0,35.0,0.0,0.0,0.0,65.0,0.0,0.0,1.01,0.0,0.0,49.49,0.0,0.0,0.0,49.49,0.0,0.0,0.0,0.0,0.0,50.51,0.0,0.0,0.0,49.49,0.0,0.0,0.0,0.0,0.0,0.0,0.0,0.0,0.0,100.0,0.0,0.0,0.0,0.0,0.0,0.0,0.0,0.0,0.0,100.0,1.02,0.0,1.02,0.0,0.0,0.0,0.0,0.0,0.0,97.96,0.0,0.0,0.0,0.0,0.0,0.0,0.0,0.0,0.0,100.0,0.0,0.0,0.0,0.0,0.0,0.0,0.0,0.0,0.0,100.0,0.0,0.0,0.0,0.0,0.0,0.0,0.0,0.0,0.0,100.0,0.0,0.0,0.99,17.82,0.0,0.0,0.0,0.0,0.0,81.19,0.0,0.0,0.0,0.0,0.0,0.0,0.0,0.0,0.0,100.0
20,0.0,0.0,0.0,0.0,0.0,88.89,0.0,0.0,0.0,11.11,0.0,0.0,0.0,0.0,0.0,100.0,0.0,0.0,0.0,0.0,0.0,0.0,0.0,0.0,0.0,88.35,0.0,0.0,0.0,11.65,0.0,0.0,0.0,0.0,0.0,63.0,0.0,0.0,0.0,37.0,0.0,0.0,0.0,0.0,0.0,94.0,0.0,0.0,0.0,6.0,0.0,0.0,0.0,0.0,0.0,83.33,0.0,0.0,0.0,16.67,0.0,0.0,0.0,0.0,0.0,81.0,0.0,0.0,0.0,19.0,0.0,0.0,0.0,0.0,0.0,100.0,0.0,0.0,0.0,0.0,0.0,0.0,0.0,0.0,0.0,60.78,0.0,0.0,0.0,39.22,1.0,0.0,0.0,0.0,0.0,17.0,0.0,0.0,0.0,82.0,0.99,0.0,0.0,0.0,0.0,35.64,0.0,0.0,0.0,63.37,0.0,0.0,0.0,0.0,0.0,54.17,0.0,0.0,0.0,45.83,0.0,0.0,0.0,0.0,0.0,29.0,0.0,0.0,0.0,71.0,0.0,0.0,0.0,0.0,0.0,35.35,0.0,0.0,0.0,64.65,0.97,0.0,0.0,0.0,0.0,50.49,0.0,0.0,0.0,48.54,1.0,0.0,0.0,0.0,0.0,51.0,0.0,0.0,0.0,48.0,0.0,0.0,0.0,0.0,0.0,0.0,0.0,0.0,0.0,100.0,0.0,0.0,0.0,0.0,0.0,0.0,0.0,0.0,0.0,100.0,0.0,0.0,0.0,0.0,0.0,0.0,0.0,0.0,0.0,100.0,0.99,0.0,0.99,0.0,0.0,0.0,0.0,0.0,0.0,98.02,0.0,0.0,0.0,0.0,0.0,0.0,0.0,0.0,0.0,100.0,0.0,0.0,0.0,0.0,0.0,0.0,0.0,0.0,0.0,100.0,0.0,0.0,0.0,18.37,0.0,0.0,0.0,0.0,0.0,81.63,0.0,0.0,0.0,0.0,0.0,0.0,0.0,0.0,0.0,100.0
21,0.0,0.0,0.0,0.0,0.0,93.0,0.0,0.0,0.0,7.0,0.0,0.0,0.0,0.0,0.0,100.0,0.0,0.0,0.0,0.0,0.0,0.0,0.0,0.0,0.0,89.11,0.0,0.0,0.0,10.89,0.0,0.0,0.0,0.0,0.0,64.36,0.0,0.0,0.0,35.64,0.0,0.0,0.0,0.0,0.0,94.06,0.0,0.0,0.0,5.94,0.0,0.0,0.0,0.0,0.0,83.51,0.0,0.0,0.0,16.49,0.0,0.0,0.0,0.0,0.0,81.82,0.0,0.0,0.0,18.18,0.0,0.0,0.0,0.0,0.0,100.0,0.0,0.0,0.0,0.0,0.97,0.0,0.97,0.0,0.0,60.19,0.0,0.0,0.0,37.86,0.0,0.0,0.0,0.0,0.0,17.35,0.0,0.0,0.0,82.65,0.0,0.0,0.98,0.0,0.0,36.27,0.0,0.0,0.0,62.75,0.0,0.0,0.0,0.0,0.0,55.67,0.0,0.0,0.0,44.33,0.0,0.0,0.0,0.0,0.0,28.28,0.0,0.0,0.0,71.72,0.99,0.0,0.0,0.0,0.0,36.63,0.0,0.0,0.0,62.38,0.0,0.0,0.0,0.0,0.0,50.51,0.0,0.0,0.0,49.49,0.0,0.0,0.0,0.0,0.0,51.04,0.0,0.0,0.0,48.96,0.0,0.0,0.0,0.0,0.0,0.0,0.0,0.0,0.0,100.0,0.0,0.0,0.0,0.0,0.0,0.0,0.0,0.0,0.0,100.0,0.0,0.0,0.99,0.0,0.0,0.0,0.0,0.0,0.0,99.01,0.0,0.0,0.0,0.0,0.0,0.0,0.0,0.0,0.0,100.0,0.0,0.0,0.0,0.0,0.0,0.0,0.0,0.0,0.0,100.0,0.0,0.0,0.99,3.96,0.0,0.0,0.0,0.0,0.0,95.05,0.0,0.0,0.0,12.0,0.0,0.0,0.0,0.0,0.0,88.0,1.0,0.0,0.0,2.0,0.0,0.0,0.0,0.0,0.0,97.0
22,0.0,0.0,0.0,0.0,0.0,89.9,0.0,0.0,0.0,10.1,0.0,0.0,0.0,0.0,0.0,100.0,0.0,0.0,0.0,0.0,0.0,0.0,0.0,0.0,0.0,86.41,0.0,0.0,0.0,13.59,0.0,0.0,0.0,0.0,0.0,63.0,0.0,0.0,0.0,37.0,0.0,0.0,0.0,0.0,0.0,94.12,0.0,0.0,0.0,5.88,0.0,0.0,0.0,0.0,0.0,83.33,0.0,0.0,0.0,16.67,0.0,0.0,0.0,0.0,0.0,82.0,0.0,0.0,0.0,18.0,0.0,0.0,0.0,0.0,0.0,100.0,0.0,0.0,0.0,0.0,0.0,0.0,0.0,0.0,0.0,60.61,0.0,0.0,0.0,39.39,2.0,0.0,1.0,0.0,0.0,16.0,0.0,0.0,0.0,81.0,0.0,0.0,0.0,0.0,0.0,36.63,0.0,0.0,0.0,63.37,0.0,0.0,0.0,0.0,0.0,54.64,0.0,0.0,0.0,45.36,0.0,0.0,0.0,0.0,0.0,28.0,0.0,0.0,0.0,72.0,0.0,0.0,0.0,0.0,0.0,36.36,0.0,0.0,0.0,63.64,0.0,0.0,0.0,0.0,0.0,51.49,0.0,0.0,0.0,48.51,0.0,0.0,0.0,0.0,0.0,52.0,0.0,0.0,0.0,48.0,0.0,0.0,0.0,0.0,0.0,0.0,0.0,0.0,0.0,100.0,0.0,0.0,0.0,0.0,0.0,0.0,0.0,0.0,0.0,100.0,1.0,0.0,0.0,0.0,0.0,0.0,0.0,0.0,0.0,99.0,0.0,0.0,1.01,0.0,0.0,0.0,0.0,0.0,0.0,98.99,0.0,0.0,0.0,0.0,0.0,0.0,0.0,0.0,0.0,100.0,0.0,0.0,0.0,0.0,0.0,0.0,0.0,0.0,0.0,100.0,0.0,0.0,0.0,0.0,0.0,0.0,0.0,0.0,0.0,100.0,0.0,0.0,0.0,19.0,0.0,0.0,0.0,0.0,0.0,81.0
23,0.0,0.0,0.0,0.0,0.0,87.0,0.0,0.0,0.0,13.0,0.0,0.0,0.0,0.0,0.0,100.0,0.0,0.0,0.0,0.0,0.0,0.0,0.0,0.0,0.0,86.0,0.0,0.0,0.0,14.0,0.0,0.0,0.0,0.0,0.0,62.0,0.0,0.0,0.0,38.0,0.0,0.0,0.0,0.0,0.0,93.0,0.0,0.0,0.0,7.0,0.0,0.0,0.0,0.0,0.0,82.0,0.0,0.0,0.0,18.0,0.0,0.0,0.0,0.0,0.0,80.61,0.0,0.0,0.0,19.39,0.0,0.0,0.0,0.0,0.0,100.0,0.0,0.0,0.0,0.0,0.0,0.0,0.0,0.0,0.0,60.0,0.0,0.0,0.0,40.0,1.0,0.0,1.0,0.0,0.0,16.0,0.0,0.0,0.0,82.0,1.0,0.0,0.0,0.0,0.0,35.0,0.0,0.0,0.0,64.0,0.0,0.0,0.0,0.0,0.0,54.08,0.0,0.0,0.0,45.92,0.0,0.0,1.0,0.0,0.0,28.0,0.0,0.0,0.0,71.0,0.99,0.0,0.0,0.0,0.0,35.64,0.0,0.0,0.0,63.37,1.0,0.0,0.0,0.0,0.0,49.0,0.0,0.0,0.0,50.0,1.0,0.0,0.0,0.0,0.0,50.0,0.0,0.0,0.0,49.0,0.99,0.0,0.99,0.0,0.0,0.0,0.0,0.0,0.0,98.02,0.0,0.0,0.0,0.0,0.0,0.0,0.0,0.0,0.0,100.0,0.0,0.0,0.0,0.0,0.0,0.0,0.0,0.0,0.0,100.0,0.99,0.0,0.0,0.0,0.0,0.0,0.0,0.0,0.0,99.01,0.0,0.0,0.99,0.0,0.0,0.0,0.0,0.0,0.0,99.01,0.99,0.0,0.0,0.0,0.0,0.0,0.0,0.0,0.0,99.01,0.0,0.0,0.99,0.0,0.0,0.0,0.0,0.0,0.0,99.01,0.0,0.0,1.01,18.18,0.0,0.0,0.0,0.0,0.0,80.81
24,0.0,0.0,0.0,0.0,0.0,87.88,0.0,0.0,0.0,12.12,0.0,0.0,0.0,0.0,0.0,100.0,0.0,0.0,0.0,0.0,0.0,0.0,0.0,0.0,0.0,87.0,0.0,0.0,0.0,13.0,0.0,0.0,0.0,0.0,0.0,62.0,0.0,0.0,0.0,38.0,0.0,0.0,0.0,0.0,0.0,93.14,0.0,0.0,0.0,6.86,0.0,0.0,0.0,0.0,0.0,81.63,0.0,0.0,0.0,18.37,0.0,0.0,0.0,0.0,0.0,81.19,0.0,0.0,0.0,18.81,0.0,0.0,0.0,0.0,0.0,100.0,0.0,0.0,0.0,0.0,0.0,0.0,0.0,0.0,0.0,59.6,0.0,0.0,0.0,40.4,0.99,0.0,0.0,0.0,0.0,16.83,0.0,0.0,0.0,82.18,0.0,0.0,1.01,0.0,0.0,34.34,0.0,0.0,0.0,64.65,0.0,0.0,0.0,0.0,0.0,52.69,0.0,0.0,0.0,47.31,1.0,0.0,0.0,0.0,0.0,28.0,0.0,0.0,0.0,71.0,1.0,0.0,1.0,0.0,0.0,35.0,0.0,0.0,0.0,63.0,0.0,0.0,0.0,0.0,0.0,49.49,0.0,0.0,0.0,50.51,0.0,0.0,0.0,0.0,0.0,50.5,0.0,0.0,0.0,49.5,0.0,0.0,0.0,0.0,0.0,0.0,0.0,0.0,0.0,100.0,0.99,0.0,0.0,0.0,0.0,0.0,0.0,0.0,0.0,99.01,0.0,0.0,1.01,0.0,0.0,0.0,0.0,0.0,0.0,98.99,0.0,0.0,0.0,0.0,0.0,0.0,0.0,0.0,0.0,100.0,0.0,0.0,0.0,0.0,0.0,0.0,0.0,0.0,0.0,100.0,0.0,0.0,0.0,0.0,0.0,0.0,0.0,0.0,0.0,100.0,0.0,0.0,0.0,0.0,0.0,0.0,0.0,0.0,0.0,100.0,0.0,0.0,0.0,19.0,0.0,0.0,0.0,0.0,0.0,81.0
25,0.0,0.0,0.0,0.0,0.0,90.0,0.0,0.0,0.0,10.0,0.0,0.0,0.0,0.0,0.0,100.0,0.0,0.0,0.0,0.0,0.99,0.0,0.0,0.0,0.0,86.14,0.0,0.0,0.0,12.87,0.0,0.0,0.0,0.0,0.0,62.63,0.0,0.0,0.0,37.37,0.0,0.0,0.0,0.0,0.0,95.0,0.0,0.0,0.0,5.0,0.0,0.0,0.0,0.0,0.0,83.67,0.0,0.0,0.0,16.33,0.0,0.0,0.0,0.0,0.0,82.35,0.0,0.0,0.0,17.65,0.0,0.0,0.0,0.0,0.0,100.0,0.0,0.0,0.0,0.0,0.0,0.0,0.0,0.0,0.0,61.39,0.0,0.0,0.0,38.61,1.01,0.0,1.01,0.0,0.0,15.15,0.0,0.0,0.0,82.83,0.0,0.0,0.0,0.0,0.0,34.65,0.0,0.0,0.0,65.35,0.0,0.0,0.0,0.0,0.0,55.0,0.0,0.0,0.0,45.0,4.0,0.0,0.0,0.0,0.0,29.0,0.0,0.0,0.0,67.0,0.0,0.0,0.0,0.0,0.0,40.0,0.0,0.0,0.0,60.0,0.0,0.0,0.0,0.0,0.0,50.0,0.0,0.0,0.0,50.0,0.0,0.0,0.0,0.0,0.0,51.52,0.0,0.0,0.0,48.48,1.0,0.0,1.0,0.0,0.0,0.0,0.0,0.0,0.0,98.0,0.0,0.0,0.0,0.0,0.0,0.0,0.0,0.0,0.0,100.0,1.0,0.0,0.0,0.0,0.0,0.0,0.0,0.0,0.0,99.0,0.0,0.0,0.0,0.0,0.0,0.0,0.0,0.0,0.0,100.0,0.0,0.0,0.0,0.0,0.0,0.0,0.0,0.0,0.0,100.0,0.0,0.0,0.0,0.0,0.0,0.0,0.0,0.0,0.0,100.0,0.0,0.0,0.0,0.0,0.0,0.0,0.0,0.0,0.0,100.0,0.0,0.0,1.0,18.0,0.0,0.0,0.0,0.0,0.0,81.0
26,0.0,0.0,0.0,0.0,0.0,87.88,0.0,0.0,0.0,12.12,0.0,0.0,0.0,0.0,0.0,100.0,0.0,0.0,0.0,0.0,0.0,0.0,0.0,0.0,0.0,85.0,0.0,0.0,0.0,15.0,0.0,0.0,0.0,0.0,0.0,62.75,0.0,0.0,0.0,37.25,0.0,0.0,0.0,0.0,0.0,94.0,0.0,0.0,0.0,6.0,0.0,0.0,0.0,0.0,0.0,83.0,0.0,0.0,0.0,17.0,0.0,0.0,0.0,0.0,0.0,82.0,0.0,0.0,0.0,18.0,0.0,0.0,0.0,0.0,0.0,100.0,0.0,0.0,0.0,0.0,0.0,0.0,0.0,0.0,0.0,60.4,0.0,0.0,0.0,39.6,0.0,0.0,0.0,0.0,0.0,16.16,0.0,0.0,0.0,83.84,0.0,0.0,0.0,0.0,0.0,36.36,0.0,0.0,0.0,63.64,0.0,0.0,0.0,0.0,0.0,56.0,0.0,0.0,0.0,44.0,2.0,0.0,0.0,0.0,0.0,28.0,0.0,0.0,0.0,70.0,1.01,0.0,0.0,0.0,0.0,37.37,0.0,0.0,0.0,61.62,1.0,0.0,0.0,0.0,0.0,47.0,0.0,0.0,0.0,52.0,0.0,0.0,0.0,0.0,0.0,47.96,0.0,0.0,0.0,52.04,2.0,0.0,1.0,0.0,0.0,0.0,0.0,0.0,0.0,97.0,0.99,0.0,0.99,0.0,0.0,0.0,0.0,0.0,0.0,98.02,0.0,0.0,0.0,2.0,0.0,0.0,0.0,0.0,0.0,98.0,0.0,0.0,0.0,0.0,0.0,0.0,0.0,0.0,0.0,100.0,0.0,0.0,0.0,0.0,0.0,0.0,0.0,0.0,0.0,100.0,0.0,0.0,1.0,0.0,0.0,0.0,0.0,0.0,0.0,99.0,0.0,0.0,0.0,0.0,0.0,0.0,0.0,0.0,0.0,100.0,0.0,0.0,1.0,15.0,0.0,0.0,0.0,0.0,0.0,84.0
27,0.0,0.0,0.0,0.0,0.0,95.0,0.0,0.0,0.0,5.0,0.0,0.0,0.0,0.0,0.0,100.0,0.0,0.0,0.0,0.0,0.0,0.0,0.0,0.0,0.0,89.0,0.0,0.0,0.0,11.0,0.0,0.0,0.0,0.0,0.0,65.31,0.0,0.0,0.0,34.69,0.0,0.0,0.0,0.0,0.0,97.03,0.0,0.0,0.0,2.97,0.0,0.0,0.0,0.0,0.0,84.16,0.0,0.0,0.0,15.84,0.0,0.0,0.0,0.0,0.0,82.65,0.0,0.0,0.0,17.35,0.0,0.0,0.0,0.0,0.0,100.0,0.0,0.0,0.0,0.0,0.0,0.0,0.0,0.0,0.0,62.75,0.0,0.0,0.0,37.25,0.0,0.0,1.0,0.0,0.0,17.0,0.0,0.0,0.0,82.0,1.0,0.0,0.0,0.0,0.0,36.0,0.0,0.0,0.0,63.0,0.0,0.0,0.0,0.0,0.0,56.7,0.0,0.0,0.0,43.3,0.0,0.0,1.01,0.0,0.0,28.28,0.0,0.0,0.0,70.71,0.0,0.0,0.0,0.0,0.0,40.2,0.0,0.0,0.0,59.8,0.0,0.0,0.0,0.0,0.0,46.0,0.0,0.0,0.0,54.0,0.0,0.0,0.0,0.0,0.0,49.49,0.0,0.0,0.0,50.51,1.0,0.0,1.0,0.0,0.0,0.0,0.0,0.0,0.0,98.0,0.0,0.0,0.0,0.0,0.0,0.0,0.0,0.0,0.0,100.0,0.0,0.0,0.0,18.18,0.0,0.0,0.0,0.0,0.0,81.82,0.0,0.0,0.0,0.0,0.0,0.0,0.0,0.0,0.0,100.0,0.0,0.0,0.0,0.0,0.0,0.0,0.0,0.0,0.0,100.0,0.0,0.0,0.0,0.0,0.0,0.0,0.0,0.0,0.0,100.0,0.0,0.0,0.0,0.0,0.0,0.0,0.0,0.0,0.0,100.0,0.0,0.0,0.0,0.0,0.0,0.0,0.0,0.0,0.0,100.0
28,0.0,0.0,0.0,0.0,0.0,88.78,0.0,0.0,0.0,11.22,0.0,0.0,0.0,0.0,0.0,100.0,0.0,0.0,0.0,0.0,0.0,0.0,0.0,0.0,0.0,88.12,0.0,0.0,0.0,11.88,0.0,0.0,0.0,0.0,0.0,63.27,0.0,0.0,0.0,36.73,0.0,0.0,0.99,0.0,0.0,94.06,0.0,0.0,0.0,4.95,0.0,0.0,0.0,0.0,0.0,82.83,0.0,0.0,0.0,17.17,0.0,0.0,0.0,0.0,0.0,80.61,0.0,0.0,0.0,19.39,0.0,0.0,0.99,0.0,0.0,99.01,0.0,0.0,0.0,0.0,0.0,0.0,1.01,0.0,0.0,59.6,0.0,0.0,0.0,39.39,0.0,0.0,0.0,0.0,0.0,16.0,0.0,0.0,0.0,84.0,0.0,0.0,1.0,0.0,0.0,36.0,0.0,0.0,0.0,63.0,0.0,0.0,0.0,0.0,0.0,57.0,0.0,0.0,0.0,43.0,1.0,0.0,0.0,0.0,0.0,28.0,0.0,0.0,0.0,71.0,0.0,0.0,0.0,0.0,0.0,38.0,0.0,0.0,0.0,62.0,0.98,0.0,0.0,0.0,0.0,44.12,0.0,0.0,0.0,54.9,0.0,0.0,0.0,0.0,0.0,48.48,0.0,0.0,0.0,51.52,1.01,0.0,0.0,0.0,0.0,0.0,0.0,0.0,0.0,98.99,1.0,0.0,0.0,0.0,0.0,0.0,0.0,0.0,0.0,99.0,0.0,0.0,0.0,17.17,0.0,0.0,0.0,0.0,0.0,82.83,0.0,0.0,0.0,0.0,0.0,0.0,0.0,0.0,0.0,100.0,1.0,0.0,0.0,0.0,0.0,0.0,0.0,0.0,0.0,99.0,1.0,0.0,0.0,0.0,0.0,0.0,0.0,0.0,0.0,99.0,0.0,0.0,0.0,0.0,0.0,0.0,0.0,0.0,0.0,100.0,0.0,0.0,0.0,0.0,0.0,0.0,0.0,0.0,0.0,100.0
29,0.0,0.0,0.0,0.0,0.0,92.0,0.0,0.0,0.0,8.0,0.0,0.0,0.0,0.0,0.0,100.0,0.0,0.0,0.0,0.0,0.0,0.0,0.0,0.0,0.0,88.24,0.0,0.0,0.0,11.76,0.0,0.0,0.0,0.0,0.0,64.36,0.0,0.0,0.0,35.64,0.0,0.0,0.0,0.0,0.0,95.05,0.0,0.0,0.0,4.95,0.0,0.0,0.0,0.0,0.0,84.0,0.0,0.0,0.0,16.0,0.0,0.0,0.0,0.0,0.0,81.63,0.0,0.0,0.0,18.37,0.0,0.0,0.0,0.0,0.0,100.0,0.0,0.0,0.0,0.0,0.0,0.0,0.0,0.0,0.0,62.0,0.0,0.0,0.0,38.0,2.02,0.0,0.0,0.0,0.0,16.16,0.0,0.0,0.0,81.82,1.0,0.0,0.0,0.0,0.0,37.0,0.0,0.0,0.0,62.0,0.0,0.0,0.0,0.0,0.0,57.0,0.0,0.0,0.0,43.0,1.0,0.0,0.0,0.0,0.0,27.0,0.0,0.0,0.0,72.0,0.0,0.0,0.0,0.0,0.0,37.37,0.0,0.0,0.0,62.63,0.0,0.0,0.0,0.0,0.0,45.0,0.0,0.0,0.0,55.0,0.0,0.0,0.0,0.0,0.0,48.98,0.0,0.0,0.0,51.02,1.0,0.0,1.0,0.0,0.0,0.0,0.0,0.0,0.0,98.0,0.0,0.0,1.01,0.0,0.0,0.0,0.0,0.0,0.0,98.99,0.0,0.0,0.0,17.17,0.0,0.0,0.0,0.0,0.0,82.83,0.0,0.0,0.0,1.0,0.0,0.0,0.0,0.0,0.0,99.0,0.0,0.0,1.0,0.0,0.0,0.0,0.0,0.0,0.0,99.0,0.0,0.0,0.0,0.0,0.0,0.0,0.0,0.0,0.0,100.0,0.0,0.0,0.0,0.0,0.0,0.0,0.0,0.0,0.0,100.0,0.0,0.0,0.0,0.0,0.0,0.0,0.0,0.0,0.0,100.0
30,0.0,0.0,0.0,0.0,0.0,89.11,0.0,0.0,0.0,10.89,0.0,0.0,0.0,0.0,0.0,100.0,0.0,0.0,0.0,0.0,0.0,0.0,0.0,0.0,0.0,88.12,0.0,0.0,0.0,11.88,0.0,0.0,0.0,0.0,0.0,63.27,0.0,0.0,0.0,36.73,0.0,0.0,0.0,0.0,0.0,94.12,0.0,0.0,0.0,5.88,0.0,0.0,0.0,0.0,0.0,82.18,0.0,0.0,0.0,17.82,0.0,0.0,0.0,0.0,0.0,81.19,0.0,0.0,0.0,18.81,0.0,0.0,0.0,0.0,0.0,100.0,0.0,0.0,0.0,0.0,0.0,0.0,0.0,0.0,0.0,61.0,0.0,0.0,0.0,39.0,1.0,0.0,1.0,0.0,0.0,17.0,0.0,0.0,0.0,81.0,0.0,0.0,0.0,0.0,0.0,36.0,0.0,0.0,0.0,64.0,0.0,0.0,0.0,0.0,0.0,55.56,0.0,0.0,0.0,44.44,1.01,0.0,0.0,0.0,0.0,28.28,0.0,0.0,0.0,70.71,0.0,0.0,0.0,0.0,0.0,34.0,0.0,0.0,0.0,66.0,0.0,0.0,1.0,0.0,0.0,43.0,0.0,0.0,0.0,56.0,0.0,0.0,0.0,0.0,0.0,47.47,0.0,0.0,0.0,52.53,1.01,0.0,0.0,0.0,0.0,0.0,0.0,0.0,0.0,98.99,0.0,0.0,0.0,0.0,0.0,0.0,0.0,0.0,0.0,100.0,0.0,0.0,0.99,0.0,0.0,0.0,0.0,0.0,0.0,99.01,1.01,0.0,0.0,17.17,0.0,0.0,0.0,0.0,0.0,81.82,0.0,0.0,0.0,0.0,0.0,0.0,0.0,0.0,0.0,100.0,0.0,0.0,0.99,0.0,0.0,0.0,0.0,0.0,0.0,99.01,0.0,0.0,0.0,0.0,0.0,0.0,0.0,0.0,0.0,100.0,0.0,0.0,0.0,0.0,0.0,0.0,0.0,0.0,0.0,100.0
31,0.0,0.0,0.0,0.0,0.0,89.0,0.0,0.0,0.0,11.0,0.0,0.0,0.0,0.0,0.0,100.0,0.0,0.0,0.0,0.0,0.0,0.0,0.0,0.0,0.0,86.14,0.0,0.0,0.0,13.86,0.0,0.0,0.0,0.0,0.0,63.73,0.0,0.0,0.0,36.27,0.0,0.0,0.0,0.0,0.0,95.05,0.0,0.0,0.0,4.95,0.0,0.0,0.0,0.0,0.0,83.0,0.0,0.0,0.0,17.0,0.0,0.0,0.0,0.0,0.0,81.0,0.0,0.0,0.0,19.0,0.0,0.0,0.0,0.0,0.0,100.0,0.0,0.0,0.0,0.0,1.0,0.0,0.0,0.0,0.0,62.0,0.0,0.0,0.0,37.0,0.99,0.0,0.0,0.0,0.0,16.83,0.0,0.0,0.0,82.18,0.0,0.0,0.0,0.0,0.0,35.35,0.0,0.0,0.0,64.65,0.0,0.0,0.0,0.0,0.0,54.64,0.0,0.0,0.0,45.36,0.0,0.0,0.0,0.0,0.0,28.28,0.0,0.0,0.0,71.72,0.0,0.0,0.0,0.0,0.0,34.34,0.0,0.0,0.0,65.66,0.99,0.0,0.0,0.0,0.0,42.57,0.0,0.0,0.0,56.44,0.0,0.0,0.0,0.0,0.0,47.52,0.0,0.0,0.0,52.48,1.98,0.0,0.99,0.0,0.0,0.0,0.0,0.0,0.0,97.03,0.0,0.0,0.0,0.0,0.0,0.0,0.0,0.0,0.0,100.0,0.99,0.0,0.0,0.0,0.0,0.0,0.0,0.0,0.0,99.01,0.0,0.0,0.99,17.82,0.0,0.0,0.0,0.0,0.0,81.19,0.0,0.0,0.0,0.0,0.0,0.0,0.0,0.0,0.0,100.0,1.0,0.0,0.0,0.0,0.0,0.0,0.0,0.0,0.0,99.0,0.0,0.0,0.0,0.0,0.0,0.0,0.0,0.0,0.0,100.0,0.0,0.0,0.0,0.0,0.0,0.0,0.0,0.0,0.0,100.0
32,0.0,0.0,0.0,0.0,0.0,93.0,0.0,0.0,0.0,7.0,0.0,0.0,0.0,0.0,0.0,100.0,0.0,0.0,0.0,0.0,0.0,0.0,0.0,0.0,0.0,87.13,0.0,0.0,0.0,12.87,0.0,0.0,0.99,0.0,0.0,64.36,0.0,0.0,0.0,34.65,0.0,0.0,0.0,0.0,0.0,95.96,0.0,0.0,0.0,4.04,0.0,0.0,0.0,0.0,0.0,84.16,0.0,0.0,0.0,15.84,0.0,0.0,1.0,0.0,0.0,81.0,0.0,0.0,0.0,18.0,0.0,0.0,0.0,0.0,0.0,100.0,0.0,0.0,0.0,0.0,0.0,0.0,0.98,0.0,0.0,63.73,0.0,0.0,0.0,35.29,0.0,0.0,1.02,0.0,0.0,16.33,0.0,0.0,0.0,82.65,0.99,0.0,0.99,0.0,0.0,35.64,0.0,0.0,0.0,62.38,0.0,0.0,0.0,0.0,0.0,57.0,0.0,0.0,0.0,43.0,0.0,0.0,0.0,0.0,0.0,29.29,0.0,0.0,0.0,70.71,0.0,0.0,0.0,0.0,0.0,37.0,0.0,0.0,0.0,63.0,0.0,0.0,0.0,0.0,0.0,43.88,0.0,0.0,0.0,56.12,0.99,0.0,0.99,0.0,0.0,48.51,0.0,0.0,0.0,49.5,0.0,0.0,0.0,0.0,0.0,0.0,0.0,0.0,0.0,100.0,0.99,0.0,0.0,0.0,0.0,0.0,0.0,0.0,0.0,99.01,0.0,0.0,0.0,0.0,0.0,0.0,0.0,0.0,0.0,100.0,0.0,0.0,0.0,18.0,0.0,0.0,0.0,0.0,0.0,82.0,0.0,0.0,0.0,0.0,0.0,0.0,0.0,0.0,0.0,100.0,0.0,0.0,0.0,0.0,0.0,0.0,0.0,0.0,0.0,100.0,1.0,0.0,0.0,0.0,0.0,0.0,0.0,0.0,0.0,99.0,0.0,0.0,0.0,0.0,0.0,0.0,0.0,0.0,0.0,100.0
33,0.0,0.0,0.0,0.0,0.0,91.0,0.0,0.0,0.0,9.0,0.0,0.0,0.0,0.0,0.0,100.0,0.0,0.0,0.0,0.0,0.0,0.0,0.0,0.0,0.0,85.86,0.0,0.0,0.0,14.14,0.0,0.0,0.0,0.0,0.0,63.73,0.0,0.0,0.0,36.27,0.0,0.0,0.0,0.0,0.0,95.0,0.0,0.0,0.0,5.0,0.0,0.0,0.0,0.0,0.0,83.0,0.0,0.0,0.0,17.0,0.0,0.0,0.0,0.0,0.0,80.41,0.0,0.0,0.0,19.59,0.0,0.0,0.0,0.0,0.0,100.0,0.0,0.0,0.0,0.0,0.0,0.0,0.0,0.0,0.0,63.0,0.0,0.0,0.0,37.0,1.0,0.0,1.0,0.0,0.0,16.0,0.0,0.0,0.0,82.0,0.0,0.0,0.0,0.0,0.0,37.0,0.0,0.0,0.0,63.0,0.0,0.0,0.0,0.0,0.0,54.17,0.0,0.0,0.0,45.83,1.0,0.0,1.0,0.0,0.0,27.0,0.0,0.0,0.0,71.0,1.0,0.0,0.0,0.0,0.0,37.0,0.0,0.0,0.0,62.0,1.01,0.0,0.0,0.0,0.0,43.43,0.0,0.0,0.0,55.56,0.0,0.0,0.0,0.0,0.0,49.5,0.0,0.0,0.0,50.5,0.0,0.0,0.0,0.0,0.0,1.01,0.0,0.0,0.0,98.99,0.0,0.0,1.0,0.0,0.0,0.0,0.0,0.0,0.0,99.0,0.0,0.0,0.0,0.0,0.0,0.0,0.0,0.0,0.0,100.0,0.0,0.0,1.0,17.0,0.0,0.0,0.0,0.0,0.0,82.0,0.0,0.0,0.0,0.0,0.0,0.0,0.0,0.0,0.0,100.0,0.0,0.0,0.0,0.0,0.0,0.0,0.0,0.0,0.0,100.0,0.0,0.0,0.99,0.0,0.0,0.0,0.0,0.0,0.0,99.01,1.0,0.0,0.0,0.0,0.0,0.0,0.0,0.0,0.0,99.0
34,0.0,0.0,0.0,0.0,0.0,89.0,0.0,0.0,0.0,11.0,0.0,0.0,0.0,0.0,0.0,100.0,0.0,0.0,0.0,0.0,0.0,0.0,0.0,0.0,0.0,85.71,0.0,0.0,0.0,14.29,0.0,0.0,0.0,0.0,0.0,64.36,0.0,0.0,0.0,35.64,0.0,0.0,0.0,0.0,0.0,94.06,0.0,0.0,0.0,5.94,0.0,0.0,0.0,0.0,0.0,81.82,0.0,0.0,0.0,18.18,0.0,0.0,0.0,0.0,0.0,79.8,0.0,0.0,0.0,20.2,0.0,0.0,0.0,0.0,0.0,100.0,0.0,0.0,0.0,0.0,0.0,0.0,0.0,0.0,0.0,63.37,0.0,0.0,0.0,36.63,1.0,0.0,1.0,0.0,0.0,16.0,0.0,0.0,0.0,82.0,0.0,0.0,0.0,0.0,0.0,35.35,0.0,0.0,0.0,64.65,0.0,0.0,0.0,0.0,0.0,56.0,0.0,0.0,0.0,44.0,1.01,0.0,0.0,0.0,0.0,27.27,0.0,0.0,0.0,71.72,0.0,0.0,0.0,0.0,0.0,36.36,0.0,0.0,0.0,63.64,0.0,0.0,0.0,0.0,0.0,44.55,0.0,0.0,0.0,55.45,1.01,0.0,0.0,0.0,0.0,47.47,0.0,0.0,0.0,51.52,0.0,0.0,0.0,0.0,0.0,0.0,0.0,0.0,0.0,100.0,0.0,0.0,0.0,0.0,0.0,0.0,0.0,0.0,0.0,100.0,0.0,0.0,0.0,0.0,0.0,0.0,0.0,0.0,0.0,100.0,0.0,0.0,0.0,18.18,0.0,0.0,0.0,0.0,0.0,81.82,0.0,0.0,0.0,0.0,0.0,0.0,0.0,0.0,0.0,100.0,0.0,0.0,0.0,0.0,0.0,0.0,0.0,0.0,0.0,100.0,0.0,0.0,0.0,0.0,0.0,0.0,0.0,0.0,0.0,100.0,0.0,0.0,0.0,0.0,0.0,0.0,0.0,0.0,0.0,100.0
35,0.0,0.0,0.0,0.0,0.0,92.0,0.0,0.0,0.0,8.0,0.0,0.0,0.0,0.0,0.0,100.0,0.0,0.0,0.0,0.0,0.0,0.0,0.0,0.0,0.0,87.13,0.0,0.0,0.0,12.87,0.0,0.0,0.0,0.0,0.0,62.5,0.0,0.0,0.0,37.5,0.0,0.0,0.0,0.0,0.0,95.05,0.0,0.0,0.0,4.95,0.0,0.0,0.0,0.0,0.0,82.83,0.0,0.0,0.0,17.17,0.0,0.0,0.0,0.0,0.0,81.63,0.0,0.0,0.0,18.37,0.0,0.0,0.0,0.0,0.0,100.0,0.0,0.0,0.0,0.0,0.0,0.0,0.0,0.0,0.0,63.37,0.0,0.0,0.0,36.63,0.0,0.0,0.0,0.0,0.0,17.82,0.0,0.0,0.0,82.18,1.01,0.0,1.01,0.0,0.0,34.34,0.0,0.0,0.0,63.64,0.0,0.0,0.0,0.0,0.0,55.21,0.0,0.0,0.0,44.79,0.0,0.0,0.0,0.0,0.0,27.55,0.0,0.0,0.0,72.45,0.0,0.0,0.0,0.0,0.0,39.6,0.0,0.0,0.0,60.4,1.01,0.0,0.0,0.0,0.0,44.44,0.0,0.0,0.0,54.55,0.99,0.0,0.0,0.0,0.0,47.52,0.0,0.0,0.0,51.49,1.01,0.0,0.0,0.0,0.0,0.0,0.0,0.0,0.0,98.99,0.0,0.0,0.0,0.0,0.0,0.0,0.0,0.0,0.0,100.0,0.0,0.0,1.0,0.0,0.0,0.0,0.0,0.0,0.0,99.0,0.0,0.0,0.0,18.0,0.0,0.0,0.0,0.0,0.0,82.0,0.0,0.0,0.0,0.0,0.0,0.0,0.0,0.0,0.0,100.0,0.0,0.0,0.0,0.0,0.0,0.0,0.0,0.0,0.0,100.0,0.0,0.0,0.0,0.0,0.0,0.0,0.0,0.0,0.0,100.0,0.0,0.0,1.0,0.0,0.0,0.0,0.0,0.0,0.0,99.0
36,0.0,0.0,0.0,0.0,0.0,90.0,0.0,0.0,0.0,10.0,0.0,0.0,0.0,0.0,0.0,100.0,0.0,0.0,0.0,0.0,0.0,0.0,0.0,0.0,0.0,87.0,0.0,0.0,0.0,13.0,0.0,0.0,0.0,0.0,0.0,63.73,0.0,0.0,0.0,36.27,0.0,0.0,0.0,0.0,0.0,94.95,0.0,0.0,0.0,5.05,0.0,0.0,0.0,0.0,0.0,83.17,0.0,0.0,0.0,16.83,0.0,0.0,0.0,0.0,0.0,81.37,0.0,0.0,0.0,18.63,0.0,0.0,0.0,0.0,0.0,100.0,0.0,0.0,0.0,0.0,0.0,0.0,0.99,0.0,0.0,62.38,0.0,0.0,0.0,36.63,1.0,0.0,1.0,0.0,0.0,16.0,0.0,0.0,0.0,82.0,0.0,0.0,2.0,0.0,0.0,32.0,0.0,0.0,0.0,66.0,0.0,0.0,0.0,0.0,0.0,52.08,0.0,0.0,0.0,47.92,1.0,0.0,0.0,0.0,0.0,28.0,0.0,0.0,0.0,71.0,0.0,0.0,0.0,0.0,0.0,39.0,0.0,0.0,0.0,61.0,2.0,0.0,0.0,0.0,0.0,43.0,0.0,0.0,0.0,55.0,0.0,0.0,0.0,0.0,0.0,47.96,0.0,0.0,0.0,52.04,1.0,0.0,0.0,0.0,0.0,0.0,0.0,0.0,0.0,99.0,0.0,0.0,0.0,0.0,0.0,0.0,0.0,0.0,0.0,100.0,0.0,0.0,0.0,0.0,0.0,0.0,0.0,0.0,0.0,100.0,0.0,0.0,0.99,17.82,0.0,0.0,0.0,0.0,0.0,81.19,0.0,0.0,0.0,0.0,0.0,0.0,0.0,0.0,0.0,100.0,0.0,0.0,0.0,0.0,0.0,0.0,0.0,0.0,0.0,100.0,0.0,0.0,0.0,0.0,0.0,0.0,0.0,0.0,0.0,100.0,0.0,0.0,1.0,0.0,0.0,0.0,0.0,0.0,0.0,99.0
37,0.0,0.0,0.0,0.0,0.0,89.11,0.0,0.0,0.0,10.89,0.0,0.0,0.0,0.0,0.0,100.0,0.0,0.0,0.0,0.0,0.0,0.0,0.0,0.0,0.0,86.0,0.0,0.0,0.0,14.0,0.0,0.0,0.0,0.0,0.0,63.64,0.0,0.0,0.0,36.36,0.0,0.0,0.0,0.0,0.0,95.05,0.0,0.0,0.0,4.95,0.0,0.0,0.0,0.0,0.0,82.83,0.0,0.0,0.0,17.17,0.0,0.0,0.0,0.0,0.0,81.63,0.0,0.0,0.0,18.37,0.0,0.0,0.0,0.0,0.0,100.0,0.0,0.0,0.0,0.0,0.0,0.0,0.0,0.0,0.0,63.37,0.0,0.0,0.0,36.63,1.01,0.0,0.0,0.0,0.0,17.17,0.0,0.0,0.0,81.82,1.01,0.0,0.0,0.0,0.0,32.32,0.0,0.0,0.0,66.67,0.0,0.0,0.0,0.0,0.0,53.06,0.0,0.0,0.0,46.94,1.0,0.0,0.0,0.0,0.0,28.0,0.0,0.0,0.0,71.0,0.0,0.0,0.0,0.0,0.0,39.0,0.0,0.0,0.0,61.0,0.0,0.0,0.0,0.0,0.0,42.86,0.0,0.0,0.0,57.14,0.0,0.0,0.0,0.0,0.0,47.96,0.0,0.0,0.0,52.04,1.01,0.0,0.0,0.0,0.0,0.0,0.0,0.0,0.0,98.99,0.99,0.0,0.99,0.0,0.0,0.0,0.0,0.0,0.0,98.02,1.0,0.0,0.0,0.0,0.0,0.0,0.0,0.0,0.0,99.0,0.0,0.0,1.0,18.0,0.0,0.0,0.0,0.0,0.0,81.0,0.99,0.0,0.0,0.0,0.0,0.0,0.0,0.0,0.0,99.01,0.0,0.0,1.0,0.0,0.0,0.0,0.0,0.0,0.0,99.0,0.0,0.0,0.0,0.0,0.0,0.0,0.0,0.0,0.0,100.0,0.0,0.0,0.0,0.0,0.0,0.0,0.0,0.0,0.0,100.0
38,0.0,0.0,0.0,0.0,0.0,95.0,0.0,0.0,0.0,5.0,0.0,0.0,0.0,0.0,0.0,100.0,0.0,0.0,0.0,0.0,0.0,0.0,0.0,0.0,0.0,89.0,0.0,0.0,0.0,11.0,0.0,0.0,0.0,0.0,0.0,66.34,0.0,0.0,0.0,33.66,0.0,0.0,0.0,0.0,0.0,98.0,0.0,0.0,0.0,2.0,0.0,0.0,0.0,0.0,0.0,85.0,0.0,0.0,0.0,15.0,0.0,0.0,0.0,0.0,0.0,83.84,0.0,0.0,0.0,16.16,0.0,0.0,0.0,0.0,0.0,100.0,0.0,0.0,0.0,0.0,0.0,0.0,0.0,0.0,0.0,64.65,0.0,0.0,0.0,35.35,0.0,0.0,0.0,0.0,0.0,17.17,0.0,0.0,0.0,82.83,0.0,0.0,0.0,0.0,0.0,35.0,0.0,0.0,0.0,65.0,0.0,0.0,0.0,0.0,0.0,55.56,0.0,0.0,0.0,44.44,1.0,0.0,1.0,0.0,0.0,30.0,0.0,0.0,0.0,68.0,0.0,0.0,0.0,0.0,0.0,39.0,0.0,0.0,0.0,61.0,3.96,0.0,0.99,0.0,0.0,45.54,0.0,0.0,0.0,49.5,0.0,0.0,0.0,0.0,0.0,50.51,0.0,0.0,0.0,49.49,0.0,0.0,1.0,0.0,0.0,0.0,0.0,0.0,0.0,99.0,1.01,0.0,0.0,0.0,0.0,0.0,0.0,0.0,0.0,98.99,0.0,0.0,0.0,0.0,0.0,0.0,0.0,0.0,0.0,100.0,1.01,0.0,0.0,17.17,0.0,0.0,0.0,0.0,0.0,81.82,0.0,0.0,1.0,0.0,0.0,0.0,0.0,0.0,0.0,99.0,0.0,0.0,0.0,0.0,0.0,0.0,0.0,0.0,0.0,100.0,1.0,0.0,0.0,0.0,0.0,0.0,0.0,0.0,0.0,99.0,0.0,0.0,0.0,0.0,0.0,0.0,0.0,0.0,0.0,100.0
39,0.0,0.0,0.0,0.0,0.0,88.89,0.0,0.0,0.0,11.11,0.0,0.0,0.0,0.0,0.0,100.0,0.0,0.0,0.0,0.0,0.0,0.0,0.0,0.0,0.0,88.89,0.0,0.0,0.0,11.11,0.0,0.0,0.0,0.0,0.0,65.35,0.0,0.0,0.0,34.65,0.0,0.0,0.0,0.0,0.0,95.1,0.0,0.0,0.0,4.9,0.0,0.0,0.0,0.0,0.0,84.0,0.0,0.0,0.0,16.0,0.0,0.0,0.0,0.0,0.0,82.0,0.0,0.0,0.0,18.0,0.0,0.0,0.0,0.0,0.0,100.0,0.0,0.0,0.0,0.0,0.0,0.0,0.0,0.0,0.0,61.62,0.0,0.0,0.0,38.38,0.0,0.0,0.0,0.0,0.0,17.0,0.0,0.0,0.0,83.0,0.0,0.0,0.0,0.0,0.0,34.65,0.0,0.0,0.0,65.35,0.0,0.0,0.0,0.0,0.0,52.58,0.0,0.0,0.0,47.42,0.99,0.0,0.99,0.0,0.0,29.7,0.0,0.0,0.0,68.32,0.0,0.0,0.0,0.0,0.0,39.0,0.0,0.0,0.0,61.0,3.0,0.0,1.0,0.0,0.0,45.0,0.0,0.0,0.0,51.0,0.0,0.0,0.0,0.0,0.0,47.0,0.0,0.0,0.0,53.0,0.0,0.0,1.0,0.0,0.0,0.0,0.0,0.0,0.0,99.0,1.0,0.0,0.0,0.0,0.0,0.0,0.0,0.0,0.0,99.0,0.0,0.0,1.0,17.0,0.0,0.0,0.0,0.0,0.0,82.0,1.02,0.0,0.0,1.02,0.0,0.0,0.0,0.0,0.0,97.96,0.0,0.0,0.0,0.0,0.0,0.0,0.0,0.0,0.0,100.0,0.99,0.0,0.0,0.0,0.0,0.0,0.0,0.0,0.0,99.01,0.0,0.0,0.0,0.0,0.0,0.0,0.0,0.0,0.0,100.0,1.0,0.0,0.0,0.0,0.0,0.0,0.0,0.0,0.0,99.0
40,0.0,0.0,0.0,0.0,0.0,92.78,0.0,0.0,0.0,7.22,0.0,0.0,0.0,0.0,0.0,100.0,0.0,0.0,0.0,0.0,0.0,0.0,0.0,0.0,0.0,89.11,0.0,0.0,0.0,10.89,0.0,0.0,0.0,0.0,0.0,65.69,0.0,0.0,0.0,34.31,0.0,0.0,0.0,0.0,0.0,96.04,0.0,0.0,0.0,3.96,0.0,0.0,0.0,0.0,0.0,83.17,0.0,0.0,0.0,16.83,0.0,0.0,0.0,0.0,0.0,82.83,0.0,0.0,0.0,17.17,0.0,0.0,0.0,0.0,0.0,100.0,0.0,0.0,0.0,0.0,0.0,0.0,0.0,0.0,0.0,64.08,0.0,0.0,0.0,35.92,0.99,0.0,0.0,0.0,0.0,16.83,0.0,0.0,0.0,82.18,0.0,0.0,1.0,0.0,0.0,32.0,0.0,0.0,0.0,67.0,0.0,0.0,0.0,0.0,0.0,53.68,0.0,0.0,0.0,46.32,0.0,0.0,0.0,1.01,0.0,29.29,0.0,0.0,0.0,69.7,0.0,0.0,0.0,0.0,0.0,39.0,0.0,0.0,0.0,61.0,0.0,0.0,0.0,0.0,0.0,54.9,0.0,0.0,0.0,45.1,0.99,0.0,0.0,0.0,0.0,53.47,0.0,0.0,0.0,45.54,2.0,0.0,1.0,6.0,0.0,0.0,0.0,0.0,0.0,91.0,0.0,0.0,0.99,0.0,0.0,0.0,0.0,0.0,0.0,99.01,1.01,0.0,1.01,10.1,0.0,0.0,0.0,0.0,0.0,87.88,0.0,0.0,0.0,0.0,0.0,0.0,0.0,0.0,0.0,100.0,0.0,0.0,0.0,0.0,0.0,0.0,0.0,0.0,0.0,100.0,0.0,0.0,0.0,0.0,0.0,0.0,0.0,0.0,0.0,100.0,0.0,0.0,0.0,0.0,0.0,0.0,0.0,0.0,0.0,100.0,0.0,0.0,0.0,0.0,0.0,0.0,0.0,0.0,0.0,100.0
41,0.0,0.0,0.0,0.0,0.0,88.0,0.0,0.0,0.0,12.0,0.0,0.0,0.0,0.0,0.0,100.0,0.0,0.0,0.0,0.0,0.0,0.0,0.0,0.0,0.0,89.0,0.0,0.0,0.0,11.0,0.0,0.0,0.0,0.0,0.0,65.0,0.0,0.0,0.0,35.0,0.0,0.0,0.0,0.0,0.0,94.06,0.0,0.0,0.0,5.94,0.0,0.0,0.0,0.0,0.0,82.83,0.0,0.0,0.0,17.17,0.0,0.0,0.0,0.0,0.0,82.18,0.0,0.0,0.0,17.82,0.0,0.0,0.0,0.0,0.0,100.0,0.0,0.0,0.0,0.0,1.0,0.0,0.0,0.0,0.0,61.0,0.0,0.0,0.0,38.0,0.0,0.0,0.0,0.0,0.0,17.0,0.0,0.0,0.0,83.0,0.99,0.0,0.0,0.0,0.0,32.67,0.0,0.0,0.0,66.34,0.0,0.0,0.0,0.0,0.0,54.08,0.0,0.0,0.0,45.92,0.99,0.0,0.99,0.0,0.0,29.7,0.0,0.0,0.0,68.32,0.0,0.0,0.0,0.0,0.0,39.0,0.0,0.0,0.0,61.0,0.99,0.0,0.99,0.0,0.0,52.48,0.0,0.0,0.0,45.54,0.0,0.0,0.0,0.0,0.0,53.54,0.0,0.0,0.0,46.46,0.0,0.0,1.0,18.0,0.0,0.0,0.0,0.0,0.0,81.0,0.0,0.0,0.0,0.0,0.0,0.0,0.0,0.0,0.0,100.0,0.0,0.0,0.0,0.0,0.0,0.0,0.0,0.0,0.0,100.0,1.0,0.0,0.0,0.0,0.0,0.0,0.0,0.0,0.0,99.0,1.0,0.0,0.0,0.0,0.0,0.0,0.0,0.0,0.0,99.0,0.0,0.0,0.0,0.0,0.0,0.0,0.0,0.0,0.0,100.0,0.0,0.0,0.0,0.0,0.0,0.0,0.0,0.0,0.0,100.0,0.0,0.0,0.0,0.0,0.0,0.0,0.0,0.0,0.0,100.0
42,0.0,0.0,0.0,0.0,0.0,92.78,0.0,0.0,0.0,7.22,0.0,0.0,0.0,0.0,0.0,100.0,0.0,0.0,0.0,0.0,0.0,0.0,0.0,0.0,0.0,90.0,0.0,0.0,0.0,10.0,0.0,0.0,0.0,0.0,0.0,65.0,0.0,0.0,0.0,35.0,0.0,0.0,0.0,0.0,0.0,95.05,0.0,0.0,0.0,4.95,0.0,0.0,0.0,0.0,0.0,83.0,0.0,0.0,0.0,17.0,0.0,0.0,0.0,0.0,0.0,82.83,0.0,0.0,0.0,17.17,0.0,0.0,0.0,0.0,0.0,100.0,0.0,0.0,0.0,0.0,0.0,0.0,0.0,0.0,0.0,64.36,0.0,0.0,0.0,35.64,0.0,0.0,0.0,0.0,0.0,17.65,0.0,0.0,0.0,82.35,0.0,0.0,0.0,0.0,0.0,34.34,0.0,0.0,0.0,65.66,0.0,0.0,0.0,0.0,0.0,45.57,0.0,0.0,0.0,54.43,0.99,0.0,0.99,0.0,0.0,29.7,0.0,0.0,0.0,68.32,0.0,0.0,0.0,0.0,0.0,40.4,0.0,0.0,0.0,59.6,0.0,0.0,0.0,0.0,0.0,52.94,0.0,0.0,0.0,47.06,0.0,0.0,0.0,0.0,0.0,52.08,0.0,0.0,0.0,47.92,1.0,0.0,0.0,0.0,0.0,0.0,0.0,0.0,0.0,99.0,0.0,0.0,0.0,18.18,0.0,0.0,0.0,0.0,0.0,81.82,1.01,0.0,0.0,0.0,0.0,0.0,0.0,0.0,0.0,98.99,1.01,0.0,0.0,0.0,0.0,0.0,0.0,0.0,0.0,98.99,0.0,0.0,0.0,0.0,0.0,0.0,0.0,0.0,0.0,100.0,0.0,0.0,1.0,0.0,0.0,0.0,0.0,0.0,0.0,99.0,0.0,0.0,0.99,0.0,0.0,0.0,0.0,0.0,0.0,99.01,0.0,0.0,0.0,0.0,0.0,0.0,0.0,0.0,0.0,100.0
43,0.0,0.0,0.0,0.0,0.0,85.71,0.0,0.0,0.0,14.29,0.0,0.0,0.0,0.0,0.0,100.0,0.0,0.0,0.0,0.0,0.0,0.0,0.0,0.0,0.0,88.89,0.0,0.0,0.0,11.11,0.0,0.0,0.0,0.0,0.0,64.65,0.0,0.0,0.0,35.35,0.0,0.0,0.0,0.0,0.0,93.14,0.0,0.0,0.0,6.86,0.0,0.0,0.0,0.0,0.0,82.83,0.0,0.0,0.0,17.17,0.0,0.0,0.0,0.0,0.0,80.81,0.0,0.0,0.0,19.19,0.0,0.0,0.0,0.0,0.0,100.0,0.0,0.0,0.0,0.0,0.0,0.0,0.0,0.0,0.0,62.24,0.0,0.0,0.0,37.76,0.0,0.0,1.0,0.0,0.0,17.0,0.0,0.0,0.0,82.0,0.0,0.0,0.99,0.0,0.0,32.67,0.0,0.0,0.0,66.34,0.0,0.0,0.0,0.0,0.0,45.88,0.0,0.0,0.0,54.12,1.0,0.0,1.0,0.0,0.0,28.0,0.0,0.0,0.0,70.0,0.0,0.0,0.0,0.0,0.0,39.39,0.0,0.0,0.0,60.61,1.01,0.0,0.0,0.0,0.0,51.52,0.0,0.0,0.0,47.47,0.0,0.0,0.0,0.0,0.0,53.0,0.0,0.0,0.0,47.0,0.0,0.0,0.0,0.0,0.0,0.0,0.0,0.0,0.0,100.0,0.0,0.0,0.0,18.18,0.0,0.0,0.0,0.0,0.0,81.82,1.0,0.0,0.0,0.0,0.0,0.0,0.0,0.0,0.0,99.0,0.99,0.0,0.99,0.0,0.0,0.0,0.0,0.0,0.0,98.02,0.0,0.0,0.99,0.0,0.0,0.0,0.0,0.0,0.0,99.01,0.0,0.0,0.0,0.0,0.0,0.0,0.0,0.0,0.0,100.0,0.0,0.0,0.0,0.0,0.0,0.0,0.0,0.0,0.0,100.0,1.0,0.0,0.0,0.0,0.0,0.0,0.0,0.0,0.0,99.0
44,0.0,0.0,0.0,0.0,0.0,90.53,0.0,0.0,0.0,9.47,0.0,0.0,0.0,0.0,0.0,100.0,0.0,0.0,0.0,0.0,0.0,0.0,0.0,0.0,0.0,89.22,0.0,0.0,0.0,10.78,0.99,0.0,0.0,0.0,0.0,64.36,0.0,0.0,0.0,34.65,0.0,0.0,0.0,0.0,0.0,95.05,0.0,0.0,0.0,4.95,0.0,0.0,0.0,0.0,0.0,82.83,0.0,0.0,0.0,17.17,0.0,0.0,0.0,0.0,0.0,82.29,0.0,0.0,0.0,17.71,0.0,0.0,0.0,0.0,0.0,100.0,0.0,0.0,0.0,0.0,0.0,0.0,0.0,0.0,0.0,64.36,0.0,0.0,0.0,35.64,1.01,0.0,0.0,0.0,0.0,16.16,0.0,0.0,0.0,82.83,0.0,0.0,0.0,0.0,0.0,33.67,0.0,0.0,0.0,66.33,0.0,0.0,0.0,0.0,0.0,53.06,0.0,0.0,0.0,46.94,0.0,0.0,0.0,0.0,0.0,29.0,0.0,0.0,0.0,71.0,0.0,0.0,0.0,0.0,0.0,40.0,0.0,0.0,0.0,60.0,0.0,0.0,1.02,0.0,0.0,52.04,0.0,0.0,0.0,46.94,1.04,0.0,0.0,0.0,0.0,51.04,0.0,0.0,0.0,47.92,0.0,0.0,1.0,0.0,0.0,0.0,0.0,0.0,0.0,99.0,0.0,0.0,1.0,19.0,0.0,0.0,0.0,0.0,0.0,80.0,0.0,0.0,0.0,0.0,0.0,0.0,0.0,0.0,0.0,100.0,0.0,0.0,0.0,0.0,0.0,0.0,0.0,0.0,0.0,100.0,0.0,0.0,0.0,0.0,0.0,0.0,0.0,0.0,0.0,100.0,0.0,0.0,0.0,0.0,0.0,0.0,0.0,0.0,0.0,100.0,0.0,0.0,0.0,0.0,0.0,0.0,0.0,0.0,0.0,100.0,0.0,0.0,0.99,0.0,0.0,0.0,0.0,0.0,0.0,99.01
45,0.0,0.0,0.0,0.0,0.0,88.78,0.0,0.0,0.0,11.22,0.0,0.0,0.0,0.0,0.0,100.0,0.0,0.0,0.0,0.0,0.0,0.0,0.0,0.0,0.0,89.0,0.0,0.0,0.0,11.0,0.0,0.0,0.0,0.0,0.0,65.0,0.0,0.0,0.0,35.0,0.0,0.0,0.0,0.0,0.0,94.06,0.0,0.0,0.0,5.94,0.0,0.0,0.0,0.0,0.0,82.0,0.0,0.0,0.0,18.0,0.0,0.0,0.0,0.0,0.0,82.35,0.0,0.0,0.0,17.65,0.0,0.0,0.0,0.0,0.0,100.0,0.0,0.0,0.0,0.0,0.0,0.0,0.0,0.0,0.0,63.73,0.0,0.0,0.0,36.27,0.0,0.0,0.0,0.0,0.0,17.17,0.0,0.0,0.0,82.83,0.98,0.0,0.98,0.0,0.0,34.31,0.0,0.0,0.0,63.73,0.0,0.0,0.0,0.0,0.0,52.53,0.0,0.0,0.0,47.47,1.01,0.0,0.0,0.0,0.0,26.26,0.0,0.0,0.0,72.73,0.98,0.0,0.0,0.0,0.0,39.22,0.0,0.0,0.0,59.8,0.98,0.0,0.98,0.0,0.0,51.96,0.0,0.0,0.0,46.08,0.0,0.0,0.0,0.0,0.0,53.54,0.0,0.0,0.0,46.46,1.0,0.0,0.0,0.0,0.0,0.0,0.0,0.0,0.0,99.0,0.0,0.0,0.0,18.18,0.0,0.0,0.0,0.0,0.0,81.82,0.0,0.0,0.0,0.0,0.0,0.0,0.0,0.0,0.0,100.0,0.0,0.0,0.0,0.0,0.0,0.0,0.0,0.0,0.0,100.0,0.0,0.0,0.0,0.0,0.0,0.0,0.0,0.0,0.0,100.0,0.0,0.0,0.0,0.0,0.0,0.0,0.0,0.0,0.0,100.0,0.0,0.0,0.0,0.0,0.0,0.0,0.0,0.0,0.0,100.0,0.0,0.0,0.0,0.0,0.0,0.0,0.0,0.0,0.0,100.0
46,0.0,0.0,1.0,0.0,0.0,91.0,0.0,0.0,0.0,8.0,0.0,0.0,0.0,0.0,0.0,100.0,0.0,0.0,0.0,0.0,0.0,0.0,0.98,0.0,0.0,88.24,0.0,0.0,0.0,10.78,0.0,0.0,0.0,0.0,0.0,66.0,0.0,0.0,0.0,34.0,0.0,0.0,0.0,0.0,0.0,95.0,0.0,0.0,0.0,5.0,0.0,0.0,0.0,0.0,0.0,84.0,0.0,0.0,0.0,16.0,0.0,0.0,0.0,0.0,0.0,82.18,0.0,0.0,0.0,17.82,0.0,0.0,0.0,0.0,0.0,100.0,0.0,0.0,0.0,0.0,0.0,0.0,0.0,0.0,0.0,64.0,0.0,0.0,0.0,36.0,0.0,0.0,0.0,0.0,0.0,16.16,0.0,0.0,0.0,83.84,0.0,0.0,1.01,0.0,0.0,33.33,0.0,0.0,0.0,65.66,0.0,0.0,0.0,0.0,0.0,54.17,0.0,0.0,0.0,45.83,1.94,0.0,0.97,0.97,0.0,29.13,0.0,0.0,0.0,66.99,0.0,0.0,0.0,0.0,0.0,39.8,0.0,0.0,0.0,60.2,0.0,0.0,0.0,0.0,0.0,53.0,0.0,0.0,0.0,47.0,0.0,0.0,0.0,0.0,0.0,54.46,0.0,0.0,0.0,45.54,0.0,0.0,0.0,0.0,0.0,0.0,0.0,0.0,0.0,100.0,0.99,0.0,0.0,17.82,0.0,0.0,0.0,0.0,0.0,81.19,0.99,0.0,0.99,0.0,0.0,0.0,0.0,0.0,0.0,98.02,0.0,0.0,0.0,0.0,0.0,0.0,0.0,0.0,0.0,100.0,0.99,0.0,0.0,0.0,0.0,0.0,0.0,0.0,0.0,99.01,0.0,0.0,0.0,0.0,0.0,0.0,0.0,0.0,0.0,100.0,0.0,0.0,0.99,0.0,0.0,0.0,0.0,0.0,0.0,99.01,0.0,0.0,0.0,0.0,0.0,0.0,0.0,0.0,0.0,100.0
47,0.0,0.0,0.0,0.0,0.0,89.9,0.0,0.0,0.0,10.1,0.0,0.0,0.0,0.0,0.0,100.0,0.0,0.0,0.0,0.0,0.0,0.0,0.0,0.0,0.0,88.12,0.0,0.0,0.0,11.88,0.0,0.0,0.0,0.0,0.0,65.35,0.0,0.0,0.0,34.65,0.0,0.0,0.98,0.0,0.0,93.14,0.0,0.0,0.0,5.88,0.0,0.0,0.0,0.0,0.0,82.83,0.0,0.0,0.0,17.17,0.0,0.0,0.0,0.0,0.0,82.18,0.0,0.0,0.0,17.82,0.0,0.0,0.0,0.0,0.0,100.0,0.0,0.0,0.0,0.0,0.0,0.0,0.0,0.0,0.0,64.42,0.0,0.0,0.0,35.58,1.01,0.0,0.0,0.0,0.0,15.15,0.0,0.0,0.0,83.84,1.0,0.0,0.0,0.0,0.0,32.0,0.0,0.0,0.0,67.0,0.0,0.0,0.0,0.0,0.0,54.17,0.0,0.0,0.0,45.83,0.0,0.0,1.01,0.0,0.0,28.28,0.0,0.0,0.0,70.71,0.0,0.0,0.98,0.0,0.0,39.22,0.0,0.0,0.0,59.8,0.0,0.0,0.0,0.0,0.0,53.85,0.0,0.0,0.0,46.15,0.0,0.0,0.0,0.0,0.0,55.77,0.0,0.0,0.0,44.23,0.0,0.0,1.01,4.04,0.0,0.0,0.0,0.0,0.0,94.95,0.0,0.0,1.01,12.12,0.0,0.0,0.0,0.0,0.0,86.87,0.0,0.0,0.0,0.0,0.0,0.0,0.0,0.0,0.0,100.0,0.0,0.0,1.0,0.0,0.0,0.0,0.0,0.0,0.0,99.0,0.0,0.0,0.0,0.0,0.0,0.0,0.0,0.0,0.0,100.0,0.0,0.0,0.0,0.0,0.0,0.0,0.0,0.0,0.0,100.0,1.0,0.0,0.0,0.0,0.0,0.0,0.0,0.0,0.0,99.0,0.0,0.0,0.0,0.0,0.0,0.0,0.0,0.0,0.0,100.0
48,0.0,0.0,0.0,0.0,0.0,94.95,0.0,0.0,0.0,5.05,0.0,0.0,0.0,0.0,0.0,100.0,0.0,0.0,0.0,0.0,0.0,0.0,0.0,0.0,0.0,91.0,0.0,0.0,0.0,9.0,0.0,0.0,0.0,0.0,0.0,68.32,0.0,0.0,0.0,31.68,0.0,0.0,0.0,0.0,0.0,96.04,0.0,0.0,0.0,3.96,0.0,0.0,0.0,0.0,0.0,83.84,0.0,0.0,0.0,16.16,0.0,0.0,0.0,0.0,0.0,83.0,0.0,0.0,0.0,17.0,0.0,0.0,0.0,0.0,0.0,100.0,0.0,0.0,0.0,0.0,1.96,0.0,0.0,0.0,0.0,64.71,0.0,0.0,0.0,33.33,0.0,0.0,1.0,0.0,0.0,17.0,0.0,0.0,0.0,82.0,0.0,0.0,0.0,0.0,0.0,31.63,0.0,0.0,0.0,68.37,0.0,0.0,0.0,0.0,0.0,55.21,0.0,0.0,0.0,44.79,1.02,0.0,0.0,0.0,0.0,28.57,0.0,0.0,0.0,70.41,0.0,0.0,0.0,0.0,0.0,41.41,0.0,0.0,0.0,58.59,0.0,0.0,0.0,0.0,0.0,52.53,0.0,0.0,0.0,47.47,0.0,0.0,0.0,0.0,0.0,53.06,0.0,0.0,0.0,46.94,1.01,0.0,1.01,0.0,0.0,0.0,0.0,0.0,0.0,97.98,0.0,0.0,1.0,2.0,0.0,0.0,0.0,0.0,0.0,97.0,0.0,0.0,0.0,0.0,0.0,0.0,0.0,0.0,0.0,100.0,1.0,0.0,0.0,16.0,0.0,0.0,0.0,0.0,0.0,83.0,0.0,0.0,1.0,0.0,0.0,0.0,0.0,0.0,0.0,99.0,0.0,0.0,0.0,0.0,0.0,0.0,0.0,0.0,0.0,100.0,0.0,0.0,0.0,0.0,0.0,0.0,0.0,0.0,0.0,100.0,0.0,0.0,0.0,0.0,0.0,0.0,0.0,0.0,0.0,100.0
49,0.0,0.0,0.0,0.0,0.0,91.09,0.0,0.0,0.0,8.91,0.0,0.0,0.0,0.0,0.0,100.0,0.0,0.0,0.0,0.0,0.0,0.0,0.0,0.0,0.0,90.0,0.0,0.0,0.0,10.0,0.0,0.0,0.0,0.0,0.0,67.33,0.0,0.0,0.0,32.67,0.0,0.0,0.0,0.0,0.0,94.06,0.0,0.0,0.0,5.94,0.0,0.0,0.0,0.0,0.0,83.17,0.0,0.0,0.0,16.83,0.0,0.0,0.0,0.0,0.0,82.29,0.0,0.0,0.0,17.71,0.0,0.0,0.0,0.0,0.0,100.0,0.0,0.0,0.0,0.0,0.0,0.0,0.0,0.0,0.0,64.36,0.0,0.0,0.0,35.64,0.0,0.0,0.0,0.0,0.0,16.33,0.0,0.0,0.0,83.67,0.0,0.0,0.0,0.0,0.0,34.0,0.0,0.0,0.0,66.0,0.0,0.0,0.0,0.0,0.0,53.0,0.0,0.0,0.0,47.0,0.99,0.0,0.0,0.0,0.0,26.73,0.0,0.0,0.0,72.28,0.0,0.0,0.0,0.0,0.0,39.39,0.0,0.0,0.0,60.61,0.0,0.0,0.0,0.0,0.0,53.0,0.0,0.0,0.0,47.0,0.0,0.0,0.0,0.0,0.0,53.47,0.0,0.0,0.0,46.53,1.01,0.0,0.0,0.0,0.0,0.0,0.0,0.0,0.0,98.99,0.0,0.0,0.0,15.15,0.0,0.0,0.0,0.0,0.0,84.85,1.01,0.0,0.0,0.0,0.0,0.0,0.0,0.0,0.0,98.99,0.0,0.0,0.0,3.0,0.0,0.0,0.0,0.0,0.0,97.0,0.0,0.0,0.0,0.0,0.0,0.0,0.0,0.0,0.0,100.0,1.0,0.0,1.0,0.0,0.0,0.0,0.0,0.0,0.0,98.0,0.0,0.0,0.0,0.0,0.0,0.0,0.0,0.0,0.0,100.0,0.0,0.0,0.0,0.0,0.0,0.0,0.0,0.0,0.0,100.0
50,0.0,0.0,0.0,0.0,0.0,90.91,0.0,0.0,0.0,9.09,0.0,0.0,0.0,0.0,0.0,100.0,0.0,0.0,0.0,0.0,0.0,0.0,0.0,0.0,0.0,90.2,0.0,0.0,0.0,9.8,0.0,0.0,0.0,0.0,0.0,67.0,0.0,0.0,0.0,33.0,0.0,0.0,0.0,0.0,0.0,93.14,0.0,0.0,0.0,6.86,0.0,0.0,0.0,0.0,0.0,83.17,0.0,0.0,0.0,16.83,0.0,0.0,0.0,0.0,0.0,82.18,0.0,0.0,0.0,17.82,0.0,0.0,0.0,0.0,0.0,100.0,0.0,0.0,0.0,0.0,1.0,0.0,1.0,0.0,0.0,62.0,0.0,0.0,0.0,36.0,1.0,0.0,0.0,0.0,0.0,17.0,0.0,0.0,0.0,82.0,0.99,0.0,0.0,0.0,0.0,32.67,0.0,0.0,0.0,66.34,0.0,0.0,0.0,0.0,0.0,54.46,0.0,0.0,0.0,45.54,1.0,0.0,1.0,0.0,0.0,26.0,0.0,0.0,0.0,72.0,0.98,0.0,0.0,0.0,0.0,39.22,0.0,0.0,0.0,59.8,0.0,0.0,0.0,0.0,0.0,50.0,0.0,0.0,0.0,50.0,0.0,0.0,0.0,0.0,0.0,51.04,0.0,0.0,0.0,48.96,0.0,0.0,1.0,0.0,0.0,0.0,0.0,0.0,0.0,99.0,0.99,0.0,0.0,17.82,0.0,0.0,0.0,0.0,0.0,81.19,0.0,0.0,0.0,0.0,0.0,0.0,0.0,0.0,0.0,100.0,0.0,0.0,0.0,0.0,0.0,0.0,0.0,0.0,0.0,100.0,0.0,0.0,0.0,0.0,0.0,0.0,0.0,0.0,0.0,100.0,0.0,0.0,1.0,0.0,0.0,0.0,0.0,0.0,0.0,99.0,0.0,0.0,0.0,0.0,0.0,0.0,0.0,0.0,0.0,100.0,0.0,0.0,0.0,0.0,0.0,0.0,0.0,0.0,0.0,100.0
51,0.0,0.0,0.0,0.0,0.0,89.9,0.0,0.0,0.0,10.1,0.0,0.0,0.0,0.0,0.0,100.0,0.0,0.0,0.0,0.0,0.0,0.0,0.0,0.0,0.0,89.69,0.0,0.0,0.0,10.31,0.0,0.0,0.0,0.0,0.0,66.67,0.0,0.0,0.0,33.33,0.0,0.0,0.0,0.0,0.0,94.12,0.0,0.0,0.0,5.88,0.0,0.0,0.0,0.0,0.0,82.0,0.0,0.0,0.0,18.0,0.0,0.0,0.0,0.0,0.0,82.18,0.0,0.0,0.0,17.82,0.0,0.0,0.0,0.0,0.0,100.0,0.0,0.0,0.0,0.0,0.99,0.0,0.0,0.0,0.0,62.38,0.0,0.0,0.0,36.63,0.0,0.0,0.0,0.0,0.0,17.0,0.0,0.0,0.0,83.0,0.0,0.0,0.0,0.0,0.0,32.67,0.0,0.0,0.0,67.33,0.0,0.0,0.0,0.0,0.0,51.49,0.0,0.0,0.0,48.51,0.99,0.0,0.99,0.0,0.0,27.72,0.0,0.0,0.0,70.3,0.0,0.0,0.0,0.0,0.0,39.0,0.0,0.0,0.0,61.0,0.0,0.0,0.0,0.0,0.0,52.94,0.0,0.0,0.0,47.06,0.0,0.0,0.0,0.0,0.0,48.35,0.0,0.0,0.0,51.65,0.0,0.0,0.0,0.0,0.0,0.0,0.0,0.0,0.0,100.0,0.0,0.0,1.0,18.0,0.0,0.0,0.0,0.0,0.0,81.0,0.99,0.0,0.99,0.0,0.0,0.0,0.0,0.0,0.0,98.02,0.0,0.0,0.0,0.0,0.0,0.0,0.0,0.0,0.0,100.0,0.0,0.0,0.0,0.0,0.0,0.0,0.0,0.0,0.0,100.0,0.0,0.0,0.0,0.0,0.0,0.0,0.0,0.0,0.0,100.0,0.0,0.0,0.0,0.0,0.0,0.0,0.0,0.0,0.0,100.0,0.0,0.0,0.0,0.0,0.0,0.0,0.0,0.0,0.0,100.0
52,0.0,0.0,0.0,0.0,0.0,92.0,0.0,0.0,0.0,8.0,0.0,0.0,0.0,0.0,0.0,100.0,0.0,0.0,0.0,0.0,0.0,0.0,0.0,0.0,0.0,88.76,0.0,0.0,0.0,11.24,0.0,0.0,0.0,0.0,0.0,66.67,0.0,0.0,0.0,33.33,0.0,0.0,0.0,0.0,0.0,94.12,0.0,0.0,0.0,5.88,0.0,0.0,0.0,0.0,0.0,82.65,0.0,0.0,0.0,17.35,0.0,0.0,0.0,0.0,0.0,83.17,0.0,0.0,0.0,16.83,0.0,0.0,0.0,0.0,0.0,100.0,0.0,0.0,0.0,0.0,0.0,0.0,0.0,0.0,0.0,64.65,0.0,0.0,0.0,35.35,1.01,0.0,0.0,0.0,0.0,16.16,0.0,0.0,0.0,82.83,0.0,0.0,0.0,0.0,0.0,32.0,0.0,0.0,0.0,68.0,0.0,0.0,0.0,0.0,0.0,50.0,0.0,0.0,0.0,50.0,0.0,0.0,0.0,0.0,0.0,29.29,0.0,0.0,0.0,70.71,0.0,0.0,0.0,0.0,0.0,38.38,0.0,0.0,0.0,61.62,0.0,0.0,1.0,0.0,0.0,52.0,0.0,0.0,0.0,47.0,0.0,0.0,0.0,0.0,0.0,51.55,0.0,0.0,0.0,48.45,0.0,0.0,1.0,0.0,0.0,0.0,0.0,0.0,0.0,99.0,0.0,0.0,0.99,17.82,0.0,0.0,0.0,0.0,0.0,81.19,0.0,0.0,0.0,0.0,0.0,0.0,0.0,0.0,0.0,100.0,0.0,0.0,0.0,0.0,0.0,0.0,0.0,0.0,0.0,100.0,0.0,0.0,0.0,0.0,0.0,0.0,0.0,0.0,0.0,100.0,0.0,0.0,0.0,0.0,0.0,0.0,0.0,0.0,0.0,100.0,0.0,0.0,0.0,0.0,0.0,0.0,0.0,0.0,0.0,100.0,0.99,0.0,0.0,0.0,0.0,0.0,0.0,0.0,0.0,99.01
53,0.0,0.0,0.0,0.0,0.0,89.9,0.0,0.0,0.0,10.1,0.0,0.0,0.0,0.0,0.0,100.0,0.0,0.0,0.0,0.0,0.0,0.0,0.0,0.0,0.0,87.64,0.0,0.0,0.0,12.36,0.0,0.0,0.0,0.0,0.0,67.0,0.0,0.0,0.0,33.0,0.0,0.0,0.0,0.0,0.0,93.07,0.0,0.0,0.0,6.93,0.0,0.0,0.0,0.0,0.0,82.35,0.0,0.0,0.0,17.65,0.0,0.0,0.0,0.0,0.0,81.44,0.0,0.0,0.0,18.56,0.0,0.0,0.0,0.0,0.0,100.0,0.0,0.0,0.0,0.0,0.0,0.0,1.0,0.0,0.0,61.0,0.0,0.0,0.0,38.0,0.0,0.0,0.0,0.0,0.0,15.31,0.0,0.0,0.0,84.69,0.0,0.0,0.0,0.0,0.0,30.0,0.0,0.0,0.0,70.0,0.0,0.0,0.0,0.0,0.0,47.47,0.0,0.0,0.0,52.53,1.0,0.0,1.0,0.0,0.0,26.0,0.0,0.0,0.0,72.0,0.0,0.0,0.0,0.0,0.0,40.0,0.0,0.0,0.0,60.0,1.01,0.0,0.0,0.0,0.0,50.51,0.0,0.0,0.0,48.48,0.99,0.0,0.0,0.0,0.0,52.48,0.0,0.0,0.0,46.53,1.0,0.0,0.0,0.0,0.0,0.0,0.0,0.0,0.0,99.0,0.0,0.0,0.0,18.18,0.0,0.0,0.0,0.0,0.0,81.82,0.0,0.0,0.0,0.0,0.0,0.0,0.0,0.0,0.0,100.0,0.99,0.0,0.0,0.0,0.0,0.0,0.0,0.0,0.0,99.01,0.0,0.0,0.0,0.0,0.0,0.0,0.0,0.0,0.0,100.0,1.0,0.0,0.0,0.0,0.0,0.0,0.0,0.0,0.0,99.0,0.0,0.0,1.0,0.0,0.0,0.0,0.0,0.0,0.0,99.0,0.0,0.0,0.0,0.0,0.0,0.0,0.0,0.0,0.0,100.0
54,0.0,0.0,0.0,0.0,0.0,87.76,0.0,0.0,0.0,12.24,0.0,0.0,0.0,0.0,0.0,100.0,0.0,0.0,0.0,0.0,0.0,0.0,0.0,0.0,0.0,86.05,0.0,0.0,0.0,13.95,0.0,0.0,0.0,0.0,0.0,66.33,0.0,0.0,0.0,33.67,0.0,0.0,0.0,0.0,0.0,92.16,0.0,0.0,0.0,7.84,0.0,0.0,0.0,0.0,0.0,80.61,0.0,0.0,0.0,19.39,0.0,0.0,0.0,0.0,0.0,81.37,0.0,0.0,0.0,18.63,0.0,0.0,0.0,0.0,0.0,100.0,0.0,0.0,0.0,0.0,0.98,0.0,0.0,0.0,0.0,60.78,0.0,0.0,0.0,38.24,1.0,0.0,0.0,0.0,0.0,16.0,0.0,0.0,0.0,83.0,1.0,0.0,1.0,0.0,0.0,28.0,0.0,0.0,0.0,70.0,0.0,0.0,0.0,0.0,0.0,48.0,0.0,0.0,0.0,52.0,1.02,0.0,1.02,0.0,0.0,25.51,0.0,0.0,0.0,72.45,0.0,0.0,0.0,0.0,0.0,40.4,0.0,0.0,0.0,59.6,0.0,0.0,0.0,0.0,0.0,51.02,0.0,0.0,0.0,48.98,0.99,0.0,0.99,0.0,0.0,51.49,0.0,0.0,0.0,46.53,0.0,0.0,1.01,0.0,0.0,0.0,0.0,0.0,0.0,98.99,0.0,0.0,0.0,2.02,0.0,0.0,0.0,0.0,0.0,97.98,0.0,0.0,0.99,0.0,0.0,0.0,0.0,0.0,0.0,99.01,0.0,0.0,1.0,15.0,0.0,0.0,0.0,0.0,0.0,84.0,0.99,0.0,0.99,0.0,0.0,0.0,0.0,0.0,0.0,98.02,0.0,0.0,0.0,0.0,0.0,0.0,0.0,0.0,0.0,100.0,0.0,0.0,0.0,0.0,0.0,0.0,0.0,0.0,0.0,100.0,0.0,0.0,0.0,0.0,0.0,0.0,0.0,0.0,0.0,100.0
55,0.0,0.0,0.0,0.0,0.0,89.11,0.0,0.0,0.0,10.89,0.0,0.0,0.0,0.0,0.0,100.0,0.0,0.0,0.0,0.0,0.0,0.0,0.0,0.0,0.0,88.17,0.0,0.0,0.0,11.83,0.0,0.0,0.0,0.0,0.0,67.0,0.0,0.0,0.0,33.0,0.0,0.0,0.0,0.0,0.0,92.16,0.0,0.0,0.0,7.84,0.0,0.0,0.0,0.0,0.0,82.35,0.0,0.0,0.0,17.65,0.0,0.0,0.0,0.0,0.0,82.35,0.0,0.0,0.0,17.65,0.0,0.0,0.0,0.0,0.0,100.0,0.0,0.0,0.0,0.0,0.0,0.0,0.0,0.0,0.0,63.0,0.0,0.0,0.0,37.0,0.0,0.0,0.0,0.0,0.0,17.0,0.0,0.0,0.0,83.0,0.0,0.0,0.0,0.0,0.0,29.0,0.0,0.0,0.0,71.0,0.0,0.0,0.0,0.0,0.0,46.53,0.0,0.0,0.0,53.47,0.98,0.0,0.98,0.0,0.0,27.45,0.0,0.0,0.0,70.59,0.0,0.0,0.0,0.0,0.0,41.41,0.0,0.0,0.0,58.59,0.0,0.0,0.0,0.0,0.0,48.91,0.0,0.0,0.0,51.09,0.0,0.0,0.0,0.0,0.0,44.05,0.0,0.0,0.0,55.95,0.0,0.0,0.0,0.0,0.0,0.0,0.0,0.0,0.0,100.0,1.0,0.0,0.0,0.0,0.0,0.0,0.0,0.0,0.0,99.0,1.0,0.0,0.0,0.0,0.0,0.0,0.0,0.0,0.0,99.0,0.0,0.0,0.0,18.0,0.0,0.0,0.0,0.0,0.0,82.0,0.0,0.0,0.0,0.0,0.0,0.0,0.0,0.0,0.0,100.0,0.0,0.0,0.0,0.0,0.0,0.0,0.0,0.0,0.0,100.0,0.0,0.0,0.0,0.0,0.0,0.0,0.0,0.0,0.0,100.0,0.0,0.0,0.0,0.0,0.0,0.0,0.0,0.0,0.0,100.0
56,0.0,0.0,0.0,0.0,0.0,89.9,0.0,0.0,0.0,10.1,0.0,0.0,0.0,0.0,0.0,100.0,0.0,0.0,0.0,0.0,0.0,0.0,0.0,0.0,0.0,89.11,0.0,0.0,0.0,10.89,0.0,0.0,0.0,0.0,0.0,66.34,0.0,0.0,0.0,33.66,0.0,0.0,0.0,0.0,0.0,93.07,0.0,0.0,0.0,6.93,0.0,0.0,0.0,0.0,0.0,81.63,0.0,0.0,0.0,18.37,0.0,0.0,0.0,0.0,0.0,81.82,0.0,0.0,0.0,18.18,0.0,0.0,0.0,0.0,0.0,100.0,0.0,0.0,0.0,0.0,0.0,0.0,0.0,0.0,0.0,62.38,0.0,0.0,0.0,37.62,0.0,0.0,1.0,0.0,0.0,16.0,0.0,0.0,0.0,83.0,0.0,0.0,0.0,0.0,0.0,28.87,0.0,0.0,0.0,71.13,0.0,0.0,0.0,0.0,0.0,51.49,0.0,0.0,0.0,48.51,0.0,0.0,0.0,0.0,0.0,26.8,0.0,0.0,0.0,73.2,0.0,0.0,0.0,0.0,0.0,39.8,0.0,0.0,0.0,60.2,0.99,0.0,0.0,0.0,0.0,52.48,0.0,0.0,0.0,46.53,0.0,0.0,0.0,0.0,0.0,52.48,0.0,0.0,0.0,47.52,0.0,0.0,1.01,0.0,0.0,0.0,0.0,0.0,0.0,98.99,0.0,0.0,0.0,0.0,0.0,0.0,0.0,0.0,0.0,100.0,0.0,0.0,0.0,0.0,0.0,0.0,0.0,0.0,0.0,100.0,0.0,0.0,0.0,18.18,0.0,0.0,0.0,0.0,0.0,81.82,0.0,0.0,0.0,0.0,0.0,0.0,0.0,0.0,0.0,100.0,0.0,0.0,0.0,0.0,0.0,0.0,0.0,0.0,0.0,100.0,0.0,0.0,0.0,0.0,0.0,0.0,0.0,0.0,0.0,100.0,0.0,0.0,0.0,0.0,0.0,0.0,0.0,0.0,0.0,100.0
57,0.0,0.0,0.0,0.0,0.0,91.84,0.0,0.0,0.0,8.16,0.0,0.0,0.99,0.0,0.0,99.01,0.0,0.0,0.0,0.0,0.0,0.0,0.0,0.0,0.0,90.1,0.0,0.0,0.0,9.9,0.0,0.0,0.0,0.0,0.0,68.0,0.0,0.0,0.0,32.0,0.0,0.0,0.0,0.0,0.0,95.05,0.0,0.0,0.0,4.95,0.0,0.0,0.0,0.0,0.0,83.17,0.0,0.0,0.0,16.83,0.0,0.0,0.0,0.0,0.0,81.82,0.0,0.0,0.0,18.18,0.0,0.0,0.0,0.0,0.0,100.0,0.0,0.0,0.0,0.0,0.0,0.0,0.0,0.0,0.0,63.37,0.0,0.0,0.0,36.63,1.0,0.0,0.0,0.0,0.0,16.0,0.0,0.0,0.0,83.0,1.0,0.0,0.0,0.0,0.0,29.0,0.0,0.0,0.0,70.0,0.0,0.0,0.0,0.0,0.0,51.52,0.0,0.0,0.0,48.48,0.99,0.0,0.99,0.0,0.0,27.72,0.0,0.0,0.0,70.3,0.99,0.0,0.0,0.0,0.0,40.59,0.0,0.0,0.0,58.42,0.0,0.0,0.0,0.0,0.0,52.04,0.0,0.0,0.0,47.96,0.0,0.0,0.0,0.0,0.0,52.58,0.0,0.0,0.0,47.42,0.0,0.0,1.01,0.0,0.0,0.0,0.0,0.0,0.0,98.99,1.01,0.0,0.0,0.0,0.0,0.0,0.0,0.0,0.0,98.99,1.0,0.0,0.0,0.0,0.0,0.0,0.0,0.0,0.0,99.0,0.0,0.0,1.0,17.0,0.0,0.0,0.0,0.0,0.0,82.0,0.0,0.0,0.0,0.0,0.0,0.0,0.0,0.0,0.0,100.0,0.0,0.0,0.0,0.0,0.0,0.0,0.0,0.0,0.0,100.0,0.0,0.0,0.0,0.0,0.0,0.0,0.0,0.0,0.0,100.0,0.0,0.0,0.0,0.0,0.0,0.0,0.0,0.0,0.0,100.0
58,0.0,0.0,0.0,0.0,0.0,91.0,0.0,0.0,0.0,9.0,0.0,0.0,0.0,0.0,0.0,100.0,0.0,0.0,0.0,0.0,0.0,0.0,0.0,0.0,0.0,89.11,0.0,0.0,0.0,10.89,0.0,0.0,0.0,0.0,0.0,68.0,0.0,0.0,0.0,32.0,0.0,0.0,0.0,0.0,0.0,93.07,0.0,0.0,0.0,6.93,0.0,0.0,0.0,0.0,0.0,83.0,0.0,0.0,0.0,17.0,0.0,0.0,0.0,0.0,0.0,82.65,0.0,0.0,0.0,17.35,0.0,0.0,0.0,0.0,0.0,100.0,0.0,0.0,0.0,0.0,0.0,0.0,0.0,0.0,0.0,63.0,0.0,0.0,0.0,37.0,0.0,0.0,0.0,0.0,0.0,16.33,0.0,0.0,0.0,83.67,0.0,0.0,0.0,0.0,0.0,30.69,0.0,0.0,0.0,69.31,0.0,0.0,0.0,0.0,0.0,52.0,0.0,0.0,0.0,48.0,0.0,0.0,0.0,0.0,0.0,29.0,0.0,0.0,0.0,71.0,0.0,0.0,0.0,0.0,0.0,41.0,0.0,0.0,0.0,59.0,0.0,0.0,0.0,0.0,0.0,51.04,0.0,0.0,0.0,48.96,0.0,0.0,0.0,0.0,0.0,52.04,0.0,0.0,0.0,47.96,1.0,0.0,0.0,0.0,0.0,0.0,0.0,0.0,0.0,99.0,0.0,0.0,1.02,0.0,0.0,0.0,0.0,0.0,0.0,98.98,0.0,0.0,2.0,0.0,0.0,0.0,0.0,0.0,0.0,98.0,0.0,0.0,0.0,18.18,0.0,0.0,0.0,0.0,0.0,81.82,0.0,0.0,0.0,0.0,0.0,0.0,0.0,0.0,0.0,100.0,0.0,0.0,0.0,0.0,0.0,0.0,0.0,0.0,0.0,100.0,0.0,0.0,0.0,0.0,0.0,0.0,0.0,0.0,0.0,100.0,0.0,0.0,0.99,0.0,0.0,0.0,0.0,0.0,0.0,99.01
59,0.0,0.0,0.0,0.0,0.0,88.24,0.0,0.0,0.0,11.76,0.0,0.0,0.0,0.0,0.0,100.0,0.0,0.0,0.0,0.0,0.0,0.0,0.0,0.0,0.0,90.1,0.0,0.0,0.0,9.9,0.0,0.0,0.0,0.0,0.0,67.0,0.0,0.0,0.0,33.0,0.0,0.0,0.0,0.0,0.0,94.12,0.0,0.0,0.0,5.88,0.0,0.0,0.0,0.0,0.0,82.0,0.0,0.0,0.0,18.0,0.0,0.0,0.0,0.0,0.0,82.0,0.0,0.0,0.0,18.0,0.0,0.0,0.0,0.0,0.0,100.0,0.0,0.0,0.0,0.0,0.0,0.0,0.0,0.0,0.0,62.63,0.0,0.0,0.0,37.37,0.99,0.0,0.0,0.0,0.0,16.83,0.0,0.0,0.0,82.18,0.0,0.0,0.0,0.0,0.0,30.61,0.0,0.0,0.0,69.39,0.0,0.0,0.0,0.0,0.0,52.0,0.0,0.0,0.0,48.0,0.0,0.0,0.0,0.0,0.0,29.0,0.0,0.0,0.0,71.0,0.0,0.0,0.0,0.0,0.0,40.0,0.0,0.0,0.0,60.0,0.0,0.0,0.0,0.0,0.0,52.53,0.0,0.0,0.0,47.47,0.0,0.0,0.0,0.0,0.0,48.91,0.0,0.0,0.0,51.09,1.0,0.0,1.0,0.0,0.0,0.0,0.0,0.0,0.0,98.0,1.0,0.0,0.0,0.0,0.0,0.0,0.0,0.0,0.0,99.0,0.0,0.0,0.0,0.0,0.0,0.0,0.0,0.0,0.0,100.0,0.0,0.0,0.0,18.18,0.0,0.0,0.0,0.0,0.0,81.82,0.99,0.0,0.99,0.0,0.0,0.0,0.0,0.0,0.0,98.02,0.0,0.0,0.0,0.0,0.0,0.0,0.0,0.0,0.0,100.0,0.0,0.0,0.0,0.0,0.0,0.0,0.0,0.0,0.0,100.0,0.0,0.0,0.0,0.0,0.0,0.0,0.0,0.0,0.0,100.0
60,0.0,0.0,0.0,0.0,0.0,89.11,0.0,0.0,0.0,10.89,0.0,0.0,0.0,0.0,0.0,100.0,0.0,0.0,0.0,0.0,0.0,0.0,0.0,0.0,0.0,90.1,0.0,0.0,0.0,9.9,0.0,0.0,0.0,0.0,0.0,66.67,0.0,0.0,0.0,33.33,0.0,0.0,0.0,0.0,0.0,93.14,0.0,0.0,0.0,6.86,0.0,0.0,0.0,0.0,0.0,83.17,0.0,0.0,0.0,16.83,0.0,0.0,0.0,0.0,0.0,82.65,0.0,0.0,0.0,17.35,0.0,0.0,0.0,0.0,0.0,100.0,0.0,0.0,0.0,0.0,0.0,0.0,0.0,0.0,0.0,62.63,0.0,0.0,0.0,37.37,0.0,0.0,0.0,0.0,0.0,17.17,0.0,0.0,0.0,82.83,0.99,0.0,0.0,0.0,0.0,32.67,0.0,0.0,0.0,66.34,0.0,0.0,0.0,0.0,0.0,51.49,0.0,0.0,0.0,48.51,0.0,0.0,0.0,0.0,0.0,29.0,0.0,0.0,0.0,71.0,0.0,0.0,0.0,0.0,0.0,36.36,0.0,0.0,0.0,63.64,0.0,0.0,0.0,0.0,0.0,52.0,0.0,0.0,0.0,48.0,0.0,0.0,0.0,0.0,0.0,53.54,0.0,0.0,0.0,46.46,0.0,0.0,0.0,0.0,0.0,0.0,0.0,0.0,0.0,100.0,0.0,0.0,0.0,0.0,0.0,0.0,0.0,0.0,0.0,100.0,0.99,0.0,0.99,0.0,0.0,0.0,0.0,0.0,0.0,98.02,0.0,0.0,1.0,18.0,0.0,0.0,0.0,0.0,0.0,81.0,0.0,0.0,0.0,0.0,0.0,0.0,0.0,0.0,0.0,100.0,0.0,0.0,0.0,0.0,0.0,0.0,0.0,0.0,0.0,100.0,0.99,0.0,0.99,0.99,0.0,0.0,0.0,0.0,0.0,97.03,0.0,0.0,0.0,0.0,0.0,0.0,0.0,0.0,0.0,100.0
61,0.0,0.0,0.0,0.0,0.0,92.86,0.0,0.0,0.0,7.14,0.0,0.0,0.0,0.0,0.0,100.0,0.0,0.0,0.0,0.0,0.0,0.0,0.0,0.0,0.0,90.2,0.0,0.0,0.0,9.8,0.0,0.0,0.0,0.0,0.0,67.0,0.0,0.0,0.0,33.0,0.0,0.0,0.0,0.0,0.0,95.05,0.0,0.0,0.0,4.95,0.0,0.0,0.0,0.0,0.0,83.84,0.0,0.0,0.0,16.16,1.0,0.0,0.0,0.0,0.0,84.0,0.0,0.0,0.0,15.0,0.0,0.0,0.0,0.0,0.0,100.0,0.0,0.0,0.0,0.0,0.0,0.0,0.0,0.0,0.0,62.63,0.0,0.0,0.0,37.37,1.0,0.0,0.0,0.0,0.0,17.0,0.0,0.0,0.0,82.0,0.0,0.0,0.0,0.0,0.0,33.33,0.0,0.0,0.0,66.67,0.0,0.0,0.0,0.0,0.0,51.52,0.0,0.0,0.0,48.48,0.0,0.0,0.0,0.0,0.0,30.0,0.0,0.0,0.0,70.0,0.0,0.0,0.0,0.0,0.0,37.0,0.0,0.0,0.0,63.0,0.99,0.0,0.0,0.0,0.0,53.47,0.0,0.0,0.0,45.54,0.0,0.0,0.0,0.0,0.0,50.54,0.0,0.0,0.0,49.46,0.0,0.0,0.0,0.0,0.0,0.0,0.0,0.0,0.0,100.0,0.99,0.0,0.99,0.0,0.0,0.0,0.0,0.0,0.0,98.02,0.0,0.0,0.0,0.0,0.0,0.0,0.0,0.0,0.0,100.0,0.0,0.0,0.0,18.18,0.0,0.0,0.0,0.0,0.0,81.82,0.0,0.0,0.0,0.0,0.0,0.0,0.0,0.0,0.0,100.0,0.0,0.0,1.0,0.0,0.0,0.0,0.0,0.0,0.0,99.0,0.0,0.0,0.0,0.0,0.0,0.0,0.0,0.0,0.0,100.0,2.0,0.0,2.0,0.0,0.0,0.0,0.0,0.0,0.0,96.0
62,0.0,0.0,0.0,0.0,0.0,91.84,0.0,0.0,0.0,8.16,0.0,0.0,0.0,0.0,0.0,100.0,0.0,0.0,0.0,0.0,0.0,0.0,0.0,0.0,0.0,91.0,0.0,0.0,0.0,9.0,0.0,0.0,0.0,0.0,0.0,67.0,0.0,0.0,0.0,33.0,0.0,0.0,0.0,0.0,0.0,94.12,0.0,0.0,0.0,5.88,0.0,0.0,0.0,0.0,0.0,84.0,0.0,0.0,0.0,16.0,0.0,0.0,0.0,0.0,0.0,83.84,0.0,0.0,0.0,16.16,0.0,0.0,0.0,0.0,0.0,100.0,0.0,0.0,0.0,0.0,1.0,0.0,0.0,0.0,0.0,63.0,0.0,0.0,0.0,36.0,0.0,0.0,0.0,0.0,0.0,16.33,0.0,0.0,0.0,83.67,0.0,0.0,0.99,0.0,0.0,31.68,0.0,0.0,0.0,67.33,0.0,0.0,0.0,0.0,0.0,49.48,0.0,0.0,0.0,50.52,0.0,0.0,0.0,0.0,0.0,28.71,0.0,0.0,0.0,71.29,0.0,0.0,0.0,0.0,0.0,37.62,0.0,0.0,0.0,62.38,0.0,0.0,0.0,0.0,0.0,54.0,0.0,0.0,0.0,46.0,0.0,0.0,0.0,0.0,0.0,54.08,0.0,0.0,0.0,45.92,0.0,0.0,0.0,0.0,0.0,0.0,0.0,0.0,0.0,100.0,0.0,0.0,0.0,0.0,0.0,0.0,0.0,0.0,0.0,100.0,1.01,0.0,0.0,0.0,0.0,0.0,0.0,0.0,0.0,98.99,1.0,0.0,0.0,18.0,0.0,0.0,0.0,0.0,0.0,81.0,0.0,0.0,0.0,0.0,0.0,0.0,0.0,0.0,0.0,100.0,1.0,0.0,0.0,0.0,0.0,0.0,0.0,0.0,0.0,99.0,0.0,0.0,0.0,0.0,0.0,0.0,0.0,0.0,0.0,100.0,1.01,0.0,1.01,0.0,0.0,0.0,0.0,0.0,0.0,97.98
63,0.0,0.0,0.0,0.0,0.0,92.08,0.0,0.0,0.0,7.92,0.0,0.0,0.0,0.0,0.0,100.0,0.0,0.0,0.0,0.0,0.0,0.0,0.0,0.0,0.0,90.2,0.0,0.0,0.0,9.8,0.0,0.0,0.0,0.0,0.0,67.33,0.0,0.0,0.0,32.67,0.0,0.0,0.0,0.0,0.0,95.05,0.0,0.0,0.0,4.95,0.0,0.0,0.0,0.0,0.0,83.84,0.0,0.0,0.0,16.16,0.0,0.0,0.0,0.0,0.0,84.54,0.0,0.0,0.0,15.46,0.0,0.0,0.0,0.0,0.0,100.0,0.0,0.0,0.0,0.0,0.0,0.0,0.0,0.0,0.0,64.29,0.0,0.0,0.0,35.71,1.0,0.0,0.0,0.0,0.0,17.0,0.0,0.0,0.0,82.0,1.0,0.0,0.0,0.0,0.0,32.0,0.0,0.0,0.0,67.0,0.0,0.0,0.0,0.0,0.0,50.0,0.0,0.0,0.0,50.0,0.99,0.0,0.0,0.0,0.0,26.73,0.0,0.0,0.0,72.28,0.0,0.0,0.0,0.0,0.0,38.0,0.0,0.0,0.0,62.0,0.0,0.0,0.0,0.0,0.0,53.47,0.0,0.0,0.0,46.53,0.0,0.0,0.0,0.0,0.0,55.45,0.0,0.0,0.0,44.55,0.0,0.0,0.0,0.0,0.0,0.0,0.0,0.0,0.0,100.0,0.0,0.0,1.01,0.0,0.0,0.0,0.0,0.0,0.0,98.99,0.0,0.0,1.0,0.0,0.0,0.0,0.0,0.0,0.0,99.0,0.0,0.0,0.99,17.82,0.0,0.0,0.0,0.0,0.0,81.19,1.0,0.0,0.0,0.0,0.0,0.0,0.0,0.0,0.0,99.0,0.0,0.0,0.0,0.0,0.0,0.0,0.0,0.0,0.0,100.0,1.0,0.0,0.0,0.0,0.0,0.0,0.0,0.0,0.0,99.0,0.0,0.0,1.01,0.0,0.0,0.0,0.0,0.0,0.0,98.99
64,0.0,0.0,0.0,0.0,0.0,91.0,0.0,0.0,0.0,9.0,0.0,0.0,0.0,0.0,0.0,100.0,0.0,0.0,0.0,0.0,0.0,0.0,0.0,0.0,0.0,90.1,0.0,0.0,0.0,9.9,1.0,0.0,0.0,0.0,0.0,66.0,0.0,0.0,0.0,33.0,0.0,0.0,0.0,0.0,0.0,93.07,0.0,0.0,0.0,6.93,0.0,0.0,0.0,0.0,0.0,82.18,0.0,0.0,0.0,17.82,0.0,0.0,0.0,0.0,0.0,83.84,0.0,0.0,0.0,16.16,0.0,0.0,0.0,0.0,0.0,100.0,0.0,0.0,0.0,0.0,0.0,0.0,0.0,0.0,0.0,64.29,0.0,0.0,0.0,35.71,0.99,0.0,0.99,0.0,0.0,15.84,0.0,0.0,0.0,82.18,0.0,0.0,0.0,0.0,0.0,30.3,0.0,0.0,0.0,69.7,0.0,0.0,0.0,0.0,0.0,48.98,0.0,0.0,0.0,51.02,0.0,0.0,0.0,0.0,0.0,27.27,0.0,0.0,0.0,72.73,0.0,0.0,0.0,0.0,0.0,37.62,0.0,0.0,0.0,62.38,1.02,0.0,1.02,0.0,0.0,51.02,0.0,0.0,0.0,46.94,0.0,0.0,0.0,0.0,0.0,53.12,0.0,0.0,0.0,46.88,1.0,0.0,0.0,0.0,0.0,0.0,0.0,0.0,0.0,99.0,1.0,0.0,0.0,0.0,0.0,0.0,0.0,0.0,0.0,99.0,0.0,0.0,1.0,0.0,0.0,0.0,0.0,0.0,0.0,99.0,0.0,0.0,0.0,18.18,0.0,0.0,0.0,0.0,0.0,81.82,0.0,0.0,0.0,0.0,0.0,0.0,0.0,0.0,0.0,100.0,0.0,0.0,0.0,0.0,0.0,0.0,0.0,0.0,0.0,100.0,0.0,0.0,0.0,0.0,0.0,0.0,0.0,0.0,0.0,100.0,0.0,0.0,0.0,0.0,0.0,0.0,0.0,0.0,0.0,100.0
65,0.0,0.0,0.0,0.0,0.0,88.54,0.0,0.0,0.0,11.46,0.0,0.0,0.0,0.0,0.0,100.0,0.0,0.0,0.0,0.0,0.0,0.0,0.0,0.0,0.0,89.11,0.0,0.0,0.0,10.89,0.0,0.0,0.0,0.0,0.0,66.0,0.0,0.0,0.0,34.0,0.0,0.0,0.0,0.0,0.0,93.2,0.0,0.0,0.0,6.8,0.0,0.0,0.0,0.0,0.0,83.17,0.0,0.0,0.0,16.83,0.0,0.0,0.0,0.0,0.0,83.17,0.0,0.0,0.0,16.83,0.0,0.0,0.0,0.0,0.0,100.0,0.0,0.0,0.0,0.0,0.97,0.0,0.97,0.0,0.0,62.14,0.0,0.0,0.0,35.92,0.0,0.0,0.0,0.0,0.0,17.17,0.0,0.0,0.0,82.83,0.0,0.0,0.0,0.0,0.0,31.0,0.0,0.0,0.0,69.0,0.0,0.0,0.0,0.0,0.0,48.98,0.0,0.0,0.0,51.02,0.0,0.0,0.0,0.0,0.0,26.73,0.0,0.0,0.0,73.27,0.0,0.0,0.0,0.0,0.0,37.0,0.0,0.0,0.0,63.0,0.98,0.0,0.98,0.0,0.0,52.94,0.0,0.0,0.0,45.1,0.0,0.0,0.0,0.0,0.0,53.54,0.0,0.0,0.0,46.46,0.0,0.0,1.0,0.0,0.0,1.0,0.0,0.0,0.0,98.0,0.0,0.0,0.0,0.0,0.0,0.0,0.0,0.0,0.0,100.0,0.0,0.0,0.0,0.0,0.0,0.0,0.0,0.0,0.0,100.0,0.0,0.0,0.0,17.35,0.0,0.0,0.0,0.0,0.0,82.65,0.0,0.0,0.0,0.0,0.0,0.0,0.0,0.0,0.0,100.0,0.0,0.0,0.0,0.0,0.0,0.0,0.0,0.0,0.0,100.0,0.0,0.0,1.0,0.0,0.0,0.0,0.0,0.0,0.0,99.0,1.0,0.0,0.0,0.0,0.0,0.0,0.0,0.0,0.0,99.0
66,0.0,0.0,0.0,0.0,0.0,90.72,0.0,0.0,0.0,9.28,0.0,0.0,0.0,0.0,0.0,100.0,0.0,0.0,0.0,0.0,0.0,0.0,0.0,0.0,0.0,90.0,0.0,0.0,0.0,10.0,0.0,0.0,0.0,0.0,0.0,66.0,0.0,0.0,0.0,34.0,0.0,0.0,0.0,0.0,0.0,93.07,0.0,0.0,0.0,6.93,0.0,0.0,0.0,0.0,0.0,82.83,0.0,0.0,0.0,17.17,0.0,0.0,0.0,0.0,0.0,83.84,0.0,0.0,0.0,16.16,0.0,0.0,0.0,0.0,0.0,100.0,0.0,0.0,0.0,0.0,0.0,0.0,0.0,0.0,0.0,61.22,0.0,0.0,0.0,38.78,1.0,0.0,0.0,0.0,0.0,18.0,0.0,0.0,0.0,81.0,0.0,0.0,0.0,0.0,0.0,31.0,0.0,0.0,0.0,69.0,0.0,0.0,0.0,0.0,0.0,49.0,0.0,0.0,0.0,51.0,0.0,0.0,0.0,0.0,0.0,27.27,0.0,0.0,0.0,72.73,0.0,0.0,0.0,0.0,0.0,37.37,0.0,0.0,0.0,62.63,0.0,0.0,0.0,2.04,0.0,52.04,0.0,0.0,0.0,45.92,1.02,0.0,0.0,0.0,0.0,53.06,0.0,0.0,0.0,45.92,0.0,0.0,0.0,10.1,0.0,0.0,0.0,0.0,0.0,89.9,1.01,0.0,1.01,0.0,0.0,0.0,0.0,0.0,0.0,97.98,0.0,0.0,0.0,0.0,0.0,0.0,0.0,0.0,0.0,100.0,0.99,0.0,0.0,4.95,0.0,0.0,0.0,0.0,0.0,94.06,0.0,0.0,0.0,0.0,0.0,0.0,0.0,0.0,0.0,100.0,0.0,0.0,0.0,0.0,0.0,0.0,0.0,0.0,0.0,100.0,0.0,0.0,0.0,0.0,0.0,0.0,0.0,0.0,0.0,100.0,0.0,0.0,0.0,0.0,0.0,0.0,0.0,0.0,0.0,100.0
67,0.0,0.0,0.0,0.0,0.0,92.93,0.0,0.0,0.0,7.07,0.0,0.0,0.0,0.0,0.0,100.0,0.0,0.0,0.0,0.0,0.0,0.0,0.0,0.0,0.0,91.0,0.0,0.0,0.0,9.0,0.97,0.0,0.0,0.0,0.0,66.99,0.0,0.0,0.0,32.04,0.0,0.0,0.0,0.0,0.0,95.1,0.0,0.0,0.0,4.9,0.0,0.0,0.0,0.0,0.0,83.67,0.0,0.0,0.0,16.33,0.0,0.0,0.0,0.0,0.0,84.85,0.0,0.0,0.0,15.15,0.0,0.0,0.0,0.0,0.0,100.0,0.0,0.0,0.0,0.0,1.02,0.0,0.0,0.0,0.0,62.24,0.0,0.0,0.0,36.73,0.0,0.0,0.0,0.0,0.0,17.35,0.0,0.0,0.0,82.65,0.0,0.0,0.0,0.0,0.0,32.32,0.0,0.0,0.0,67.68,0.0,0.0,0.0,0.0,0.0,49.49,0.0,0.0,0.0,50.51,0.0,0.0,0.0,0.0,0.0,28.0,0.0,0.0,0.0,72.0,0.0,0.0,0.0,0.0,0.0,37.62,0.0,0.0,0.0,62.38,0.0,0.0,0.0,0.0,0.0,54.0,0.0,0.0,0.0,46.0,0.0,0.0,0.0,0.0,0.0,54.46,0.0,0.0,0.0,45.54,1.0,0.0,1.0,19.0,0.0,0.0,0.0,0.0,0.0,79.0,1.0,0.0,1.0,0.0,0.0,0.0,0.0,0.0,0.0,98.0,5.05,0.0,1.01,0.0,0.0,0.0,0.0,0.0,0.0,93.94,0.0,0.0,0.0,0.0,0.0,0.0,0.0,0.0,0.0,100.0,0.0,0.0,0.0,0.0,0.0,0.0,0.0,0.0,0.0,100.0,0.0,0.0,0.0,0.0,0.0,0.0,0.0,0.0,0.0,100.0,0.0,0.0,0.0,0.0,0.0,0.0,0.0,0.0,0.0,100.0,0.0,0.0,0.99,0.99,0.0,0.0,0.0,0.0,0.0,98.02
68,0.0,0.0,0.0,0.0,0.0,91.09,0.0,0.0,0.0,8.91,0.0,0.0,0.0,0.0,0.0,100.0,0.0,0.0,0.0,0.0,0.0,0.0,0.0,0.0,0.0,91.0,0.0,0.0,0.0,9.0,0.0,0.0,0.0,0.0,0.0,66.67,0.0,0.0,0.0,33.33,0.0,0.0,0.0,0.0,0.0,95.05,0.0,0.0,0.0,4.95,0.0,0.0,0.0,0.0,0.0,83.0,0.0,0.0,0.0,17.0,0.0,0.0,0.0,0.0,0.0,84.0,0.0,0.0,0.0,16.0,0.0,0.0,0.0,0.0,0.0,100.0,0.0,0.0,0.0,0.0,0.0,0.0,0.0,0.0,0.0,58.14,0.0,0.0,0.0,41.86,1.96,0.0,0.0,0.0,0.0,17.65,0.0,0.0,0.0,80.39,0.0,0.0,0.0,0.0,0.0,33.0,0.0,0.0,0.0,67.0,0.0,0.0,0.0,0.0,0.0,50.0,0.0,0.0,0.0,50.0,0.0,0.0,0.0,0.0,0.0,28.0,0.0,0.0,0.0,72.0,0.0,0.0,0.0,0.0,0.0,37.0,0.0,0.0,0.0,63.0,0.0,0.0,0.0,0.0,0.0,52.48,0.0,0.0,0.0,47.52,0.0,0.0,0.0,0.0,0.0,53.54,0.0,0.0,0.0,46.46,0.0,0.0,0.99,17.82,0.0,0.0,0.0,0.0,0.0,81.19,1.0,0.0,0.0,0.0,0.0,0.0,0.0,0.0,0.0,99.0,0.99,0.0,0.99,0.0,0.0,0.0,0.0,0.0,0.0,98.02,0.0,0.0,0.0,0.0,0.0,0.0,0.0,0.0,0.0,100.0,0.0,0.0,1.0,0.0,0.0,0.0,0.0,0.0,0.0,99.0,0.0,0.0,0.99,0.0,0.0,0.0,0.0,0.0,0.0,99.01,0.0,0.0,0.0,0.0,0.0,0.0,0.0,0.0,0.0,100.0,1.03,0.0,0.0,0.0,0.0,0.0,0.0,0.0,0.0,98.97
69,0.0,0.0,0.0,0.0,0.0,90.91,0.0,0.0,0.0,9.09,0.0,0.0,0.0,0.0,0.0,100.0,0.0,0.0,0.0,0.0,0.0,0.0,0.0,0.0,0.0,90.2,0.0,0.0,0.0,9.8,0.95,0.0,0.95,0.0,0.0,65.71,0.0,0.0,0.0,32.38,0.0,0.0,0.0,0.0,0.0,94.0,0.0,0.0,0.0,6.0,0.0,0.0,0.0,0.0,0.0,82.65,0.0,0.0,0.0,17.35,0.0,0.0,0.0,0.0,0.0,83.51,0.0,0.0,0.0,16.49,0.0,0.0,0.0,0.0,0.0,100.0,0.0,0.0,0.0,0.0,0.0,0.0,0.0,0.0,0.0,62.24,0.0,0.0,0.0,37.76,0.0,0.0,0.0,0.0,0.0,18.0,0.0,0.0,0.0,82.0,0.98,0.0,0.98,0.0,0.0,31.37,0.0,0.0,0.0,66.67,0.0,0.0,0.0,0.0,0.0,51.49,0.0,0.0,0.0,48.51,0.0,0.0,0.0,0.0,0.0,29.59,0.0,0.0,0.0,70.41,0.0,0.0,0.0,0.0,0.0,37.0,0.0,0.0,0.0,63.0,0.0,0.0,0.0,0.0,0.0,53.0,0.0,0.0,0.0,47.0,1.01,0.0,0.0,0.0,0.0,52.53,0.0,0.0,0.0,46.46,0.0,0.0,0.0,17.35,0.0,0.0,0.0,0.0,0.0,82.65,0.0,0.0,0.0,0.0,0.0,0.0,0.0,0.0,0.0,100.0,0.0,0.0,0.0,0.0,0.0,0.0,0.0,0.0,0.0,100.0,0.0,0.0,0.0,0.0,0.0,0.0,0.0,0.0,0.0,100.0,1.0,0.0,0.0,0.0,0.0,0.0,0.0,0.0,0.0,99.0,0.0,0.0,0.0,0.0,0.0,0.0,0.0,0.0,0.0,100.0,0.0,0.0,0.0,0.0,0.0,0.0,0.0,0.0,0.0,100.0,1.98,0.0,1.98,0.0,0.0,0.0,0.0,0.0,0.0,96.04
70,0.0,0.0,0.0,0.0,0.0,88.66,0.0,0.0,0.0,11.34,0.0,0.0,0.0,0.0,0.0,100.0,0.0,0.0,0.0,0.0,0.0,0.0,0.0,0.0,0.0,90.1,0.0,0.0,0.0,9.9,0.99,0.0,0.0,0.0,0.0,66.34,0.0,0.0,0.0,32.67,0.0,0.0,0.99,0.0,0.0,92.08,0.0,0.0,0.0,6.93,0.0,0.0,0.0,0.0,0.0,83.33,0.0,0.0,0.0,16.67,0.0,0.0,0.0,0.0,0.0,83.17,0.0,0.0,0.0,16.83,0.0,0.0,0.0,0.0,0.0,100.0,0.0,0.0,0.0,0.0,0.0,0.0,0.0,0.0,0.0,62.24,0.0,0.0,0.0,37.76,1.01,0.0,0.0,0.0,0.0,16.16,0.0,0.0,0.0,82.83,0.0,0.0,0.0,0.0,0.0,32.0,0.0,0.0,0.0,68.0,0.0,0.0,0.0,0.0,0.0,49.49,0.0,0.0,0.0,50.51,0.0,0.0,0.0,0.0,0.0,30.0,0.0,0.0,0.0,70.0,0.0,0.0,0.0,0.0,0.0,36.63,0.0,0.0,0.0,63.37,0.0,0.0,0.0,0.0,0.0,52.53,0.0,0.0,0.0,47.47,0.0,0.0,0.0,0.0,0.0,53.0,0.0,0.0,0.0,47.0,0.0,0.0,1.0,18.0,0.0,0.0,0.0,0.0,0.0,81.0,0.0,0.0,1.0,0.0,0.0,0.0,0.0,0.0,0.0,99.0,0.0,0.0,0.0,0.0,0.0,0.0,0.0,0.0,0.0,100.0,0.0,0.0,0.0,0.0,0.0,0.0,0.0,0.0,0.0,100.0,0.0,0.0,0.0,0.0,0.0,0.0,0.0,0.0,0.0,100.0,0.99,0.0,0.99,0.99,0.0,0.0,0.0,0.0,0.0,97.03,0.0,0.0,0.0,0.0,0.0,0.0,0.0,0.0,0.0,100.0,1.0,0.0,0.0,0.0,0.0,0.0,0.0,0.0,0.0,99.0
71,0.0,0.0,0.0,0.0,0.0,87.88,0.0,0.0,0.0,12.12,0.0,0.0,0.0,0.0,0.0,100.0,0.0,0.0,0.0,0.0,0.0,0.0,0.0,0.0,0.0,90.1,0.0,0.0,0.0,9.9,0.0,0.0,0.0,0.0,0.0,66.34,0.0,0.0,0.0,33.66,0.0,0.0,0.0,0.0,0.0,93.2,0.0,0.0,0.0,6.8,0.0,0.0,0.0,0.0,0.0,82.0,0.0,0.0,0.0,18.0,0.0,0.0,0.0,0.0,0.0,83.0,0.0,0.0,0.0,17.0,0.0,0.0,0.0,0.0,0.0,100.0,0.0,0.0,0.0,0.0,0.0,0.0,0.0,0.0,0.0,61.62,0.0,0.0,0.0,38.38,1.01,0.0,0.0,0.0,0.0,16.16,0.0,0.0,0.0,82.83,0.0,0.0,0.0,0.0,0.0,33.33,0.0,0.0,0.0,66.67,0.98,0.0,0.0,0.0,0.0,50.0,0.0,0.0,0.0,49.02,0.0,0.0,1.0,0.0,0.0,29.0,0.0,0.0,0.0,70.0,0.0,0.0,0.0,0.0,0.0,37.0,0.0,0.0,0.0,63.0,0.0,0.0,0.0,0.0,0.0,52.48,0.0,0.0,0.0,47.52,0.0,0.0,0.0,0.0,0.0,54.46,0.0,0.0,0.0,45.54,0.0,0.0,0.0,18.18,0.0,0.0,0.0,0.0,0.0,81.82,1.0,0.0,0.0,0.0,0.0,0.0,0.0,0.0,0.0,99.0,1.0,0.0,0.0,0.0,0.0,0.0,0.0,0.0,0.0,99.0,0.0,0.0,0.0,0.0,0.0,0.0,0.0,0.0,0.0,100.0,0.0,0.0,0.0,0.0,0.0,0.0,0.0,0.0,0.0,100.0,2.0,0.0,1.0,0.0,0.0,0.0,0.0,0.0,0.0,97.0,0.0,0.0,0.0,0.0,0.0,0.0,0.0,0.0,0.0,100.0,0.0,0.0,0.0,0.0,0.0,0.0,0.0,0.0,0.0,100.0
72,0.0,0.0,0.0,0.0,0.0,87.76,0.0,0.0,0.0,12.24,0.0,0.0,0.0,0.0,0.0,100.0,0.0,0.0,0.0,0.0,0.0,0.0,1.0,0.0,0.0,89.0,0.0,0.0,0.0,10.0,0.0,0.0,0.0,0.0,0.0,66.0,0.0,0.0,0.0,34.0,0.0,0.0,0.0,0.0,0.0,93.0,0.0,0.0,0.0,7.0,0.0,0.0,0.0,0.0,0.0,82.0,0.0,0.0,0.0,18.0,0.0,0.0,0.0,0.0,0.0,83.84,0.0,0.0,0.0,16.16,0.0,0.0,0.0,0.0,0.0,100.0,0.0,0.0,0.0,0.0,1.01,0.0,1.01,0.0,0.0,60.61,0.0,0.0,0.0,37.37,0.99,0.0,0.99,0.0,0.0,16.83,0.0,0.0,0.0,81.19,1.01,0.0,0.0,0.0,0.0,30.3,0.0,0.0,0.0,68.69,0.0,0.0,0.0,0.0,0.0,50.5,0.0,0.0,0.0,49.5,0.99,0.0,0.0,0.0,0.0,28.71,0.0,0.0,0.0,70.3,0.0,0.0,0.0,0.0,0.0,35.35,0.0,0.0,0.0,64.65,1.01,0.0,0.0,0.0,0.0,51.52,0.0,0.0,0.0,47.47,0.0,0.0,0.0,0.0,0.0,52.53,0.0,0.0,0.0,47.47,1.01,0.0,1.01,17.17,0.0,0.0,0.0,0.0,0.0,80.81,0.0,0.0,0.0,0.0,0.0,0.0,0.0,0.0,0.0,100.0,0.0,0.0,1.0,0.0,0.0,0.0,0.0,0.0,0.0,99.0,0.0,0.0,0.0,0.0,0.0,0.0,0.0,0.0,0.0,100.0,0.0,0.0,1.0,0.0,0.0,0.0,0.0,0.0,0.0,99.0,0.0,0.0,0.0,0.0,0.0,0.0,0.0,0.0,0.0,100.0,0.0,0.0,0.0,0.0,0.0,0.0,0.0,0.0,0.0,100.0,0.0,0.0,0.0,0.0,0.0,0.0,0.0,0.0,0.0,100.0
73,0.0,0.0,0.0,0.0,0.0,91.75,0.0,0.0,0.0,8.25,0.0,0.0,0.0,0.0,0.0,100.0,0.0,0.0,0.0,0.0,0.0,0.0,0.0,0.0,0.0,91.09,0.0,0.0,0.0,8.91,0.0,0.0,0.0,0.0,0.0,66.67,0.0,0.0,0.0,33.33,0.0,0.0,0.0,0.0,0.0,96.0,0.0,0.0,0.0,4.0,0.0,0.0,0.0,0.0,0.0,84.16,0.0,0.0,0.0,15.84,0.0,0.0,0.0,0.0,0.0,84.31,0.0,0.0,0.0,15.69,0.0,0.0,0.0,0.0,0.0,100.0,0.0,0.0,0.0,0.0,0.0,0.0,0.0,0.0,0.0,64.36,0.0,0.0,0.0,35.64,0.99,0.0,0.0,0.0,0.0,16.83,0.0,0.0,0.0,82.18,0.0,0.0,0.99,0.0,0.0,31.68,0.0,0.0,0.0,67.33,0.0,0.0,0.0,0.0,0.0,50.51,0.0,0.0,0.0,49.49,1.0,0.0,2.0,0.0,0.0,29.0,0.0,0.0,0.0,68.0,0.0,0.0,0.0,0.0,0.0,37.37,0.0,0.0,0.0,62.63,0.0,0.0,0.0,0.0,0.0,52.58,0.0,0.0,0.0,47.42,1.0,0.0,0.0,0.0,0.0,53.0,0.0,0.0,0.0,46.0,0.0,0.0,1.01,18.18,0.0,0.0,0.0,0.0,0.0,80.81,1.01,0.0,0.0,0.0,0.0,0.0,0.0,0.0,0.0,98.99,0.0,0.0,0.0,0.0,0.0,0.0,0.0,0.0,0.0,100.0,0.99,0.0,0.99,0.0,0.0,0.0,0.0,0.0,0.0,98.02,0.0,0.0,0.0,0.0,0.0,0.0,0.0,0.0,0.0,100.0,0.0,0.0,0.0,0.0,0.0,0.0,0.0,0.0,0.0,100.0,0.99,0.0,0.99,0.0,0.0,0.0,0.0,0.0,0.0,98.02,0.0,0.0,0.0,0.0,0.0,0.0,0.0,0.0,0.0,100.0
74,0.0,0.0,0.0,0.0,0.0,90.72,0.0,0.0,0.0,9.28,0.0,0.0,0.0,0.0,0.0,100.0,0.0,0.0,0.0,0.0,0.0,0.0,0.0,0.0,0.0,90.0,0.0,0.0,0.0,10.0,0.0,0.0,0.0,0.0,0.0,67.0,0.0,0.0,0.0,33.0,0.0,0.0,0.0,0.0,0.0,94.06,0.0,0.0,0.0,5.94,0.0,0.0,0.0,0.0,0.0,83.0,0.0,0.0,0.0,17.0,0.0,0.0,0.0,0.0,0.0,83.84,0.0,0.0,0.0,16.16,0.0,0.0,0.0,0.0,0.0,100.0,0.0,0.0,0.0,0.0,0.0,0.0,0.0,0.0,0.0,63.0,0.0,0.0,0.0,37.0,0.0,0.0,0.0,0.0,0.0,18.18,0.0,0.0,0.0,81.82,0.0,0.0,0.0,0.0,0.0,32.0,0.0,0.0,0.0,68.0,0.0,0.0,0.0,0.0,0.0,49.0,0.0,0.0,0.0,51.0,0.0,0.0,0.0,0.0,0.0,27.27,0.0,0.0,0.0,72.73,0.0,0.0,0.0,0.0,0.0,37.25,0.0,0.0,0.0,62.75,0.98,0.0,0.98,0.0,0.0,51.96,0.0,0.0,0.0,46.08,0.0,0.0,0.0,0.0,0.0,54.46,0.0,0.0,0.0,45.54,0.0,0.0,1.01,13.13,0.0,0.0,0.0,0.0,0.0,85.86,0.0,0.0,0.0,5.0,0.0,0.0,0.0,0.0,0.0,95.0,1.0,0.0,0.0,1.0,0.0,0.0,0.0,0.0,0.0,98.0,0.0,0.0,0.0,0.0,0.0,0.0,0.0,0.0,0.0,100.0,0.0,0.0,0.0,0.0,0.0,0.0,0.0,0.0,0.0,100.0,0.0,0.0,0.0,0.0,0.0,0.0,0.0,0.0,0.0,100.0,0.0,0.0,0.0,0.0,0.0,0.0,0.0,0.0,0.0,100.0,0.0,0.0,0.0,0.0,0.0,0.0,0.0,0.0,0.0,100.0
75,0.0,0.0,0.0,0.0,0.0,94.9,0.0,0.0,0.0,5.1,0.0,0.0,0.0,0.0,0.0,100.0,0.0,0.0,0.0,0.0,0.0,0.0,0.0,0.0,0.0,92.08,0.0,0.0,0.0,7.92,0.0,0.0,0.0,0.0,0.0,67.33,0.0,0.0,0.0,32.67,0.0,0.0,0.0,0.0,0.0,96.04,0.0,0.0,0.0,3.96,0.0,0.0,0.0,0.0,0.0,85.0,0.0,0.0,0.0,15.0,0.0,0.0,0.0,0.0,0.0,84.38,0.0,0.0,0.0,15.62,0.0,0.0,0.0,0.0,0.0,100.0,0.0,0.0,0.0,0.0,0.0,0.0,0.0,0.0,0.0,63.0,0.0,0.0,0.0,37.0,1.0,0.0,0.0,0.0,0.0,17.0,0.0,0.0,0.0,82.0,1.01,0.0,0.0,0.0,0.0,31.31,0.0,0.0,0.0,67.68,0.0,0.0,0.0,0.0,0.0,49.0,0.0,0.0,0.0,51.0,0.0,0.0,0.0,0.0,0.0,28.71,0.0,0.0,0.0,71.29,0.0,0.0,0.0,0.0,0.0,36.73,0.0,0.0,0.0,63.27,0.0,0.0,0.0,0.0,0.0,53.06,0.0,0.0,0.0,46.94,0.0,0.0,0.0,0.0,0.0,54.55,0.0,0.0,0.0,45.45,1.0,0.0,1.0,17.0,0.0,0.0,0.0,0.0,0.0,81.0,1.0,0.0,1.0,0.0,0.0,0.0,0.0,0.0,0.0,98.0,1.0,0.0,1.0,0.0,0.0,0.0,0.0,0.0,0.0,98.0,0.0,0.0,0.0,0.0,0.0,0.0,0.0,0.0,0.0,100.0,0.0,0.0,0.0,0.0,0.0,0.0,0.0,0.0,0.0,100.0,0.0,0.0,0.0,0.0,0.0,0.0,0.0,0.0,0.0,100.0,0.0,0.0,0.0,0.0,0.0,0.0,0.0,0.0,0.0,100.0,1.0,0.0,1.0,0.0,0.0,0.0,0.0,0.0,0.0,98.0
76,0.0,0.0,0.0,0.0,0.0,89.22,0.0,0.0,0.0,10.78,0.0,0.0,0.0,0.0,0.0,100.0,0.0,0.0,0.0,0.0,0.0,0.0,0.0,0.0,0.0,90.1,0.0,0.0,0.0,9.9,1.0,0.0,0.0,0.0,0.0,66.0,0.0,0.0,0.0,33.0,0.0,0.0,0.0,0.0,0.0,93.94,0.0,0.0,0.0,6.06,0.0,0.0,0.0,0.0,0.0,82.83,0.0,0.0,0.0,17.17,0.0,0.0,0.0,0.0,0.0,83.0,0.0,0.0,0.0,17.0,0.0,0.0,0.0,0.0,0.0,100.0,0.0,0.0,0.0,0.0,0.0,0.0,0.0,0.0,0.0,62.0,0.0,0.0,0.0,38.0,0.0,0.0,0.0,0.0,0.0,18.18,0.0,0.0,0.0,81.82,0.0,0.0,0.0,0.0,0.0,32.32,0.0,0.0,0.0,67.68,0.0,0.0,0.0,0.0,0.0,48.45,0.0,0.0,0.0,51.55,1.01,0.0,0.0,0.0,0.0,27.27,0.0,0.0,0.0,71.72,0.0,0.0,0.0,0.0,0.0,38.38,0.0,0.0,0.0,61.62,0.0,0.0,0.0,0.0,0.0,52.0,0.0,0.0,0.0,48.0,0.0,0.0,0.0,0.0,0.0,52.53,0.0,0.0,0.0,47.47,0.0,0.0,1.01,18.18,0.0,0.0,0.0,0.0,0.0,80.81,0.0,0.0,0.0,0.0,0.0,0.0,0.0,0.0,0.0,100.0,0.0,0.0,0.0,0.0,0.0,0.0,0.0,0.0,0.0,100.0,0.0,0.0,0.0,0.0,0.0,0.0,0.0,0.0,0.0,100.0,0.99,0.0,0.0,0.0,0.0,0.0,0.0,0.0,0.0,99.01,0.99,0.0,0.0,0.0,0.0,0.0,0.0,0.0,0.0,99.01,0.0,0.0,1.0,0.0,0.0,0.0,0.0,0.0,0.0,99.0,1.02,0.0,0.0,0.0,0.0,0.0,0.0,0.0,0.0,98.98
77,0.0,0.0,0.0,0.0,0.0,93.88,0.0,0.0,0.0,6.12,0.0,0.0,0.0,0.0,0.0,100.0,0.0,0.0,0.0,0.0,0.0,0.0,0.0,0.0,0.0,91.0,0.0,0.0,0.0,9.0,1.0,0.0,0.0,0.0,0.0,67.0,0.0,0.0,0.0,32.0,0.0,0.0,0.0,0.0,0.0,95.05,0.0,0.0,0.0,4.95,0.0,0.0,0.0,0.0,0.0,83.5,0.0,0.0,0.0,16.5,0.0,0.0,0.0,0.0,0.0,84.69,0.0,0.0,0.0,15.31,0.0,0.0,0.0,0.0,0.0,100.0,0.0,0.0,0.0,0.0,0.0,0.0,0.0,0.0,0.0,62.63,0.0,0.0,0.0,37.37,1.0,0.0,0.0,0.0,0.0,17.0,0.0,0.0,0.0,82.0,0.0,0.0,0.0,0.0,0.0,35.0,0.0,0.0,0.0,65.0,0.0,0.0,0.0,0.0,0.0,54.0,0.0,0.0,0.0,46.0,0.0,0.0,0.0,0.0,0.0,29.0,0.0,0.0,0.0,71.0,0.0,0.0,0.0,0.0,0.0,40.2,0.0,0.0,0.0,59.8,1.0,0.0,0.0,0.0,0.0,53.0,0.0,0.0,0.0,46.0,0.0,0.0,1.0,0.0,0.0,54.0,0.0,0.0,0.0,45.0,0.0,0.0,1.01,17.17,0.0,0.0,0.0,0.0,0.0,81.82,0.99,0.0,0.99,0.0,0.0,0.0,0.0,0.0,0.0,98.02,0.0,0.0,0.0,0.0,0.0,0.0,0.0,0.0,0.0,100.0,0.0,0.0,0.0,0.0,0.0,0.0,0.0,0.0,0.0,100.0,0.0,0.0,0.0,0.0,0.0,0.0,0.0,0.0,0.0,100.0,0.0,0.0,0.0,0.0,0.0,0.0,0.0,0.0,0.0,100.0,1.01,0.0,0.0,0.0,0.0,0.0,0.0,0.0,0.0,98.99,0.0,0.0,0.0,0.0,0.0,0.0,0.0,0.0,0.0,100.0
78,0.0,0.0,0.0,0.0,0.0,88.89,0.0,0.0,0.0,11.11,0.0,0.0,0.0,0.0,0.0,100.0,0.0,0.0,0.0,0.0,0.0,0.0,0.0,0.0,0.0,90.2,0.0,0.0,0.0,9.8,0.0,0.0,0.0,0.0,0.0,66.67,0.0,0.0,0.0,33.33,0.0,0.0,0.0,0.0,0.0,93.14,0.0,0.0,0.0,6.86,0.0,0.0,0.0,0.0,0.0,82.29,0.0,0.0,0.0,17.71,0.0,0.0,0.0,0.0,0.0,84.16,0.0,0.0,0.0,15.84,0.0,0.0,0.0,0.0,0.0,100.0,0.0,0.0,0.0,0.0,0.0,0.0,0.0,0.0,0.0,61.62,0.0,0.0,0.0,38.38,0.0,0.0,0.0,0.0,0.0,17.82,0.0,0.0,0.0,82.18,0.0,0.0,0.98,0.0,0.0,34.31,0.0,0.0,0.0,64.71,0.0,0.0,0.0,0.0,0.0,52.94,0.0,0.0,0.0,47.06,1.01,0.0,0.0,0.0,0.0,27.27,0.0,0.0,0.0,71.72,0.0,0.0,0.0,0.0,0.0,39.0,0.0,0.0,0.0,61.0,0.0,0.0,0.0,0.0,0.0,51.55,0.0,0.0,0.0,48.45,1.01,0.0,0.0,0.0,0.0,52.53,0.0,0.0,0.0,46.46,0.0,0.0,0.0,18.37,0.0,0.0,0.0,0.0,0.0,81.63,0.0,0.0,1.01,0.0,0.0,0.0,0.0,0.0,0.0,98.99,0.99,0.0,0.99,0.0,0.0,0.0,0.0,0.0,0.0,98.02,0.0,0.0,0.0,0.0,0.0,0.0,0.0,0.0,0.0,100.0,0.0,0.0,0.99,0.0,0.0,0.0,0.0,0.0,0.0,99.01,0.0,0.0,0.99,0.0,0.0,0.0,0.0,0.0,0.0,99.01,0.0,0.0,2.02,0.0,0.0,0.0,0.0,0.0,0.0,97.98,0.0,0.0,1.0,0.0,0.0,0.0,0.0,0.0,0.0,99.0
79,0.0,0.0,0.0,0.0,0.0,93.0,0.0,0.0,0.0,7.0,0.0,0.0,0.0,0.0,0.0,100.0,0.0,0.0,0.0,0.0,0.0,0.0,0.0,0.0,0.0,90.1,0.0,0.0,0.0,9.9,0.98,0.0,0.98,0.0,0.0,64.71,0.0,0.0,0.0,33.33,0.0,0.0,0.0,0.0,0.0,94.06,0.0,0.0,0.0,5.94,0.0,0.0,0.0,0.0,0.0,84.0,0.0,0.0,0.0,16.0,0.0,0.0,0.0,0.0,0.0,84.0,0.0,0.0,0.0,16.0,0.0,0.0,0.0,0.0,0.0,100.0,0.0,0.0,0.0,0.0,0.99,0.0,0.99,0.0,0.0,61.39,0.0,0.0,0.0,36.63,0.99,0.0,0.0,0.0,0.0,17.82,0.0,0.0,0.0,81.19,1.01,0.0,0.0,0.0,0.0,34.34,0.0,0.0,0.0,64.65,0.0,0.0,0.0,0.0,0.0,52.0,0.0,0.0,0.0,48.0,0.0,0.0,0.0,1.03,0.0,28.87,0.0,0.0,0.0,70.1,0.0,0.0,0.0,0.0,0.0,38.38,0.0,0.0,0.0,61.62,0.0,0.0,0.0,1.0,0.0,53.0,0.0,0.0,0.0,46.0,0.0,0.0,0.0,0.0,0.0,54.08,0.0,0.0,0.0,45.92,0.0,0.0,1.01,7.07,0.0,0.0,0.0,0.0,0.0,91.92,0.99,0.0,0.0,4.95,0.0,0.0,0.0,0.0,0.0,94.06,0.0,0.0,0.0,0.0,0.0,0.0,0.0,0.0,0.0,100.0,0.0,0.0,0.0,0.0,0.0,0.0,0.0,0.0,0.0,100.0,0.0,0.0,0.0,0.0,0.0,0.0,0.0,0.0,0.0,100.0,0.0,0.0,0.0,0.0,0.0,0.0,0.0,0.0,0.0,100.0,0.0,0.0,0.0,0.0,0.0,0.0,0.0,0.0,0.0,100.0,0.0,0.0,0.0,0.0,0.0,0.0,0.0,0.0,0.0,100.0
80,0.0,0.0,0.0,0.0,0.0,88.42,0.0,0.0,0.0,11.58,0.0,0.0,0.0,0.0,0.0,100.0,0.0,0.0,0.0,0.0,0.0,0.0,0.0,0.0,0.0,90.91,0.0,0.0,0.0,9.09,0.0,0.0,0.0,0.0,0.0,66.0,0.0,0.0,0.0,34.0,0.0,0.0,0.0,0.0,0.0,93.07,0.0,0.0,0.0,6.93,0.0,0.0,0.0,0.0,0.0,83.0,0.0,0.0,0.0,17.0,0.0,0.0,0.97,0.0,0.0,82.52,0.0,0.0,0.0,16.5,0.0,0.0,0.0,0.0,0.0,100.0,0.0,0.0,0.0,0.0,0.0,0.0,0.0,0.0,0.0,60.82,0.0,0.0,0.0,39.18,2.0,0.0,0.0,0.0,0.0,16.0,0.0,0.0,0.0,82.0,0.0,0.0,0.0,0.0,0.0,33.0,0.0,0.0,0.0,67.0,0.0,0.0,0.0,0.0,0.0,52.0,0.0,0.0,0.0,48.0,0.99,0.0,0.99,5.94,0.0,27.72,0.0,0.0,0.0,64.36,0.0,0.0,0.0,0.0,0.0,38.38,0.0,0.0,0.0,61.62,0.0,0.0,0.0,0.0,0.0,51.49,0.0,0.0,0.0,48.51,0.0,0.0,0.0,0.0,0.0,53.06,0.0,0.0,0.0,46.94,0.0,0.0,1.01,0.0,0.0,0.0,0.0,0.0,0.0,98.99,0.0,0.0,0.0,0.0,0.0,0.0,0.0,0.0,0.0,100.0,0.0,0.0,0.0,0.0,0.0,0.0,0.0,0.0,0.0,100.0,0.0,0.0,0.0,0.0,0.0,0.0,0.0,0.0,0.0,100.0,0.0,0.0,0.0,0.0,0.0,0.0,0.0,0.0,0.0,100.0,0.0,0.0,0.0,0.0,0.0,0.0,0.0,0.0,0.0,100.0,1.01,0.0,0.0,0.0,0.0,0.0,0.0,0.0,0.0,98.99,0.0,0.0,0.0,9.0,0.0,0.0,0.0,0.0,0.0,91.0
81,0.0,0.0,0.0,0.0,0.0,90.82,0.0,0.0,0.0,9.18,0.0,0.0,0.0,0.0,0.0,100.0,0.0,0.0,0.0,0.0,0.0,0.0,0.0,0.0,0.0,89.9,0.0,0.0,0.0,10.1,0.0,0.0,0.0,0.0,0.0,65.35,0.0,0.0,0.0,34.65,0.0,0.0,0.0,0.0,0.0,94.12,0.0,0.0,0.0,5.88,0.0,0.0,0.0,0.0,0.0,84.0,0.0,0.0,0.0,16.0,0.0,0.0,0.0,0.0,0.0,83.84,0.0,0.0,0.0,16.16,0.0,0.0,0.0,0.0,0.0,100.0,0.0,0.0,0.0,0.0,0.0,0.0,0.0,0.0,0.0,62.38,0.0,0.0,0.0,37.62,0.0,0.0,0.0,0.0,0.0,18.0,0.0,0.0,0.0,82.0,0.0,0.0,1.01,0.0,0.0,32.32,0.0,0.0,0.0,66.67,0.0,0.0,0.0,0.0,0.0,51.49,0.0,0.0,0.0,48.51,0.0,0.0,0.0,0.0,0.0,28.71,0.0,0.0,0.0,71.29,1.0,0.0,0.0,0.0,0.0,37.0,0.0,0.0,0.0,62.0,0.0,0.0,0.0,0.0,0.0,47.0,0.0,0.0,0.0,53.0,0.0,0.0,0.99,0.0,0.0,50.5,0.0,0.0,0.0,48.51,0.0,0.0,0.0,0.0,0.0,0.0,0.0,0.0,0.0,100.0,0.0,0.0,0.0,0.0,0.0,0.0,0.0,0.0,0.0,100.0,1.0,0.0,0.0,0.0,0.0,0.0,0.0,0.0,0.0,99.0,0.0,0.0,0.0,0.0,0.0,0.0,0.0,0.0,0.0,100.0,0.0,0.0,1.0,0.0,0.0,0.0,0.0,0.0,0.0,99.0,0.0,0.0,0.0,0.0,0.0,0.0,0.0,0.0,0.0,100.0,1.0,0.0,1.0,0.0,0.0,0.0,0.0,0.0,0.0,98.0,0.0,0.0,0.0,18.18,0.0,0.0,0.0,0.0,0.0,81.82
82,0.0,0.0,0.0,0.0,0.0,90.82,0.0,0.0,0.0,9.18,0.0,0.0,0.0,0.0,0.0,100.0,0.0,0.0,0.0,0.0,0.0,0.0,0.0,0.0,0.0,91.0,0.0,0.0,0.0,9.0,0.0,0.0,0.0,0.0,0.0,67.0,0.0,0.0,0.0,33.0,0.0,0.0,0.0,0.0,0.0,95.05,0.0,0.0,0.0,4.95,0.0,0.0,0.0,0.0,0.0,83.0,0.0,0.0,0.0,17.0,0.0,0.0,0.0,0.0,0.0,83.84,0.0,0.0,0.0,16.16,0.0,0.0,0.0,0.0,0.0,100.0,0.0,0.0,0.0,0.0,0.0,0.0,0.0,0.0,0.0,61.86,0.0,0.0,0.0,38.14,0.98,0.0,0.98,0.0,0.0,16.67,0.0,0.0,0.0,81.37,0.0,0.0,0.0,0.0,0.0,33.0,0.0,0.0,0.0,67.0,0.0,0.0,0.0,0.0,0.0,50.0,0.0,0.0,0.0,50.0,1.0,0.0,0.0,0.0,0.0,28.0,0.0,0.0,0.0,71.0,0.0,0.0,0.0,0.0,0.0,38.38,0.0,0.0,0.0,61.62,0.99,0.0,0.0,0.0,0.0,46.53,0.0,0.0,0.0,52.48,0.98,0.0,0.0,0.0,0.0,51.96,0.0,0.0,0.0,47.06,0.0,0.0,0.0,0.0,0.0,0.0,0.0,0.0,0.0,100.0,0.0,0.0,1.0,0.0,0.0,0.0,0.0,0.0,0.0,99.0,0.99,0.0,0.99,0.0,0.0,0.0,0.0,0.0,0.0,98.02,0.99,0.0,0.0,0.0,0.0,0.0,0.0,0.0,0.0,99.01,0.0,0.0,0.0,0.0,0.0,0.0,0.0,0.0,0.0,100.0,0.99,0.0,0.0,0.0,0.0,0.0,0.0,0.0,0.0,99.01,1.01,0.0,1.01,0.0,0.0,0.0,0.0,0.0,0.0,97.98,0.0,0.0,0.0,17.17,0.0,0.0,0.0,0.0,0.0,82.83
83,0.0,0.0,0.0,0.0,0.0,93.07,0.0,0.0,0.0,6.93,0.0,0.0,0.0,0.0,0.0,100.0,0.0,0.0,0.0,0.0,0.0,0.0,0.0,0.0,0.0,91.18,0.0,0.0,0.0,8.82,0.99,0.0,0.0,0.0,0.0,65.35,0.0,0.0,0.0,33.66,0.0,0.0,0.98,0.0,0.0,95.1,0.0,0.0,0.0,3.92,0.0,0.0,0.0,0.0,0.0,85.0,0.0,0.0,0.0,15.0,0.0,0.0,0.0,0.0,0.0,84.31,0.0,0.0,0.0,15.69,0.0,0.0,0.0,0.0,0.0,100.0,0.0,0.0,0.0,0.0,1.01,0.0,1.01,0.0,0.0,61.62,0.0,0.0,0.0,36.36,0.0,0.0,0.0,0.0,0.0,17.0,0.0,0.0,0.0,83.0,1.02,0.0,0.0,0.0,0.0,32.65,0.0,0.0,0.0,66.33,0.0,0.0,0.0,0.0,0.0,52.04,0.0,0.0,0.0,47.96,1.02,0.0,0.0,0.0,0.0,28.57,0.0,0.0,0.0,70.41,0.0,0.0,0.0,0.0,0.0,39.6,0.0,0.0,0.0,60.4,1.98,0.0,0.99,0.0,0.0,49.5,0.0,0.0,0.0,47.52,1.0,0.0,1.0,0.0,0.0,53.0,0.0,0.0,0.0,45.0,0.99,0.0,0.99,0.0,0.0,0.0,0.0,0.0,0.0,98.02,0.0,0.0,0.0,0.0,0.0,0.0,0.0,0.0,0.0,100.0,0.0,0.0,0.0,0.0,0.0,0.0,0.0,0.0,0.0,100.0,0.0,0.0,1.0,0.0,0.0,0.0,0.0,0.0,0.0,99.0,0.0,0.0,0.0,0.0,0.0,0.0,0.0,0.0,0.0,100.0,0.0,0.0,0.0,0.0,0.0,0.0,0.0,0.0,0.0,100.0,1.0,0.0,1.0,0.0,0.0,0.0,0.0,0.0,0.0,98.0,0.99,0.0,0.99,16.83,0.0,0.0,0.0,0.0,0.0,81.19
84,0.0,0.0,0.0,0.0,0.0,92.86,0.0,0.0,0.0,7.14,0.0,0.0,0.0,0.0,0.0,100.0,0.0,0.0,0.0,0.0,0.0,0.0,0.0,0.0,0.0,88.89,0.0,0.0,0.0,11.11,0.0,0.0,0.0,0.0,0.0,66.0,0.0,0.0,0.0,34.0,0.0,0.0,0.0,0.0,0.0,96.0,0.0,0.0,0.0,4.0,0.0,0.0,0.0,0.0,0.0,85.15,0.0,0.0,0.0,14.85,0.0,0.0,0.0,0.0,0.0,83.0,0.0,0.0,0.0,17.0,0.0,0.0,0.0,0.0,0.0,100.0,0.0,0.0,0.0,0.0,0.0,0.0,0.0,0.0,0.0,63.27,0.0,0.0,0.0,36.73,1.0,0.0,0.0,0.0,0.0,17.0,0.0,0.0,0.0,82.0,0.0,0.0,0.0,0.0,0.0,34.65,0.0,0.0,0.0,65.35,0.0,0.0,0.0,0.0,0.0,52.53,0.0,0.0,0.0,47.47,0.0,0.0,1.01,0.0,0.0,29.29,0.0,0.0,0.0,69.7,0.0,0.0,1.0,0.0,0.0,38.0,0.0,0.0,0.0,61.0,0.0,0.0,0.0,0.0,0.0,52.94,0.0,0.0,0.0,47.06,1.98,0.0,0.0,0.0,0.0,53.47,0.0,0.0,0.0,44.55,3.06,0.0,1.02,0.0,0.0,0.0,0.0,0.0,0.0,95.92,1.0,0.0,1.0,0.0,0.0,0.0,0.0,0.0,0.0,98.0,0.0,0.0,0.0,0.0,0.0,0.0,0.0,0.0,0.0,100.0,1.0,0.0,0.0,0.0,0.0,0.0,0.0,0.0,0.0,99.0,0.98,0.0,0.98,0.0,0.0,0.0,0.0,0.0,0.0,98.04,0.0,0.0,0.0,0.0,0.0,0.0,0.0,0.0,0.0,100.0,0.0,0.0,0.0,0.0,0.0,0.0,0.0,0.0,0.0,100.0,0.0,0.0,0.99,18.81,0.0,0.0,0.0,0.0,0.0,80.2
85,0.0,0.0,0.0,0.0,0.0,90.72,0.0,0.0,0.0,9.28,0.0,0.0,0.0,0.0,0.0,100.0,0.0,0.0,0.0,0.0,0.0,0.0,0.0,0.0,0.0,88.12,0.0,0.0,0.0,11.88,0.0,0.0,0.0,0.0,0.0,64.36,0.0,0.0,0.0,35.64,0.0,0.0,0.0,0.0,0.0,95.1,0.0,0.0,0.0,4.9,0.0,0.0,0.0,0.0,0.0,83.67,0.0,0.0,0.0,16.33,0.0,0.0,0.0,0.0,0.0,82.18,0.0,0.0,0.0,17.82,0.0,0.0,0.0,0.0,0.0,100.0,0.0,0.0,0.0,0.0,0.99,0.0,0.0,0.0,0.0,62.38,0.0,0.0,0.0,36.63,0.98,0.0,0.0,0.0,0.0,17.65,0.0,0.0,0.0,81.37,2.0,0.0,1.0,0.0,0.0,32.0,0.0,0.0,0.0,65.0,0.0,0.0,0.0,0.0,0.0,52.0,0.0,0.0,0.0,48.0,1.01,0.0,0.0,0.0,0.0,28.28,0.0,0.0,0.0,70.71,0.0,0.0,0.0,0.0,0.0,37.37,0.0,0.0,0.0,62.63,0.0,0.0,0.0,0.0,0.0,50.52,0.0,0.0,0.0,49.48,0.0,0.0,0.0,0.0,0.0,53.54,0.0,0.0,0.0,46.46,0.0,0.0,0.0,0.0,0.0,0.0,0.0,0.0,0.0,100.0,0.0,0.0,1.0,0.0,0.0,0.0,0.0,0.0,0.0,99.0,0.0,0.0,0.0,0.0,0.0,0.0,0.0,0.0,0.0,100.0,0.0,0.0,0.0,0.0,0.0,0.0,0.0,0.0,0.0,100.0,0.0,0.0,0.0,0.0,0.0,0.0,0.0,0.0,0.0,100.0,0.0,0.0,0.0,0.0,0.0,0.0,0.0,0.0,0.0,100.0,0.0,0.0,0.0,0.0,0.0,0.0,0.0,0.0,0.0,100.0,0.0,0.0,0.0,18.18,0.0,0.0,0.0,0.0,0.0,81.82
86,0.0,0.0,0.0,0.0,0.0,91.0,0.0,0.0,0.0,9.0,0.0,0.0,0.0,0.0,0.0,100.0,0.0,0.0,0.0,0.0,0.0,0.0,0.0,0.0,0.0,88.78,0.0,0.0,0.0,11.22,1.0,0.0,0.0,0.0,0.0,64.0,0.0,0.0,0.0,35.0,0.0,0.0,0.0,0.0,0.0,95.05,0.0,0.0,0.0,4.95,0.0,0.0,0.0,0.0,0.0,84.0,0.0,0.0,0.0,16.0,0.0,0.0,0.0,0.0,0.0,81.44,0.0,0.0,0.0,18.56,0.0,0.0,0.0,0.0,0.0,100.0,0.0,0.0,0.0,0.0,0.0,0.0,1.0,0.0,0.0,62.0,0.0,0.0,0.0,37.0,0.0,0.0,0.0,0.0,0.0,16.49,0.0,0.0,0.0,83.51,0.0,0.0,0.99,0.0,0.0,34.65,0.0,0.0,0.0,64.36,0.0,0.0,0.0,0.0,0.0,53.0,0.0,0.0,0.0,47.0,0.99,0.0,0.0,0.0,0.0,28.71,0.0,0.0,0.0,70.3,0.0,0.0,0.0,0.0,0.0,39.39,0.0,0.0,0.0,60.61,0.0,0.0,0.0,0.0,0.0,52.0,0.0,0.0,0.0,48.0,0.0,0.0,0.0,0.0,0.0,52.04,0.0,0.0,0.0,47.96,1.0,0.0,0.0,0.0,0.0,0.0,0.0,0.0,0.0,99.0,0.0,0.0,0.0,0.0,0.0,0.0,0.0,0.0,0.0,100.0,0.0,0.0,1.0,0.0,0.0,0.0,0.0,0.0,0.0,99.0,0.0,0.0,0.0,0.0,0.0,0.0,0.0,0.0,0.0,100.0,0.0,0.0,0.0,0.0,0.0,0.0,0.0,0.0,0.0,100.0,0.0,0.0,0.0,0.0,0.0,0.0,0.0,0.0,0.0,100.0,0.99,0.0,0.0,0.0,0.0,0.0,0.0,0.0,0.0,99.01,0.0,0.0,1.0,19.0,0.0,0.0,0.0,0.0,0.0,80.0
87,0.0,0.0,0.0,0.0,0.0,90.1,0.0,0.0,0.0,9.9,0.0,0.0,0.0,0.0,0.0,100.0,0.0,0.0,0.0,0.0,0.0,0.0,0.0,0.0,0.0,88.12,0.0,0.0,0.0,11.88,0.0,0.0,0.0,0.0,0.0,65.0,0.0,0.0,0.0,35.0,0.0,0.0,0.0,0.0,0.0,95.0,0.0,0.0,0.0,5.0,0.0,0.0,0.0,0.0,0.0,83.33,0.0,0.0,0.0,16.67,0.0,0.0,0.0,0.0,0.0,81.82,0.0,0.0,0.0,18.18,0.0,0.0,0.0,0.0,0.0,100.0,0.0,0.0,0.0,0.0,0.0,0.0,0.0,0.0,0.0,61.62,0.0,0.0,0.0,38.38,0.0,0.0,0.0,0.0,0.0,16.33,0.0,0.0,0.0,83.67,2.0,0.0,0.0,0.0,0.0,33.0,0.0,0.0,0.0,65.0,0.0,0.0,0.0,0.0,0.0,53.0,0.0,0.0,0.0,47.0,0.98,0.0,0.98,0.0,0.0,29.41,0.0,0.0,0.0,68.63,0.99,0.0,0.0,0.0,0.0,39.6,0.0,0.0,0.0,59.41,1.02,0.0,0.0,0.0,0.0,51.02,0.0,0.0,0.0,47.96,0.0,0.0,0.0,0.0,0.0,52.04,0.0,0.0,0.0,47.96,0.0,0.0,0.0,0.0,0.0,1.0,0.0,0.0,0.0,99.0,0.99,0.0,0.0,0.0,0.0,0.0,0.0,0.0,0.0,99.01,1.0,0.0,0.0,0.0,0.0,0.0,0.0,0.0,0.0,99.0,0.99,0.0,0.99,0.0,0.0,0.0,0.0,0.0,0.0,98.02,0.0,0.0,0.99,0.0,0.0,0.0,0.0,0.0,0.0,99.01,0.99,0.0,0.99,10.89,0.0,0.0,0.0,0.0,0.0,87.13,0.0,0.0,0.0,0.0,0.0,0.0,0.0,0.0,0.0,100.0,0.0,0.0,0.0,8.08,0.0,0.0,0.0,0.0,0.0,91.92
88,0.0,0.0,0.0,0.0,0.0,88.78,0.0,0.0,0.0,11.22,0.0,0.0,0.0,0.0,0.0,100.0,0.0,0.0,0.0,0.0,0.0,0.0,0.0,0.0,0.0,88.12,0.0,0.0,0.0,11.88,0.0,0.0,0.0,0.0,0.0,64.71,0.0,0.0,0.0,35.29,0.0,0.0,0.0,0.0,0.0,94.12,0.0,0.0,0.0,5.88,0.0,0.0,0.0,0.0,0.0,83.84,0.0,0.0,0.0,16.16,0.0,0.0,0.0,0.0,0.0,82.0,0.0,0.0,0.0,18.0,0.0,0.0,0.0,0.0,0.0,100.0,0.0,0.0,0.0,0.0,0.0,0.0,0.0,0.0,0.0,61.62,0.0,0.0,0.0,38.38,0.98,0.0,0.98,0.0,0.0,16.67,0.0,0.0,0.0,81.37,0.0,0.0,0.99,0.0,0.0,34.65,0.0,0.0,0.0,64.36,0.97,0.0,0.0,0.0,0.0,52.43,0.0,0.0,0.0,46.6,0.0,0.0,0.0,0.0,0.0,28.57,0.0,0.0,0.0,71.43,0.0,0.0,0.0,0.0,0.0,36.36,0.0,0.0,0.0,63.64,0.0,0.0,0.0,0.0,0.0,52.48,0.0,0.0,0.0,47.52,0.0,0.0,0.0,0.0,0.0,53.0,0.0,0.0,0.0,47.0,0.0,0.0,0.0,0.0,0.0,0.0,0.0,0.0,0.0,100.0,0.0,0.0,0.0,0.0,0.0,0.0,0.0,0.0,0.0,100.0,0.0,0.0,1.0,0.0,0.0,0.0,0.0,0.0,0.0,99.0,0.0,0.0,0.0,0.0,0.0,0.0,0.0,0.0,0.0,100.0,0.0,0.0,0.0,0.0,0.0,0.0,0.0,0.0,0.0,100.0,0.0,0.0,0.99,0.0,0.0,0.0,0.0,0.0,0.0,99.01,0.99,0.0,0.99,0.0,0.0,0.0,0.0,0.0,0.0,98.02,0.0,0.0,1.0,18.0,0.0,0.0,0.0,0.0,0.0,81.0
89,0.0,0.0,0.0,0.0,0.0,86.87,0.0,0.0,0.0,13.13,0.0,0.0,0.0,0.0,0.0,100.0,0.0,0.0,0.0,0.0,0.0,0.0,0.0,0.0,0.0,88.24,0.0,0.0,0.0,11.76,0.0,0.0,0.0,0.0,0.0,62.38,0.0,0.0,0.0,37.62,0.0,0.0,0.0,0.0,0.0,93.27,0.0,0.0,0.0,6.73,0.0,0.0,0.0,0.0,0.0,83.0,0.0,0.0,0.0,17.0,0.0,0.0,0.0,0.0,0.0,81.0,0.0,0.0,0.0,19.0,0.0,0.0,0.99,0.0,0.0,99.01,0.0,0.0,0.0,0.0,0.98,0.0,0.0,0.0,0.0,60.78,0.0,0.0,0.0,38.24,0.0,0.0,0.0,0.0,0.0,16.33,0.0,0.0,0.0,83.67,1.01,0.0,1.01,0.0,0.0,32.32,0.0,0.0,0.0,65.66,0.0,0.0,0.0,0.0,0.0,52.04,0.0,0.0,0.0,47.96,1.01,0.0,0.0,0.0,0.0,27.27,0.0,0.0,0.0,71.72,0.0,0.0,0.0,0.0,0.0,38.61,0.0,0.0,0.0,61.39,0.0,0.0,0.0,0.0,0.0,52.43,0.0,0.0,0.0,47.57,0.0,0.0,0.99,0.0,0.0,52.48,0.0,0.0,0.0,46.53,1.01,0.0,0.0,0.0,0.0,0.0,0.0,0.0,0.0,98.99,0.0,0.0,0.0,0.0,0.0,0.0,0.0,0.0,0.0,100.0,0.0,0.0,0.0,0.0,0.0,0.0,0.0,0.0,0.0,100.0,0.0,0.0,0.0,0.0,0.0,0.0,0.0,0.0,0.0,100.0,0.0,0.0,0.0,0.0,0.0,0.0,0.0,0.0,0.0,100.0,0.0,0.0,0.0,0.0,0.0,0.0,0.0,0.0,0.0,100.0,0.0,0.0,0.0,0.0,0.0,0.0,0.0,0.0,0.0,100.0,0.0,0.0,0.0,17.17,0.0,0.0,0.0,0.0,0.0,82.83
90,0.0,0.0,0.0,0.0,0.0,92.93,0.0,0.0,0.0,7.07,0.0,0.0,0.99,0.0,0.0,99.01,0.0,0.0,0.0,0.0,0.0,0.0,0.0,0.0,0.0,90.91,0.0,0.0,0.0,9.09,0.0,0.0,0.0,0.0,0.0,64.0,0.0,0.0,0.0,36.0,0.0,0.0,0.0,0.0,0.0,96.0,0.0,0.0,0.0,4.0,0.0,0.0,0.0,0.0,0.0,84.69,0.0,0.0,0.0,15.31,0.0,0.0,0.0,0.0,0.0,81.82,0.0,0.0,0.0,18.18,0.0,0.0,0.0,0.0,0.0,100.0,0.0,0.0,0.0,0.0,0.0,0.0,1.01,0.0,0.0,61.62,0.0,0.0,0.0,37.37,0.0,0.0,0.0,0.0,0.0,16.16,0.0,0.0,0.0,83.84,0.0,0.0,0.99,0.0,0.0,33.66,0.0,0.0,0.0,65.35,0.0,0.0,0.0,0.0,0.0,53.47,0.0,0.0,0.0,46.53,0.0,0.0,0.0,0.0,0.0,29.0,0.0,0.0,0.0,71.0,0.0,0.0,0.0,0.0,0.0,40.0,0.0,0.0,0.0,60.0,1.0,0.0,0.0,0.0,0.0,52.0,0.0,0.0,0.0,47.0,0.0,0.0,0.0,0.0,0.0,53.0,0.0,0.0,0.0,47.0,0.0,0.0,0.0,0.0,0.0,0.0,0.0,0.0,0.0,100.0,0.0,0.0,0.0,0.0,0.0,0.0,0.0,0.0,0.0,100.0,0.0,0.0,0.0,0.0,0.0,0.0,0.0,0.0,0.0,100.0,0.0,0.0,1.0,0.0,0.0,0.0,0.0,0.0,0.0,99.0,0.0,0.0,0.0,0.0,0.0,0.0,0.0,0.0,0.0,100.0,0.0,0.0,0.0,0.0,0.0,0.0,0.0,0.0,0.0,100.0,0.0,0.0,1.0,0.0,0.0,0.0,0.0,0.0,0.0,99.0,0.0,0.0,1.0,18.0,0.0,0.0,0.0,0.0,0.0,81.0
91,0.0,0.0,0.0,0.0,0.0,93.0,0.0,0.0,0.0,7.0,0.0,0.0,0.0,0.0,0.0,100.0,0.0,0.0,0.0,0.0,0.0,0.0,0.0,0.0,0.0,90.2,0.0,0.0,0.0,9.8,0.0,0.0,0.0,0.0,0.0,62.38,0.0,0.0,0.0,37.62,0.0,0.0,0.0,0.0,0.0,95.1,0.0,0.0,0.0,4.9,0.0,0.0,0.0,0.0,0.0,82.98,0.0,0.0,0.0,17.02,0.0,0.0,0.0,0.0,0.0,82.0,0.0,0.0,0.0,18.0,0.0,0.0,0.0,0.0,0.0,100.0,0.0,0.0,0.0,0.0,0.0,0.0,0.0,0.0,0.0,61.62,0.0,0.0,0.0,38.38,1.0,0.0,0.0,0.0,0.0,16.0,0.0,0.0,0.0,83.0,0.98,0.0,0.98,0.98,0.0,34.31,0.0,0.0,0.0,62.75,0.0,0.0,0.0,0.0,0.0,53.54,0.0,0.0,0.0,46.46,0.99,0.0,0.99,0.0,0.0,27.72,0.0,0.0,0.0,70.3,0.0,0.0,0.0,0.0,0.0,39.39,0.0,0.0,0.0,60.61,1.01,0.0,0.0,0.0,0.0,50.51,0.0,0.0,0.0,48.48,0.99,0.0,0.0,0.99,0.0,53.47,0.0,0.0,0.0,44.55,0.0,0.0,1.0,0.0,0.0,0.0,0.0,0.0,0.0,99.0,0.0,0.0,1.0,0.0,0.0,0.0,0.0,0.0,0.0,99.0,0.0,0.0,1.0,0.0,0.0,0.0,0.0,0.0,0.0,99.0,0.0,0.0,0.0,0.0,0.0,0.0,0.0,0.0,0.0,100.0,0.0,0.0,0.0,0.0,0.0,0.0,0.0,0.0,0.0,100.0,0.0,0.0,0.0,0.0,0.0,0.0,0.0,0.0,0.0,100.0,0.0,0.0,0.0,0.0,0.0,0.0,0.0,0.0,0.0,100.0,0.0,0.0,0.0,16.16,0.0,0.0,0.0,0.0,0.0,83.84
92,0.0,0.0,0.0,0.0,0.0,91.75,0.0,0.0,0.0,8.25,0.0,0.0,0.0,0.0,0.0,100.0,0.0,0.0,0.0,0.0,0.0,0.0,0.0,0.0,0.0,88.89,0.0,0.0,0.0,11.11,0.0,0.0,0.0,0.0,0.0,64.36,0.0,0.0,0.0,35.64,0.0,0.0,0.0,0.0,0.0,95.1,0.0,0.0,0.0,4.9,0.0,0.0,0.0,0.0,0.0,84.69,0.0,0.0,0.0,15.31,0.0,0.0,0.0,0.0,0.0,82.18,0.0,0.0,0.0,17.82,0.0,0.0,0.0,0.0,0.0,100.0,0.0,0.0,0.0,0.0,0.0,0.0,0.0,0.0,0.0,63.0,0.0,0.0,0.0,37.0,0.0,0.0,0.0,0.0,0.0,16.16,0.0,0.0,0.0,83.84,1.0,0.0,0.0,0.0,0.0,32.0,0.0,0.0,0.0,67.0,0.0,0.0,0.0,0.0,0.0,50.51,0.0,0.0,0.0,49.49,0.0,0.0,0.0,0.0,0.0,28.28,0.0,0.0,0.0,71.72,0.0,0.0,0.0,0.0,0.0,40.0,0.0,0.0,0.0,60.0,0.0,0.0,0.0,0.0,0.0,51.02,0.0,0.0,0.0,48.98,0.0,0.0,0.0,0.0,0.0,54.0,0.0,0.0,0.0,46.0,0.0,0.0,0.0,14.14,0.0,0.0,0.0,0.0,0.0,85.86,1.0,0.0,0.0,3.0,0.0,0.0,0.0,0.0,0.0,96.0,0.0,0.0,0.0,0.0,0.0,0.0,0.0,0.0,0.0,100.0,1.01,0.0,0.0,0.0,0.0,0.0,0.0,0.0,0.0,98.99,0.0,0.0,0.99,0.0,0.0,0.0,0.0,0.0,0.0,99.01,0.0,0.0,0.0,0.0,0.0,0.0,0.0,0.0,0.0,100.0,0.0,0.0,1.0,0.0,0.0,0.0,0.0,0.0,0.0,99.0,0.0,0.0,0.0,0.0,0.0,0.0,0.0,0.0,0.0,100.0
93,0.0,0.0,0.0,0.0,0.0,93.0,0.0,0.0,0.0,7.0,0.0,0.0,0.0,0.0,0.0,100.0,0.0,0.0,0.0,0.0,0.0,0.0,0.0,0.0,0.0,90.0,0.0,0.0,0.0,10.0,0.0,0.0,0.0,0.0,0.0,66.0,0.0,0.0,0.0,34.0,0.0,0.0,0.0,0.0,0.0,95.15,0.0,0.0,0.0,4.85,0.0,0.0,0.0,0.0,0.0,84.69,0.0,0.0,0.0,15.31,0.0,0.0,0.0,0.0,0.0,82.29,0.0,0.0,0.0,17.71,0.0,0.0,0.0,0.0,0.0,100.0,0.0,0.0,0.0,0.0,0.0,0.0,0.0,0.0,0.0,63.0,0.0,0.0,0.0,37.0,1.01,0.0,0.0,0.0,0.0,16.16,0.0,0.0,0.0,82.83,1.0,0.0,1.0,0.0,0.0,33.0,0.0,0.0,0.0,65.0,0.0,0.0,0.0,0.0,0.0,52.53,0.0,0.0,0.0,47.47,1.01,0.0,0.0,0.0,0.0,29.29,0.0,0.0,0.0,69.7,0.0,0.0,0.0,0.0,0.0,39.39,0.0,0.0,0.0,60.61,0.0,0.0,0.99,0.0,0.0,52.48,0.0,0.0,0.0,46.53,0.0,0.0,0.0,0.0,0.0,52.08,0.0,0.0,0.0,47.92,3.0,0.0,1.0,0.0,0.0,0.0,0.0,0.0,0.0,96.0,0.0,0.0,0.0,18.0,0.0,0.0,0.0,0.0,0.0,82.0,0.0,0.0,0.0,0.0,0.0,0.0,0.0,0.0,0.0,100.0,0.0,0.0,1.0,0.0,0.0,0.0,0.0,0.0,0.0,99.0,0.0,0.0,0.0,0.0,0.0,0.0,0.0,0.0,0.0,100.0,0.0,0.0,1.0,0.0,0.0,0.0,0.0,0.0,0.0,99.0,0.0,0.0,0.0,0.0,0.0,0.0,0.0,0.0,0.0,100.0,0.99,0.0,0.0,0.0,0.0,0.0,0.0,0.0,0.0,99.01
94,0.0,0.0,0.0,0.0,0.0,92.0,0.0,0.0,0.0,8.0,0.0,0.0,0.0,0.0,0.0,100.0,0.0,0.0,0.0,0.0,0.0,0.0,0.0,0.0,0.0,89.0,0.0,0.0,0.0,11.0,0.0,0.0,1.01,0.0,0.0,64.65,0.0,0.0,0.0,34.34,0.0,0.0,0.0,0.0,0.0,95.05,0.0,0.0,0.0,4.95,0.0,0.0,0.0,0.0,0.0,82.65,0.0,0.0,0.0,17.35,0.0,0.0,0.0,0.0,0.0,82.11,0.0,0.0,0.0,17.89,0.0,0.0,0.0,0.0,0.0,100.0,0.0,0.0,0.0,0.0,0.0,0.0,0.0,0.0,0.0,62.63,0.0,0.0,0.0,37.37,0.98,0.0,0.98,0.0,0.0,16.67,0.0,0.0,0.0,81.37,0.0,0.0,0.0,0.0,0.0,33.33,0.0,0.0,0.0,66.67,0.0,0.0,0.0,0.0,0.0,49.45,0.0,0.0,0.0,50.55,0.0,0.0,1.01,0.0,0.0,28.28,0.0,0.0,0.0,70.71,0.0,0.0,0.0,0.0,0.0,39.0,0.0,0.0,0.0,61.0,0.98,0.0,0.0,0.0,0.0,51.96,0.0,0.0,0.0,47.06,1.01,0.0,0.0,0.0,0.0,53.54,0.0,0.0,0.0,45.45,0.0,0.0,0.0,0.0,0.0,0.0,0.0,0.0,0.0,100.0,1.01,0.0,0.0,17.17,0.0,0.0,0.0,0.0,0.0,81.82,0.0,0.0,0.0,0.0,0.0,0.0,0.0,0.0,0.0,100.0,0.0,0.0,0.0,0.0,0.0,0.0,0.0,0.0,0.0,100.0,1.0,0.0,0.0,0.0,0.0,0.0,0.0,0.0,0.0,99.0,0.0,0.0,0.0,0.0,0.0,0.0,0.0,0.0,0.0,100.0,0.0,0.0,0.0,0.0,0.0,0.0,0.0,0.0,0.0,100.0,0.0,0.0,0.0,0.0,0.0,0.0,0.0,0.0,0.0,100.0
95,0.0,0.0,0.0,0.0,0.0,86.73,0.0,0.0,0.0,13.27,0.0,0.0,0.0,0.0,0.0,100.0,0.0,0.0,0.0,0.0,0.0,0.0,0.0,0.0,0.0,88.0,0.0,0.0,0.0,12.0,0.0,0.0,0.0,0.0,0.0,63.64,0.0,0.0,0.0,36.36,0.0,0.0,0.0,0.0,0.0,93.14,0.0,0.0,0.0,6.86,0.0,0.0,0.0,0.0,0.0,82.65,0.0,0.0,0.0,17.35,0.0,0.0,0.0,0.0,0.0,70.77,0.0,0.0,0.0,29.23,0.0,0.0,0.0,0.0,0.0,100.0,0.0,0.0,0.0,0.0,0.0,0.0,0.0,0.0,0.0,61.0,0.0,0.0,0.0,39.0,0.99,0.0,0.0,0.0,0.0,16.83,0.0,0.0,0.0,82.18,0.98,0.0,0.98,0.0,0.0,31.37,0.0,0.0,0.0,66.67,0.0,0.0,0.0,0.0,0.0,47.87,0.0,0.0,0.0,52.13,1.0,0.0,0.0,0.0,0.0,28.0,0.0,0.0,0.0,71.0,0.0,0.0,0.0,0.0,0.0,39.0,0.0,0.0,0.0,61.0,0.0,0.0,1.01,1.01,0.0,50.51,0.0,0.0,0.0,47.47,0.0,0.0,1.16,0.0,0.0,44.19,0.0,0.0,0.0,54.65,0.99,0.0,0.99,11.88,0.0,0.0,0.0,0.0,0.0,86.14,0.0,0.0,0.99,3.96,0.0,0.0,0.0,0.0,0.0,95.05,0.0,0.0,0.0,0.0,0.0,0.0,0.0,0.0,0.0,100.0,0.0,0.0,0.0,0.0,0.0,0.0,0.0,0.0,0.0,100.0,0.0,0.0,0.0,0.0,0.0,0.0,0.0,0.0,0.0,100.0,0.0,0.0,0.0,0.0,0.0,0.0,0.0,0.0,0.0,100.0,0.0,0.0,0.0,0.0,0.0,0.0,0.0,0.0,0.0,100.0,0.0,0.0,0.0,0.0,0.0,0.0,0.0,0.0,0.0,100.0
96,0.0,0.0,0.0,0.0,0.0,90.91,0.0,0.0,0.0,9.09,0.0,0.0,0.0,0.0,0.0,100.0,0.0,0.0,0.0,0.0,0.0,0.0,0.0,0.0,0.0,89.22,0.0,0.0,0.0,10.78,0.0,0.0,0.0,0.0,0.0,65.0,0.0,0.0,0.0,35.0,0.0,0.0,0.0,0.0,0.0,95.96,0.0,0.0,0.0,4.04,0.0,0.0,0.0,0.0,0.0,83.67,0.0,0.0,0.0,16.33,0.0,0.0,0.0,0.0,0.0,82.47,0.0,0.0,0.0,17.53,0.0,0.0,0.0,0.0,0.0,100.0,0.0,0.0,0.0,0.0,0.0,0.0,0.0,0.0,0.0,61.46,0.0,0.0,0.0,38.54,1.02,0.0,0.0,0.0,0.0,15.31,0.0,0.0,0.0,83.67,0.0,0.0,0.0,0.0,0.0,32.0,0.0,0.0,0.0,68.0,0.0,0.0,0.0,0.0,0.0,51.0,0.0,0.0,0.0,49.0,0.0,0.0,0.0,0.0,0.0,30.0,0.0,0.0,0.0,70.0,0.0,0.0,0.0,0.0,0.0,39.39,0.0,0.0,0.0,60.61,1.0,0.0,0.0,0.0,0.0,51.0,0.0,0.0,0.0,48.0,1.02,0.0,0.0,0.0,0.0,53.06,0.0,0.0,0.0,45.92,0.0,0.0,1.01,2.02,0.0,0.0,0.0,0.0,0.0,96.97,0.0,0.0,0.0,15.31,0.0,0.0,0.0,0.0,0.0,84.69,1.0,0.0,1.0,0.0,0.0,0.0,0.0,0.0,0.0,98.0,0.0,0.0,0.0,0.0,0.0,0.0,0.0,0.0,0.0,100.0,0.0,0.0,1.0,0.0,0.0,0.0,0.0,0.0,0.0,99.0,0.0,0.0,0.0,0.0,0.0,0.0,0.0,0.0,0.0,100.0,0.0,0.0,1.0,0.0,0.0,0.0,0.0,0.0,0.0,99.0,0.0,0.0,0.0,0.0,0.0,0.0,0.0,0.0,0.0,100.0
97,0.0,0.0,0.0,0.0,0.0,89.0,0.0,0.0,0.0,11.0,0.0,0.0,0.0,0.0,0.0,100.0,0.0,0.0,0.0,0.0,0.0,0.0,0.0,0.0,0.0,89.0,0.0,0.0,0.0,11.0,0.99,0.0,0.0,0.0,0.0,64.36,0.0,0.0,0.0,34.65,0.0,0.0,0.0,0.0,0.0,94.12,0.0,0.0,0.0,5.88,0.0,0.0,0.0,0.0,0.0,83.84,0.0,0.0,0.0,16.16,0.0,0.0,0.0,0.0,0.0,79.12,0.0,0.0,0.0,20.88,0.0,0.0,0.0,0.0,0.0,100.0,0.0,0.0,0.0,0.0,0.0,0.0,0.0,0.0,0.0,60.61,0.0,0.0,0.0,39.39,0.99,0.0,0.0,0.0,0.0,15.84,0.0,0.0,0.0,83.17,0.0,0.0,0.0,0.0,0.0,31.0,0.0,0.0,0.0,69.0,0.0,0.0,0.0,0.0,0.0,50.5,0.0,0.0,0.0,49.5,1.0,0.0,0.0,0.0,0.0,29.0,0.0,0.0,0.0,70.0,0.0,0.0,0.0,0.0,0.0,38.38,0.0,0.0,0.0,61.62,0.0,0.0,0.0,0.0,0.0,46.94,0.0,0.0,0.0,53.06,0.0,0.0,0.0,0.0,0.0,49.48,0.0,0.0,0.0,50.52,0.0,0.0,0.0,0.0,0.0,0.0,0.0,0.0,0.0,100.0,0.0,0.0,1.0,12.0,0.0,0.0,0.0,0.0,0.0,87.0,0.0,0.0,1.0,5.0,0.0,0.0,0.0,0.0,0.0,94.0,0.99,0.0,0.0,0.0,0.0,0.0,0.0,0.0,0.0,99.01,0.0,0.0,0.0,0.0,0.0,0.0,0.0,0.0,0.0,100.0,0.99,0.0,0.0,0.0,0.0,0.0,0.0,0.0,0.0,99.01,0.0,0.0,0.0,0.0,0.0,0.0,0.0,0.0,0.0,100.0,0.0,0.0,0.0,0.0,0.0,0.0,0.0,0.0,0.0,100.0
98,0.0,0.0,0.0,0.0,0.0,90.0,0.0,0.0,0.0,10.0,0.0,0.0,0.0,0.0,0.0,100.0,0.0,0.0,0.0,0.0,0.0,0.0,0.0,0.0,0.0,89.0,0.0,0.0,0.0,11.0,0.0,0.0,0.0,0.0,0.0,64.65,0.0,0.0,0.0,35.35,0.0,0.0,0.0,0.0,0.0,95.0,0.0,0.0,0.0,5.0,0.0,0.0,0.0,0.0,0.0,83.67,0.0,0.0,0.0,16.33,0.0,0.0,0.0,0.0,0.0,81.25,0.0,0.0,0.0,18.75,0.0,0.0,0.0,0.0,0.0,100.0,0.0,0.0,0.0,0.0,0.0,0.0,0.0,0.0,0.0,61.22,0.0,0.0,0.0,38.78,0.0,0.0,1.0,0.0,0.0,15.0,0.0,0.0,0.0,84.0,0.99,0.0,0.99,0.0,0.0,30.69,0.0,0.0,0.0,67.33,0.0,0.0,0.0,0.0,0.0,48.0,0.0,0.0,0.0,52.0,0.0,0.0,0.0,0.0,0.0,28.28,0.0,0.0,0.0,71.72,0.0,0.0,0.0,0.0,0.0,39.0,0.0,0.0,0.0,61.0,1.01,0.0,1.01,0.0,0.0,41.41,0.0,0.0,0.0,56.57,0.0,0.0,0.0,0.0,0.0,46.53,0.0,0.0,0.0,53.47,1.0,0.0,0.0,0.0,0.0,0.0,0.0,0.0,0.0,99.0,0.0,0.0,0.0,0.0,0.0,0.0,0.0,0.0,0.0,100.0,0.0,0.0,0.0,17.17,0.0,0.0,0.0,0.0,0.0,82.83,0.0,0.0,0.0,0.0,0.0,0.0,0.0,0.0,0.0,100.0,0.0,0.0,0.0,0.0,0.0,0.0,0.0,0.0,0.0,100.0,0.0,0.0,0.0,0.0,0.0,0.0,0.0,0.0,0.0,100.0,0.0,0.0,0.0,0.0,0.0,0.0,0.0,0.0,0.0,100.0,0.0,0.0,1.0,0.0,0.0,0.0,0.0,0.0,0.0,99.0
99,0.0,0.0,1.01,0.0,0.0,86.87,0.0,0.0,0.0,12.12,0.0,0.0,0.0,0.0,0.0,100.0,0.0,0.0,0.0,0.0,0.0,0.0,0.0,0.0,0.0,89.11,0.0,0.0,0.0,10.89,0.0,0.0,0.0,0.0,0.0,65.0,0.0,0.0,0.0,35.0,0.0,0.0,0.0,0.0,0.0,95.05,0.0,0.0,0.0,4.95,0.0,0.0,0.0,0.0,0.0,83.17,0.0,0.0,0.0,16.83,0.0,0.0,0.0,0.0,0.0,79.57,0.0,0.0,0.0,20.43,0.0,0.0,0.0,0.0,0.0,100.0,0.0,0.0,0.0,0.0,0.0,0.0,0.0,0.0,0.0,61.22,0.0,0.0,0.0,38.78,1.01,0.0,0.0,0.0,0.0,15.15,0.0,0.0,0.0,83.84,0.0,0.0,1.01,0.0,0.0,30.3,0.0,0.0,0.0,68.69,0.0,0.0,0.0,0.0,0.0,51.0,0.0,0.0,0.0,49.0,0.0,0.0,0.0,0.0,0.0,29.0,0.0,0.0,0.0,71.0,0.0,0.0,0.0,0.0,0.0,38.38,0.0,0.0,0.0,61.62,0.98,0.0,0.0,0.0,0.0,42.16,0.0,0.0,0.0,56.86,0.0,0.0,0.0,0.0,0.0,44.44,0.0,0.0,0.0,55.56,0.0,0.0,0.0,0.0,0.0,0.0,0.0,0.0,0.0,100.0,0.0,0.0,0.0,0.0,0.0,0.0,0.0,0.0,0.0,100.0,0.0,0.0,1.0,18.0,0.0,0.0,0.0,0.0,0.0,81.0,0.0,0.0,0.0,0.0,0.0,0.0,0.0,0.0,0.0,100.0,0.0,0.0,0.0,0.0,0.0,0.0,0.0,0.0,0.0,100.0,0.0,0.0,1.01,0.0,0.0,0.0,0.0,0.0,0.0,98.99,0.0,0.0,0.0,0.0,0.0,0.0,0.0,0.0,0.0,100.0,0.0,0.0,0.0,0.0,0.0,0.0,0.0,0.0,0.0,100.0
100,0.0,0.0,0.0,0.0,0.0,91.26,0.0,0.0,0.0,8.74,0.0,0.0,0.0,0.0,0.0,100.0,0.0,0.0,0.0,0.0,0.98,0.0,0.0,0.0,0.0,89.22,0.0,0.0,0.0,9.8,0.0,0.0,0.0,0.0,0.0,63.54,0.0,0.0,0.0,36.46,0.0,0.0,0.0,0.0,0.0,95.1,0.0,0.0,0.0,4.9,0.0,0.0,0.0,0.0,0.0,84.69,0.0,0.0,0.0,15.31,0.0,0.0,0.0,0.0,0.0,80.65,0.0,0.0,0.0,19.35,0.0,0.0,0.0,0.0,0.0,100.0,0.0,0.0,0.0,0.0,0.98,0.0,0.0,0.0,0.0,63.73,0.0,0.0,0.0,35.29,1.0,0.0,0.0,0.0,0.0,16.0,0.0,0.0,0.0,83.0,0.0,0.0,0.0,0.0,0.0,33.66,0.0,0.0,0.0,66.34,0.0,0.0,0.0,0.0,0.0,52.0,0.0,0.0,0.0,48.0,0.0,0.0,0.99,0.0,0.0,27.72,0.0,0.0,0.0,71.29,0.0,0.0,0.0,0.0,0.0,39.0,0.0,0.0,0.0,61.0,0.0,0.0,0.0,0.0,0.0,42.0,0.0,0.0,0.0,58.0,0.98,0.0,0.0,0.0,0.0,46.08,0.0,0.0,0.0,52.94,0.0,0.0,0.0,0.0,0.0,0.0,0.0,0.0,0.0,100.0,0.0,0.0,0.0,0.0,0.0,0.0,0.0,0.0,0.0,100.0,1.0,0.0,0.0,18.0,0.0,0.0,0.0,0.0,0.0,81.0,0.0,0.0,0.0,0.0,0.0,0.0,0.0,0.0,0.0,100.0,0.0,0.0,0.0,0.0,0.0,0.0,0.0,0.0,0.0,100.0,1.0,0.0,2.0,0.0,0.0,0.0,0.0,0.0,0.0,97.0,0.0,0.0,0.0,0.0,0.0,0.0,0.0,0.0,0.0,100.0,0.0,0.0,0.0,0.0,0.0,0.0,0.0,0.0,0.0,100.0
101,0.0,0.0,0.0,0.0,0.0,89.0,0.0,0.0,0.0,11.0,0.0,0.0,0.0,0.0,0.0,100.0,0.0,0.0,0.0,0.0,0.0,0.0,0.98,0.0,0.0,88.24,0.0,0.0,0.0,10.78,0.0,0.0,0.0,0.0,0.0,65.0,0.0,0.0,0.0,35.0,0.0,0.0,0.97,0.0,0.0,94.17,0.0,0.0,0.0,4.85,0.0,0.0,0.0,0.0,0.0,83.5,0.0,0.0,0.0,16.5,0.0,0.0,0.0,0.0,0.0,76.62,0.0,0.0,0.0,23.38,0.0,0.0,0.0,0.0,0.0,100.0,0.0,0.0,0.0,0.0,0.0,0.0,0.0,0.0,0.0,61.62,0.0,0.0,0.0,38.38,0.0,0.0,1.01,0.0,0.0,15.15,0.0,0.0,0.0,83.84,0.0,0.0,0.0,1.01,0.0,32.32,0.0,0.0,0.0,66.67,0.0,0.0,0.0,0.0,0.0,51.0,0.0,0.0,0.0,49.0,1.0,0.0,0.0,2.0,0.0,27.0,0.0,0.0,0.0,70.0,0.0,0.0,0.0,0.0,0.0,34.69,0.0,0.0,0.0,65.31,0.0,0.0,0.0,0.0,0.0,42.57,0.0,0.0,0.0,57.43,0.0,0.0,0.0,0.0,0.0,45.45,0.0,0.0,0.0,54.55,0.0,0.0,0.0,0.0,0.0,0.0,0.0,0.0,0.0,100.0,1.01,0.0,0.0,0.0,0.0,0.0,0.0,0.0,0.0,98.99,0.0,0.0,1.0,17.0,0.0,0.0,0.0,0.0,0.0,82.0,0.0,0.0,1.0,0.0,0.0,0.0,0.0,0.0,0.0,99.0,0.0,0.0,0.0,0.0,0.0,0.0,0.0,0.0,0.0,100.0,0.0,0.0,0.0,0.0,0.0,0.0,0.0,0.0,0.0,100.0,0.0,0.0,0.0,0.0,0.0,0.0,0.0,0.0,0.0,100.0,0.0,0.0,0.0,0.0,0.0,0.0,0.0,0.0,0.0,100.0
102,0.0,0.0,0.0,0.0,0.0,90.0,0.0,0.0,0.0,10.0,0.0,0.0,0.0,0.0,0.0,100.0,0.0,0.0,0.0,0.0,0.0,0.0,0.0,0.0,0.0,90.2,0.0,0.0,0.0,9.8,0.0,0.0,0.0,0.0,0.0,64.58,0.0,0.0,0.0,35.42,0.0,0.0,0.0,0.0,0.0,95.1,0.0,0.0,0.0,4.9,0.0,0.0,0.0,0.0,0.0,84.0,0.0,0.0,0.0,16.0,0.0,0.0,0.0,0.0,0.0,78.82,0.0,0.0,0.0,21.18,0.0,0.0,0.0,0.0,0.0,100.0,0.0,0.0,0.0,0.0,0.0,0.0,1.04,0.0,0.0,61.46,0.0,0.0,0.0,37.5,1.0,0.0,1.0,0.0,0.0,15.0,0.0,0.0,0.0,83.0,0.0,0.0,0.0,2.02,0.0,32.32,0.0,0.0,0.0,65.66,0.0,0.0,0.0,0.0,0.0,47.47,0.0,0.0,0.0,52.53,0.0,0.0,0.0,11.22,0.0,28.57,0.0,0.0,0.0,60.2,0.99,0.0,0.0,0.0,0.0,34.65,0.0,0.0,0.0,64.36,0.0,0.0,0.0,0.0,0.0,41.41,0.0,0.0,0.0,58.59,0.0,0.0,0.0,0.0,0.0,46.0,0.0,0.0,0.0,54.0,0.0,0.0,0.0,0.0,0.0,0.0,0.0,0.0,0.0,100.0,0.0,0.0,0.0,0.0,0.0,0.0,0.0,0.0,0.0,100.0,1.02,0.0,0.0,0.0,0.0,0.0,0.0,0.0,0.0,98.98,1.0,0.0,0.0,0.0,0.0,0.0,0.0,0.0,0.0,99.0,0.0,0.0,0.99,0.0,0.0,0.0,0.0,0.0,0.0,99.01,0.0,0.0,0.99,0.0,0.0,0.0,0.0,0.0,0.0,99.01,0.0,0.0,0.0,0.0,0.0,0.0,0.0,0.0,0.0,100.0,0.0,0.0,0.0,0.0,0.0,0.0,0.0,0.0,0.0,100.0
103,0.0,0.0,0.0,0.0,0.0,90.0,0.0,0.0,0.0,10.0,0.0,0.0,0.0,0.0,0.0,100.0,0.0,0.0,0.0,0.0,0.0,0.0,0.0,0.0,0.0,89.0,0.0,0.0,0.0,11.0,0.0,0.0,0.0,0.0,0.0,65.35,0.0,0.0,0.0,34.65,0.0,0.0,0.0,0.0,0.0,94.06,0.0,0.0,0.0,5.94,0.0,0.0,0.0,0.0,0.0,83.0,0.0,0.0,0.0,17.0,1.04,0.0,0.0,0.0,0.0,79.17,0.0,0.0,0.0,19.79,0.0,0.0,0.0,0.0,0.0,100.0,0.0,0.0,0.0,0.0,0.0,0.0,0.0,0.0,0.0,61.62,0.0,0.0,0.0,38.38,1.0,0.0,0.0,0.0,0.0,15.0,0.0,0.0,0.0,84.0,0.0,0.0,0.0,0.0,0.0,32.0,0.0,0.0,0.0,68.0,0.0,0.0,0.0,0.0,0.0,47.0,0.0,0.0,0.0,53.0,0.0,0.0,0.0,9.0,0.0,30.0,0.0,0.0,0.0,61.0,0.0,0.0,0.0,0.0,0.0,36.63,0.0,0.0,0.0,63.37,0.0,0.0,0.0,0.0,0.0,42.42,0.0,0.0,0.0,57.58,0.0,0.0,0.0,0.0,0.0,45.45,0.0,0.0,0.0,54.55,1.01,0.0,0.0,5.05,0.0,0.0,0.0,0.0,0.0,93.94,0.0,0.0,0.0,0.0,0.0,0.0,0.0,0.0,0.0,100.0,0.0,0.0,0.99,0.0,0.0,0.0,0.0,0.0,0.0,99.01,1.01,0.0,1.01,0.0,0.0,0.0,0.0,0.0,0.0,97.98,0.0,0.0,0.0,0.0,0.0,0.0,0.0,0.0,0.0,100.0,0.0,0.0,0.0,0.0,0.0,0.0,0.0,0.0,0.0,100.0,0.99,0.0,0.99,0.0,0.0,0.0,0.0,0.0,0.0,98.02,0.0,0.0,0.0,0.0,0.0,0.0,0.0,0.0,0.0,100.0
104,0.0,0.0,0.0,0.0,0.0,87.76,0.0,0.0,0.0,12.24,0.0,0.0,0.0,0.0,0.0,100.0,0.0,0.0,0.0,0.0,0.0,0.0,0.0,0.0,0.0,88.12,0.0,0.0,0.0,11.88,0.0,0.0,0.0,0.0,0.0,63.64,0.0,0.0,0.0,36.36,0.0,0.0,0.0,0.0,0.0,92.23,0.0,0.0,0.0,7.77,0.0,0.0,0.0,0.0,0.0,83.33,0.0,0.0,0.0,16.67,0.0,0.0,0.0,0.0,0.0,80.65,0.0,0.0,0.0,19.35,0.0,0.0,0.0,0.0,0.0,100.0,0.0,0.0,0.0,0.0,0.0,0.0,0.0,0.0,0.0,62.63,0.0,0.0,0.0,37.37,0.0,0.0,0.0,0.0,0.0,15.31,0.0,0.0,0.0,84.69,0.99,0.0,0.99,0.0,0.0,29.7,0.0,0.0,0.0,68.32,0.0,0.0,0.0,0.0,0.0,46.46,0.0,0.0,0.0,53.54,1.01,0.0,0.0,0.0,0.0,27.27,0.0,0.0,0.0,71.72,0.0,0.0,0.0,0.0,0.0,35.35,0.0,0.0,0.0,64.65,0.0,0.0,0.0,0.0,0.0,42.0,0.0,0.0,0.0,58.0,1.01,0.0,0.0,0.0,0.0,44.44,0.0,0.0,0.0,54.55,0.0,0.0,1.0,18.0,0.0,0.0,0.0,0.0,0.0,81.0,0.0,0.0,1.0,0.0,0.0,0.0,0.0,0.0,0.0,99.0,1.0,0.0,2.0,1.0,0.0,0.0,0.0,0.0,0.0,96.0,0.0,0.0,1.0,0.0,0.0,0.0,0.0,0.0,0.0,99.0,0.0,0.0,0.0,0.0,0.0,0.0,0.0,0.0,0.0,100.0,0.0,0.0,0.0,0.0,0.0,0.0,0.0,0.0,0.0,100.0,0.0,0.0,0.0,0.0,0.0,0.0,0.0,0.0,0.0,100.0,0.0,0.0,0.0,0.0,0.0,0.0,0.0,0.0,0.0,100.0
105,0.99,0.0,0.0,0.0,0.0,91.09,0.0,0.0,0.0,7.92,0.0,0.0,0.0,0.0,0.0,100.0,0.0,0.0,0.0,0.0,0.0,0.0,0.0,0.0,0.0,89.0,0.0,0.0,0.0,11.0,0.0,0.0,0.0,0.0,0.0,65.0,0.0,0.0,0.0,35.0,0.0,0.0,0.0,0.0,0.0,95.1,0.0,0.0,0.0,4.9,0.0,0.0,0.0,0.0,0.0,84.0,0.0,0.0,0.0,16.0,0.0,0.0,0.0,0.0,0.0,80.0,0.0,0.0,0.0,20.0,0.0,0.0,0.0,0.0,0.0,100.0,0.0,0.0,0.0,0.0,0.0,0.0,0.0,0.0,0.0,62.63,0.0,0.0,0.0,37.37,1.94,0.0,0.97,0.97,0.0,15.53,0.0,0.0,0.0,80.58,0.0,0.0,0.0,0.0,0.0,31.63,0.0,0.0,0.0,68.37,0.0,0.0,0.0,0.0,0.0,49.0,0.0,0.0,0.0,51.0,0.0,0.0,0.0,0.0,0.0,28.28,0.0,0.0,0.0,71.72,0.0,0.0,0.0,0.0,0.0,39.0,0.0,0.0,0.0,61.0,0.0,0.0,0.0,0.0,0.0,42.42,0.0,0.0,0.0,57.58,0.0,0.0,0.0,0.0,0.0,47.0,0.0,0.0,0.0,53.0,0.0,0.0,0.0,18.0,0.0,0.0,0.0,0.0,0.0,82.0,1.01,0.0,0.0,0.0,0.0,0.0,0.0,0.0,0.0,98.99,0.0,0.0,0.0,0.0,0.0,0.0,0.0,0.0,0.0,100.0,0.0,0.0,0.0,0.0,0.0,0.0,0.0,0.0,0.0,100.0,0.99,0.0,0.0,0.0,0.0,0.0,0.0,0.0,0.0,99.01,0.99,0.0,0.0,0.0,0.0,0.0,0.0,0.0,0.0,99.01,0.0,0.0,0.0,0.0,0.0,0.0,0.0,0.0,0.0,100.0,0.99,0.0,0.0,0.0,0.0,0.0,0.0,0.0,0.0,99.01
106,0.0,0.0,0.0,0.0,0.0,91.0,0.0,0.0,0.0,9.0,0.0,0.0,0.0,0.0,0.0,100.0,0.0,0.0,0.0,0.0,0.0,0.0,0.0,0.0,0.0,90.0,0.0,0.0,0.0,10.0,0.0,0.0,0.0,0.0,0.0,64.36,0.0,0.0,0.0,35.64,0.0,0.0,0.0,0.0,0.0,94.12,0.0,0.0,0.0,5.88,0.0,0.0,0.0,0.0,0.0,83.51,0.0,0.0,0.0,16.49,0.0,0.0,0.0,0.0,0.0,82.0,0.0,0.0,0.0,18.0,0.0,0.0,0.0,0.0,0.0,100.0,0.0,0.0,0.0,0.0,0.0,0.0,0.0,0.0,0.0,61.86,0.0,0.0,0.0,38.14,1.0,0.0,1.0,0.0,0.0,15.0,0.0,0.0,0.0,83.0,0.99,0.0,0.0,0.0,0.0,33.66,0.0,0.0,0.0,65.35,0.0,0.0,0.0,0.0,0.0,51.52,0.0,0.0,0.0,48.48,1.01,0.0,0.0,0.0,0.0,28.28,0.0,0.0,0.0,70.71,0.0,0.0,0.0,0.0,0.0,39.0,0.0,0.0,0.0,61.0,1.0,0.0,2.0,0.0,0.0,41.0,0.0,0.0,0.0,56.0,0.0,0.0,0.0,0.0,0.0,45.45,0.0,0.0,0.0,54.55,0.0,0.0,0.0,12.12,0.0,1.01,0.0,0.0,0.0,86.87,0.0,0.0,1.0,0.0,0.0,0.0,0.0,0.0,0.0,99.0,1.0,0.0,0.0,5.0,0.0,0.0,0.0,0.0,0.0,94.0,0.0,0.0,0.0,0.0,0.0,0.0,0.0,0.0,0.0,100.0,0.0,0.0,0.0,0.0,0.0,0.0,0.0,0.0,0.0,100.0,0.0,0.0,0.0,0.0,0.0,0.0,0.0,0.0,0.0,100.0,0.0,0.0,0.0,0.0,0.0,0.0,0.0,0.0,0.0,100.0,0.0,0.0,0.0,0.0,0.0,0.0,0.0,0.0,0.0,100.0
107,0.0,0.0,0.0,0.0,0.0,92.0,0.0,0.0,0.0,8.0,0.0,0.0,0.0,0.0,0.0,100.0,0.0,0.0,0.0,0.0,0.0,0.0,0.0,0.0,0.0,88.89,0.0,0.0,0.0,11.11,0.0,0.0,0.0,0.0,0.0,64.65,0.0,0.0,0.0,35.35,0.0,0.0,0.0,0.0,0.0,94.12,0.0,0.0,0.0,5.88,0.0,0.0,0.0,0.0,0.0,84.16,0.0,0.0,0.0,15.84,0.0,0.0,0.0,0.0,0.0,79.76,0.0,0.0,0.0,20.24,0.0,0.0,0.0,0.0,0.0,100.0,0.0,0.0,0.0,0.0,0.0,0.0,0.0,0.0,0.0,61.22,0.0,0.0,0.0,38.78,0.0,0.0,0.0,0.0,0.0,16.0,0.0,0.0,0.0,84.0,0.0,0.0,1.01,0.0,0.0,32.32,0.0,0.0,0.0,66.67,0.0,0.0,0.0,0.0,0.0,50.5,0.0,0.0,0.0,49.5,1.0,0.0,0.0,3.0,0.0,29.0,0.0,0.0,0.0,67.0,0.0,0.0,0.0,0.0,0.0,41.58,0.0,0.0,0.0,58.42,0.0,0.0,1.02,0.0,0.0,42.86,0.0,0.0,0.0,56.12,0.0,0.0,0.0,0.0,0.0,45.45,0.0,0.0,0.0,54.55,0.0,0.0,0.0,2.02,0.0,0.0,0.0,0.0,0.0,97.98,0.0,0.0,0.0,9.0,0.0,0.0,0.0,0.0,0.0,91.0,0.0,0.0,0.0,3.03,0.0,0.0,0.0,0.0,0.0,96.97,0.0,0.0,0.0,0.0,0.0,0.0,0.0,0.0,0.0,100.0,0.0,0.0,0.0,0.0,0.0,0.0,0.0,0.0,0.0,100.0,0.0,0.0,0.0,0.0,0.0,0.0,0.0,0.0,0.0,100.0,0.0,0.0,1.0,0.0,0.0,0.0,0.0,0.0,0.0,99.0,0.0,0.0,0.0,0.0,0.0,0.0,0.0,0.0,0.0,100.0
108,0.0,0.0,0.0,0.0,0.0,88.0,0.0,0.0,0.0,12.0,0.0,0.0,0.0,0.0,0.0,100.0,0.0,0.0,0.0,0.0,0.0,0.0,0.0,0.0,0.0,89.11,0.0,0.0,0.0,10.89,0.0,0.0,1.0,0.0,0.0,63.0,0.0,0.0,0.0,36.0,0.0,0.0,0.0,0.0,0.0,93.14,0.0,0.0,0.0,6.86,0.0,0.0,0.0,0.0,0.0,82.83,0.0,0.0,0.0,17.17,0.0,0.0,0.0,0.0,0.0,78.65,0.0,0.0,0.0,21.35,0.0,0.0,0.0,0.0,0.0,100.0,0.0,0.0,0.0,0.0,0.0,0.0,0.0,0.0,0.0,63.37,0.0,0.0,0.0,36.63,2.0,0.0,1.0,0.0,0.0,15.0,0.0,0.0,0.0,82.0,0.0,0.0,0.0,0.0,0.0,31.63,0.0,0.0,0.0,68.37,0.0,0.0,0.0,0.0,0.0,49.0,0.0,0.0,0.0,51.0,1.01,0.0,0.0,6.06,0.0,28.28,0.0,0.0,0.0,64.65,0.0,0.0,0.0,0.0,0.0,40.0,0.0,0.0,0.0,60.0,0.99,0.0,0.0,4.95,0.0,41.58,0.0,0.0,0.0,52.48,1.02,0.0,0.0,0.0,0.0,43.88,0.0,0.0,0.0,55.1,0.0,0.0,0.99,0.0,0.0,0.0,0.0,0.0,0.0,99.01,0.0,0.0,1.0,0.0,0.0,0.0,0.0,0.0,0.0,99.0,0.0,0.0,0.0,0.0,0.0,0.0,0.0,0.0,0.0,100.0,0.98,0.0,0.98,0.0,0.0,0.0,0.0,0.0,0.0,98.04,0.0,0.0,0.0,0.0,0.0,0.0,0.0,0.0,0.0,100.0,0.0,0.0,0.0,0.0,0.0,0.0,0.0,0.0,0.0,100.0,0.0,0.0,0.0,0.0,0.0,0.0,0.0,0.0,0.0,100.0,0.0,0.0,0.0,0.0,0.0,0.0,0.0,0.0,0.0,100.0
109,0.0,0.0,0.0,0.0,0.0,89.0,0.0,0.0,0.0,11.0,0.0,0.0,0.0,0.0,0.0,100.0,0.0,0.0,0.0,0.0,0.0,0.0,0.0,0.0,0.0,89.11,0.0,0.0,0.0,10.89,0.0,0.0,0.0,0.0,0.0,64.71,0.0,0.0,0.0,35.29,0.0,0.0,0.0,0.0,0.0,93.2,0.0,0.0,0.0,6.8,0.0,0.0,0.0,0.0,0.0,83.17,0.0,0.0,0.0,16.83,0.0,0.0,0.0,0.0,0.0,80.22,0.0,0.0,0.0,19.78,0.0,0.0,0.0,0.0,0.0,100.0,0.0,0.0,0.0,0.0,0.0,0.0,0.0,0.0,0.0,62.0,0.0,0.0,0.0,38.0,1.01,0.0,1.01,0.0,0.0,14.14,0.0,0.0,0.0,83.84,0.98,0.0,0.98,0.0,0.0,31.37,0.0,0.0,0.0,66.67,0.0,0.0,0.0,0.0,0.0,50.49,0.0,0.0,0.0,49.51,0.0,0.0,1.0,4.0,0.0,28.0,0.0,0.0,0.0,67.0,0.0,0.0,0.0,0.0,0.0,40.0,0.0,0.0,0.0,60.0,1.0,0.0,1.0,7.0,0.0,42.0,0.0,0.0,0.0,49.0,0.0,0.0,0.98,0.0,0.0,46.08,0.0,0.0,0.0,52.94,1.0,0.0,0.0,0.0,0.0,0.0,0.0,0.0,0.0,99.0,0.0,0.0,0.0,0.0,0.0,0.0,0.0,0.0,0.0,100.0,0.99,0.0,0.99,0.0,0.0,0.0,0.0,0.0,0.0,98.02,0.0,0.0,0.0,0.0,0.0,0.0,0.0,0.0,0.0,100.0,0.0,0.0,0.0,0.0,0.0,0.0,0.0,0.0,0.0,100.0,0.0,0.0,1.0,0.0,0.0,0.0,0.0,0.0,0.0,99.0,0.0,0.0,0.0,0.0,0.0,0.0,0.0,0.0,0.0,100.0,0.0,0.0,0.0,0.0,0.0,0.0,0.0,0.0,0.0,100.0
110,0.0,0.0,0.0,0.0,0.0,90.91,0.0,0.0,0.0,9.09,0.0,0.0,0.0,0.0,0.0,100.0,0.0,0.0,0.0,0.0,0.0,0.0,0.0,0.0,0.0,88.89,0.0,0.0,0.0,11.11,0.0,0.0,0.0,0.0,0.0,62.89,0.0,0.0,0.0,37.11,0.0,0.0,0.0,0.0,0.0,94.06,0.0,0.0,0.0,5.94,0.0,0.0,1.0,0.0,0.0,82.0,0.0,0.0,0.0,17.0,0.0,0.0,0.0,0.0,0.0,78.65,0.0,0.0,0.0,21.35,0.0,0.0,0.0,0.0,0.0,100.0,0.0,0.0,0.0,0.0,0.0,0.0,0.0,0.0,0.0,62.63,0.0,0.0,0.0,37.37,1.0,0.0,1.0,0.0,0.0,15.0,0.0,0.0,0.0,83.0,0.0,0.0,0.0,0.0,0.0,31.31,0.0,0.0,0.0,68.69,0.0,0.0,0.0,0.0,0.0,49.0,0.0,0.0,0.0,51.0,1.01,0.0,0.0,1.01,0.0,28.28,0.0,0.0,0.0,69.7,0.0,0.0,0.0,0.0,0.0,40.59,0.0,0.0,0.0,59.41,0.0,0.0,0.0,10.0,0.0,41.0,0.0,0.0,0.0,49.0,0.0,0.0,0.0,0.0,0.0,44.33,0.0,0.0,0.0,55.67,0.0,0.0,1.0,0.0,0.0,0.0,0.0,0.0,0.0,99.0,0.0,0.0,0.0,0.0,0.0,0.0,0.0,0.0,0.0,100.0,0.0,0.0,0.0,0.0,0.0,0.0,0.0,0.0,0.0,100.0,0.0,0.0,0.0,0.0,0.0,0.0,0.0,0.0,0.0,100.0,0.0,0.0,0.0,0.0,0.0,0.0,0.0,0.0,0.0,100.0,0.0,0.0,0.0,0.0,0.0,0.0,0.0,0.0,0.0,100.0,0.0,0.0,0.99,0.0,0.0,0.0,0.0,0.0,0.0,99.01,0.0,0.0,0.0,0.0,0.0,0.0,0.0,0.0,0.0,100.0
111,0.0,0.0,0.0,0.0,0.0,88.0,0.0,0.0,0.0,12.0,0.0,0.0,0.0,0.0,0.0,100.0,0.0,0.0,0.0,0.0,0.0,0.0,0.0,0.0,0.0,87.88,0.0,0.0,0.0,12.12,0.99,0.0,0.0,0.0,0.0,64.36,0.0,0.0,0.0,34.65,0.0,0.0,0.0,0.0,0.0,94.0,0.0,0.0,0.0,6.0,0.0,0.0,0.0,0.0,0.0,83.0,0.0,0.0,0.0,17.0,0.0,0.0,0.0,0.0,0.0,81.82,0.0,0.0,0.0,18.18,0.0,0.0,0.0,0.0,0.0,100.0,0.0,0.0,0.0,0.0,0.0,0.0,0.0,0.0,0.0,61.62,0.0,0.0,0.0,38.38,0.0,0.0,0.0,0.0,0.0,16.0,0.0,0.0,0.0,84.0,0.0,0.0,0.0,0.0,0.0,33.33,0.0,0.0,0.0,66.67,0.0,0.0,0.99,0.0,0.0,53.47,0.0,0.0,0.0,45.54,0.0,0.0,0.0,8.08,0.0,28.28,0.0,0.0,0.0,63.64,0.0,0.0,0.0,0.0,0.0,39.39,0.0,0.0,0.0,60.61,1.0,0.0,0.0,0.0,0.0,43.0,0.0,0.0,0.0,56.0,0.0,0.0,0.0,0.0,0.0,45.54,0.0,0.0,0.0,54.46,1.01,0.0,0.0,5.05,0.0,0.0,0.0,0.0,0.0,93.94,1.0,0.0,0.0,1.0,0.0,0.0,0.0,0.0,0.0,98.0,0.0,0.0,0.0,0.0,0.0,0.99,0.0,0.0,0.0,99.01,0.0,0.0,0.0,0.0,0.0,0.0,0.0,0.0,0.0,100.0,0.0,0.0,0.0,0.0,0.0,0.0,0.0,0.0,0.0,100.0,0.99,0.0,0.99,0.0,0.0,0.0,0.0,0.0,0.0,98.02,0.0,0.0,0.0,0.0,0.0,0.0,0.0,0.0,0.0,100.0,0.0,0.0,0.0,0.0,0.0,0.0,0.0,0.0,0.0,100.0
112,0.0,0.0,0.0,0.0,0.0,91.09,0.0,0.0,0.0,8.91,0.0,0.0,0.0,0.0,0.0,100.0,0.0,0.0,0.0,0.0,0.0,0.0,0.0,0.0,0.0,90.0,0.0,0.0,0.0,10.0,0.0,0.0,0.0,0.0,0.0,65.0,0.0,0.0,0.0,35.0,0.0,0.0,0.0,0.0,0.0,96.04,0.0,0.0,0.0,3.96,0.0,0.0,0.0,0.0,0.0,84.16,0.0,0.0,0.0,15.84,0.0,0.0,0.0,0.0,0.0,82.83,0.0,0.0,0.0,17.17,0.0,0.0,0.0,0.0,0.0,100.0,0.0,0.0,0.0,0.0,0.0,0.0,0.0,0.0,0.0,61.86,0.0,0.0,0.0,38.14,0.0,0.0,0.0,0.0,0.0,15.15,0.0,0.0,0.0,84.85,1.0,0.0,0.0,0.0,0.0,34.0,0.0,0.0,0.0,65.0,0.0,0.0,0.0,0.0,0.0,53.0,0.0,0.0,0.0,47.0,1.0,0.0,1.0,0.0,0.0,29.0,0.0,0.0,0.0,69.0,1.0,0.0,0.0,0.0,0.0,38.0,0.0,0.0,0.0,61.0,0.0,0.0,0.0,0.0,0.0,44.44,0.0,0.0,0.0,55.56,0.99,0.0,0.0,0.0,0.0,45.54,0.0,0.0,0.0,53.47,1.01,0.0,0.0,5.05,0.0,0.0,0.0,0.0,0.0,93.94,0.0,0.0,1.0,13.0,0.0,0.0,0.0,0.0,0.0,86.0,0.0,0.0,0.0,0.0,0.0,0.0,0.0,0.0,0.0,100.0,0.0,0.0,0.0,0.0,0.0,0.0,0.0,0.0,0.0,100.0,0.0,0.0,0.0,0.0,0.0,0.0,0.0,0.0,0.0,100.0,0.0,0.0,0.0,0.0,0.0,0.0,0.0,0.0,0.0,100.0,0.0,0.0,0.0,0.0,0.0,0.0,0.0,0.0,0.0,100.0,0.0,0.0,0.0,0.0,0.0,0.0,0.0,0.0,0.0,100.0
113,0.0,0.0,0.0,0.0,0.0,93.0,0.0,0.0,0.0,7.0,0.0,0.0,0.0,0.0,0.0,100.0,0.0,0.0,0.0,0.0,0.0,0.0,0.0,0.0,0.0,88.89,0.0,0.0,0.0,11.11,0.0,0.0,0.0,0.0,0.0,65.0,0.0,0.0,0.0,35.0,0.0,0.0,0.0,0.0,0.0,96.08,0.0,0.0,0.0,3.92,0.0,0.0,0.0,0.0,0.0,85.0,0.0,0.0,0.0,15.0,0.0,0.0,0.0,0.0,0.0,83.84,0.0,0.0,0.0,16.16,0.0,0.0,0.0,0.0,0.0,100.0,0.0,0.0,0.0,0.0,0.0,0.0,0.0,0.0,0.0,63.64,0.0,0.0,0.0,36.36,0.99,0.0,0.0,0.0,0.0,15.84,0.0,0.0,0.0,83.17,0.0,0.0,1.0,3.0,0.0,33.0,0.0,0.0,0.0,63.0,0.0,0.0,0.0,0.0,0.0,53.54,0.0,0.0,0.0,46.46,0.0,0.0,1.0,0.0,0.0,30.0,0.0,0.0,0.0,69.0,0.0,0.0,0.0,0.0,0.0,37.0,0.0,0.0,0.0,63.0,1.01,0.0,1.01,2.02,0.0,42.42,0.0,0.0,0.0,53.54,0.0,0.0,0.0,0.0,0.0,45.92,0.0,0.0,0.0,54.08,0.0,0.0,0.0,9.09,0.0,0.0,0.0,0.0,0.0,90.91,1.0,0.0,0.0,0.0,0.0,0.0,0.0,0.0,0.0,99.0,0.0,0.0,1.0,0.0,0.0,0.0,0.0,0.0,0.0,99.0,0.0,0.0,0.0,0.0,0.0,0.0,0.0,0.0,0.0,100.0,0.0,0.0,1.0,0.0,0.0,0.0,0.0,0.0,0.0,99.0,0.0,0.0,0.0,0.0,0.0,0.0,0.0,0.0,0.0,100.0,0.99,0.0,0.0,0.0,0.0,0.0,0.0,0.0,0.0,99.01,0.0,0.0,0.0,0.0,0.0,0.0,0.0,0.0,0.0,100.0
114,0.0,0.0,0.0,0.0,0.0,86.87,0.0,0.0,0.0,13.13,0.0,0.0,0.0,0.0,0.0,100.0,0.0,0.0,0.0,0.0,0.0,0.0,0.0,0.0,0.0,88.0,0.0,0.0,0.0,12.0,0.0,0.0,0.0,0.0,0.0,64.0,0.0,0.0,0.0,36.0,0.0,0.0,0.0,0.0,0.0,94.0,0.0,0.0,0.0,6.0,0.0,0.0,0.0,0.0,0.0,82.83,0.0,0.0,0.0,17.17,0.0,0.0,0.0,0.0,0.0,80.81,0.0,0.0,0.0,19.19,0.0,0.0,0.0,0.0,0.0,100.0,0.0,0.0,0.0,0.0,0.0,0.0,0.0,0.0,0.0,62.38,0.0,0.0,0.0,37.62,0.98,0.0,0.98,0.0,0.0,15.69,0.0,0.0,0.0,82.35,1.0,0.0,0.0,7.0,0.0,31.0,0.0,0.0,0.0,61.0,0.0,0.0,0.0,0.0,0.0,50.98,0.0,0.0,0.0,49.02,0.0,0.0,0.0,5.0,0.0,29.0,0.0,0.0,0.0,66.0,0.0,0.0,0.0,0.0,0.0,36.36,0.0,0.0,0.0,63.64,0.0,0.0,0.0,0.0,0.0,42.42,0.0,0.0,0.0,57.58,1.01,0.0,0.0,0.0,0.0,44.44,0.0,0.0,0.0,54.55,1.0,0.0,1.0,0.0,0.0,0.0,0.0,0.0,0.0,98.0,0.0,0.0,0.0,0.0,0.0,0.0,0.0,0.0,0.0,100.0,1.0,0.0,0.0,0.0,0.0,0.0,0.0,0.0,0.0,99.0,1.0,0.0,1.0,0.0,0.0,0.0,0.0,0.0,0.0,98.0,1.0,0.0,0.0,0.0,0.0,0.0,0.0,0.0,0.0,99.0,0.0,0.0,0.0,0.0,0.0,0.0,0.0,0.0,0.0,100.0,0.0,0.0,0.0,0.0,0.0,0.0,0.0,0.0,0.0,100.0,0.0,0.0,0.0,0.0,0.0,0.0,0.0,0.0,0.0,100.0
115,0.0,0.0,0.0,0.0,0.0,86.87,0.0,0.0,0.0,13.13,0.0,0.0,0.0,0.0,0.0,100.0,0.0,0.0,0.0,0.0,0.0,0.0,0.0,0.0,0.0,88.0,0.0,0.0,0.0,12.0,0.0,0.0,0.0,0.0,0.0,64.29,0.0,0.0,0.0,35.71,0.0,0.0,0.0,0.0,0.0,94.12,0.0,0.0,0.0,5.88,0.0,0.0,0.0,0.0,0.0,83.84,0.0,0.0,0.0,16.16,0.0,0.0,0.0,0.0,0.0,81.82,0.0,0.0,0.0,18.18,0.0,0.0,0.0,0.0,0.0,100.0,0.0,0.0,0.0,0.0,0.0,0.0,0.0,0.0,0.0,60.42,0.0,0.0,0.0,39.58,0.0,0.0,0.0,0.0,0.0,15.15,0.0,0.0,0.0,84.85,0.0,0.0,0.0,12.0,0.0,32.0,0.0,0.0,0.0,56.0,0.0,0.0,0.0,0.0,0.0,49.0,0.0,0.0,0.0,51.0,0.99,0.0,0.0,0.0,0.0,28.71,0.0,0.0,0.0,70.3,0.0,0.0,0.0,0.0,0.0,35.35,0.0,0.0,0.0,64.65,1.0,0.0,2.0,0.0,0.0,43.0,0.0,0.0,0.0,54.0,0.0,0.0,0.0,0.0,0.0,45.92,0.0,0.0,0.0,54.08,2.02,0.0,0.0,0.0,0.0,0.0,0.0,0.0,0.0,97.98,0.0,0.0,0.0,0.0,0.0,0.0,0.0,0.0,0.0,100.0,1.0,0.0,0.0,0.0,0.0,0.0,0.0,0.0,0.0,99.0,0.0,0.0,0.0,0.0,0.0,0.0,0.0,0.0,0.0,100.0,0.0,0.0,0.99,0.0,0.0,0.0,0.0,0.0,0.0,99.01,0.0,0.0,0.0,0.0,0.0,0.0,0.0,0.0,0.0,100.0,0.0,0.0,0.0,0.0,0.0,0.0,0.0,0.0,0.0,100.0,0.0,0.0,0.0,0.0,0.0,0.0,0.0,0.0,0.0,100.0
116,0.0,0.0,0.0,0.0,0.0,90.0,0.0,0.0,0.0,10.0,0.0,0.0,0.0,0.0,0.0,100.0,0.0,0.0,0.0,0.0,0.0,0.0,0.0,0.0,0.0,89.0,0.0,0.0,0.0,11.0,0.0,0.0,0.0,0.0,0.0,64.65,0.0,0.0,0.0,35.35,0.0,0.0,0.0,0.0,0.0,95.1,0.0,0.0,0.0,4.9,0.0,0.0,0.0,0.0,0.0,83.67,0.0,0.0,0.0,16.33,0.0,0.0,0.0,0.0,0.0,81.82,0.0,0.0,0.0,18.18,0.0,0.0,0.0,0.0,0.0,100.0,0.0,0.0,0.0,0.0,0.0,0.0,0.0,0.0,0.0,62.63,0.0,0.0,0.0,37.37,1.0,0.0,0.0,0.0,0.0,15.0,0.0,0.0,0.0,84.0,0.0,0.0,0.0,0.0,0.0,32.0,0.0,0.0,0.0,68.0,0.0,0.0,0.0,0.0,0.0,50.5,0.0,0.0,0.0,49.5,0.0,0.0,0.0,13.0,0.0,28.0,0.0,0.0,0.0,59.0,0.0,0.0,0.0,0.0,0.0,37.37,0.0,0.0,0.0,62.63,1.0,0.0,0.0,0.0,0.0,43.0,0.0,0.0,0.0,56.0,0.99,0.0,0.0,0.0,0.0,45.54,0.0,0.0,0.0,53.47,0.0,0.0,0.0,0.0,0.0,0.0,0.0,0.0,0.0,100.0,0.99,0.0,0.99,0.0,0.0,0.0,0.0,0.0,0.0,98.02,0.0,0.0,0.0,0.0,0.0,0.0,0.0,0.0,0.0,100.0,0.0,0.0,0.0,0.0,0.0,0.0,0.0,0.0,0.0,100.0,0.0,0.0,0.0,0.0,0.0,0.0,0.0,0.0,0.0,100.0,0.0,0.0,0.99,0.0,0.0,0.0,0.0,0.0,0.0,99.01,0.0,0.0,0.0,0.0,0.0,0.0,0.0,0.0,0.0,100.0,0.0,0.0,0.0,0.0,0.0,0.0,0.0,0.0,0.0,100.0
117,0.0,0.0,0.0,0.0,0.0,90.1,0.0,0.0,0.0,9.9,0.0,0.0,0.0,0.0,0.0,100.0,0.0,0.0,0.0,0.0,0.0,0.0,0.0,0.0,0.0,91.09,0.0,0.0,0.0,8.91,0.0,0.0,0.0,0.0,0.0,64.36,0.0,0.0,0.0,35.64,0.0,0.0,0.0,0.0,0.0,95.1,0.0,0.0,0.0,4.9,0.0,0.0,0.0,0.0,0.0,83.0,0.0,0.0,0.0,17.0,0.0,0.0,0.0,0.0,0.0,83.0,0.0,0.0,0.0,17.0,0.0,0.0,0.0,0.0,0.0,100.0,0.0,0.0,0.0,0.0,1.01,0.0,1.01,0.0,0.0,60.61,0.0,0.0,0.0,37.37,0.0,0.0,0.0,0.0,0.0,16.83,0.0,0.0,0.0,83.17,1.0,0.0,0.0,0.0,0.0,33.0,0.0,0.0,0.0,66.0,0.0,0.0,0.0,0.0,0.0,52.53,0.0,0.0,0.0,47.47,0.0,0.0,0.0,12.12,0.0,28.28,0.0,0.0,0.0,59.6,0.0,0.0,0.0,0.0,0.0,38.61,0.0,0.0,0.0,61.39,0.99,0.0,0.99,0.0,0.0,41.58,0.0,0.0,0.0,56.44,0.0,0.0,0.0,0.0,0.0,46.46,0.0,0.0,0.0,53.54,1.01,0.0,0.0,0.0,0.0,0.0,0.0,0.0,0.0,98.99,0.0,0.0,0.0,0.0,0.0,0.0,0.0,0.0,0.0,100.0,2.0,0.0,0.0,0.0,0.0,0.0,0.0,0.0,0.0,98.0,0.0,0.0,0.0,0.0,0.0,0.0,0.0,0.0,0.0,100.0,0.0,0.0,0.0,0.0,0.0,0.0,0.0,0.0,0.0,100.0,0.0,0.0,0.0,0.0,0.0,0.0,0.0,0.0,0.0,100.0,0.0,0.0,0.0,0.0,0.0,0.0,0.0,0.0,0.0,100.0,0.0,0.0,0.99,0.0,0.0,0.0,0.0,0.0,0.0,99.01
118,0.0,0.0,0.0,0.0,0.0,85.0,0.0,0.0,0.0,15.0,0.0,0.0,0.0,0.0,0.0,100.0,0.0,0.0,0.0,0.0,0.0,0.0,0.0,0.0,0.0,89.0,0.0,0.0,0.0,11.0,0.0,0.0,0.0,0.0,0.0,64.36,0.0,0.0,0.0,35.64,0.0,0.0,0.0,0.0,0.0,93.14,0.0,0.0,0.0,6.86,0.0,0.0,0.0,0.0,0.0,83.0,0.0,0.0,0.0,17.0,0.0,0.0,0.0,0.0,0.0,80.81,0.0,0.0,0.0,19.19,0.0,0.0,0.0,0.0,0.0,100.0,0.0,0.0,0.0,0.0,0.0,0.0,0.0,0.0,0.0,59.38,0.0,0.0,0.0,40.62,0.99,0.0,0.99,0.0,0.0,14.85,0.0,0.0,0.0,83.17,0.0,0.0,0.0,5.94,0.0,32.67,0.0,0.0,0.0,61.39,0.0,0.0,0.0,0.0,0.0,50.5,0.0,0.0,0.0,49.5,0.0,0.0,0.0,6.19,0.0,27.84,0.0,0.0,0.0,65.98,0.0,0.0,0.0,0.0,0.0,38.38,0.0,0.0,0.0,61.62,1.0,0.0,1.0,1.0,0.0,40.0,0.0,0.0,0.0,57.0,0.0,0.0,0.0,0.0,0.0,45.0,0.0,0.0,0.0,55.0,0.99,0.0,0.99,0.0,0.0,0.0,0.0,0.0,0.0,98.02,0.0,0.0,0.0,0.0,0.0,0.0,0.0,0.0,0.0,100.0,0.0,0.0,1.0,0.0,0.0,0.0,0.0,0.0,0.0,99.0,0.99,0.0,0.99,0.0,0.0,0.0,0.0,0.0,0.0,98.02,0.0,0.0,0.0,0.0,0.0,0.0,0.0,0.0,0.0,100.0,0.0,0.0,0.0,0.0,0.0,0.0,0.0,0.0,0.0,100.0,0.0,0.0,0.0,0.0,0.0,0.0,0.0,0.0,0.0,100.0,0.0,0.0,0.0,0.0,0.0,0.0,0.0,0.0,0.0,100.0
119,0.0,0.0,0.0,0.0,0.0,89.0,0.0,0.0,0.0,11.0,0.0,0.0,0.0,0.0,0.0,100.0,0.0,0.0,0.0,0.0,0.0,0.0,0.0,0.0,0.0,90.0,0.0,0.0,0.0,10.0,0.0,0.0,0.0,0.0,0.0,64.0,0.0,0.0,0.0,36.0,0.0,0.0,0.0,0.0,0.0,94.12,0.0,0.0,0.0,5.88,0.0,0.0,0.0,0.0,0.0,83.84,0.0,0.0,0.0,16.16,0.0,0.0,0.0,0.0,0.0,82.35,0.0,0.0,0.0,17.65,0.0,0.0,0.0,0.0,0.0,100.0,0.0,0.0,0.0,0.0,0.0,0.0,0.0,0.0,0.0,61.22,0.0,0.0,0.0,38.78,0.0,0.0,0.0,0.0,0.0,14.29,0.0,0.0,0.0,85.71,1.0,0.0,1.0,8.0,0.0,31.0,0.0,0.0,0.0,59.0,0.0,0.0,0.0,0.0,0.0,53.0,0.0,0.0,0.0,47.0,0.99,0.0,0.0,0.0,0.0,28.71,0.0,0.0,0.0,70.3,0.0,0.0,0.0,0.0,0.0,40.0,0.0,0.0,0.0,60.0,0.0,0.0,0.0,3.03,0.0,41.41,0.0,0.0,0.0,55.56,0.0,0.0,0.0,0.0,0.0,44.9,0.0,0.0,0.0,55.1,0.0,0.0,0.0,0.0,0.0,0.0,0.0,0.0,0.0,100.0,0.0,0.0,0.0,0.0,0.0,0.0,0.0,0.0,0.0,100.0,1.01,0.0,0.0,0.0,0.0,0.0,0.0,0.0,0.0,98.99,0.0,0.0,1.0,0.0,0.0,0.0,0.0,0.0,0.0,99.0,0.0,0.0,0.0,0.0,0.0,0.0,0.0,0.0,0.0,100.0,0.0,0.0,0.99,0.0,0.0,0.0,0.0,0.0,0.0,99.01,0.0,0.0,0.0,0.0,0.0,0.0,0.0,0.0,0.0,100.0,0.0,0.0,0.0,0.0,0.0,0.0,0.0,0.0,0.0,100.0
120,0.0,0.0,0.0,0.0,0.0,88.12,0.0,0.0,0.0,11.88,0.0,0.0,0.0,0.0,0.0,100.0,0.0,0.0,0.0,0.0,0.0,0.0,0.0,0.0,0.0,90.0,0.0,0.0,0.0,10.0,0.0,0.0,1.01,0.0,0.0,64.65,0.0,0.0,0.0,34.34,0.0,0.0,0.0,0.0,0.0,93.14,0.0,0.0,0.0,6.86,0.0,0.0,0.0,0.0,0.0,83.33,0.0,0.0,0.0,16.67,0.0,0.0,0.0,0.0,0.0,80.61,0.0,0.0,0.0,19.39,0.0,0.0,0.0,0.0,0.0,100.0,0.0,0.0,0.0,0.0,1.02,0.0,0.0,0.0,0.0,60.2,0.0,0.0,0.0,38.78,0.0,0.0,0.0,0.0,0.0,15.84,0.0,0.0,0.0,84.16,0.0,0.0,0.0,2.97,0.0,31.68,0.0,0.0,0.0,65.35,1.0,0.0,0.0,0.0,0.0,49.0,0.0,0.0,0.0,50.0,0.0,0.0,1.0,0.0,0.0,29.0,0.0,0.0,0.0,70.0,0.0,0.0,0.0,0.0,0.0,36.0,0.0,0.0,0.0,64.0,0.0,0.0,0.0,8.16,0.0,40.82,0.0,0.0,0.0,51.02,0.0,0.0,0.0,0.0,0.0,45.1,0.0,0.0,0.0,54.9,0.0,0.0,0.0,0.0,0.0,0.0,0.0,0.0,0.0,100.0,0.99,0.0,0.0,0.0,0.0,0.0,0.0,0.0,0.0,99.01,2.0,0.0,0.0,0.0,0.0,0.0,0.0,0.0,0.0,98.0,0.0,0.0,0.0,0.0,0.0,0.0,0.0,0.0,0.0,100.0,0.0,0.0,0.0,0.0,0.0,0.0,0.0,0.0,0.0,100.0,1.0,0.0,0.0,0.0,0.0,0.0,0.0,0.0,0.0,99.0,0.0,0.0,0.0,0.0,0.0,0.0,0.0,0.0,0.0,100.0,0.0,0.0,0.0,0.0,0.0,0.0,0.0,0.0,0.0,100.0
121,0.0,0.0,0.0,0.0,0.0,91.09,0.0,0.0,0.0,8.91,0.0,0.0,0.0,0.0,0.0,100.0,0.0,0.0,0.0,0.0,0.0,0.0,0.0,0.0,0.0,90.91,0.0,0.0,0.0,9.09,0.0,0.0,0.96,0.0,0.0,65.38,0.0,0.0,0.0,33.65,0.0,0.0,0.97,0.0,0.0,94.17,0.0,0.0,0.0,4.85,0.0,0.0,0.0,0.0,0.0,83.84,0.0,0.0,0.0,16.16,0.0,0.0,0.0,0.0,0.0,82.65,0.0,0.0,0.0,17.35,0.0,0.0,0.0,0.0,0.0,100.0,0.0,0.0,0.0,0.0,0.0,0.0,1.03,0.0,0.0,59.79,0.0,0.0,0.0,39.18,0.0,0.0,0.0,0.0,0.0,16.0,0.0,0.0,0.0,84.0,0.99,0.0,0.99,4.95,0.0,31.68,0.0,0.0,0.0,61.39,0.0,0.0,0.0,0.0,0.0,50.5,0.0,0.0,0.0,49.5,1.0,0.0,0.0,0.0,0.0,31.0,0.0,0.0,0.0,68.0,0.0,0.0,0.0,0.0,0.0,36.36,0.0,0.0,0.0,63.64,0.0,0.0,0.99,5.94,0.0,41.58,0.0,0.0,0.0,51.49,0.0,0.0,0.0,0.0,0.0,46.0,0.0,0.0,0.0,54.0,1.01,0.0,0.0,0.0,0.0,0.0,0.0,0.0,0.0,98.99,0.0,0.0,1.0,0.0,0.0,0.0,0.0,0.0,0.0,99.0,0.0,0.0,0.0,0.0,0.0,0.0,0.0,0.0,0.0,100.0,0.0,0.0,0.0,0.0,0.0,0.0,0.0,0.0,0.0,100.0,0.0,0.0,0.0,0.0,0.0,0.0,0.0,0.0,0.0,100.0,0.0,0.0,1.0,0.0,0.0,0.0,0.0,0.0,0.0,99.0,0.0,0.0,0.0,0.0,0.0,0.0,0.0,0.0,0.0,100.0,0.0,0.0,0.0,0.0,0.0,0.0,0.0,0.0,0.0,100.0
122,0.0,0.0,0.0,0.0,0.0,91.09,0.0,0.0,0.0,8.91,0.0,0.0,0.0,0.0,0.0,100.0,0.0,0.0,0.0,0.0,0.0,0.0,0.0,0.0,0.0,91.0,0.0,0.0,0.0,9.0,0.0,0.0,0.0,0.0,0.0,65.0,0.0,0.0,0.0,35.0,0.0,0.0,0.0,0.0,0.0,96.04,0.0,0.0,0.0,3.96,0.0,0.0,0.0,0.0,0.0,83.84,0.0,0.0,0.0,16.16,0.0,0.0,0.0,0.0,0.0,82.18,0.0,0.0,0.0,17.82,0.0,0.0,0.0,0.0,0.0,100.0,0.0,0.0,0.0,0.0,0.0,0.0,0.0,0.0,0.0,61.62,0.0,0.0,0.0,38.38,1.0,0.0,0.0,0.0,0.0,14.0,0.0,0.0,0.0,85.0,1.0,0.0,1.0,0.0,0.0,32.0,0.0,0.0,0.0,66.0,1.0,0.0,0.0,0.0,0.0,48.0,0.0,0.0,0.0,51.0,0.99,0.0,0.99,6.93,0.0,30.69,0.0,0.0,0.0,60.4,0.0,0.0,0.0,0.0,0.0,36.63,0.0,0.0,0.0,63.37,1.02,0.0,0.0,4.08,0.0,41.84,0.0,0.0,0.0,53.06,0.0,0.0,0.0,0.0,0.0,45.0,0.0,0.0,0.0,55.0,0.0,0.0,0.0,1.02,0.0,0.0,0.0,0.0,0.0,98.98,0.99,0.0,0.0,0.0,0.0,0.0,0.0,0.0,0.0,99.01,0.0,0.0,0.0,0.0,0.0,0.0,0.0,0.0,0.0,100.0,0.99,0.0,0.0,0.0,0.0,0.0,0.0,0.0,0.0,99.01,0.0,0.0,0.0,0.0,0.0,0.0,0.0,0.0,0.0,100.0,0.0,0.0,0.0,0.0,0.0,0.0,0.0,0.0,0.0,100.0,0.0,0.0,0.0,0.0,0.0,0.0,0.0,0.0,0.0,100.0,0.0,0.0,0.0,0.0,0.0,0.0,0.0,0.0,0.0,100.0
123,0.0,0.0,0.0,0.0,0.0,91.92,0.0,0.0,0.0,8.08,0.0,0.0,0.0,0.0,0.0,100.0,0.0,0.0,0.0,0.0,0.0,0.0,0.0,0.0,0.0,90.0,0.0,0.0,0.0,10.0,0.0,0.0,0.0,0.0,0.0,65.35,0.0,0.0,0.0,34.65,0.0,0.0,0.0,0.0,0.0,95.05,0.0,0.0,0.0,4.95,0.0,0.0,0.0,0.0,0.0,83.51,0.0,0.0,0.0,16.49,0.0,0.0,0.0,0.0,0.0,81.63,0.0,0.0,0.0,18.37,0.0,0.0,0.0,0.0,0.0,100.0,0.0,0.0,0.0,0.0,0.0,0.0,0.0,0.0,0.0,62.24,0.0,0.0,0.0,37.76,0.0,0.0,0.0,0.0,0.0,15.84,0.0,0.0,0.0,84.16,0.0,0.0,0.0,0.0,0.0,32.65,0.0,0.0,0.0,67.35,0.0,0.0,0.0,0.0,0.0,47.47,0.0,0.0,0.0,52.53,1.01,0.0,1.01,0.0,0.0,29.29,0.0,0.0,0.0,68.69,0.0,0.0,0.0,0.0,0.0,36.63,0.0,0.0,0.0,63.37,0.0,0.0,0.0,0.0,0.0,42.42,0.0,0.0,0.0,57.58,0.0,0.0,0.0,0.0,0.0,46.0,0.0,0.0,0.0,54.0,0.0,0.0,0.99,17.82,0.0,0.0,0.0,0.0,0.0,81.19,0.0,0.0,1.01,0.0,0.0,0.0,0.0,0.0,0.0,98.99,0.0,0.0,0.0,0.0,0.0,0.0,0.0,0.0,0.0,100.0,0.0,0.0,0.0,0.0,0.0,0.0,0.0,0.0,0.0,100.0,0.0,0.0,0.0,0.0,0.0,0.0,0.0,0.0,0.0,100.0,0.0,0.0,1.01,0.0,0.0,0.0,0.0,0.0,0.0,98.99,1.0,0.0,0.0,0.0,0.0,0.0,0.0,0.0,0.0,99.0,0.0,0.0,0.0,0.0,0.0,0.0,0.0,0.0,0.0,100.0
124,0.0,0.0,0.0,0.0,0.0,91.84,0.0,0.0,0.0,8.16,0.0,0.0,0.0,0.0,0.0,100.0,0.0,0.0,0.0,0.0,0.0,0.0,0.0,0.0,0.0,89.8,0.0,0.0,0.0,10.2,0.0,0.0,0.0,0.0,0.0,65.0,0.0,0.0,0.0,35.0,0.0,0.0,0.0,0.0,0.0,96.0,0.0,0.0,0.0,4.0,0.0,0.0,0.0,0.0,0.0,84.85,0.0,0.0,0.0,15.15,0.0,0.0,0.0,0.0,0.0,82.69,0.0,0.0,0.0,17.31,0.0,0.0,0.0,0.0,0.0,100.0,0.0,0.0,0.0,0.0,0.0,0.0,0.0,0.0,0.0,62.0,0.0,0.0,0.0,38.0,0.0,0.0,0.0,0.0,0.0,14.14,0.0,0.0,0.0,85.86,1.01,0.0,1.01,0.0,0.0,31.31,0.0,0.0,0.0,66.67,0.0,0.0,0.0,0.0,0.0,48.51,0.0,0.0,0.0,51.49,0.98,0.0,0.0,0.0,0.0,32.35,0.0,0.0,0.0,66.67,0.0,0.0,0.0,0.0,0.0,36.63,0.0,0.0,0.0,63.37,0.0,0.0,0.0,0.0,0.0,42.57,0.0,0.0,0.0,57.43,0.0,0.0,0.0,0.0,0.0,45.54,0.0,0.0,0.0,54.46,1.03,0.0,0.0,5.15,0.0,0.0,0.0,0.0,0.0,93.81,0.0,0.0,0.0,6.12,0.0,0.0,0.0,0.0,0.0,93.88,0.0,0.0,0.0,5.1,0.0,0.0,0.0,0.0,0.0,94.9,0.0,0.0,1.0,0.0,0.0,0.0,0.0,0.0,0.0,99.0,0.0,0.0,0.0,0.0,0.0,0.0,0.0,0.0,0.0,100.0,0.0,0.0,0.99,0.0,0.0,0.0,0.0,0.0,0.0,99.01,0.0,0.0,0.0,0.0,0.0,0.0,0.0,0.0,0.0,100.0,0.0,0.0,0.0,0.0,0.0,0.0,0.0,0.0,0.0,100.0
125,0.0,0.0,0.0,0.0,0.0,90.2,0.0,0.0,0.0,9.8,0.0,0.0,0.0,0.0,0.0,100.0,0.0,0.0,0.0,0.0,0.0,0.0,0.0,0.0,0.0,91.0,0.0,0.0,0.0,9.0,0.0,0.0,0.0,0.0,0.0,66.0,0.0,0.0,0.0,34.0,0.0,0.0,0.0,0.0,0.0,95.15,0.0,0.0,0.0,4.85,0.0,0.0,0.0,0.0,0.0,84.16,0.0,0.0,0.0,15.84,0.0,0.0,0.0,0.0,0.0,81.19,0.0,0.0,0.0,18.81,0.0,0.0,0.0,0.0,0.0,100.0,0.0,0.0,0.0,0.0,0.0,0.0,0.0,0.0,0.0,60.82,0.0,0.0,0.0,39.18,0.0,0.0,0.0,0.0,0.0,15.15,0.0,0.0,0.0,84.85,1.0,0.0,0.0,0.0,0.0,32.0,0.0,0.0,0.0,67.0,0.0,0.0,0.99,0.0,0.0,47.52,0.0,0.0,0.0,51.49,0.0,0.0,0.0,0.0,0.0,29.9,0.0,0.0,0.0,70.1,0.0,0.0,0.0,0.0,0.0,35.35,0.0,0.0,0.0,64.65,0.0,0.0,1.01,0.0,0.0,41.41,0.0,0.0,0.0,57.58,0.0,0.0,0.0,0.0,0.0,46.46,0.0,0.0,0.0,53.54,3.03,0.0,0.0,0.0,0.0,0.0,0.0,0.0,0.0,96.97,0.0,0.0,1.01,0.0,0.0,0.0,0.0,0.0,0.0,98.99,0.99,0.0,0.99,17.82,0.0,0.0,0.0,0.0,0.0,80.2,0.0,0.0,0.0,0.0,0.0,0.0,0.0,0.0,0.0,100.0,0.0,0.0,0.99,0.0,0.0,0.0,0.0,0.0,0.0,99.01,0.0,0.0,0.0,0.0,0.0,0.0,0.0,0.0,0.0,100.0,0.0,0.0,0.0,0.0,0.0,0.0,0.0,0.0,0.0,100.0,0.0,0.0,0.0,0.0,0.0,0.0,0.0,0.0,0.0,100.0
126,0.0,0.0,0.0,0.0,0.0,94.06,0.0,0.0,0.0,5.94,0.0,0.0,0.0,0.0,0.0,100.0,0.0,0.0,0.0,0.0,0.0,0.0,0.0,0.0,0.0,89.9,0.0,0.0,0.0,10.1,0.0,0.0,0.0,0.0,0.0,65.0,0.0,0.0,0.0,35.0,0.0,0.0,0.0,0.0,0.0,97.0,0.0,0.0,0.0,3.0,0.0,0.0,0.0,0.0,0.0,84.85,0.0,0.0,0.0,15.15,0.0,0.0,0.0,0.0,0.0,83.33,0.0,0.0,0.0,16.67,0.0,0.0,0.0,0.0,0.0,100.0,0.0,0.0,0.0,0.0,0.0,0.0,0.0,0.0,0.0,61.05,0.0,0.0,0.0,38.95,0.0,0.0,0.0,0.0,0.0,15.0,0.0,0.0,0.0,85.0,0.99,0.0,1.98,0.0,0.0,31.68,0.0,0.0,0.0,65.35,0.0,0.0,0.0,0.0,0.0,48.98,0.0,0.0,0.0,51.02,0.0,0.0,0.0,0.0,0.0,31.0,0.0,0.0,0.0,69.0,0.0,0.0,0.0,0.0,0.0,38.61,0.0,0.0,0.0,61.39,1.0,0.0,0.0,0.0,0.0,42.0,0.0,0.0,0.0,57.0,0.0,0.0,0.0,0.0,0.0,48.04,0.0,0.0,0.0,51.96,0.0,0.0,0.0,0.0,0.0,0.0,0.0,0.0,0.0,100.0,0.99,0.0,0.99,7.92,0.0,0.0,0.0,0.0,0.0,90.1,1.01,0.0,1.01,9.09,0.0,0.0,0.0,0.0,0.0,88.89,1.0,0.0,0.0,0.0,0.0,0.0,0.0,0.0,0.0,99.0,1.0,0.0,0.0,0.0,0.0,0.0,0.0,0.0,0.0,99.0,0.0,0.0,0.0,0.0,0.0,0.0,0.0,0.0,0.0,100.0,0.0,0.0,0.0,0.0,0.0,0.0,0.0,0.0,0.0,100.0,0.0,0.0,0.0,0.0,0.0,0.0,0.0,0.0,0.0,100.0
127,0.0,0.0,0.0,0.0,0.0,90.72,0.0,0.0,0.0,9.28,0.0,0.0,0.0,0.0,0.0,100.0,0.0,0.0,0.0,0.0,0.0,0.0,0.0,0.0,0.0,89.69,0.0,0.0,0.0,10.31,0.96,0.0,0.0,0.0,0.0,64.42,0.0,0.0,0.0,34.62,0.0,0.0,0.0,0.0,0.0,95.1,0.0,0.0,0.0,4.9,0.0,0.0,0.0,0.0,0.0,84.38,0.0,0.0,0.0,15.62,0.0,0.0,0.0,0.0,0.0,81.19,0.0,0.0,0.0,18.81,0.0,0.0,0.0,0.0,0.0,100.0,0.0,0.0,0.0,0.0,0.0,0.0,0.0,0.0,0.0,61.62,0.0,0.0,0.0,38.38,0.0,0.0,0.0,0.0,0.0,14.29,0.0,0.0,0.0,85.71,0.99,0.0,0.0,0.0,0.0,33.66,0.0,0.0,0.0,65.35,0.0,0.0,0.0,0.0,0.0,48.51,0.0,0.0,0.0,51.49,1.0,0.0,0.0,0.0,0.0,29.0,0.0,0.0,0.0,70.0,0.0,0.0,0.0,0.0,0.0,37.37,0.0,0.0,0.0,62.63,0.0,0.0,0.0,0.0,0.0,41.41,0.0,0.0,0.0,58.59,0.0,0.0,0.0,0.0,0.0,47.0,0.0,0.0,0.0,53.0,1.0,0.0,0.0,11.0,0.0,0.0,0.0,0.0,0.0,88.0,1.02,0.0,0.0,0.0,0.0,0.0,0.0,0.0,0.0,98.98,0.0,0.0,0.0,7.07,0.0,0.0,0.0,0.0,0.0,92.93,0.0,0.0,0.0,0.0,0.0,0.0,0.0,0.0,0.0,100.0,0.0,0.0,0.0,0.0,0.0,0.0,0.0,0.0,0.0,100.0,1.0,0.0,0.0,0.0,0.0,0.0,0.0,0.0,0.0,99.0,0.0,0.0,0.0,0.0,0.0,0.0,0.0,0.0,0.0,100.0,0.0,0.0,0.0,0.0,0.0,0.0,0.0,0.0,0.0,100.0
128,0.0,0.0,0.0,0.0,0.0,92.0,0.0,0.0,0.0,8.0,0.0,0.0,0.0,0.0,0.0,100.0,0.0,0.0,0.0,0.0,0.0,0.0,0.0,0.0,0.0,90.72,0.0,0.0,0.0,9.28,0.0,0.0,0.0,0.0,0.0,65.69,0.0,0.0,0.0,34.31,0.0,0.0,0.0,0.0,0.0,95.96,0.0,0.0,0.0,4.04,0.0,0.0,0.0,0.0,0.0,85.15,0.0,0.0,0.0,14.85,0.0,0.0,0.0,0.0,0.0,82.0,0.0,0.0,0.0,18.0,0.0,0.0,0.0,0.0,0.0,100.0,0.0,0.0,0.0,0.0,1.02,0.0,2.04,0.0,0.0,61.22,0.0,0.0,0.0,35.71,0.0,0.0,0.0,0.0,0.0,15.0,0.0,0.0,0.0,85.0,0.0,0.0,0.99,0.0,0.0,33.66,0.0,0.0,0.0,65.35,0.0,0.0,0.0,0.0,0.0,54.0,0.0,0.0,0.0,46.0,0.0,0.0,1.0,0.0,0.0,30.0,0.0,0.0,0.0,69.0,0.0,0.0,0.0,0.0,0.0,41.0,0.0,0.0,0.0,59.0,0.0,0.0,0.0,0.0,0.0,42.42,0.0,0.0,0.0,57.58,0.0,0.0,0.0,0.0,0.0,46.53,0.0,0.0,0.0,53.47,0.0,0.0,0.0,4.04,0.0,0.0,0.0,0.0,0.0,95.96,0.0,0.0,0.0,0.0,0.0,0.0,0.0,0.0,0.0,100.0,1.01,0.0,0.0,13.13,0.0,0.0,0.0,0.0,0.0,85.86,1.01,0.0,0.0,0.0,0.0,0.0,0.0,0.0,0.0,98.99,0.0,0.0,0.0,0.0,0.0,0.0,0.0,0.0,0.0,100.0,0.0,0.0,1.01,0.0,0.0,0.0,0.0,0.0,0.0,98.99,0.0,0.0,0.0,0.0,0.0,0.0,0.0,0.0,0.0,100.0,3.96,0.0,1.98,0.0,0.0,0.0,0.0,0.0,0.0,94.06
129,0.0,0.0,0.0,0.0,0.0,89.9,0.0,0.0,0.0,10.1,0.0,0.0,0.0,0.0,0.0,100.0,0.0,0.0,0.0,0.0,0.0,0.0,0.0,0.0,0.0,90.0,0.0,0.0,0.0,10.0,0.0,0.0,0.0,0.0,0.0,64.29,0.0,0.0,0.0,35.71,0.97,0.0,0.97,0.0,0.0,92.23,0.0,0.0,0.0,5.83,0.0,0.0,0.0,0.0,0.0,83.0,0.0,0.0,0.0,17.0,0.0,0.0,0.0,0.0,0.0,82.0,0.0,0.0,0.0,18.0,0.0,0.0,0.0,0.0,0.0,100.0,0.0,0.0,0.0,0.0,0.0,0.0,0.0,0.0,0.0,61.0,0.0,0.0,0.0,39.0,0.0,0.0,0.0,0.0,0.0,15.0,0.0,0.0,0.0,85.0,0.0,0.0,0.0,0.0,0.0,31.31,0.0,0.0,0.0,68.69,0.99,0.0,0.0,0.0,0.0,51.49,0.0,0.0,0.0,47.52,1.03,0.0,0.0,0.0,0.0,35.05,0.0,0.0,0.0,63.92,0.0,0.0,0.0,0.0,0.0,42.86,0.0,0.0,0.0,57.14,0.0,0.0,1.01,0.0,0.0,41.41,0.0,0.0,0.0,57.58,0.0,0.0,0.0,0.0,0.0,44.0,0.0,0.0,0.0,56.0,0.0,0.0,1.01,0.0,0.0,0.0,0.0,0.0,0.0,98.99,0.0,0.0,0.0,0.0,0.0,0.0,0.0,0.0,0.0,100.0,0.99,0.0,0.99,17.82,0.0,0.0,0.0,0.0,0.0,80.2,0.0,0.0,0.0,0.0,0.0,0.0,0.0,0.0,0.0,100.0,0.0,0.0,0.99,0.0,0.0,0.0,0.0,0.0,0.0,99.01,0.0,0.0,0.0,0.0,0.0,0.0,0.0,0.0,0.0,100.0,0.0,0.0,0.0,0.0,0.0,0.0,0.0,0.0,0.0,100.0,4.0,0.0,1.0,0.0,0.0,0.0,0.0,0.0,0.0,95.0
130,0.0,0.0,0.0,0.0,0.0,91.09,0.0,0.0,0.0,8.91,0.0,0.0,0.0,0.0,0.0,100.0,0.0,0.0,0.0,0.0,0.0,0.0,0.0,0.0,0.0,88.35,0.0,0.0,0.0,11.65,0.0,0.0,0.98,0.0,0.0,65.69,0.0,0.0,0.0,33.33,0.0,0.0,0.0,0.0,0.0,93.14,0.0,0.0,0.0,6.86,0.0,0.0,0.0,0.0,0.0,81.82,0.0,0.0,0.0,18.18,0.0,0.0,0.0,0.0,0.0,82.0,0.0,0.0,0.0,18.0,0.0,0.0,0.0,0.0,0.0,100.0,0.0,0.0,0.0,0.0,0.0,0.0,0.0,0.0,0.0,62.0,0.0,0.0,0.0,38.0,0.0,0.0,0.0,0.0,0.0,15.15,0.0,0.0,0.0,84.85,1.0,0.0,1.0,0.0,0.0,31.0,0.0,0.0,0.0,67.0,0.0,0.0,0.0,0.0,0.0,51.52,0.0,0.0,0.0,48.48,0.99,0.0,0.0,0.0,0.0,35.64,0.0,0.0,0.0,63.37,0.0,0.0,0.0,0.0,0.0,43.0,0.0,0.0,0.0,57.0,0.0,0.0,0.0,0.0,0.0,42.42,0.0,0.0,0.0,57.58,0.0,0.0,0.0,0.0,0.0,41.58,0.0,0.0,0.0,58.42,0.0,0.0,0.0,0.0,0.0,0.0,0.0,0.0,0.0,100.0,0.0,0.0,1.0,0.0,0.0,0.0,0.0,0.0,0.0,99.0,0.0,0.0,0.0,18.37,0.0,0.0,0.0,0.0,0.0,81.63,0.0,0.0,0.0,0.0,0.0,0.0,0.0,0.0,0.0,100.0,0.0,0.0,0.0,0.0,0.0,0.0,0.0,0.0,0.0,100.0,0.0,0.0,0.0,0.0,0.0,0.0,0.0,0.0,0.0,100.0,0.0,0.0,1.0,0.0,0.0,0.0,0.0,0.0,0.0,99.0,0.0,0.0,0.0,0.0,0.0,0.0,0.0,0.0,0.0,100.0
131,0.0,0.0,0.0,0.0,0.0,88.0,0.0,0.0,0.0,12.0,0.0,0.0,0.0,0.0,0.0,100.0,0.0,0.0,0.0,0.0,0.0,0.0,0.0,0.0,0.0,86.87,0.0,0.0,0.0,13.13,0.0,0.0,0.0,0.0,0.0,64.65,0.0,0.0,0.0,35.35,0.0,0.0,0.0,0.0,0.0,92.16,0.0,0.0,0.0,7.84,0.0,0.0,0.0,0.0,0.0,80.65,0.0,0.0,0.0,19.35,0.0,0.0,0.0,0.0,0.0,80.61,0.0,0.0,0.0,19.39,0.0,0.0,0.0,0.0,0.0,100.0,0.0,0.0,0.0,0.0,0.0,0.0,0.0,0.0,0.0,60.61,0.0,0.0,0.0,39.39,0.98,0.0,0.98,0.0,0.0,14.71,0.0,0.0,0.0,83.33,0.0,0.0,0.0,0.0,0.0,31.63,0.0,0.0,0.0,68.37,0.99,0.0,0.0,0.0,0.0,52.48,0.0,0.0,0.0,46.53,0.0,0.0,1.01,0.0,0.0,35.35,0.0,0.0,0.0,63.64,0.0,0.0,0.0,0.0,0.0,42.0,0.0,0.0,0.0,58.0,1.02,0.0,0.0,0.0,0.0,41.84,0.0,0.0,0.0,57.14,0.0,0.0,0.0,0.0,0.0,46.0,0.0,0.0,0.0,54.0,0.99,0.0,0.0,3.96,0.0,0.0,0.0,0.0,0.0,95.05,1.0,0.0,0.0,0.0,0.0,0.0,0.0,0.0,0.0,99.0,0.0,0.0,1.0,14.0,0.0,0.0,0.0,0.0,0.0,85.0,0.0,0.0,0.0,0.0,0.0,0.0,0.0,0.0,0.0,100.0,0.0,0.0,0.0,0.0,0.0,0.0,0.0,0.0,0.0,100.0,0.0,0.0,0.0,0.0,0.0,0.0,0.0,0.0,0.0,100.0,1.0,0.0,0.0,0.0,0.0,0.0,0.0,0.0,0.0,99.0,0.0,0.0,0.0,0.0,0.0,0.0,0.0,0.0,0.0,100.0
132,0.0,0.0,0.0,0.0,0.0,90.91,0.0,0.0,0.0,9.09,0.0,0.0,0.0,0.0,0.0,100.0,0.0,0.0,0.0,0.0,0.0,0.0,0.0,0.0,0.0,87.0,0.0,0.0,0.0,13.0,0.0,0.0,0.0,0.0,0.0,65.0,0.0,0.0,0.0,35.0,0.0,0.0,0.0,0.0,0.0,92.23,0.0,0.0,0.0,7.77,0.0,0.0,0.0,0.0,0.0,82.65,0.0,0.0,0.0,17.35,0.0,0.0,0.0,0.0,0.0,80.2,0.0,0.0,0.0,19.8,0.0,0.0,0.0,0.0,0.0,100.0,0.0,0.0,0.0,0.0,0.0,0.0,0.0,0.0,0.0,62.0,0.0,0.0,0.0,38.0,0.0,0.0,0.0,0.0,0.0,15.0,0.0,0.0,0.0,85.0,1.0,0.0,0.0,0.0,0.0,30.0,0.0,0.0,0.0,69.0,0.0,0.0,0.0,0.0,0.0,49.49,0.0,0.0,0.0,50.51,1.0,0.0,0.0,0.0,0.0,35.0,0.0,0.0,0.0,64.0,0.0,0.0,0.0,0.0,0.0,43.0,0.0,0.0,0.0,57.0,0.0,0.0,0.0,0.0,0.0,42.86,0.0,0.0,0.0,57.14,0.0,0.0,0.0,0.0,0.0,46.53,0.0,0.0,0.0,53.47,0.0,0.0,0.0,17.17,0.0,0.0,0.0,0.0,0.0,82.83,0.0,0.0,0.0,0.0,0.0,0.0,0.0,0.0,0.0,100.0,0.0,0.0,0.0,0.0,0.0,0.0,0.0,0.0,0.0,100.0,0.0,0.0,1.0,0.0,0.0,0.0,0.0,0.0,0.0,99.0,0.0,0.0,0.0,0.0,0.0,0.0,0.0,0.0,0.0,100.0,0.99,0.0,0.0,0.0,0.0,0.0,0.0,0.0,0.0,99.01,0.0,0.0,0.0,0.0,0.0,0.0,0.0,0.0,0.0,100.0,0.0,0.0,0.0,0.0,0.0,0.0,0.0,0.0,0.0,100.0
133,0.0,0.0,0.0,0.0,0.0,90.1,0.0,0.0,0.0,9.9,0.0,0.0,0.0,0.0,0.0,100.0,0.0,0.0,0.0,0.0,0.0,0.0,0.0,0.0,0.0,87.13,0.0,0.0,0.0,12.87,0.0,0.0,0.0,0.0,0.0,64.65,0.0,0.0,0.0,35.35,0.0,0.0,0.0,0.0,0.0,93.2,0.0,0.0,0.0,6.8,0.0,0.0,0.0,0.0,0.0,81.63,0.0,0.0,0.0,18.37,0.0,0.0,0.0,0.0,0.0,82.0,0.0,0.0,0.0,18.0,0.0,0.0,0.0,0.0,0.0,100.0,0.0,0.0,0.0,0.0,1.0,0.0,0.0,0.0,0.0,62.0,0.0,0.0,0.0,37.0,0.0,0.0,0.0,0.0,0.0,15.15,0.0,0.0,0.0,84.85,1.01,0.0,1.01,0.0,0.0,29.29,0.0,0.0,0.0,68.69,0.0,0.0,0.0,0.0,0.0,51.49,0.0,0.0,0.0,48.51,1.0,0.0,0.0,0.0,0.0,34.0,0.0,0.0,0.0,65.0,1.01,0.0,0.0,0.0,0.0,43.43,0.0,0.0,0.0,55.56,1.0,0.0,0.0,0.0,0.0,43.0,0.0,0.0,0.0,56.0,1.01,0.0,0.0,0.0,0.0,44.44,0.0,0.0,0.0,54.55,0.99,0.0,0.99,17.82,0.0,0.0,0.0,0.0,0.0,80.2,0.0,0.0,0.0,0.0,0.0,0.0,0.0,0.0,0.0,100.0,1.0,0.0,0.0,0.0,0.0,0.0,0.0,0.0,0.0,99.0,0.0,0.0,0.0,0.0,0.0,0.0,0.0,0.0,0.0,100.0,0.0,0.0,0.0,0.0,0.0,0.0,0.0,0.0,0.0,100.0,0.0,0.0,0.0,0.0,0.0,0.0,0.0,0.0,0.0,100.0,0.0,0.0,1.0,0.0,0.0,0.0,0.0,0.0,0.0,99.0,0.0,0.0,0.0,0.0,0.0,0.0,0.0,0.0,0.0,100.0
134,0.0,0.0,0.0,0.0,0.0,91.0,0.0,0.0,0.0,9.0,0.0,0.0,0.99,0.0,0.0,99.01,0.0,0.0,0.0,0.0,0.0,0.0,1.01,0.0,0.0,86.87,0.0,0.0,0.0,12.12,0.0,0.0,0.0,0.0,0.0,65.69,0.0,0.0,0.0,34.31,0.0,0.0,0.0,0.0,0.0,92.16,0.0,0.0,0.0,7.84,0.0,0.0,0.0,0.0,0.0,82.47,0.0,0.0,0.0,17.53,0.0,0.0,0.0,0.0,0.0,81.0,0.0,0.0,0.0,19.0,0.0,0.0,0.0,0.0,0.0,100.0,0.0,0.0,0.0,0.0,0.0,0.0,0.0,0.0,0.0,60.82,0.0,0.0,0.0,39.18,0.0,0.0,0.0,0.0,0.0,15.0,0.0,0.0,0.0,85.0,0.0,0.0,0.0,0.0,0.0,32.32,0.0,0.0,0.0,67.68,0.0,0.0,0.0,0.0,0.0,53.06,0.0,0.0,0.0,46.94,0.0,0.0,1.0,0.0,0.0,35.0,0.0,0.0,0.0,64.0,0.0,0.0,0.0,0.0,0.0,43.0,0.0,0.0,0.0,57.0,0.99,0.0,0.99,0.0,0.0,42.57,0.0,0.0,0.0,55.45,0.0,0.0,0.0,0.0,0.0,44.55,0.0,0.0,0.0,55.45,0.0,0.0,0.0,17.35,0.0,0.0,0.0,0.0,0.0,82.65,0.0,0.0,0.0,0.0,0.0,0.0,0.0,0.0,0.0,100.0,0.0,0.0,0.0,0.0,0.0,0.0,0.0,0.0,0.0,100.0,0.0,0.0,0.0,0.0,0.0,0.0,0.0,0.0,0.0,100.0,0.0,0.0,0.0,0.0,0.0,0.0,0.0,0.0,0.0,100.0,0.0,0.0,0.0,0.0,0.0,0.0,0.0,0.0,0.0,100.0,0.0,0.0,0.0,0.0,0.0,0.0,0.0,0.0,0.0,100.0,0.0,0.0,0.0,0.0,0.0,0.0,0.0,0.0,0.0,100.0
135,0.0,0.0,0.0,0.0,0.0,91.92,0.0,0.0,0.0,8.08,0.0,0.0,0.0,0.0,0.0,100.0,0.0,0.0,0.0,0.0,0.0,0.0,0.0,0.0,0.0,87.88,0.0,0.0,0.0,12.12,0.0,0.0,0.0,0.0,0.0,65.0,0.0,0.0,0.0,35.0,0.0,0.0,0.0,0.0,0.0,93.2,0.0,0.0,0.0,6.8,0.0,0.0,0.0,0.0,0.0,82.47,0.0,0.0,0.0,17.53,0.0,0.0,0.0,0.0,0.0,81.82,0.0,0.0,0.0,18.18,0.0,0.0,0.0,0.0,0.0,100.0,0.0,0.0,0.0,0.0,0.0,0.0,0.0,0.0,0.0,62.0,0.0,0.0,0.0,38.0,0.0,0.0,0.0,0.0,0.0,15.15,0.0,0.0,0.0,84.85,0.0,0.0,0.99,0.0,0.0,31.68,0.0,0.0,0.0,67.33,0.0,0.0,0.0,0.0,0.0,53.92,0.0,0.0,0.0,46.08,0.0,0.0,0.0,0.0,0.0,35.35,0.0,0.0,0.0,64.65,0.0,0.0,0.0,0.0,0.0,43.43,0.0,0.0,0.0,56.57,0.0,0.0,1.0,0.0,0.0,44.0,0.0,0.0,0.0,55.0,0.0,0.0,0.0,0.0,0.0,45.45,0.0,0.0,0.0,54.55,0.0,0.0,0.0,18.18,0.0,0.0,0.0,0.0,0.0,81.82,1.0,0.0,1.0,0.0,0.0,0.0,0.0,0.0,0.0,98.0,2.0,0.0,1.0,0.0,0.0,0.0,0.0,0.0,0.0,97.0,0.0,0.0,0.0,0.0,0.0,0.0,0.0,0.0,0.0,100.0,0.0,0.0,0.0,0.0,0.0,0.0,0.0,0.0,0.0,100.0,0.0,0.0,0.0,0.0,0.0,0.0,0.0,0.0,0.0,100.0,0.99,0.0,0.99,0.0,0.0,0.0,0.0,0.0,0.0,98.02,0.0,0.0,0.0,0.0,0.0,0.0,0.0,0.0,0.0,100.0
136,0.0,0.0,0.0,0.0,0.0,88.12,0.0,0.0,0.0,11.88,0.0,0.0,0.0,0.0,0.0,100.0,0.0,0.0,0.0,0.0,0.0,0.0,0.0,0.0,0.0,88.12,0.0,0.0,0.0,11.88,0.0,0.0,0.0,0.0,0.0,65.0,0.0,0.0,0.0,35.0,0.0,0.0,0.0,0.0,0.0,92.23,0.0,0.0,0.0,7.77,0.0,0.0,0.0,0.0,0.0,80.85,0.0,0.0,0.0,19.15,0.0,0.0,0.0,0.0,0.0,81.19,0.0,0.0,0.0,18.81,0.0,0.0,0.0,0.0,0.0,100.0,0.0,0.0,0.0,0.0,0.0,0.0,0.98,0.0,0.0,62.75,0.0,0.0,0.0,36.27,0.0,0.0,0.0,0.0,0.0,14.0,0.0,0.0,0.0,86.0,0.0,0.0,0.0,0.0,0.0,31.0,0.0,0.0,0.0,69.0,0.98,0.0,0.98,0.0,0.0,48.04,0.0,0.0,0.0,50.0,1.02,0.0,0.0,0.0,0.0,33.67,0.0,0.0,0.0,65.31,0.0,0.0,0.0,0.0,0.0,42.42,0.0,0.0,0.0,57.58,1.0,0.0,0.0,0.0,0.0,42.0,0.0,0.0,0.0,57.0,0.0,0.0,0.0,0.0,0.0,46.08,0.0,0.0,0.0,53.92,0.0,0.0,0.0,1.01,0.0,0.0,0.0,0.0,0.0,98.99,0.0,0.0,0.0,16.16,0.0,0.0,0.0,0.0,0.0,83.84,1.0,0.0,0.0,0.0,0.0,0.0,0.0,0.0,0.0,99.0,0.0,0.0,1.0,0.0,0.0,0.0,0.0,0.0,0.0,99.0,0.0,0.0,0.0,0.0,0.0,0.0,0.0,0.0,0.0,100.0,0.0,0.0,0.99,0.0,0.0,0.0,0.0,0.0,0.0,99.01,0.0,0.0,0.0,0.0,0.0,0.0,0.0,0.0,0.0,100.0,0.0,0.0,0.0,0.0,0.0,0.0,0.0,0.0,0.0,100.0
137,0.0,0.0,0.0,0.0,0.0,91.09,0.0,0.0,0.0,8.91,0.0,0.0,0.0,0.0,0.0,100.0,0.0,0.0,0.0,0.0,0.0,0.0,0.0,0.0,0.0,88.24,0.0,0.0,0.0,11.76,0.0,0.0,0.0,0.0,0.0,65.35,0.0,0.0,0.0,34.65,0.0,0.0,0.0,0.0,0.0,93.14,0.0,0.0,0.0,6.86,0.0,0.0,0.0,0.0,0.0,83.67,0.0,0.0,0.0,16.33,0.0,0.0,0.0,0.0,0.0,81.37,0.0,0.0,0.0,18.63,0.0,0.0,0.0,0.0,0.0,100.0,0.0,0.0,0.0,0.0,0.0,0.0,0.0,0.0,0.0,61.62,0.0,0.0,0.0,38.38,0.0,0.0,0.0,0.0,0.0,15.15,0.0,0.0,0.0,84.85,1.0,0.0,0.0,0.0,0.0,30.0,0.0,0.0,0.0,69.0,0.0,0.0,0.0,0.0,0.0,48.51,0.0,0.0,0.0,51.49,0.0,0.0,1.02,0.0,0.0,33.67,0.0,0.0,0.0,65.31,0.0,0.0,0.0,0.0,0.0,42.57,0.0,0.0,0.0,57.43,0.0,0.0,0.0,0.0,0.0,44.0,0.0,0.0,0.0,56.0,0.0,0.0,0.0,0.0,0.0,47.06,0.0,0.0,0.0,52.94,0.0,0.0,0.0,5.1,0.0,0.0,0.0,0.0,0.0,94.9,1.0,0.0,1.0,12.0,0.0,0.0,0.0,0.0,0.0,86.0,2.0,0.0,0.0,0.0,0.0,0.0,0.0,0.0,0.0,98.0,1.98,0.0,0.99,0.0,0.0,0.0,0.0,0.0,0.0,97.03,0.0,0.0,0.0,0.0,0.0,0.0,0.0,0.0,0.0,100.0,0.0,0.0,0.0,0.0,0.0,0.0,0.0,0.0,0.0,100.0,0.98,0.0,0.98,0.0,0.0,0.0,0.0,0.0,0.0,98.04,0.0,0.0,0.0,0.0,0.0,0.0,0.0,0.0,0.0,100.0
138,0.0,0.0,0.0,0.0,0.0,92.86,0.0,0.0,0.0,7.14,0.0,0.0,0.0,0.0,0.0,100.0,0.0,0.0,0.0,0.0,0.0,0.0,0.0,0.0,0.0,89.0,0.0,0.0,0.0,11.0,0.0,0.0,0.0,0.0,0.0,66.0,0.0,0.0,0.0,34.0,0.0,0.0,0.0,0.0,0.0,94.17,0.0,0.0,0.0,5.83,0.0,0.0,0.0,0.0,0.0,82.65,0.0,0.0,0.0,17.35,0.0,0.0,0.0,0.0,0.0,83.0,0.0,0.0,0.0,17.0,0.0,0.0,0.99,0.0,0.0,99.01,0.0,0.0,0.0,0.0,0.0,0.0,0.0,0.0,0.0,61.62,0.0,0.0,0.0,38.38,0.99,0.0,0.0,0.0,0.0,14.85,0.0,0.0,0.0,84.16,0.0,0.0,0.0,0.0,0.0,30.69,0.0,0.0,0.0,69.31,0.0,0.0,0.0,0.0,0.0,49.0,0.0,0.0,0.0,51.0,1.03,0.0,0.0,0.0,0.0,32.99,0.0,0.0,0.0,65.98,0.0,0.0,0.0,0.0,0.0,42.57,0.0,0.0,0.0,57.43,0.0,0.0,0.0,0.0,0.0,42.86,0.0,0.0,0.0,57.14,0.0,0.0,0.0,0.0,0.0,46.46,0.0,0.0,0.0,53.54,0.0,0.0,1.0,18.0,0.0,0.0,0.0,0.0,0.0,81.0,0.0,0.0,0.0,0.0,0.0,0.0,0.0,0.0,0.0,100.0,0.0,0.0,0.0,0.0,0.0,0.0,0.0,0.0,0.0,100.0,1.02,0.0,0.0,0.0,0.0,0.0,0.0,0.0,0.0,98.98,0.0,0.0,0.0,0.0,0.0,0.0,0.0,0.0,0.0,100.0,0.0,0.0,0.0,0.0,0.0,0.0,0.0,0.0,0.0,100.0,0.0,0.0,1.01,0.0,0.0,0.0,0.0,0.0,0.0,98.99,3.0,0.0,0.0,0.0,0.0,0.0,0.0,0.0,0.0,97.0
139,0.0,0.0,0.0,0.0,0.0,92.08,0.0,0.0,0.0,7.92,0.0,0.0,0.0,0.0,0.0,100.0,0.0,0.0,0.0,0.0,0.0,0.0,0.0,0.0,0.0,89.0,0.0,0.0,0.0,11.0,0.0,0.0,0.0,0.0,0.0,65.35,0.0,0.0,0.0,34.65,0.0,0.0,0.0,0.0,0.0,94.12,0.0,0.0,0.0,5.88,0.0,0.0,0.0,0.0,0.0,83.33,0.0,0.0,0.0,16.67,0.0,0.0,0.0,0.0,0.0,81.0,0.0,0.0,0.0,19.0,0.0,0.0,0.0,0.0,0.0,100.0,0.0,0.0,0.0,0.0,0.0,0.0,0.0,0.0,0.0,62.63,0.0,0.0,0.0,37.37,0.0,0.0,0.0,0.0,0.0,15.0,0.0,0.0,0.0,85.0,0.0,0.0,0.0,0.0,0.0,30.61,0.0,0.0,0.0,69.39,0.0,0.0,0.0,0.0,0.0,48.48,0.0,0.0,0.0,51.52,0.0,0.0,0.0,0.0,0.0,34.34,0.0,0.0,0.0,65.66,0.0,0.0,0.0,0.0,0.0,41.84,0.0,0.0,0.0,58.16,1.0,0.0,0.0,0.0,0.0,42.0,0.0,0.0,0.0,57.0,0.0,0.0,0.0,0.0,0.0,46.0,0.0,0.0,0.0,54.0,0.0,0.0,1.0,18.0,0.0,0.0,0.0,0.0,0.0,81.0,0.0,0.0,0.0,0.0,0.0,0.0,0.0,0.0,0.0,100.0,1.0,0.0,2.0,0.0,0.0,0.0,0.0,0.0,0.0,97.0,0.0,0.0,0.0,0.0,0.0,0.0,0.0,0.0,0.0,100.0,0.0,0.0,0.0,0.0,0.0,0.0,0.0,0.0,0.0,100.0,0.0,0.0,0.0,0.0,0.0,0.0,0.0,0.0,0.0,100.0,0.0,0.0,0.0,0.0,0.0,0.0,0.0,0.0,0.0,100.0,0.0,0.0,0.0,0.0,0.0,0.0,0.0,0.0,0.0,100.0
140,0.0,0.0,0.0,0.0,0.0,90.91,0.0,0.0,0.0,9.09,0.0,0.0,0.0,0.0,0.0,100.0,0.0,0.0,0.0,0.0,0.0,0.0,0.0,0.0,0.0,87.88,0.0,0.0,0.0,12.12,0.0,0.0,0.0,0.0,0.0,65.66,0.0,0.0,0.0,34.34,0.0,0.0,0.99,0.0,0.0,94.06,0.0,0.0,0.0,4.95,0.0,0.0,0.0,0.0,0.0,81.91,0.0,0.0,0.0,18.09,0.0,0.0,0.0,0.0,0.0,82.0,0.0,0.0,0.0,18.0,0.0,0.0,0.0,0.0,0.0,100.0,0.0,0.0,0.0,0.0,1.01,0.0,1.01,0.0,0.0,58.59,0.0,0.0,0.0,39.39,0.0,0.0,0.0,0.0,0.0,15.0,0.0,0.0,0.0,85.0,0.99,0.0,0.0,0.0,0.0,31.68,0.0,0.0,0.0,67.33,0.0,0.0,0.0,0.0,0.0,52.53,0.0,0.0,0.0,47.47,0.0,0.0,0.0,0.0,0.0,35.35,0.0,0.0,0.0,64.65,0.0,0.0,0.0,0.0,0.0,42.57,0.0,0.0,0.0,57.43,0.0,0.0,0.0,0.0,0.0,44.0,0.0,0.0,0.0,56.0,0.0,0.0,0.0,0.0,0.0,45.0,0.0,0.0,0.0,55.0,0.0,0.0,0.0,18.37,0.0,0.0,0.0,0.0,0.0,81.63,0.0,0.0,0.0,0.0,0.0,0.0,0.0,0.0,0.0,100.0,0.0,0.0,1.0,0.0,0.0,0.0,0.0,0.0,0.0,99.0,2.02,0.0,1.01,0.0,0.0,0.0,0.0,0.0,0.0,96.97,0.0,0.0,0.0,0.0,0.0,0.0,0.0,0.0,0.0,100.0,0.0,0.0,0.0,0.0,0.0,0.0,0.0,0.0,0.0,100.0,0.0,0.0,0.99,0.0,0.0,0.0,0.0,0.0,0.0,99.01,0.0,0.0,0.0,0.0,0.0,0.0,0.0,0.0,0.0,100.0
141,0.0,0.0,0.0,0.0,0.0,92.0,0.0,0.0,0.0,8.0,0.0,0.0,0.0,0.0,0.0,100.0,0.0,0.0,0.0,0.0,0.0,0.0,0.0,0.0,0.0,88.12,0.0,0.0,0.0,11.88,0.0,0.0,0.0,0.0,0.0,65.69,0.0,0.0,0.0,34.31,0.0,0.0,0.0,0.0,0.0,95.05,0.0,0.0,0.0,4.95,0.0,0.0,0.0,0.0,0.0,83.33,0.0,0.0,0.0,16.67,0.0,0.0,0.0,0.0,0.0,82.18,0.0,0.0,0.0,17.82,0.0,0.0,0.0,0.0,0.0,100.0,0.0,0.0,0.0,0.0,0.0,0.0,0.0,0.0,0.0,61.86,0.0,0.0,0.0,38.14,0.99,0.0,0.99,0.0,0.0,14.85,0.0,0.0,0.0,83.17,0.0,0.0,1.02,0.0,0.0,30.61,0.0,0.0,0.0,68.37,0.0,0.0,0.0,0.0,0.0,54.46,0.0,0.0,0.0,45.54,0.99,0.0,0.0,0.0,0.0,34.65,0.0,0.0,0.0,64.36,0.99,0.0,0.0,0.0,0.0,43.56,0.0,0.0,0.0,55.45,0.0,0.0,0.0,0.0,0.0,43.43,0.0,0.0,0.0,56.57,0.0,0.0,0.0,0.0,0.0,46.0,0.0,0.0,0.0,54.0,0.99,0.0,0.99,1.98,0.0,0.0,0.0,0.0,0.0,96.04,0.0,0.0,0.99,16.83,0.0,0.0,0.0,0.0,0.0,82.18,0.0,0.0,0.0,0.0,0.0,0.0,0.0,0.0,0.0,100.0,0.0,0.0,1.0,0.0,0.0,0.0,0.0,0.0,0.0,99.0,0.98,0.0,0.98,0.0,0.0,0.0,0.0,0.0,0.0,98.04,0.0,0.0,0.0,0.0,0.0,0.0,0.0,0.0,0.0,100.0,1.0,0.0,0.0,0.0,0.0,0.0,0.0,0.0,0.0,99.0,0.0,0.0,0.0,0.0,0.0,0.0,0.0,0.0,0.0,100.0
142,0.0,0.0,0.0,0.0,0.0,92.08,0.0,0.0,0.0,7.92,0.0,0.0,0.0,0.0,0.0,100.0,0.0,0.0,0.0,0.0,0.0,0.0,0.0,0.0,0.0,88.12,0.0,0.0,0.0,11.88,0.0,0.0,0.0,0.0,0.0,65.66,0.0,0.0,0.0,34.34,0.0,0.0,0.0,0.0,0.0,95.05,0.0,0.0,0.0,4.95,0.0,0.0,0.0,0.0,0.0,82.11,0.0,0.0,0.0,17.89,0.0,0.0,0.0,0.0,0.0,80.81,0.0,0.0,0.0,19.19,0.0,0.0,0.0,0.0,0.0,100.0,0.0,0.0,0.0,0.0,0.99,0.0,0.0,0.0,0.0,62.38,0.0,0.0,0.0,36.63,0.0,0.0,1.0,0.0,0.0,16.0,0.0,0.0,0.0,83.0,0.99,0.0,0.0,0.0,0.0,31.68,0.0,0.0,0.0,67.33,0.0,0.0,0.0,0.0,0.0,50.0,0.0,0.0,0.0,50.0,0.0,0.0,0.0,0.0,0.0,35.35,0.0,0.0,0.0,64.65,0.0,0.0,1.01,0.0,0.0,41.41,0.0,0.0,0.0,57.58,0.0,0.0,0.0,0.0,0.0,42.42,0.0,0.0,0.0,57.58,0.0,0.0,0.0,0.0,0.0,45.45,0.0,0.0,0.0,54.55,1.01,0.0,0.0,0.0,0.0,0.0,0.0,0.0,0.0,98.99,1.0,0.0,0.0,18.0,0.0,0.0,0.0,0.0,0.0,81.0,1.0,0.0,0.0,0.0,0.0,0.0,0.0,0.0,0.0,99.0,0.0,0.0,0.0,0.0,0.0,0.0,0.0,0.0,0.0,100.0,0.0,0.0,0.0,0.0,0.0,0.0,0.0,0.0,0.0,100.0,0.0,0.0,0.0,0.0,0.0,0.0,0.0,0.0,0.0,100.0,0.0,0.0,1.0,0.0,0.0,0.0,0.0,0.0,0.0,99.0,0.0,0.0,0.0,0.0,0.0,0.0,0.0,0.0,0.0,100.0
143,0.0,0.0,0.0,0.0,0.0,90.82,0.0,0.0,0.0,9.18,0.0,0.0,0.0,0.0,0.0,100.0,0.0,0.0,0.0,0.0,0.0,0.0,0.0,0.0,0.0,88.89,0.0,0.0,0.0,11.11,0.0,0.0,0.0,0.0,0.0,65.0,0.0,0.0,0.0,35.0,0.0,0.0,0.0,0.0,0.0,95.0,0.0,0.0,0.0,5.0,0.0,0.0,0.0,0.0,0.0,83.33,0.0,0.0,0.0,16.67,0.0,0.0,0.0,0.0,0.0,82.18,0.0,0.0,0.0,17.82,0.0,0.0,0.0,0.0,0.0,100.0,0.0,0.0,0.0,0.0,0.0,0.0,0.0,0.0,0.0,60.64,0.0,0.0,0.0,39.36,0.0,0.0,0.0,0.0,0.0,16.0,0.0,0.0,0.0,84.0,0.99,0.0,0.0,0.0,0.0,30.69,0.0,0.0,0.0,68.32,0.0,0.0,0.0,0.0,0.0,48.48,0.0,0.0,0.0,51.52,0.0,0.0,0.0,0.0,0.0,35.0,0.0,0.0,0.0,65.0,1.0,0.0,0.0,0.0,0.0,43.0,0.0,0.0,0.0,56.0,1.0,0.0,0.0,0.0,0.0,42.0,0.0,0.0,0.0,57.0,0.0,0.0,0.0,0.0,0.0,45.45,0.0,0.0,0.0,54.55,0.99,0.0,2.97,0.0,0.0,0.0,0.0,0.0,0.0,96.04,0.0,0.0,1.0,18.0,0.0,0.0,0.0,0.0,0.0,81.0,0.0,0.0,0.0,0.0,0.0,0.0,0.0,0.0,0.0,100.0,1.0,0.0,0.0,0.0,0.0,0.0,0.0,0.0,0.0,99.0,0.0,0.0,0.0,0.0,0.0,0.0,0.0,0.0,0.0,100.0,0.0,0.0,0.0,0.0,0.0,0.0,0.0,0.0,0.0,100.0,0.0,0.0,0.0,0.0,0.0,0.0,0.0,0.0,0.0,100.0,0.0,0.0,0.0,0.0,0.0,0.0,0.0,0.0,0.0,100.0
144,0.0,0.0,0.0,0.0,0.0,91.09,0.0,0.0,0.0,8.91,0.0,0.0,0.0,0.0,0.0,100.0,0.0,0.0,0.0,0.0,0.0,0.0,0.0,0.0,0.0,87.13,0.0,0.0,0.0,12.87,0.0,0.0,0.0,0.0,0.0,65.35,0.0,0.0,0.0,34.65,0.0,0.0,0.0,0.0,0.0,94.0,0.0,0.0,0.0,6.0,0.0,0.0,0.0,0.0,0.0,83.0,0.0,0.0,0.0,17.0,0.0,0.0,0.0,0.0,0.0,81.37,0.0,0.0,0.0,18.63,0.0,0.0,0.0,0.0,0.0,100.0,0.0,0.0,0.0,0.0,0.0,0.0,0.0,0.0,0.0,63.0,0.0,0.0,0.0,37.0,1.01,0.0,0.0,0.0,0.0,15.15,0.0,0.0,0.0,83.84,0.0,0.0,0.0,0.0,0.0,30.61,0.0,0.0,0.0,69.39,0.0,0.0,0.0,0.0,0.0,49.0,0.0,0.0,0.0,51.0,0.0,0.0,0.0,0.0,0.0,34.34,0.0,0.0,0.0,65.66,0.0,0.0,0.0,0.0,0.0,41.41,0.0,0.0,0.0,58.59,0.0,0.0,0.0,0.0,0.0,45.0,0.0,0.0,0.0,55.0,0.0,0.0,0.0,0.0,0.0,46.0,0.0,0.0,0.0,54.0,0.0,0.0,0.0,0.0,0.0,0.0,0.0,0.0,0.0,100.0,0.0,0.0,0.0,20.2,0.0,0.0,0.0,0.0,0.0,79.8,0.0,0.0,1.0,0.0,0.0,0.0,0.0,0.0,0.0,99.0,0.0,0.0,0.0,0.0,0.0,0.0,0.0,0.0,0.0,100.0,0.0,0.0,0.0,0.0,0.0,0.0,0.0,0.0,0.0,100.0,0.0,0.0,0.0,0.0,0.0,0.0,0.0,0.0,0.0,100.0,0.0,0.0,0.0,0.0,0.0,0.0,0.0,0.0,0.0,100.0,0.0,0.0,0.0,0.0,0.0,0.0,0.0,0.0,0.0,100.0
145,0.0,0.0,0.0,0.0,0.0,90.1,0.0,0.0,0.0,9.9,0.0,0.0,0.0,0.0,0.0,100.0,0.0,0.0,0.0,0.0,0.0,0.0,0.0,0.0,0.0,87.88,0.0,0.0,0.0,12.12,0.0,0.0,0.0,0.0,0.0,65.31,0.0,0.0,0.0,34.69,0.0,0.0,0.0,0.0,0.0,94.06,0.0,0.0,0.0,5.94,0.0,0.0,0.0,0.0,0.0,82.47,0.0,0.0,0.0,17.53,0.0,0.0,0.0,0.0,0.0,81.19,0.0,0.0,0.0,18.81,0.0,0.0,0.0,0.0,0.0,100.0,0.0,0.0,0.0,0.0,0.0,0.0,0.0,0.0,0.0,63.37,0.0,0.0,0.0,36.63,1.01,0.0,1.01,0.0,0.0,15.15,0.0,0.0,0.0,82.83,1.01,0.0,1.01,0.0,0.0,30.3,0.0,0.0,0.0,67.68,0.0,0.0,0.0,0.0,0.0,50.51,0.0,0.0,0.0,49.49,0.0,0.0,0.0,0.0,0.0,34.0,0.0,0.0,0.0,66.0,0.0,0.0,0.0,0.0,0.0,41.41,0.0,0.0,0.0,58.59,0.0,0.0,0.0,0.0,0.0,49.02,0.0,0.0,0.0,50.98,0.0,0.0,0.0,0.0,0.0,50.98,0.0,0.0,0.0,49.02,0.99,0.0,0.0,0.0,0.0,0.0,0.0,0.0,0.0,99.01,0.0,0.0,1.0,18.0,0.0,0.0,0.0,0.0,0.0,81.0,0.0,0.0,0.0,0.0,0.0,0.0,0.0,0.0,0.0,100.0,0.0,0.0,0.0,0.0,0.0,0.0,0.0,0.0,0.0,100.0,0.0,0.0,1.0,0.0,0.0,0.0,0.0,0.0,0.0,99.0,0.0,0.0,0.99,0.0,0.0,0.0,0.0,0.0,0.0,99.01,0.0,0.0,0.0,0.0,0.0,0.0,0.0,0.0,0.0,100.0,0.0,0.0,0.0,0.0,0.0,0.0,0.0,0.0,0.0,100.0
146,0.0,0.0,0.0,0.0,0.0,90.91,0.0,0.0,0.0,9.09,0.0,0.0,0.0,0.0,0.0,100.0,0.0,0.0,0.0,0.0,0.0,0.0,0.0,0.0,0.0,88.12,0.0,0.0,0.0,11.88,0.0,0.0,0.0,0.0,0.0,65.35,0.0,0.0,0.0,34.65,0.0,0.0,0.0,0.0,0.0,94.06,0.0,0.0,0.0,5.94,0.0,0.0,0.0,0.0,0.0,82.47,0.0,0.0,0.0,17.53,0.0,0.0,0.0,0.0,0.0,80.81,0.0,0.0,0.0,19.19,0.0,0.0,0.0,0.0,0.0,100.0,0.0,0.0,0.0,0.0,0.0,0.0,0.0,0.0,0.0,63.0,0.0,0.0,0.0,37.0,0.99,0.0,0.99,0.0,0.0,14.85,0.0,0.0,0.0,83.17,1.0,0.0,1.0,0.0,0.0,32.0,0.0,0.0,0.0,66.0,0.0,0.0,0.0,0.0,0.0,52.53,0.0,0.0,0.0,47.47,1.0,0.0,0.0,0.0,0.0,34.0,0.0,0.0,0.0,65.0,0.0,0.0,0.0,0.0,0.0,40.4,0.0,0.0,0.0,59.6,0.0,0.0,0.0,0.0,0.0,48.51,0.0,0.0,0.0,51.49,0.0,0.0,0.0,0.0,0.0,51.0,0.0,0.0,0.0,49.0,0.0,0.0,0.0,0.0,0.0,0.0,0.0,0.0,0.0,100.0,0.0,0.0,0.0,18.18,0.0,0.0,0.0,0.0,0.0,81.82,0.0,0.0,0.0,0.0,0.0,0.0,0.0,0.0,0.0,100.0,0.0,0.0,0.0,0.0,0.0,0.0,0.0,0.0,0.0,100.0,1.0,0.0,0.0,0.0,0.0,0.0,0.0,0.0,0.0,99.0,1.0,0.0,0.0,0.0,0.0,0.0,0.0,0.0,0.0,99.0,0.0,0.0,0.0,0.0,0.0,0.0,0.0,0.0,0.0,100.0,0.99,0.0,0.0,0.0,0.0,0.0,0.0,0.0,0.0,99.01
147,0.0,0.0,0.0,0.0,0.0,88.89,0.0,0.0,0.0,11.11,0.0,0.0,0.0,0.0,0.0,100.0,0.0,0.0,0.0,0.0,0.0,0.0,0.0,0.0,0.0,87.0,0.0,0.0,0.0,13.0,0.0,0.0,0.0,0.0,0.0,64.65,0.0,0.0,0.0,35.35,0.0,0.0,0.97,0.0,0.0,91.26,0.0,0.0,0.0,7.77,0.0,0.0,0.0,0.0,0.0,81.82,0.0,0.0,0.0,18.18,0.0,0.0,0.0,0.0,0.0,80.81,0.0,0.0,0.0,19.19,0.0,0.0,0.0,0.0,0.0,100.0,0.0,0.0,0.0,0.0,0.0,0.0,0.0,0.0,0.0,62.24,0.0,0.0,0.0,37.76,1.01,0.0,0.0,0.0,0.0,15.15,0.0,0.0,0.0,83.84,1.01,0.0,1.01,0.0,0.0,31.31,0.0,0.0,0.0,66.67,0.0,0.0,0.0,0.0,0.0,53.06,0.0,0.0,0.0,46.94,1.0,0.0,1.0,0.0,0.0,33.0,0.0,0.0,0.0,65.0,0.99,0.0,0.0,0.0,0.0,40.59,0.0,0.0,0.0,58.42,0.97,0.0,0.0,0.0,0.0,48.54,0.0,0.0,0.0,50.49,0.0,0.0,0.0,0.0,0.0,50.5,0.0,0.0,0.0,49.5,0.0,0.0,1.01,0.0,0.0,0.0,0.0,0.0,0.0,98.99,0.0,0.0,0.0,18.81,0.0,0.0,0.0,0.0,0.0,81.19,0.0,0.0,0.99,0.0,0.0,0.0,0.0,0.0,0.0,99.01,0.0,0.0,1.0,0.0,0.0,0.0,0.0,0.0,0.0,99.0,0.0,0.0,0.0,0.0,0.0,0.0,0.0,0.0,0.0,100.0,0.0,0.0,0.0,0.0,0.0,0.0,0.0,0.0,0.0,100.0,0.0,0.0,0.0,0.0,0.0,0.0,0.0,0.0,0.0,100.0,0.0,0.0,0.0,0.0,0.0,0.0,0.0,0.0,0.0,100.0
148,0.0,0.0,0.0,0.0,0.0,92.0,0.0,0.0,0.0,8.0,0.0,0.0,0.0,0.0,0.0,100.0,0.0,0.0,0.0,0.0,0.0,0.0,0.0,0.0,0.0,88.12,0.0,0.0,0.0,11.88,0.0,0.0,0.0,0.0,0.0,64.65,0.0,0.0,0.0,35.35,0.0,0.0,0.0,0.0,0.0,93.07,0.0,0.0,0.0,6.93,0.0,0.0,0.0,0.0,0.0,81.82,0.0,0.0,0.0,18.18,0.0,0.0,0.0,0.0,0.0,81.37,0.0,0.0,0.0,18.63,0.0,0.0,0.0,0.0,0.0,100.0,0.0,0.0,0.0,0.0,0.0,0.0,0.0,0.0,0.0,63.27,0.0,0.0,0.0,36.73,1.0,0.0,0.0,0.0,0.0,15.0,0.0,0.0,0.0,84.0,0.98,0.0,0.98,0.98,0.0,32.35,0.0,0.0,0.0,64.71,0.0,0.0,0.0,0.0,0.0,53.47,0.0,0.0,0.0,46.53,0.0,0.0,0.0,0.0,0.0,33.67,0.0,0.0,0.0,66.33,0.0,0.0,0.0,0.0,0.0,41.0,0.0,0.0,0.0,59.0,0.0,0.0,0.0,0.0,0.0,48.0,0.0,0.0,0.0,52.0,0.0,0.0,0.0,0.0,0.0,49.5,0.0,0.0,0.0,50.5,1.0,0.0,0.0,2.0,0.0,0.0,0.0,0.0,0.0,97.0,0.0,0.0,1.01,16.16,0.0,0.0,0.0,0.0,0.0,82.83,1.0,0.0,0.0,0.0,0.0,0.0,0.0,0.0,0.0,99.0,0.0,0.0,0.0,0.0,0.0,0.0,0.0,0.0,0.0,100.0,0.0,0.0,0.99,0.0,0.0,0.0,0.0,0.0,0.0,99.01,0.0,0.0,0.0,0.0,0.0,0.0,0.0,0.0,0.0,100.0,0.0,0.0,0.0,0.0,0.0,0.0,0.0,0.0,0.0,100.0,0.0,0.0,0.0,0.0,0.0,0.0,0.0,0.0,0.0,100.0
149,0.0,0.0,0.0,0.0,0.0,90.0,0.0,0.0,0.0,10.0,0.0,0.0,0.0,0.0,0.0,100.0,0.0,0.0,0.0,0.0,0.0,0.0,0.0,0.0,0.0,87.25,0.0,0.0,0.0,12.75,0.0,0.0,0.0,0.0,0.0,65.31,0.0,0.0,0.0,34.69,0.0,0.0,0.0,0.0,0.0,93.14,0.0,0.0,0.0,6.86,0.0,0.0,0.0,0.0,0.0,82.83,0.0,0.0,0.0,17.17,0.0,0.0,0.0,0.0,0.0,81.0,0.0,0.0,0.0,19.0,0.0,0.0,0.0,0.0,0.0,100.0,0.0,0.0,0.0,0.0,0.0,0.0,1.01,0.0,0.0,62.63,0.0,0.0,0.0,36.36,0.0,0.0,0.0,0.0,0.0,15.31,0.0,0.0,0.0,84.69,0.99,0.0,0.0,0.0,0.0,31.68,0.0,0.0,0.0,67.33,0.0,0.0,0.0,0.0,0.0,51.96,0.0,0.0,0.0,48.04,0.0,0.0,0.0,0.0,0.0,34.65,0.0,0.0,0.0,65.35,0.0,0.0,0.0,0.0,0.0,41.41,0.0,0.0,0.0,58.59,0.0,0.0,0.0,0.0,0.0,49.5,0.0,0.0,0.0,50.5,0.0,0.0,0.0,0.0,0.0,50.0,0.0,0.0,0.0,50.0,0.0,0.0,0.0,18.0,0.0,1.0,0.0,0.0,0.0,81.0,0.99,0.0,0.99,0.0,0.0,0.0,0.0,0.0,0.0,98.02,0.0,0.0,0.0,0.0,0.0,0.0,0.0,0.0,0.0,100.0,0.0,0.0,0.0,0.0,0.0,0.0,0.0,0.0,0.0,100.0,1.0,0.0,0.0,0.0,0.0,0.0,0.0,0.0,0.0,99.0,0.0,0.0,0.0,0.0,0.0,0.0,0.0,0.0,0.0,100.0,0.0,0.0,0.0,0.0,0.0,0.0,0.0,0.0,0.0,100.0,0.0,0.0,0.0,0.0,0.0,0.0,0.0,0.0,0.0,100.0
150,0.0,0.0,0.0,0.0,0.0,91.09,0.0,0.0,0.0,8.91,0.0,0.0,0.0,0.0,0.0,100.0,0.0,0.0,0.0,0.0,0.0,0.0,0.0,0.0,0.0,87.88,0.0,0.0,0.0,12.12,0.0,0.0,0.0,0.0,0.0,65.35,0.0,0.0,0.0,34.65,0.0,0.0,0.0,0.0,0.0,93.14,0.0,0.0,0.0,6.86,0.0,0.0,0.0,0.0,0.0,82.83,0.0,0.0,0.0,17.17,0.0,0.0,0.0,0.0,0.0,82.0,0.0,0.0,0.0,18.0,0.0,0.0,0.0,0.0,0.0,100.0,0.0,0.0,0.0,0.0,0.97,0.0,0.97,0.0,0.0,62.14,0.0,0.0,0.0,35.92,1.0,0.0,0.0,0.0,0.0,16.0,0.0,0.0,0.0,83.0,0.0,0.0,0.0,0.0,0.0,29.9,0.0,0.0,0.0,70.1,0.0,0.0,0.0,0.0,0.0,50.0,0.0,0.0,0.0,50.0,0.99,0.0,0.0,0.0,0.0,34.65,0.0,0.0,0.0,64.36,0.0,0.0,0.0,0.0,0.0,41.0,0.0,0.0,0.0,59.0,1.01,0.0,1.01,4.04,0.0,47.47,0.0,0.0,0.0,46.46,0.0,0.0,0.0,0.0,0.0,50.0,0.0,0.0,0.0,50.0,0.0,0.0,0.0,8.16,0.0,0.0,0.0,0.0,0.0,91.84,0.0,0.0,0.0,0.0,0.0,0.0,0.0,0.0,0.0,100.0,0.0,0.0,0.0,0.0,0.0,0.0,0.0,0.0,0.0,100.0,0.0,0.0,0.0,0.0,0.0,0.0,0.0,0.0,0.0,100.0,0.0,0.0,1.0,0.0,0.0,0.0,0.0,0.0,0.0,99.0,0.0,0.0,0.0,0.0,0.0,0.0,0.0,0.0,0.0,100.0,0.0,0.0,0.0,0.0,0.0,0.0,0.0,0.0,0.0,100.0,0.0,0.0,0.0,0.0,0.0,0.0,0.0,0.0,0.0,100.0
151,0.0,0.0,0.0,0.0,0.0,94.0,0.0,0.0,0.0,6.0,0.0,0.0,0.0,0.0,0.0,100.0,0.0,0.0,0.0,0.0,0.0,0.0,0.0,0.0,0.0,89.0,0.0,0.0,0.0,11.0,0.0,0.0,0.0,0.0,0.0,65.66,0.0,0.0,0.0,34.34,0.0,0.0,0.0,0.0,0.0,95.1,0.0,0.0,0.0,4.9,0.0,0.0,0.0,0.0,0.0,83.0,0.0,0.0,0.0,17.0,0.0,0.0,0.0,0.0,0.0,82.0,0.0,0.0,0.0,18.0,0.0,0.0,0.0,0.0,0.0,100.0,0.0,0.0,0.0,0.0,0.0,0.0,0.0,0.0,0.0,62.63,0.0,0.0,0.0,37.37,1.0,0.0,0.0,0.0,0.0,15.0,0.0,0.0,0.0,84.0,0.0,0.0,0.0,0.0,0.0,31.31,0.0,0.0,0.0,68.69,0.0,0.0,0.0,0.0,0.0,49.49,0.0,0.0,0.0,50.51,0.0,0.0,0.0,5.1,0.0,34.69,0.0,0.0,0.0,60.2,0.0,0.0,0.0,0.0,0.0,41.84,0.0,0.0,0.0,58.16,0.0,0.0,0.0,1.03,0.0,47.42,0.0,0.0,0.0,51.55,0.0,0.0,0.99,3.96,0.0,50.5,0.0,0.0,0.0,44.55,1.0,0.0,1.0,1.0,0.0,0.0,0.0,0.0,0.0,97.0,0.0,0.0,0.0,0.0,0.0,0.0,0.0,0.0,0.0,100.0,0.0,0.0,0.0,0.0,0.0,0.0,0.0,0.0,0.0,100.0,0.0,0.0,1.0,0.0,0.0,0.0,0.0,0.0,0.0,99.0,0.0,0.0,0.0,0.0,0.0,0.0,0.0,0.0,0.0,100.0,0.0,0.0,0.0,0.0,0.0,0.0,0.0,0.0,0.0,100.0,0.0,0.0,0.0,0.0,0.0,0.0,0.0,0.0,0.0,100.0,0.0,0.0,0.0,0.0,0.0,0.0,0.0,0.0,0.0,100.0
152,0.0,0.0,0.0,0.0,0.0,91.84,0.0,0.0,0.0,8.16,0.0,0.0,0.0,0.0,0.0,100.0,0.0,0.0,0.0,0.0,0.0,0.0,0.0,0.0,0.0,88.12,0.0,0.0,0.0,11.88,0.0,0.0,0.0,0.0,0.0,65.0,0.0,0.0,0.0,35.0,0.0,0.0,0.0,0.0,0.0,95.05,0.0,0.0,0.0,4.95,0.0,0.0,0.0,0.0,0.0,84.31,0.0,0.0,0.0,15.69,0.0,0.0,0.0,0.0,0.0,81.0,0.0,0.0,0.0,19.0,0.0,0.0,0.0,0.0,0.0,100.0,0.0,0.0,0.0,0.0,0.0,0.0,0.0,0.0,0.0,62.75,0.0,0.0,0.0,37.25,0.0,0.0,1.0,0.0,0.0,15.0,0.0,0.0,0.0,84.0,1.01,0.0,0.0,0.0,0.0,30.3,0.0,0.0,0.0,68.69,0.0,0.0,0.0,0.0,0.0,49.5,0.0,0.0,0.0,50.5,0.99,0.0,1.98,0.0,0.0,33.66,0.0,0.0,0.0,63.37,0.0,0.0,0.0,0.0,0.0,42.57,0.0,0.0,0.0,57.43,0.0,0.0,0.0,0.0,0.0,49.49,0.0,0.0,0.0,50.51,0.0,0.0,0.0,0.0,0.0,51.0,0.0,0.0,0.0,49.0,0.0,0.0,1.0,18.0,0.0,0.0,0.0,0.0,0.0,81.0,0.0,0.0,1.0,0.0,0.0,0.0,0.0,0.0,0.0,99.0,1.0,0.0,0.0,0.0,0.0,0.0,0.0,0.0,0.0,99.0,0.0,0.0,0.0,0.0,0.0,0.0,0.0,0.0,0.0,100.0,0.0,0.0,1.0,0.0,0.0,0.0,0.0,0.0,0.0,99.0,0.0,0.0,0.0,0.0,0.0,0.0,0.0,0.0,0.0,100.0,0.0,0.0,0.0,0.0,0.0,0.0,0.0,0.0,0.0,100.0,0.0,0.0,0.0,0.0,0.0,0.0,0.0,0.0,0.0,100.0
153,0.0,0.0,0.0,0.0,0.0,91.92,0.0,0.0,0.0,8.08,0.0,0.0,0.0,0.0,0.0,100.0,0.0,0.0,0.0,0.0,0.0,0.0,0.0,0.0,0.0,87.76,0.0,0.0,0.0,12.24,0.0,0.0,0.0,0.0,0.0,66.0,0.0,0.0,0.0,34.0,0.0,0.0,0.0,0.0,0.0,93.2,0.0,0.0,0.0,6.8,0.0,0.0,0.0,0.0,0.0,82.83,0.0,0.0,0.0,17.17,0.0,0.0,0.0,0.0,0.0,80.61,0.0,0.0,0.0,19.39,0.0,0.0,0.0,0.0,0.0,100.0,0.0,0.0,0.0,0.0,0.0,0.0,0.0,0.0,0.0,62.0,0.0,0.0,0.0,38.0,1.01,0.0,0.0,0.0,0.0,14.14,0.0,0.0,0.0,84.85,0.0,0.0,1.0,0.0,0.0,32.0,0.0,0.0,0.0,67.0,0.0,0.0,0.0,0.0,0.0,54.46,0.0,0.0,0.0,45.54,1.02,0.0,0.0,0.0,0.0,32.65,0.0,0.0,0.0,66.33,0.0,0.0,0.0,0.0,0.0,40.82,0.0,0.0,0.0,59.18,0.97,0.0,0.0,0.0,0.0,48.54,0.0,0.0,0.0,50.49,0.0,0.0,0.0,0.0,0.0,51.0,0.0,0.0,0.0,49.0,0.0,0.0,0.0,11.34,0.0,0.0,0.0,0.0,0.0,88.66,0.0,0.0,0.0,7.0,0.0,0.0,0.0,0.0,0.0,93.0,0.0,0.0,0.0,0.0,0.0,0.0,0.0,0.0,0.0,100.0,0.0,0.0,0.0,0.0,0.0,0.0,0.0,0.0,0.0,100.0,0.99,0.0,0.99,0.0,0.0,0.0,0.0,0.0,0.0,98.02,0.0,0.0,1.0,0.0,0.0,0.0,0.0,0.0,0.0,99.0,0.0,0.0,0.0,0.0,0.0,0.0,0.0,0.0,0.0,100.0,0.0,0.0,0.0,0.0,0.0,0.0,0.0,0.0,0.0,100.0
154,0.0,0.0,0.0,0.0,0.0,90.91,0.0,0.0,0.0,9.09,0.0,0.0,0.0,0.0,0.0,100.0,0.0,0.0,0.0,0.0,0.0,0.0,0.0,0.0,0.0,87.0,0.0,0.0,0.0,13.0,0.0,0.0,0.0,0.0,0.0,65.66,0.0,0.0,0.0,34.34,0.0,0.0,0.0,0.0,0.0,94.06,0.0,0.0,0.0,5.94,0.0,0.0,0.0,0.0,0.0,82.83,0.0,0.0,0.0,17.17,0.0,0.0,0.0,0.0,0.0,80.61,0.0,0.0,0.0,19.39,0.0,0.0,0.0,0.0,0.0,100.0,0.0,0.0,0.0,0.0,0.0,0.0,1.01,0.0,0.0,60.61,0.0,0.0,0.0,38.38,0.0,0.0,0.0,0.0,0.0,15.15,0.0,0.0,0.0,84.85,1.0,0.0,0.0,0.0,0.0,31.0,0.0,0.0,0.0,68.0,0.0,0.0,0.0,0.0,0.0,50.98,0.0,0.0,0.0,49.02,0.99,0.0,0.0,0.0,0.0,33.66,0.0,0.0,0.0,65.35,0.0,0.0,0.0,0.0,0.0,42.42,0.0,0.0,0.0,57.58,1.01,0.0,1.01,0.0,0.0,46.46,0.0,0.0,0.0,51.52,0.0,0.0,0.0,0.0,0.0,51.49,0.0,0.0,0.0,48.51,1.0,0.0,1.0,0.0,0.0,0.0,0.0,0.0,0.0,98.0,0.99,0.0,0.0,3.96,0.0,0.0,0.0,0.0,0.0,95.05,0.0,0.0,1.0,0.0,0.0,0.0,0.0,0.0,0.0,99.0,0.99,0.0,0.99,0.0,0.0,0.0,0.0,0.0,0.0,98.02,0.0,0.0,0.0,0.0,0.0,0.0,0.0,0.0,0.0,100.0,1.01,0.0,1.01,0.0,0.0,0.0,0.0,0.0,0.0,97.98,0.0,0.0,0.0,14.14,0.0,0.0,0.0,0.0,0.0,85.86,0.0,0.0,0.0,0.0,0.0,0.0,0.0,0.0,0.0,100.0
155,0.0,0.0,0.0,0.0,0.0,87.13,0.0,0.0,0.0,12.87,0.0,0.0,0.0,0.0,0.0,100.0,0.0,0.0,0.0,0.0,0.0,0.0,0.0,0.0,0.0,87.0,0.0,0.0,0.0,13.0,0.0,0.0,0.0,0.0,0.0,63.64,0.0,0.0,0.0,36.36,0.0,0.0,0.0,0.0,0.0,92.23,0.0,0.0,0.0,7.77,0.0,0.0,0.0,0.0,0.0,81.63,0.0,0.0,0.0,18.37,0.0,0.0,1.02,0.0,0.0,79.59,0.0,0.0,0.0,19.39,0.0,0.0,0.0,0.0,0.0,100.0,0.0,0.0,0.0,0.0,0.99,0.0,0.0,0.0,0.0,60.4,0.0,0.0,0.0,38.61,1.0,0.0,0.0,0.0,0.0,15.0,0.0,0.0,0.0,84.0,0.0,0.0,0.0,0.0,0.0,29.29,0.0,0.0,0.0,70.71,0.0,0.0,0.0,0.0,0.0,48.51,0.0,0.0,0.0,51.49,0.0,0.0,0.0,0.0,0.0,32.32,0.0,0.0,0.0,67.68,0.0,0.0,0.0,0.0,0.0,42.0,0.0,0.0,0.0,58.0,0.0,0.0,0.0,0.0,0.0,47.47,0.0,0.0,0.0,52.53,0.0,0.0,0.0,0.0,0.0,50.5,0.0,0.0,0.0,49.5,0.0,0.0,0.0,0.0,0.0,0.0,0.0,0.0,0.0,100.0,0.0,0.0,0.0,0.0,0.0,0.0,0.0,0.0,0.0,100.0,0.0,0.0,0.0,0.0,0.0,0.0,0.0,0.0,0.0,100.0,0.0,0.0,0.0,0.0,0.0,0.0,0.0,0.0,0.0,100.0,0.0,0.0,1.0,13.0,0.0,0.0,0.0,0.0,0.0,86.0,1.98,0.0,1.98,0.0,0.0,0.0,0.0,0.0,0.0,96.04,0.0,0.0,0.99,4.95,0.0,0.0,0.0,0.0,0.0,94.06,0.0,0.0,0.0,0.0,0.0,0.0,0.0,0.0,0.0,100.0
156,0.0,0.0,0.0,0.0,0.0,92.0,0.0,0.0,0.0,8.0,0.0,0.0,0.0,0.0,0.0,100.0,0.0,0.0,0.0,0.0,0.0,0.0,0.0,0.0,0.0,88.12,0.0,0.0,0.0,11.88,0.0,0.0,0.0,0.0,0.0,66.34,0.0,0.0,0.0,33.66,0.0,0.0,0.0,0.0,0.0,94.12,0.0,0.0,0.0,5.88,0.0,0.0,0.0,0.0,0.0,83.17,0.0,0.0,0.0,16.83,0.0,0.0,0.0,0.0,0.0,80.81,0.0,0.0,0.0,19.19,0.0,0.0,0.0,0.0,0.0,100.0,0.0,0.0,0.0,0.0,0.0,0.0,0.0,0.0,0.0,64.0,0.0,0.0,0.0,36.0,0.0,0.0,0.0,0.0,0.0,16.0,0.0,0.0,0.0,84.0,0.0,0.0,0.0,0.0,0.0,31.0,0.0,0.0,0.0,69.0,0.0,0.0,0.0,0.0,0.0,48.98,0.0,0.0,0.0,51.02,0.0,0.0,0.99,0.0,0.0,33.66,0.0,0.0,0.0,65.35,0.0,0.0,0.0,0.0,0.0,44.0,0.0,0.0,0.0,56.0,1.0,0.0,0.0,0.0,0.0,48.0,0.0,0.0,0.0,51.0,0.0,0.0,0.0,0.0,0.0,51.46,0.0,0.0,0.0,48.54,0.0,0.0,1.0,0.0,0.0,0.0,0.0,0.0,0.0,99.0,0.99,0.0,0.99,0.0,0.0,0.0,0.0,0.0,0.0,98.02,0.0,0.0,0.0,0.0,0.0,0.0,0.0,0.0,0.0,100.0,0.0,0.0,0.0,0.0,0.0,0.0,0.0,0.0,0.0,100.0,0.0,0.0,0.0,18.18,0.0,0.0,0.0,0.0,0.0,81.82,0.0,0.0,1.02,0.0,0.0,0.0,0.0,0.0,0.0,98.98,0.0,0.0,0.0,0.0,0.0,0.0,0.0,0.0,0.0,100.0,2.02,0.0,0.0,0.0,0.0,0.0,0.0,0.0,0.0,97.98
157,0.0,0.0,0.0,0.0,0.0,93.94,0.0,0.0,0.0,6.06,0.0,0.0,0.0,0.0,0.0,100.0,0.0,0.0,0.0,0.0,0.0,0.0,0.0,0.0,0.0,89.11,0.0,0.0,0.0,10.89,0.0,0.0,0.0,0.0,0.0,66.33,0.0,0.0,0.0,33.67,0.0,0.0,0.0,0.0,0.0,95.1,0.0,0.0,0.0,4.9,0.0,0.0,0.0,0.0,0.0,84.0,0.0,0.0,0.0,16.0,0.0,0.0,0.0,0.0,0.0,82.0,0.0,0.0,0.0,18.0,0.0,0.0,0.0,0.0,0.0,100.0,0.0,0.0,0.0,0.0,0.0,0.0,0.0,0.0,0.0,64.71,0.0,0.0,0.0,35.29,1.01,0.0,1.01,0.0,0.0,14.14,0.0,0.0,0.0,83.84,0.0,0.0,0.0,0.0,0.0,31.0,0.0,0.0,0.0,69.0,0.0,0.0,0.0,0.0,0.0,50.5,0.0,0.0,0.0,49.5,0.0,0.0,0.0,0.0,0.0,34.0,0.0,0.0,0.0,66.0,0.0,0.0,0.0,0.0,0.0,44.44,0.0,0.0,0.0,55.56,1.0,0.0,0.0,0.0,0.0,49.0,0.0,0.0,0.0,50.0,0.0,0.0,0.0,0.0,0.0,51.0,0.0,0.0,0.0,49.0,1.01,0.0,0.0,0.0,0.0,0.0,0.0,0.0,0.0,98.99,0.0,0.0,0.0,0.0,0.0,0.0,0.0,0.0,0.0,100.0,1.0,0.0,1.0,0.0,0.0,0.0,0.0,0.0,0.0,98.0,0.0,0.0,0.0,0.0,0.0,0.0,0.0,0.0,0.0,100.0,0.0,0.0,0.99,17.82,0.0,0.0,0.0,0.0,0.0,81.19,0.0,0.0,0.0,0.0,0.0,0.0,0.0,0.0,0.0,100.0,0.0,0.0,0.0,0.0,0.0,0.0,0.0,0.0,0.0,100.0,0.98,0.0,0.98,0.0,0.0,0.0,0.0,0.0,0.0,98.04
158,0.0,0.0,0.0,0.0,0.0,92.08,0.0,0.0,0.0,7.92,0.0,0.0,0.0,0.0,0.0,100.0,0.0,0.0,0.0,0.0,0.0,0.0,0.0,0.0,0.0,88.12,0.0,0.0,0.0,11.88,0.0,0.0,0.0,0.0,0.0,66.34,0.0,0.0,0.0,33.66,0.0,0.0,0.0,0.0,0.0,95.05,0.0,0.0,0.0,4.95,0.0,0.0,0.0,0.0,0.0,84.0,0.0,0.0,0.0,16.0,0.0,0.0,0.0,0.0,0.0,82.0,0.0,0.0,0.0,18.0,0.0,0.0,0.0,0.0,0.0,100.0,0.0,0.0,0.0,0.0,0.0,0.0,0.0,0.0,0.0,63.73,0.0,0.0,0.0,36.27,0.0,0.0,0.0,0.0,0.0,15.15,0.0,0.0,0.0,84.85,0.0,0.0,0.0,0.0,0.0,31.0,0.0,0.0,0.0,69.0,0.0,0.0,0.0,0.0,0.0,49.5,0.0,0.0,0.0,50.5,1.0,0.0,0.0,0.0,0.0,33.0,0.0,0.0,0.0,66.0,0.0,0.0,0.0,0.0,0.0,44.0,0.0,0.0,0.0,56.0,0.0,0.0,0.0,0.0,0.0,49.5,0.0,0.0,0.0,50.5,0.0,0.0,0.0,0.0,0.0,51.0,0.0,0.0,0.0,49.0,0.0,0.0,0.0,0.0,0.0,0.0,0.0,0.0,0.0,100.0,0.0,0.0,0.0,0.0,0.0,0.0,0.0,0.0,0.0,100.0,0.99,0.0,0.99,0.99,0.0,0.0,0.0,0.0,0.0,97.03,0.0,0.0,1.0,0.0,0.0,0.0,0.0,0.0,0.0,99.0,0.0,0.0,0.0,15.31,0.0,0.0,0.0,0.0,0.0,84.69,0.0,0.0,0.0,0.0,0.0,0.0,0.0,0.0,0.0,100.0,0.0,0.0,0.0,3.0,0.0,0.0,0.0,0.0,0.0,97.0,0.0,0.0,0.0,0.0,0.0,0.0,0.0,0.0,0.0,100.0
159,0.0,0.0,0.0,0.0,0.0,88.12,0.0,0.0,0.0,11.88,0.0,0.0,0.0,0.0,0.0,100.0,0.0,0.0,0.0,0.0,0.0,0.0,0.0,0.0,0.0,88.0,0.0,0.0,0.0,12.0,0.0,0.0,0.0,0.0,0.0,65.35,0.0,0.0,0.0,34.65,0.0,0.0,0.97,0.0,0.0,91.26,0.0,0.0,0.0,7.77,0.0,0.0,0.0,0.0,0.0,82.35,0.0,0.0,0.0,17.65,0.0,0.0,0.0,0.0,0.0,81.0,0.0,0.0,0.0,19.0,0.0,0.0,0.0,0.0,0.0,100.0,0.0,0.0,0.0,0.0,0.0,0.0,0.0,0.0,0.0,63.0,0.0,0.0,0.0,37.0,0.0,0.0,0.0,0.0,0.0,15.15,0.0,0.0,0.0,84.85,0.0,0.0,1.0,0.0,0.0,30.0,0.0,0.0,0.0,69.0,0.0,0.0,0.0,0.0,0.0,48.0,0.0,0.0,0.0,52.0,0.0,0.0,0.0,0.0,0.0,32.32,0.0,0.0,0.0,67.68,0.0,0.0,0.0,0.0,0.0,44.12,0.0,0.0,0.0,55.88,0.0,0.0,0.0,0.0,0.0,47.52,0.0,0.0,0.0,52.48,0.0,0.0,0.0,0.0,0.0,50.98,0.0,0.0,0.0,49.02,0.0,0.0,0.0,0.0,0.0,0.0,0.0,0.0,0.0,100.0,2.02,0.0,1.01,0.0,0.0,0.0,0.0,0.0,0.0,96.97,0.0,0.0,0.0,0.0,0.0,0.0,0.0,0.0,0.0,100.0,0.0,0.0,0.0,0.0,0.0,0.0,0.0,0.0,0.0,100.0,0.0,0.0,0.0,0.0,0.0,0.0,0.0,0.0,0.0,100.0,0.0,0.0,0.0,0.0,0.0,0.0,0.0,0.0,0.0,100.0,0.0,0.0,0.0,17.17,0.0,0.0,0.0,0.0,0.0,82.83,0.0,0.0,0.0,0.0,0.0,0.0,0.0,0.0,0.0,100.0
160,0.0,0.0,0.0,0.0,0.0,88.0,0.0,0.0,0.0,12.0,0.0,0.0,0.0,0.0,0.0,100.0,0.0,0.0,0.0,0.0,0.0,0.0,0.0,0.0,0.0,87.25,0.0,0.0,0.0,12.75,0.0,0.0,0.0,0.0,0.0,65.0,0.0,0.0,0.0,35.0,0.0,0.0,0.0,0.0,0.0,92.23,0.0,0.0,0.0,7.77,0.0,0.0,0.0,0.0,0.0,81.63,0.0,0.0,0.0,18.37,0.0,0.0,0.0,0.0,0.0,80.61,0.0,0.0,0.0,19.39,0.0,0.0,0.0,0.0,0.0,100.0,0.0,0.0,0.0,0.0,0.0,0.0,0.0,0.0,0.0,63.27,0.0,0.0,0.0,36.73,0.98,0.0,0.0,0.0,0.0,15.69,0.0,0.0,0.0,83.33,1.01,0.0,0.0,0.0,0.0,29.29,0.0,0.0,0.0,69.7,0.0,0.0,0.0,0.0,0.0,49.0,0.0,0.0,0.0,51.0,0.0,0.0,0.0,0.0,0.0,34.0,0.0,0.0,0.0,66.0,0.0,0.0,0.0,0.0,0.0,43.43,0.0,0.0,0.0,56.57,0.0,0.0,0.0,0.0,0.0,47.52,0.0,0.0,0.0,52.48,0.0,0.0,0.0,0.0,0.0,50.5,0.0,0.0,0.0,49.5,0.0,0.0,1.0,0.0,0.0,0.0,0.0,0.0,0.0,99.0,0.0,0.0,1.0,0.0,0.0,0.0,0.0,0.0,0.0,99.0,1.01,0.0,0.0,0.0,0.0,0.0,0.0,0.0,0.0,98.99,0.0,0.0,0.0,0.0,0.0,0.0,0.0,0.0,0.0,100.0,0.0,0.0,0.0,0.0,0.0,0.0,0.0,0.0,0.0,100.0,0.0,0.0,0.99,0.0,0.0,0.0,0.0,0.0,0.0,99.01,0.0,0.0,1.0,18.0,0.0,0.0,0.0,0.0,0.0,81.0,0.0,0.0,1.0,0.0,0.0,0.0,0.0,0.0,0.0,99.0
161,0.0,0.0,0.0,0.0,0.0,91.09,0.0,0.0,0.0,8.91,0.0,0.0,0.0,0.0,0.0,100.0,0.0,0.0,0.0,0.0,0.0,0.0,0.0,0.0,0.0,87.88,0.0,0.0,0.0,12.12,0.0,0.0,0.0,0.0,0.0,65.66,0.0,0.0,0.0,34.34,0.0,0.0,0.0,0.0,0.0,94.17,0.0,0.0,0.0,5.83,0.0,0.0,0.0,0.0,0.0,83.17,0.0,0.0,0.0,16.83,0.0,0.0,0.0,0.0,0.0,82.65,0.0,0.0,0.0,17.35,0.0,0.0,0.0,0.0,0.0,100.0,0.0,0.0,0.0,0.0,0.0,0.0,0.0,0.0,0.0,61.22,0.0,0.0,0.0,38.78,0.0,0.0,1.01,0.0,0.0,15.15,0.0,0.0,0.0,83.84,0.99,0.0,0.0,0.0,0.0,30.69,0.0,0.0,0.0,68.32,0.0,0.0,0.99,0.0,0.0,49.5,0.0,0.0,0.0,49.5,0.98,0.0,0.0,0.0,0.0,34.31,0.0,0.0,0.0,64.71,0.0,0.0,0.0,0.0,0.0,43.0,0.0,0.0,0.0,57.0,0.0,0.0,0.0,0.0,0.0,49.0,0.0,0.0,0.0,51.0,0.0,0.0,0.0,0.0,0.0,50.0,0.0,0.0,0.0,50.0,1.01,0.0,0.0,0.0,0.0,0.0,0.0,0.0,0.0,98.99,0.0,0.0,0.0,0.0,0.0,0.0,0.0,0.0,0.0,100.0,0.0,0.0,0.0,0.0,0.0,0.0,0.0,0.0,0.0,100.0,0.0,0.0,0.0,0.0,0.0,0.0,0.0,0.0,0.0,100.0,0.0,0.0,0.0,0.0,0.0,0.0,0.0,0.0,0.0,100.0,0.0,0.0,0.0,0.0,0.0,0.0,0.0,0.0,0.0,100.0,0.0,0.0,0.0,18.18,0.0,0.0,0.0,0.0,0.0,81.82,0.0,0.0,0.0,0.0,0.0,0.0,0.0,0.0,0.0,100.0
162,0.0,0.0,0.97,0.0,0.0,89.32,0.0,0.0,0.0,9.71,0.0,0.0,0.0,0.0,0.0,100.0,0.0,0.0,0.0,0.0,0.0,0.0,0.0,0.0,0.0,87.88,0.0,0.0,0.0,12.12,0.0,0.0,0.0,0.0,0.0,65.66,0.0,0.0,0.0,34.34,0.0,0.0,0.0,0.0,0.0,93.07,0.0,0.0,0.0,6.93,0.0,0.0,0.0,0.0,0.0,82.65,0.0,0.0,0.0,17.35,0.0,0.0,0.0,0.0,0.0,82.0,0.0,0.0,0.0,18.0,0.0,0.0,0.0,0.0,0.0,100.0,0.0,0.0,0.0,0.0,0.99,0.0,0.0,0.0,0.0,62.38,0.0,0.0,0.0,36.63,2.02,0.0,0.0,0.0,0.0,15.15,0.0,0.0,0.0,82.83,0.0,0.0,0.0,0.0,0.0,32.0,0.0,0.0,0.0,68.0,0.0,0.0,0.0,0.0,0.0,49.49,0.0,0.0,0.0,50.51,0.99,0.0,0.0,0.0,0.0,32.67,0.0,0.0,0.0,66.34,0.0,0.0,0.0,0.0,0.0,43.56,0.0,0.0,0.0,56.44,0.0,0.0,0.0,0.0,0.0,48.0,0.0,0.0,0.0,52.0,0.0,0.0,0.0,0.0,0.0,50.0,0.0,0.0,0.0,50.0,0.0,0.0,0.0,0.0,0.0,0.0,0.0,0.0,0.0,100.0,0.0,0.0,0.0,0.0,0.0,0.0,0.0,0.0,0.0,100.0,1.0,0.0,0.0,0.0,0.0,0.0,0.0,0.0,0.0,99.0,0.98,0.0,0.98,0.0,0.0,0.98,0.0,0.0,0.0,97.06,0.99,0.0,0.99,0.0,0.0,0.0,0.0,0.0,0.0,98.02,0.0,0.0,0.0,0.0,0.0,0.0,0.0,0.0,0.0,100.0,0.0,0.0,0.0,18.18,0.0,0.0,0.0,0.0,0.0,81.82,0.0,0.0,0.0,0.0,0.0,0.0,0.0,0.0,0.0,100.0
163,0.0,0.0,0.0,0.0,0.0,93.07,0.0,0.0,0.0,6.93,0.0,0.0,0.0,0.0,0.0,100.0,0.0,0.0,0.0,0.0,0.0,0.0,0.0,0.0,0.0,87.88,0.0,0.0,0.0,12.12,0.0,0.0,0.0,0.0,0.0,66.0,0.0,0.0,0.0,34.0,0.0,0.0,0.0,0.0,0.0,94.17,0.0,0.0,0.0,5.83,0.0,0.0,0.0,0.0,0.0,82.65,0.0,0.0,0.0,17.35,0.0,0.0,0.0,0.0,0.0,82.35,0.0,0.0,0.0,17.65,0.0,0.0,0.0,0.0,0.0,100.0,0.0,0.0,0.0,0.0,0.0,0.0,0.99,0.0,0.0,62.38,0.0,0.0,0.0,36.63,1.0,0.0,1.0,0.0,0.0,15.0,0.0,0.0,0.0,83.0,1.0,0.0,1.0,0.0,0.0,31.0,0.0,0.0,0.0,67.0,0.0,0.0,0.0,0.0,0.0,50.98,0.0,0.0,0.0,49.02,0.0,0.0,0.0,0.0,0.0,32.65,0.0,0.0,0.0,67.35,0.0,0.0,0.0,0.0,0.0,44.44,0.0,0.0,0.0,55.56,0.0,0.0,0.0,0.0,0.0,49.5,0.0,0.0,0.0,50.5,0.0,0.0,0.0,0.0,0.0,51.0,0.0,0.0,0.0,49.0,0.0,0.0,1.0,0.0,0.0,0.0,0.0,0.0,0.0,99.0,0.99,0.0,0.0,0.0,0.0,0.0,0.0,0.0,0.0,99.01,0.0,0.0,1.0,0.0,0.0,0.0,0.0,0.0,0.0,99.0,0.0,0.0,0.0,0.0,0.0,0.0,0.0,0.0,0.0,100.0,0.0,0.0,0.0,0.0,0.0,0.0,0.0,0.0,0.0,100.0,0.99,0.0,0.0,0.0,0.0,0.0,0.0,0.0,0.0,99.01,0.0,0.0,0.0,24.0,0.0,0.0,0.0,0.0,0.0,76.0,0.0,0.0,0.99,0.0,0.0,0.0,0.0,0.0,0.0,99.01
164,0.0,0.0,0.0,0.0,0.0,87.13,0.0,0.0,0.0,12.87,0.0,0.0,0.0,0.0,0.0,100.0,0.0,0.0,0.0,0.0,0.0,0.0,0.0,0.0,0.0,87.0,0.0,0.0,0.0,13.0,0.0,0.0,0.0,0.0,0.0,64.36,0.0,0.0,0.0,35.64,0.0,0.0,0.0,0.0,0.0,93.0,0.0,0.0,0.0,7.0,0.0,0.0,0.0,0.0,0.0,81.63,0.0,0.0,0.0,18.37,0.0,0.0,0.0,0.0,0.0,81.19,0.0,0.0,0.0,18.81,0.0,0.0,0.0,0.0,0.0,100.0,0.0,0.0,0.0,0.0,0.0,0.0,0.0,0.0,0.0,63.0,0.0,0.0,0.0,37.0,1.01,0.0,1.01,0.0,0.0,14.14,0.0,0.0,0.0,83.84,1.0,0.0,0.0,0.0,0.0,31.0,0.0,0.0,0.0,68.0,1.02,0.0,0.0,0.0,0.0,48.98,0.0,0.0,0.0,50.0,0.0,0.0,0.0,0.0,0.0,33.33,0.0,0.0,0.0,66.67,0.0,0.0,0.0,0.0,0.0,43.56,0.0,0.0,0.0,56.44,1.0,0.0,0.0,0.0,0.0,46.0,0.0,0.0,0.0,53.0,0.0,0.0,0.0,0.0,0.0,49.0,0.0,0.0,0.0,51.0,1.01,0.0,0.0,0.0,0.0,0.0,0.0,0.0,0.0,98.99,0.0,0.0,0.0,0.0,0.0,0.0,0.0,0.0,0.0,100.0,0.0,0.0,0.0,0.0,0.0,0.0,0.0,0.0,0.0,100.0,0.0,0.0,0.0,0.0,0.0,0.0,0.0,0.0,0.0,100.0,0.0,0.0,0.99,0.0,0.0,0.0,0.0,0.0,0.0,99.01,0.0,0.0,0.0,0.0,0.0,0.0,0.0,0.0,0.0,100.0,0.0,0.0,0.99,22.77,0.0,0.0,0.0,0.0,0.0,76.24,0.0,0.0,0.0,0.0,0.0,0.0,0.0,0.0,0.0,100.0
165,0.0,0.0,0.0,0.0,0.0,88.12,0.0,0.0,0.0,11.88,0.0,0.0,0.0,0.0,0.0,100.0,0.0,0.0,0.0,0.0,0.0,0.0,0.0,0.0,0.0,87.13,0.0,0.0,0.0,12.87,0.0,0.0,0.0,0.0,0.0,64.65,0.0,0.0,0.0,35.35,0.0,0.0,0.0,0.0,0.0,93.07,0.0,0.0,0.0,6.93,0.0,0.0,0.0,0.0,0.0,81.19,0.0,0.0,0.0,18.81,0.0,0.0,0.0,0.0,0.0,81.82,0.0,0.0,0.0,18.18,0.0,0.0,0.0,0.0,0.0,100.0,0.0,0.0,0.0,0.0,0.0,0.0,0.0,0.0,0.0,63.0,0.0,0.0,0.0,37.0,1.01,0.0,0.0,0.0,0.0,14.14,0.0,0.0,0.0,84.85,0.98,0.0,0.98,0.0,0.0,30.39,0.0,0.0,0.0,67.65,0.0,0.0,0.0,0.0,0.0,51.49,0.0,0.0,0.0,48.51,1.0,0.0,0.0,0.0,0.0,33.0,0.0,0.0,0.0,66.0,0.0,0.0,0.0,0.0,0.0,43.43,0.0,0.0,0.0,56.57,0.0,0.0,0.99,0.0,0.0,46.53,0.0,0.0,0.0,52.48,0.0,0.0,0.0,0.0,0.0,50.5,0.0,0.0,0.0,49.5,0.0,0.0,0.0,0.0,0.0,0.0,0.0,0.0,0.0,100.0,0.0,0.0,0.0,0.0,0.0,0.0,0.0,0.0,0.0,100.0,0.0,0.0,0.0,0.0,0.0,0.0,0.0,0.0,0.0,100.0,0.0,0.0,0.0,0.0,0.0,0.0,0.0,0.0,0.0,100.0,0.0,0.0,0.0,0.0,0.0,0.0,0.0,0.0,0.0,100.0,0.0,0.0,0.0,0.0,0.0,0.0,0.0,0.0,0.0,100.0,1.01,0.0,0.0,18.18,0.0,0.0,0.0,0.0,0.0,80.81,1.0,0.0,0.0,0.0,0.0,0.0,0.0,0.0,0.0,99.0
166,0.0,0.0,0.0,0.0,0.0,89.8,0.0,0.0,0.0,10.2,0.0,0.0,0.0,0.0,0.0,100.0,0.0,0.0,0.0,0.0,0.0,0.0,0.0,0.0,0.0,87.0,0.0,0.0,0.0,13.0,0.0,0.0,0.0,0.0,0.0,64.71,0.0,0.0,0.0,35.29,0.0,0.0,0.0,0.0,0.0,93.14,0.0,0.0,0.0,6.86,0.0,0.0,0.0,0.0,0.0,82.83,0.0,0.0,0.0,17.17,0.0,0.0,0.0,0.0,0.0,81.0,0.0,0.0,0.0,19.0,0.0,0.0,0.0,0.0,0.0,100.0,0.0,0.0,0.0,0.0,0.0,0.0,0.0,0.0,0.0,63.27,0.0,0.0,0.0,36.73,0.0,0.0,1.0,0.0,0.0,16.0,0.0,0.0,0.0,83.0,0.0,0.0,0.0,0.0,0.0,31.0,0.0,0.0,0.0,69.0,1.01,0.0,0.0,0.0,0.0,49.49,0.0,0.0,0.0,49.49,1.02,0.0,0.0,0.0,0.0,33.67,0.0,0.0,0.0,65.31,0.0,0.0,0.0,0.0,0.0,42.0,0.0,0.0,0.0,58.0,0.0,0.0,0.0,0.0,0.0,46.94,0.0,0.0,0.0,53.06,0.0,0.0,0.0,0.0,0.0,50.5,0.0,0.0,0.0,49.5,0.0,0.0,0.0,0.0,0.0,0.0,0.0,0.0,0.0,100.0,0.0,0.0,0.99,0.0,0.0,0.0,0.0,0.0,0.0,99.01,0.98,0.0,0.98,0.0,0.0,0.0,0.0,0.0,0.0,98.04,0.0,0.0,0.0,0.0,0.0,0.0,0.0,0.0,0.0,100.0,0.0,0.0,1.0,0.0,0.0,0.0,0.0,0.0,0.0,99.0,0.0,0.0,0.0,0.0,0.0,0.0,0.0,0.0,0.0,100.0,0.0,0.0,0.0,18.0,0.0,0.0,0.0,0.0,0.0,82.0,0.0,0.0,0.0,0.0,0.0,0.0,0.0,0.0,0.0,100.0
167,0.0,0.0,0.0,0.0,0.0,89.11,0.0,0.0,0.0,10.89,0.0,0.0,0.0,0.0,0.0,100.0,0.0,0.0,0.0,0.0,0.0,0.0,0.0,0.0,0.0,86.87,0.0,0.0,0.0,13.13,0.0,0.0,0.0,0.0,0.0,65.0,0.0,0.0,0.0,35.0,0.0,0.0,0.0,0.0,0.0,93.14,0.0,0.0,0.0,6.86,0.0,0.0,0.0,0.0,0.0,81.37,0.0,0.0,0.0,18.63,0.0,0.0,0.0,0.0,0.0,82.0,0.0,0.0,0.0,18.0,0.0,0.0,0.0,0.0,0.0,100.0,0.0,0.0,0.0,0.0,0.0,0.0,0.0,0.0,0.0,64.08,0.0,0.0,0.0,35.92,1.01,0.0,0.0,0.0,0.0,14.14,0.0,0.0,0.0,84.85,0.0,0.0,0.0,0.0,0.0,29.59,0.0,0.0,0.0,70.41,1.0,0.0,0.0,0.0,0.0,50.0,0.0,0.0,0.0,49.0,0.99,0.0,0.99,2.97,0.0,33.66,0.0,0.0,0.0,61.39,0.0,0.0,0.0,0.0,0.0,42.0,0.0,0.0,0.0,58.0,0.0,0.0,0.0,0.0,0.0,47.0,0.0,0.0,0.0,53.0,0.0,0.0,0.0,0.0,0.0,49.0,0.0,0.0,0.0,51.0,0.0,0.0,0.0,0.0,0.0,0.0,0.0,0.0,0.0,100.0,0.0,0.0,0.0,0.0,0.0,0.0,0.0,0.0,0.0,100.0,0.0,0.0,0.0,0.0,0.0,0.0,0.0,0.0,0.0,100.0,0.0,0.0,0.0,0.0,0.0,0.0,0.0,0.0,0.0,100.0,0.0,0.0,1.0,0.0,0.0,0.0,0.0,0.0,0.0,99.0,0.0,0.0,0.0,0.0,0.0,0.0,0.0,0.0,0.0,100.0,0.0,0.0,0.0,16.16,0.0,0.0,0.0,0.0,0.0,83.84,0.99,0.0,0.99,0.0,0.0,0.0,0.0,0.0,0.0,98.02
168,0.0,0.0,0.0,0.0,0.0,90.0,0.0,0.0,0.0,10.0,0.0,0.0,0.0,0.0,0.0,100.0,0.0,0.0,0.0,0.0,0.0,0.0,0.0,0.0,0.0,87.0,0.0,0.0,0.0,13.0,0.0,0.0,0.0,0.0,0.0,64.65,0.0,0.0,0.0,35.35,0.0,0.0,0.0,0.0,0.0,94.06,0.0,0.0,0.0,5.94,0.0,0.0,0.0,0.0,0.0,83.0,0.0,0.0,0.0,17.0,0.0,0.0,0.0,0.0,0.0,82.18,0.0,0.0,0.0,17.82,0.0,0.0,0.0,0.0,0.0,100.0,0.0,0.0,0.0,0.0,1.0,0.0,0.0,0.0,0.0,63.0,0.0,0.0,0.0,36.0,1.01,0.0,0.0,0.0,0.0,16.16,0.0,0.0,0.0,82.83,0.99,0.0,0.99,0.0,0.0,31.68,0.0,0.0,0.0,66.34,0.0,0.0,0.0,0.0,0.0,52.48,0.0,0.0,0.0,47.52,1.01,0.0,1.01,6.06,0.0,33.33,0.0,0.0,0.0,58.59,0.0,0.0,0.0,0.0,0.0,43.56,0.0,0.0,0.0,56.44,0.98,0.0,0.0,5.88,0.0,48.04,0.0,0.0,0.0,45.1,0.0,0.0,0.0,0.0,0.0,50.5,0.0,0.0,0.0,49.5,0.0,0.0,0.0,0.0,0.0,0.0,0.0,0.0,0.0,100.0,1.0,0.0,0.0,0.0,0.0,0.0,0.0,0.0,0.0,99.0,0.0,0.0,0.0,0.0,0.0,0.0,0.0,0.0,0.0,100.0,0.0,0.0,1.0,0.0,0.0,0.0,0.0,0.0,0.0,99.0,0.0,0.0,0.0,0.0,0.0,0.0,0.0,0.0,0.0,100.0,0.0,0.0,0.99,0.0,0.0,0.0,0.0,0.0,0.0,99.01,0.0,0.0,1.0,0.0,0.0,0.0,0.0,0.0,0.0,99.0,0.0,0.0,0.0,0.0,0.0,0.0,0.0,0.0,0.0,100.0
169,0.0,0.0,0.0,0.0,0.0,88.0,0.0,0.0,0.0,12.0,0.0,0.0,0.0,0.0,0.0,100.0,0.0,0.0,0.0,0.0,0.0,0.0,0.0,0.0,0.0,87.13,0.0,0.0,0.0,12.87,0.0,0.0,0.0,0.0,0.0,65.35,0.0,0.0,0.0,34.65,0.0,0.0,0.97,0.0,0.0,92.23,0.0,0.0,0.0,6.8,0.0,0.0,0.0,0.0,0.0,82.0,0.0,0.0,0.0,18.0,0.0,0.0,0.0,0.0,0.0,82.0,0.0,0.0,0.0,18.0,0.0,0.0,0.0,0.0,0.0,100.0,0.0,0.0,0.0,0.0,0.0,0.0,0.0,0.0,0.0,62.38,0.0,0.0,0.0,37.62,1.96,0.0,0.98,0.98,0.0,14.71,0.0,0.0,0.0,81.37,1.0,0.0,0.0,0.0,0.0,30.0,0.0,0.0,0.0,69.0,0.0,0.0,0.0,0.0,0.0,50.0,0.0,0.0,0.0,50.0,2.0,0.0,1.0,9.0,0.0,32.0,0.0,0.0,0.0,56.0,0.0,0.0,0.0,0.0,0.0,43.56,0.0,0.0,0.0,56.44,1.01,0.0,0.0,1.01,0.0,47.47,0.0,0.0,0.0,50.51,0.0,0.0,0.0,0.0,0.0,51.0,0.0,0.0,0.0,49.0,0.0,0.0,0.0,0.0,0.0,0.0,0.0,0.0,0.0,100.0,0.0,0.0,0.0,0.0,0.0,0.0,0.0,0.0,0.0,100.0,0.0,0.0,0.0,0.0,0.0,0.0,0.0,0.0,0.0,100.0,0.0,0.0,0.0,0.0,0.0,0.0,0.0,0.0,0.0,100.0,0.0,0.0,0.0,0.0,0.0,0.0,0.0,0.0,0.0,100.0,0.0,0.0,0.0,0.0,0.0,0.0,0.0,0.0,0.0,100.0,0.0,0.0,0.0,0.0,0.0,0.0,0.0,0.0,0.0,100.0,0.0,0.0,0.0,0.0,0.0,0.0,0.0,0.0,0.0,100.0
170,0.0,0.0,0.0,0.0,0.0,91.92,0.0,0.0,0.0,8.08,0.0,0.0,0.0,0.0,0.0,100.0,0.0,0.0,0.0,0.0,0.0,0.0,0.0,0.0,0.0,88.0,0.0,0.0,0.0,12.0,0.0,0.0,0.0,0.0,0.0,65.66,0.0,0.0,0.0,34.34,0.0,0.0,0.0,0.0,0.0,95.05,0.0,0.0,0.0,4.95,0.0,0.0,0.0,0.0,0.0,83.17,0.0,0.0,0.0,16.83,0.0,0.0,0.0,0.0,0.0,81.82,0.0,0.0,0.0,18.18,0.0,0.0,0.0,0.0,0.0,100.0,0.0,0.0,0.0,0.0,0.0,0.0,0.0,0.0,0.0,63.0,0.0,0.0,0.0,37.0,0.99,0.0,1.98,0.0,0.0,15.84,0.0,0.0,0.0,81.19,1.0,0.0,0.0,6.0,0.0,33.0,0.0,0.0,0.0,60.0,0.0,0.0,0.0,0.0,0.0,51.96,0.0,0.0,0.0,48.04,1.01,0.0,0.0,5.05,0.0,34.34,0.0,0.0,0.0,59.6,0.0,0.0,0.0,0.0,0.0,40.4,0.0,0.0,0.0,59.6,0.0,0.0,0.98,0.0,0.0,48.04,0.0,0.0,0.0,50.98,0.0,0.0,0.0,0.0,0.0,50.51,0.0,0.0,0.0,49.49,0.0,0.0,1.01,0.0,0.0,0.0,0.0,0.0,0.0,98.99,0.0,0.0,0.0,0.0,0.0,0.0,0.0,0.0,0.0,100.0,0.0,0.0,0.0,0.0,0.0,0.0,0.0,0.0,0.0,100.0,0.0,0.0,0.0,0.0,0.0,0.0,0.0,0.0,0.0,100.0,0.0,0.0,0.0,0.0,0.0,0.0,0.0,0.0,0.0,100.0,0.0,0.0,0.0,0.0,0.0,0.0,0.0,0.0,0.0,100.0,0.0,0.0,0.0,0.0,0.0,0.0,0.0,0.0,0.0,100.0,0.0,0.0,0.0,0.0,0.0,0.0,0.0,0.0,0.0,100.0
171,0.0,0.0,0.0,0.0,0.0,92.0,0.0,0.0,0.0,8.0,0.0,0.0,0.0,0.0,0.0,100.0,0.0,0.0,0.0,0.0,0.0,0.0,0.0,0.0,0.0,87.88,0.0,0.0,0.0,12.12,0.0,0.0,0.0,0.0,0.0,67.33,0.0,0.0,0.0,32.67,0.0,0.0,0.0,0.0,0.0,95.05,0.0,0.0,0.0,4.95,0.0,0.0,0.0,0.0,0.0,83.17,0.0,0.0,0.0,16.83,0.0,0.0,0.0,0.0,0.0,83.0,0.0,0.0,0.0,17.0,0.0,0.0,0.0,0.0,0.0,100.0,0.0,0.0,0.0,0.0,0.0,0.0,0.0,0.0,0.0,63.64,0.0,0.0,0.0,36.36,0.0,0.0,1.02,0.0,0.0,15.31,0.0,0.0,0.0,83.67,0.0,0.0,0.0,4.04,0.0,32.32,0.0,0.0,0.0,63.64,0.0,0.0,0.0,0.0,0.0,51.0,0.0,0.0,0.0,49.0,0.0,0.0,1.0,8.0,0.0,35.0,0.0,0.0,0.0,56.0,0.0,0.0,0.0,0.0,0.0,40.59,0.0,0.0,0.0,59.41,1.02,0.0,0.0,0.0,0.0,45.92,0.0,0.0,0.0,53.06,0.0,0.0,0.0,0.0,0.0,50.98,0.0,0.0,0.0,49.02,1.01,0.0,0.0,0.0,0.0,0.0,0.0,0.0,0.0,98.99,0.0,0.0,0.0,0.0,0.0,0.0,0.0,0.0,0.0,100.0,0.0,0.0,0.0,0.0,0.0,0.0,0.0,0.0,0.0,100.0,0.0,0.0,0.0,0.0,0.0,0.0,0.0,0.0,0.0,100.0,0.99,0.0,0.0,0.0,0.0,0.0,0.0,0.0,0.0,99.01,0.0,0.0,0.0,0.0,0.0,0.0,0.0,0.0,0.0,100.0,0.99,0.0,0.0,0.0,0.0,0.0,0.0,0.0,0.0,99.01,0.0,0.0,0.0,0.0,0.0,0.0,0.0,0.0,0.0,100.0
172,0.0,0.0,0.0,0.0,0.0,91.84,0.0,0.0,0.0,8.16,0.0,0.0,0.0,0.0,0.0,100.0,0.0,0.0,0.0,0.0,0.0,0.0,0.0,0.0,0.0,88.12,0.0,0.0,0.0,11.88,0.0,0.0,0.0,0.0,0.0,67.65,0.0,0.0,0.0,32.35,0.0,0.0,0.0,0.0,0.0,96.08,0.0,0.0,0.0,3.92,0.0,0.0,0.0,0.0,0.0,83.0,0.0,0.0,0.0,17.0,0.0,0.0,0.0,0.0,0.0,83.0,0.0,0.0,0.0,17.0,0.0,0.0,0.0,0.0,0.0,100.0,0.0,0.0,0.0,0.0,0.0,0.0,0.0,0.0,0.0,64.36,0.0,0.0,0.0,35.64,1.98,0.0,0.0,0.0,0.0,16.83,0.0,0.0,0.0,81.19,0.0,0.0,1.0,11.0,0.0,33.0,0.0,0.0,0.0,55.0,0.0,0.0,0.0,0.0,0.0,53.0,0.0,0.0,0.0,47.0,0.99,0.0,0.0,0.99,0.0,35.64,0.0,0.0,0.0,62.38,0.0,0.0,0.0,0.0,0.0,41.0,0.0,0.0,0.0,59.0,0.0,0.0,0.98,0.0,0.0,49.02,0.0,0.0,0.0,50.0,0.0,0.0,0.0,0.0,0.0,51.0,0.0,0.0,0.0,49.0,0.0,0.0,0.0,0.0,0.0,0.0,0.0,0.0,0.0,100.0,1.01,0.0,0.0,0.0,0.0,0.0,0.0,0.0,0.0,98.99,0.0,0.0,0.0,0.0,0.0,0.0,0.0,0.0,0.0,100.0,0.0,0.0,0.0,0.0,0.0,0.0,0.0,0.0,0.0,100.0,0.0,0.0,0.0,0.0,0.0,0.0,0.0,0.0,0.0,100.0,0.0,0.0,0.99,0.0,0.0,0.0,0.0,0.0,0.0,99.01,0.0,0.0,0.0,0.0,0.0,0.0,0.0,0.0,0.0,100.0,0.0,0.0,0.0,0.0,0.0,0.0,0.0,0.0,0.0,100.0
173,0.0,0.0,0.0,0.0,0.0,90.91,0.0,0.0,0.0,9.09,0.0,0.0,0.0,0.0,0.0,100.0,0.0,0.0,0.0,0.0,0.0,0.0,0.0,0.0,0.0,88.89,0.0,0.0,0.0,11.11,0.0,0.0,0.0,0.0,0.0,67.0,0.0,0.0,0.0,33.0,0.0,0.0,0.0,0.0,0.0,95.1,0.0,0.0,0.0,4.9,0.0,0.0,0.0,0.0,0.0,83.67,0.0,0.0,0.0,16.33,0.0,0.0,0.0,0.0,0.0,83.0,0.0,0.0,0.0,17.0,0.0,0.0,0.99,0.0,0.0,99.01,0.0,0.0,0.0,0.0,0.0,0.0,0.0,0.0,0.0,64.0,0.0,0.0,0.0,36.0,0.0,0.0,0.0,0.0,0.0,14.29,0.0,0.0,0.0,85.71,0.99,0.0,0.0,6.93,0.0,33.66,0.0,0.0,0.0,58.42,0.0,0.0,1.01,0.0,0.0,51.52,0.0,0.0,0.0,47.47,0.0,0.0,0.0,4.08,0.0,35.71,0.0,0.0,0.0,60.2,0.0,0.0,0.0,0.0,0.0,39.8,0.0,0.0,0.0,60.2,0.0,0.0,0.0,0.0,0.0,49.02,0.0,0.0,0.0,50.98,0.0,0.0,0.0,0.0,0.0,51.0,0.0,0.0,0.0,49.0,1.01,0.0,0.0,0.0,0.0,0.0,0.0,0.0,0.0,98.99,0.0,0.0,1.01,0.0,0.0,0.0,0.0,0.0,0.0,98.99,0.0,0.0,0.0,0.0,0.0,0.0,0.0,0.0,0.0,100.0,0.0,0.0,0.0,0.0,0.0,0.0,0.0,0.0,0.0,100.0,0.0,0.0,0.99,0.0,0.0,0.0,0.0,0.0,0.0,99.01,0.0,0.0,0.0,0.0,0.0,0.0,0.0,0.0,0.0,100.0,0.0,0.0,0.0,0.0,0.0,0.0,0.0,0.0,0.0,100.0,0.0,0.0,0.99,0.0,0.0,0.0,0.0,0.0,0.0,99.01
174,0.0,0.0,0.0,0.0,0.0,91.92,0.0,0.0,0.0,8.08,0.0,0.0,0.0,0.0,0.0,100.0,0.0,0.0,0.0,0.0,0.0,0.0,0.0,0.0,0.0,88.12,0.0,0.0,0.0,11.88,0.0,0.0,0.0,0.0,0.0,66.33,0.0,0.0,0.0,33.67,0.0,0.0,0.0,0.0,0.0,96.0,0.0,0.0,0.0,4.0,0.0,0.0,0.0,0.0,0.0,83.0,0.0,0.0,0.0,17.0,0.0,0.0,0.0,0.0,0.0,83.0,0.0,0.0,0.0,17.0,0.0,0.0,0.0,0.0,0.0,100.0,0.0,0.0,0.0,0.0,0.0,0.0,0.0,0.0,0.0,63.64,0.0,0.0,0.0,36.36,0.99,0.0,0.99,0.0,0.0,15.84,0.0,0.0,0.0,82.18,0.0,0.0,0.0,9.09,0.0,32.32,0.0,0.0,0.0,58.59,0.0,0.0,0.0,0.0,0.0,48.51,0.0,0.0,0.0,51.49,0.0,0.0,1.0,3.0,0.0,35.0,0.0,0.0,0.0,61.0,0.0,0.0,0.0,0.0,0.0,40.0,0.0,0.0,0.0,60.0,0.99,0.0,0.0,0.0,0.0,48.51,0.0,0.0,0.0,50.5,0.0,0.0,0.0,0.0,0.0,50.0,0.0,0.0,0.0,50.0,1.01,0.0,0.0,0.0,0.0,0.0,0.0,0.0,0.0,98.99,0.0,0.0,0.0,0.0,0.0,0.0,0.0,0.0,0.0,100.0,1.98,0.0,0.99,0.0,0.0,0.0,0.0,0.0,0.0,97.03,1.0,0.0,0.0,0.0,0.0,0.0,0.0,0.0,0.0,99.0,0.0,0.0,0.0,0.0,0.0,0.0,0.0,0.0,0.0,100.0,0.0,0.0,0.0,0.0,0.0,0.0,0.0,0.0,0.0,100.0,0.0,0.0,1.0,0.0,0.0,0.0,0.0,0.0,0.0,99.0,0.0,0.0,0.0,0.0,0.0,0.0,0.0,0.0,0.0,100.0
175,0.0,0.0,0.0,0.0,0.0,89.0,0.0,0.0,0.0,11.0,0.0,0.0,0.0,0.0,0.0,100.0,0.0,0.0,0.0,0.0,0.0,0.0,0.0,0.0,0.0,88.0,0.0,0.0,0.0,12.0,0.0,0.0,0.0,0.0,0.0,66.67,0.0,0.0,0.0,33.33,0.0,0.0,0.0,0.0,0.0,94.12,0.0,0.0,0.0,5.88,0.0,0.0,0.0,0.0,0.0,83.17,0.0,0.0,0.0,16.83,0.0,0.0,0.0,0.0,0.0,82.83,0.0,0.0,0.0,17.17,0.0,0.0,0.0,0.0,0.0,100.0,0.0,0.0,0.0,0.0,0.0,0.0,0.0,0.0,0.0,63.37,0.0,0.0,0.0,36.63,0.0,0.0,0.0,0.0,0.0,16.0,0.0,0.0,0.0,84.0,1.0,0.0,2.0,4.0,0.0,31.0,0.0,0.0,0.0,62.0,0.0,0.0,0.0,0.0,0.0,47.96,0.0,0.0,0.0,52.04,1.0,0.0,0.0,7.0,0.0,34.0,0.0,0.0,0.0,58.0,0.0,0.0,0.0,0.0,0.0,40.59,0.0,0.0,0.0,59.41,1.0,0.0,0.0,0.0,0.0,48.0,0.0,0.0,0.0,51.0,0.0,0.0,0.0,0.0,0.0,50.98,0.0,0.0,0.0,49.02,0.0,0.0,1.0,0.0,0.0,0.0,0.0,0.0,0.0,99.0,0.0,0.0,0.0,0.0,0.0,0.0,0.0,0.0,0.0,100.0,0.0,0.0,0.0,0.0,0.0,0.0,0.0,0.0,0.0,100.0,0.0,0.0,0.0,0.0,0.0,0.0,0.0,0.0,0.0,100.0,0.0,0.0,0.0,0.0,0.0,0.0,0.0,0.0,0.0,100.0,0.0,0.0,0.0,0.0,0.0,0.0,0.0,0.0,0.0,100.0,0.0,0.0,0.0,0.0,0.0,0.0,0.0,0.0,0.0,100.0,0.0,0.0,0.0,0.0,0.0,0.0,0.0,0.0,0.0,100.0
176,0.0,0.0,0.0,0.0,0.0,93.0,0.0,0.0,0.0,7.0,0.0,0.0,0.0,0.0,0.0,100.0,0.0,0.0,0.0,0.0,0.0,0.0,0.0,0.0,0.0,89.0,0.0,0.0,0.0,11.0,0.0,0.0,0.0,0.0,0.0,66.67,0.0,0.0,0.0,33.33,0.0,0.0,0.0,0.0,0.0,95.96,0.0,0.0,0.0,4.04,0.0,0.0,0.0,0.0,0.0,83.67,0.0,0.0,0.0,16.33,0.0,0.0,0.0,0.0,0.0,83.0,0.0,0.0,0.0,17.0,0.0,0.0,0.0,0.0,0.0,100.0,0.0,0.0,0.0,0.0,1.02,0.0,0.0,0.0,0.0,62.24,0.0,0.0,0.0,36.73,0.0,0.0,0.0,0.0,0.0,15.15,0.0,0.0,0.0,84.85,0.0,0.0,0.99,5.94,0.0,31.68,0.0,0.0,0.0,61.39,0.0,0.0,0.0,0.0,0.0,47.47,0.0,0.0,0.0,52.53,0.0,0.0,1.02,6.12,0.0,33.67,0.0,0.0,0.0,59.18,0.0,0.0,0.0,0.0,0.0,40.4,0.0,0.0,0.0,59.6,0.0,0.0,1.0,0.0,0.0,48.0,0.0,0.0,0.0,51.0,1.0,0.0,0.0,0.0,0.0,51.0,0.0,0.0,0.0,48.0,0.0,0.0,0.0,0.0,0.0,0.0,0.0,0.0,0.0,100.0,0.0,0.0,0.0,0.0,0.0,0.0,0.0,0.0,0.0,100.0,0.0,0.0,0.0,0.0,0.0,0.0,0.0,0.0,0.0,100.0,0.0,0.0,1.0,0.0,0.0,0.0,0.0,0.0,0.0,99.0,0.0,0.0,0.0,0.0,0.0,0.0,0.0,0.0,0.0,100.0,1.0,0.0,0.0,0.0,0.0,0.0,0.0,0.0,0.0,99.0,0.0,0.0,0.0,0.0,0.0,0.0,0.0,0.0,0.0,100.0,0.0,0.0,0.0,0.0,0.0,0.0,0.0,0.0,0.0,100.0
177,0.0,0.0,0.0,0.0,0.0,90.91,0.0,0.0,0.0,9.09,0.0,0.0,0.0,0.0,0.0,100.0,0.0,0.0,0.0,0.0,0.0,0.0,0.0,0.0,0.0,87.13,0.0,0.0,0.0,12.87,0.0,0.0,0.0,0.0,0.0,65.66,0.0,0.0,0.0,34.34,0.0,0.0,0.0,0.0,0.0,94.12,0.0,0.0,0.0,5.88,0.0,0.0,0.0,0.0,0.0,83.0,0.0,0.0,0.0,17.0,0.0,0.0,0.0,0.0,0.0,83.33,0.0,0.0,0.0,16.67,0.0,0.0,0.0,0.0,0.0,100.0,0.0,0.0,0.0,0.0,0.0,0.0,1.01,0.0,0.0,62.63,0.0,0.0,0.0,36.36,0.0,0.0,1.0,0.0,0.0,17.0,0.0,0.0,0.0,82.0,1.01,0.0,0.0,10.1,0.0,31.31,0.0,0.0,0.0,57.58,0.0,0.0,0.0,0.0,0.0,48.48,0.0,0.0,0.0,51.52,0.99,0.0,0.99,0.0,0.0,35.64,0.0,0.0,0.0,62.38,0.0,0.0,0.0,0.0,0.0,40.0,0.0,0.0,0.0,60.0,0.0,0.0,0.0,2.0,0.0,46.0,0.0,0.0,0.0,52.0,0.0,0.0,0.0,0.0,0.0,49.49,0.0,0.0,0.0,50.51,1.0,0.0,0.0,0.0,0.0,0.0,0.0,0.0,0.0,99.0,0.99,0.0,0.0,0.0,0.0,0.0,0.0,0.0,0.0,99.01,0.99,0.0,0.99,0.0,0.0,0.0,0.0,0.0,0.0,98.02,0.0,0.0,0.0,0.0,0.0,0.0,0.0,0.0,0.0,100.0,0.0,0.0,0.0,0.0,0.0,0.0,0.0,0.0,0.0,100.0,0.0,0.0,0.0,0.0,0.0,0.0,0.0,0.0,0.0,100.0,0.0,0.0,0.0,0.0,0.0,0.0,0.0,0.0,0.0,100.0,0.0,0.0,0.0,0.0,0.0,0.0,0.0,0.0,0.0,100.0
178,0.0,0.0,0.0,0.0,0.0,92.08,0.0,0.0,0.0,7.92,0.0,0.0,0.0,0.0,0.0,100.0,0.0,0.0,0.0,0.0,0.0,0.0,0.0,0.0,0.0,87.88,0.0,0.0,0.0,12.12,0.0,0.0,0.0,0.0,0.0,66.0,0.0,0.0,0.0,34.0,0.0,0.0,0.0,0.0,0.0,95.0,0.0,0.0,0.0,5.0,0.0,0.0,0.0,0.0,0.0,83.0,0.0,0.0,0.0,17.0,0.0,0.0,0.0,0.0,0.0,82.0,0.0,0.0,0.0,18.0,0.0,0.0,0.0,0.0,0.0,100.0,0.0,0.0,0.0,0.0,0.0,0.0,0.0,0.0,0.0,63.0,0.0,0.0,0.0,37.0,1.01,0.0,0.0,0.0,0.0,16.16,0.0,0.0,0.0,82.83,0.0,0.0,0.0,10.1,0.0,31.31,0.0,0.0,0.0,58.59,0.0,0.0,0.0,0.0,0.0,47.52,0.0,0.0,0.0,52.48,1.01,0.0,0.0,0.0,0.0,34.34,0.0,0.0,0.0,64.65,0.0,0.0,0.0,0.0,0.0,40.4,0.0,0.0,0.0,59.6,1.0,0.0,1.0,2.0,0.0,46.0,0.0,0.0,0.0,50.0,0.0,0.0,0.0,0.0,0.0,49.49,0.0,0.0,0.0,50.51,0.0,0.0,0.0,0.0,0.0,0.0,0.0,0.0,0.0,100.0,0.0,0.0,0.0,0.0,0.0,0.0,0.0,0.0,0.0,100.0,0.0,0.0,1.0,0.0,0.0,0.0,0.0,0.0,0.0,99.0,0.0,0.0,0.0,0.0,0.0,0.0,0.0,0.0,0.0,100.0,0.0,0.0,0.0,0.0,0.0,0.0,0.0,0.0,0.0,100.0,0.0,0.0,0.0,0.0,0.0,0.0,0.0,0.0,0.0,100.0,0.0,0.0,0.0,0.0,0.0,0.0,0.0,0.0,0.0,100.0,0.0,0.0,0.0,0.0,0.0,0.0,0.0,0.0,0.0,100.0
179,0.0,0.0,0.0,0.0,0.0,92.93,0.0,0.0,0.0,7.07,0.0,0.0,0.0,0.0,0.0,100.0,0.0,0.0,0.0,0.0,0.0,0.0,0.0,0.0,0.0,89.11,0.0,0.0,0.0,10.89,0.0,0.0,0.0,0.0,0.0,66.67,0.0,0.0,0.0,33.33,0.0,0.0,0.98,0.0,0.0,95.1,0.0,0.0,0.0,3.92,0.0,0.0,0.0,0.0,0.0,83.67,0.0,0.0,0.0,16.33,1.0,0.0,0.0,0.0,0.0,83.0,0.0,0.0,0.0,16.0,0.0,0.0,0.0,0.0,0.0,100.0,0.0,0.0,0.0,0.0,1.01,0.0,0.0,0.0,0.0,62.63,0.0,0.0,0.0,36.36,0.0,0.0,0.99,0.0,0.0,15.84,0.0,0.0,0.0,83.17,0.0,0.0,0.99,0.0,0.0,33.66,0.0,0.0,0.0,65.35,0.0,0.0,0.0,0.0,0.0,54.46,0.0,0.0,0.0,45.54,0.0,0.0,0.0,0.0,0.0,35.0,0.0,0.0,0.0,65.0,0.0,0.0,0.0,0.0,0.0,41.58,0.0,0.0,0.0,58.42,1.01,0.0,0.0,2.02,0.0,46.46,0.0,0.0,0.0,50.51,0.0,0.0,0.0,0.0,0.0,51.49,0.0,0.0,0.0,48.51,0.99,0.0,0.99,0.99,0.0,0.99,0.0,0.0,0.0,96.04,0.0,0.0,0.0,13.13,0.0,0.0,0.0,0.0,0.0,86.87,0.0,0.0,0.0,0.0,0.0,0.0,0.0,0.0,0.0,100.0,0.99,0.0,0.0,0.0,0.0,0.0,0.0,0.0,0.0,99.01,0.0,0.0,0.0,0.0,0.0,0.0,0.0,0.0,0.0,100.0,0.0,0.0,0.0,0.0,0.0,0.0,0.0,0.0,0.0,100.0,0.0,0.0,0.0,0.0,0.0,0.0,0.0,0.0,0.0,100.0,1.0,0.0,1.0,0.0,0.0,0.0,0.0,0.0,0.0,98.0
180,0.0,0.0,0.0,0.0,0.0,93.94,0.0,0.0,0.0,6.06,0.0,0.0,0.0,0.0,0.0,100.0,0.0,0.0,0.0,0.0,0.0,0.0,0.0,0.0,0.0,89.0,0.0,0.0,0.0,11.0,0.0,0.0,0.0,0.0,0.0,67.01,0.0,0.0,0.0,32.99,0.0,0.0,0.0,0.0,0.0,97.03,0.0,0.0,0.0,2.97,0.0,0.0,0.0,0.0,0.0,84.0,0.0,0.0,0.0,16.0,0.0,0.0,0.0,0.0,0.0,84.16,0.0,0.0,0.0,15.84,0.0,0.0,0.0,0.0,0.0,100.0,0.0,0.0,0.0,0.0,0.0,0.0,0.0,0.0,0.0,63.27,0.0,0.0,0.0,36.73,0.0,0.0,0.0,0.0,0.0,16.0,0.0,0.0,0.0,84.0,1.0,0.0,0.0,0.0,0.0,33.0,0.0,0.0,0.0,66.0,0.0,0.0,0.0,0.0,0.0,54.0,0.0,0.0,0.0,46.0,0.0,0.0,0.99,0.0,0.0,34.65,0.0,0.0,0.0,64.36,0.0,0.0,0.0,0.0,0.0,41.0,0.0,0.0,0.0,59.0,0.0,0.0,0.0,0.0,0.0,47.47,0.0,0.0,0.0,52.53,0.0,0.0,0.0,0.0,0.0,51.49,0.0,0.0,0.0,48.51,0.0,0.0,0.0,4.08,0.0,0.0,0.0,0.0,0.0,95.92,1.0,0.0,1.0,13.0,0.0,0.0,0.0,0.0,0.0,85.0,0.0,0.0,0.0,0.0,0.0,0.0,0.0,0.0,0.0,100.0,0.0,0.0,0.0,0.0,0.0,0.0,0.0,0.0,0.0,100.0,0.0,0.0,1.0,0.0,0.0,0.0,0.0,0.0,0.0,99.0,1.0,0.0,0.0,0.0,0.0,0.0,0.0,0.0,0.0,99.0,0.0,0.0,0.0,0.0,0.0,0.0,0.0,0.0,0.0,100.0,1.01,0.0,1.01,0.0,0.0,0.0,0.0,0.0,0.0,97.98
181,0.0,0.0,0.0,0.0,0.0,88.0,0.0,0.0,0.0,12.0,0.0,0.0,0.0,0.0,0.0,100.0,0.0,0.0,0.0,0.0,0.0,0.0,0.0,0.0,0.0,87.76,0.0,0.0,0.0,12.24,0.0,0.0,0.0,0.0,0.0,66.0,0.0,0.0,0.0,34.0,0.0,0.0,0.0,0.0,0.0,94.06,0.0,0.0,0.0,5.94,0.0,0.0,0.0,0.0,0.0,82.65,0.0,0.0,0.0,17.35,0.0,0.0,0.0,0.0,0.0,82.35,0.0,0.0,0.0,17.65,0.0,0.0,0.0,0.0,0.0,100.0,0.0,0.0,0.0,0.0,0.0,0.0,0.0,0.0,0.0,62.24,0.0,0.0,0.0,37.76,0.0,0.0,0.0,0.0,0.0,16.16,0.0,0.0,0.0,83.84,0.0,0.0,1.01,0.0,0.0,32.32,0.0,0.0,0.0,66.67,0.0,0.0,0.0,0.0,0.0,46.94,0.0,0.0,0.0,53.06,0.0,0.0,0.0,0.0,0.0,34.34,0.0,0.0,0.0,65.66,0.0,0.0,0.0,0.0,0.0,40.0,0.0,0.0,0.0,60.0,0.99,0.0,0.99,0.0,0.0,46.53,0.0,0.0,0.0,51.49,0.0,0.0,0.0,0.0,0.0,50.98,0.0,0.0,0.0,49.02,1.01,0.0,1.01,1.01,0.0,0.0,0.0,0.0,0.0,96.97,0.0,0.0,0.0,16.16,0.0,0.0,0.0,0.0,0.0,83.84,0.0,0.0,0.0,0.0,0.0,0.0,0.0,0.0,0.0,100.0,0.0,0.0,0.0,0.0,0.0,0.0,0.0,0.0,0.0,100.0,0.0,0.0,0.0,0.0,0.0,0.0,0.0,0.0,0.0,100.0,0.0,0.0,0.0,0.0,0.0,0.0,0.0,0.0,0.0,100.0,0.0,0.0,0.0,0.0,0.0,0.0,0.0,0.0,0.0,100.0,0.0,0.0,0.0,0.0,0.0,0.0,0.0,0.0,0.0,100.0
182,0.0,0.0,0.0,0.0,0.0,90.0,0.0,0.0,0.0,10.0,0.0,0.0,0.0,0.0,0.0,100.0,0.0,0.0,0.0,0.0,0.0,0.0,0.0,0.0,0.0,88.0,0.0,0.0,0.0,12.0,0.0,0.0,0.0,0.0,0.0,66.34,0.0,0.0,0.0,33.66,0.0,0.0,0.0,0.0,0.0,94.06,0.0,0.0,0.0,5.94,0.0,0.0,0.0,0.0,0.0,82.65,0.0,0.0,0.0,17.35,0.0,0.0,0.0,0.0,0.0,83.0,0.0,0.0,0.0,17.0,0.0,0.0,0.0,0.0,0.0,100.0,0.0,0.0,0.0,0.0,0.0,0.0,0.0,0.0,0.0,63.64,0.0,0.0,0.0,36.36,1.0,0.0,1.0,0.0,0.0,15.0,0.0,0.0,0.0,83.0,0.0,0.0,0.0,0.0,0.0,32.0,0.0,0.0,0.0,68.0,0.0,0.0,0.0,0.0,0.0,50.5,0.0,0.0,0.0,49.5,1.0,0.0,1.0,0.0,0.0,35.0,0.0,0.0,0.0,63.0,0.0,0.0,0.0,0.0,0.0,40.0,0.0,0.0,0.0,60.0,0.0,0.0,0.0,0.0,0.0,46.46,0.0,0.0,0.0,53.54,1.0,0.0,0.0,0.0,0.0,50.0,0.0,0.0,0.0,49.0,0.99,0.0,0.99,0.0,0.0,0.0,0.0,0.0,0.0,98.02,0.0,0.0,0.0,17.17,0.0,0.0,0.0,0.0,0.0,82.83,0.99,0.0,0.0,0.0,0.0,0.0,0.0,0.0,0.0,99.01,0.0,0.0,0.0,0.0,0.0,0.0,0.0,0.0,0.0,100.0,1.0,0.0,0.0,0.0,0.0,0.0,0.0,0.0,0.0,99.0,0.0,0.0,0.99,0.0,0.0,0.0,0.0,0.0,0.0,99.01,0.0,0.0,0.0,0.0,0.0,0.0,0.0,0.0,0.0,100.0,0.0,0.0,0.0,0.0,0.0,0.0,0.0,0.0,0.0,100.0
183,0.0,0.0,0.0,0.0,0.0,88.78,0.0,0.0,0.0,11.22,0.0,0.0,0.0,0.0,0.0,100.0,0.0,0.0,0.0,0.0,0.0,0.0,0.0,0.0,0.0,87.0,0.0,0.0,0.0,13.0,0.0,0.0,0.0,0.0,0.0,65.66,0.0,0.0,0.0,34.34,0.0,0.0,0.0,0.0,0.0,94.0,0.0,0.0,0.0,6.0,0.0,0.0,0.0,0.0,0.0,83.33,0.0,0.0,0.0,16.67,0.0,0.0,0.0,0.0,0.0,82.0,0.0,0.0,0.0,18.0,0.0,0.0,0.0,0.0,0.0,100.0,0.0,0.0,0.0,0.0,0.0,0.0,0.0,0.0,0.0,62.0,0.0,0.0,0.0,38.0,0.0,0.0,0.0,0.0,0.0,15.15,0.0,0.0,0.0,84.85,0.0,0.0,0.0,0.0,0.0,33.0,0.0,0.0,0.0,67.0,1.03,0.0,0.0,0.0,0.0,45.36,0.0,0.0,0.0,53.61,0.99,0.0,0.99,0.0,0.0,28.71,0.0,0.0,0.0,69.31,0.0,0.0,0.0,0.0,0.0,35.35,0.0,0.0,0.0,64.65,0.0,0.0,0.0,0.0,0.0,48.51,0.0,0.0,0.0,51.49,0.0,0.0,0.98,0.0,0.0,51.96,0.0,0.0,0.0,47.06,0.0,0.0,1.01,0.0,0.0,0.0,0.0,0.0,0.0,98.99,0.0,0.0,1.98,17.82,0.0,0.0,0.0,0.0,0.0,80.2,0.0,0.0,1.0,0.0,0.0,0.0,0.0,0.0,0.0,99.0,0.0,0.0,0.0,0.0,0.0,0.0,0.0,0.0,0.0,100.0,0.0,0.0,0.0,0.0,0.0,0.0,0.0,0.0,0.0,100.0,1.01,0.0,0.0,0.0,0.0,0.0,0.0,0.0,0.0,98.99,0.0,0.0,0.0,0.0,0.0,0.0,0.0,0.0,0.0,100.0,0.0,0.0,0.0,0.0,0.0,0.0,0.0,0.0,0.0,100.0
184,0.0,0.0,0.0,0.0,0.0,91.0,0.0,0.0,0.0,9.0,0.0,0.0,0.0,0.0,0.0,100.0,0.0,0.0,0.0,0.0,0.0,0.0,0.0,0.0,0.0,87.88,0.0,0.0,0.0,12.12,0.0,0.0,0.0,0.0,0.0,67.96,0.0,0.0,0.0,32.04,0.0,0.0,0.0,0.0,0.0,95.05,0.0,0.0,0.0,4.95,0.0,0.0,0.0,0.0,0.0,82.83,0.0,0.0,0.0,17.17,0.0,0.0,0.0,0.0,0.0,82.0,0.0,0.0,0.0,18.0,0.0,0.0,0.0,0.0,0.0,100.0,0.0,0.0,0.0,0.0,0.0,0.0,0.0,0.0,0.0,61.86,0.0,0.0,0.0,38.14,1.01,0.0,1.01,0.0,0.0,14.14,0.0,0.0,0.0,83.84,1.0,0.0,1.0,0.0,0.0,30.0,0.0,0.0,0.0,68.0,0.0,0.0,0.0,0.0,0.0,48.45,0.0,0.0,0.0,51.55,0.0,0.0,0.0,0.0,0.0,29.29,0.0,0.0,0.0,70.71,0.0,0.0,0.0,0.0,0.0,38.61,0.0,0.0,0.0,61.39,0.0,0.0,0.0,0.0,0.0,45.36,0.0,0.0,0.0,54.64,0.0,0.0,0.0,0.0,0.0,51.0,0.0,0.0,0.0,49.0,0.0,0.0,0.0,0.0,0.0,0.0,0.0,0.0,0.0,100.0,0.0,0.0,0.0,17.35,0.0,0.0,0.0,0.0,0.0,82.65,0.0,0.0,0.0,0.0,0.0,0.0,0.0,0.0,0.0,100.0,0.0,0.0,0.0,0.0,0.0,0.0,0.0,0.0,0.0,100.0,0.0,0.0,0.0,0.0,0.0,0.0,0.0,0.0,0.0,100.0,0.0,0.0,0.0,0.0,0.0,0.0,0.0,0.0,0.0,100.0,0.0,0.0,0.0,0.0,0.0,0.0,0.0,0.0,0.0,100.0,0.0,0.0,0.0,0.0,0.0,0.0,0.0,0.0,0.0,100.0
185,0.0,0.0,0.0,0.0,0.0,92.93,0.0,0.0,0.0,7.07,0.0,0.0,0.0,0.0,0.0,100.0,0.0,0.0,0.0,0.0,0.0,0.0,0.0,0.0,0.0,88.78,0.0,0.0,0.0,11.22,0.0,0.0,0.0,0.0,0.0,67.35,0.0,0.0,0.0,32.65,0.0,0.0,0.0,0.0,0.0,96.08,0.0,0.0,0.0,3.92,0.0,0.0,0.0,0.0,0.0,83.17,0.0,0.0,0.0,16.83,0.0,0.0,0.0,0.0,0.0,82.65,0.0,0.0,0.0,17.35,0.0,0.0,0.0,0.0,0.0,100.0,0.0,0.0,0.0,0.0,0.0,0.0,0.0,0.0,0.0,64.36,0.0,0.0,0.0,35.64,0.0,0.0,0.0,0.0,0.0,16.0,0.0,0.0,0.0,84.0,0.0,0.0,0.0,0.0,0.0,32.67,0.0,0.0,0.0,67.33,1.02,0.0,0.0,0.0,0.0,47.96,0.0,0.0,0.0,51.02,1.0,0.0,0.0,0.0,0.0,30.0,0.0,0.0,0.0,69.0,0.0,0.0,0.0,0.0,0.0,37.37,0.0,0.0,0.0,62.63,0.98,0.0,0.98,0.0,0.0,48.04,0.0,0.0,0.0,50.0,0.0,0.0,0.0,0.0,0.0,51.0,0.0,0.0,0.0,49.0,0.0,0.0,0.0,0.0,0.0,0.0,0.0,0.0,0.0,100.0,0.0,0.0,0.99,17.82,0.0,0.0,0.0,0.0,0.0,81.19,1.01,0.0,0.0,0.0,0.0,0.0,0.0,0.0,0.0,98.99,0.99,0.0,0.0,0.0,0.0,0.0,0.0,0.0,0.0,99.01,1.0,0.0,0.0,0.0,0.0,0.0,0.0,0.0,0.0,99.0,0.0,0.0,1.0,0.0,0.0,0.0,0.0,0.0,0.0,99.0,0.0,0.0,0.0,0.0,0.0,0.0,0.0,0.0,0.0,100.0,0.0,0.0,0.0,0.0,0.0,0.0,0.0,0.0,0.0,100.0
186,0.0,0.0,0.0,0.0,0.0,86.0,0.0,0.0,0.0,14.0,0.0,0.0,0.0,0.0,0.0,100.0,0.0,0.0,0.0,0.0,0.0,0.0,0.0,0.0,0.0,87.0,0.0,0.0,0.0,13.0,0.0,0.0,0.0,0.0,0.0,66.34,0.0,0.0,0.0,33.66,0.0,0.0,0.0,0.0,0.0,93.07,0.0,0.0,0.0,6.93,0.0,0.0,0.0,0.0,0.0,82.83,0.0,0.0,0.0,17.17,0.0,0.0,0.0,0.0,0.0,81.55,0.0,0.0,0.0,18.45,0.0,0.0,0.0,0.0,0.0,100.0,0.0,0.0,0.0,0.0,0.0,0.0,0.0,0.0,0.0,62.63,0.0,0.0,0.0,37.37,0.99,0.0,0.99,0.0,0.0,14.85,0.0,0.0,0.0,83.17,0.0,0.0,0.0,0.0,0.0,30.3,0.0,0.0,0.0,69.7,1.01,0.0,0.0,0.0,0.0,46.46,0.0,0.0,0.0,52.53,0.0,0.0,0.0,0.0,0.0,31.0,0.0,0.0,0.0,69.0,0.0,0.0,0.0,0.0,0.0,37.62,0.0,0.0,0.0,62.38,1.0,0.0,0.0,0.0,0.0,47.0,0.0,0.0,0.0,52.0,1.0,0.0,0.0,0.0,0.0,51.0,0.0,0.0,0.0,48.0,1.0,0.0,0.0,0.0,0.0,0.0,0.0,0.0,0.0,99.0,1.01,0.0,0.0,17.17,0.0,0.0,0.0,0.0,0.0,81.82,1.0,0.0,1.0,0.0,0.0,0.0,0.0,0.0,0.0,98.0,0.0,0.0,0.0,0.0,0.0,0.0,0.0,0.0,0.0,100.0,0.0,0.0,0.0,0.0,0.0,0.0,0.0,0.0,0.0,100.0,0.0,0.0,0.0,0.0,0.0,0.0,0.0,0.0,0.0,100.0,0.0,0.0,0.0,0.0,0.0,0.0,0.0,0.0,0.0,100.0,0.0,0.0,0.0,0.0,0.0,0.0,0.0,0.0,0.0,100.0
187,0.0,0.0,0.0,0.0,0.0,91.09,0.0,0.0,0.0,8.91,0.0,0.0,0.0,0.0,0.0,100.0,0.0,0.0,0.0,0.0,0.0,0.0,0.0,0.0,0.0,87.63,0.0,0.0,0.0,12.37,0.0,0.0,0.0,0.0,0.0,67.65,0.0,0.0,0.0,32.35,0.0,0.0,0.0,0.0,0.0,95.15,0.0,0.0,0.0,4.85,0.0,0.0,0.0,0.0,0.0,83.0,0.0,0.0,0.0,17.0,0.0,0.0,0.0,0.0,0.0,82.83,0.0,0.0,0.0,17.17,0.0,0.0,0.0,0.0,0.0,100.0,0.0,0.0,0.0,0.0,0.0,0.0,0.0,0.0,0.0,62.63,0.0,0.0,0.0,37.37,0.0,0.0,0.0,0.0,0.0,15.15,0.0,0.0,0.0,84.85,0.0,0.0,0.0,0.0,0.0,32.32,0.0,0.0,0.0,67.68,0.0,0.0,0.0,0.0,0.0,48.98,0.0,0.0,0.0,51.02,0.0,0.0,0.0,0.0,0.0,29.0,0.0,0.0,0.0,71.0,0.0,0.0,0.0,0.0,0.0,37.62,0.0,0.0,0.0,62.38,0.98,0.0,0.0,0.0,0.0,48.04,0.0,0.0,0.0,50.98,0.0,0.0,0.0,0.0,0.0,51.49,0.0,0.0,0.0,48.51,0.0,0.0,0.0,0.0,0.0,0.0,0.0,0.0,0.0,100.0,0.0,0.0,1.0,18.0,0.0,0.0,0.0,0.0,0.0,81.0,0.0,0.0,0.0,0.0,0.0,0.0,0.0,0.0,0.0,100.0,0.0,0.0,0.0,0.0,0.0,0.0,0.0,0.0,0.0,100.0,0.0,0.0,0.0,0.0,0.0,0.0,0.0,0.0,0.0,100.0,0.0,0.0,0.0,0.0,0.0,0.0,0.0,0.0,0.0,100.0,0.0,0.0,0.0,0.0,0.0,0.0,0.0,0.0,0.0,100.0,0.0,0.0,0.0,0.0,0.0,0.0,0.0,0.0,0.0,100.0
188,0.0,0.0,0.0,0.0,0.0,91.92,0.0,0.0,0.0,8.08,0.0,0.0,0.0,0.0,0.0,100.0,0.0,0.0,0.0,0.0,0.0,0.0,0.0,0.0,0.0,88.78,0.0,0.0,0.0,11.22,0.0,0.0,0.0,0.0,0.0,67.35,0.0,0.0,0.0,32.65,0.0,0.0,0.0,0.0,0.0,95.96,0.0,0.0,0.0,4.04,0.0,0.0,0.0,0.0,0.0,84.16,0.0,0.0,0.0,15.84,0.0,0.0,0.0,0.0,0.0,82.65,0.0,0.0,0.0,17.35,0.0,0.0,0.0,0.0,0.0,100.0,0.0,0.0,0.0,0.0,0.0,0.0,0.0,0.0,0.0,63.0,0.0,0.0,0.0,37.0,0.0,0.0,1.0,0.0,0.0,14.0,0.0,0.0,0.0,85.0,0.0,0.0,1.0,0.0,0.0,32.0,0.0,0.0,0.0,67.0,0.0,0.0,0.99,0.0,0.0,49.5,0.0,0.0,0.0,49.5,1.01,0.0,1.01,0.0,0.0,29.29,0.0,0.0,0.0,68.69,0.0,0.0,0.0,0.0,0.0,37.0,0.0,0.0,0.0,63.0,0.0,0.0,0.0,0.0,0.0,49.0,0.0,0.0,0.0,51.0,0.0,0.0,0.0,0.0,0.0,50.51,0.0,0.0,0.0,49.49,0.0,0.0,1.01,0.0,0.0,0.0,0.0,0.0,0.0,98.99,0.0,0.0,0.0,18.0,0.0,0.0,0.0,0.0,0.0,82.0,0.0,0.0,0.0,0.0,0.0,0.0,0.0,0.0,0.0,100.0,0.0,0.0,1.0,0.0,0.0,0.0,0.0,0.0,0.0,99.0,0.0,0.0,0.0,0.0,0.0,0.0,0.0,0.0,0.0,100.0,1.0,0.0,0.0,0.0,0.0,0.0,0.0,0.0,0.0,99.0,0.0,0.0,0.0,0.0,0.0,0.0,0.0,0.0,0.0,100.0,0.0,0.0,0.99,0.0,0.0,0.0,0.0,0.0,0.0,99.01
189,0.0,0.0,0.0,0.0,0.0,90.0,0.0,0.0,0.0,10.0,0.0,0.0,0.0,0.0,0.0,100.0,0.0,0.0,0.0,0.0,0.0,0.0,0.0,0.0,0.0,87.13,0.0,0.0,0.0,12.87,0.0,0.0,0.0,0.0,0.0,66.99,0.0,0.0,0.0,33.01,0.0,0.0,0.97,0.0,0.0,93.2,0.0,0.0,0.0,5.83,0.0,0.0,0.0,0.0,0.0,83.0,0.0,0.0,0.0,17.0,0.0,0.0,0.0,0.0,0.0,82.0,0.0,0.0,0.0,18.0,0.0,0.0,0.0,0.0,0.0,100.0,0.0,0.0,0.0,0.0,0.0,0.0,0.0,0.0,0.0,63.37,0.0,0.0,0.0,36.63,0.0,0.0,0.0,0.0,0.0,15.15,0.0,0.0,0.0,84.85,1.0,0.0,0.0,0.0,0.0,32.0,0.0,0.0,0.0,67.0,0.0,0.0,0.0,0.0,0.0,49.0,0.0,0.0,0.0,51.0,0.0,0.0,1.01,0.0,0.0,29.29,0.0,0.0,0.0,69.7,0.0,0.0,0.0,0.0,0.0,38.0,0.0,0.0,0.0,62.0,0.0,0.0,0.0,0.0,0.0,50.5,0.0,0.0,0.0,49.5,0.0,0.0,0.0,0.0,0.0,51.0,0.0,0.0,0.0,49.0,0.0,0.0,0.0,4.04,0.0,0.0,0.0,0.0,0.0,95.96,0.0,0.0,1.01,13.13,0.0,0.0,0.0,0.0,0.0,85.86,0.0,0.0,0.0,0.0,0.0,0.0,0.0,0.0,0.0,100.0,0.0,0.0,0.0,0.0,0.0,0.0,0.0,0.0,0.0,100.0,0.0,0.0,0.0,0.0,0.0,0.0,0.0,0.0,0.0,100.0,0.0,0.0,1.0,0.0,0.0,0.0,0.0,0.0,0.0,99.0,0.99,0.0,0.0,0.0,0.0,0.0,0.0,0.0,0.0,99.01,0.0,0.0,0.0,0.0,0.0,0.0,0.0,0.0,0.0,100.0
190,0.0,0.0,0.0,0.0,0.0,93.0,0.0,0.0,0.0,7.0,0.0,0.0,0.0,0.0,0.0,100.0,0.0,0.0,0.0,0.0,0.0,0.0,0.0,0.0,0.0,89.11,0.0,0.0,0.0,10.89,0.0,0.0,0.0,0.0,0.0,67.0,0.0,0.0,0.0,33.0,0.0,0.0,0.0,0.0,0.0,96.0,0.0,0.0,0.0,4.0,0.0,0.0,0.0,0.0,0.0,84.0,0.0,0.0,0.0,16.0,0.0,0.0,0.0,0.0,0.0,82.0,0.0,0.0,0.0,18.0,0.0,0.0,0.0,0.0,0.0,100.0,0.0,0.0,0.0,0.0,0.0,0.0,0.0,0.0,0.0,63.27,0.0,0.0,0.0,36.73,0.0,0.0,0.0,0.0,0.0,14.14,0.0,0.0,0.0,85.86,1.01,0.0,2.02,0.0,0.0,31.31,0.0,0.0,0.0,65.66,0.0,0.0,0.0,0.0,0.0,52.53,0.0,0.0,0.0,47.47,0.0,0.0,0.0,0.0,0.0,30.69,0.0,0.0,0.0,69.31,0.0,0.0,0.0,0.0,0.0,37.37,0.0,0.0,0.0,62.63,0.99,0.0,0.0,0.0,0.0,47.52,0.0,0.0,0.0,51.49,0.0,0.0,0.0,0.0,0.0,52.0,0.0,0.0,0.0,48.0,0.0,0.0,0.0,18.18,0.0,0.0,0.0,0.0,0.0,81.82,1.01,0.0,0.0,0.0,0.0,0.0,0.0,0.0,0.0,98.99,0.99,0.0,0.0,0.0,0.0,0.0,0.0,0.0,0.0,99.01,0.0,0.0,0.0,0.0,0.0,0.0,0.0,0.0,0.0,100.0,0.99,0.0,0.0,0.0,0.0,0.0,0.0,0.0,0.0,99.01,0.0,0.0,0.0,0.0,0.0,0.0,0.0,0.0,0.0,100.0,0.0,0.0,0.0,0.0,0.0,0.0,0.0,0.0,0.0,100.0,0.0,0.0,0.0,0.0,0.0,0.0,0.0,0.0,0.0,100.0
191,0.0,0.0,0.0,0.0,0.0,89.9,0.0,0.0,0.0,10.1,0.0,0.0,0.0,0.0,0.0,100.0,0.0,0.0,0.0,0.0,0.0,0.0,1.0,0.0,0.0,88.0,0.0,0.0,0.0,11.0,0.0,0.0,0.0,0.0,0.0,67.33,0.0,0.0,0.0,32.67,0.0,0.0,0.0,0.0,0.0,95.05,0.0,0.0,0.0,4.95,0.0,0.0,0.0,0.0,0.0,83.65,0.0,0.0,0.0,16.35,0.0,0.0,0.0,0.0,0.0,82.47,0.0,0.0,0.0,17.53,0.0,0.0,0.0,0.0,0.0,100.0,0.0,0.0,0.0,0.0,0.0,0.0,0.0,0.0,0.0,63.37,0.0,0.0,0.0,36.63,0.0,0.0,0.0,0.0,0.0,15.0,0.0,0.0,0.0,85.0,0.0,0.0,1.0,0.0,0.0,32.0,0.0,0.0,0.0,67.0,0.0,0.0,0.0,0.0,0.0,50.51,0.0,0.0,0.0,49.49,1.0,0.0,0.0,0.0,0.0,30.0,0.0,0.0,0.0,69.0,0.0,0.0,0.0,0.0,0.0,37.0,0.0,0.0,0.0,63.0,0.0,0.0,0.0,0.0,0.0,48.04,0.0,0.0,0.0,51.96,0.0,0.0,0.0,0.0,0.0,51.49,0.0,0.0,0.0,48.51,0.0,0.0,1.01,5.05,0.0,0.0,0.0,0.0,0.0,93.94,1.01,0.0,0.0,12.12,0.0,0.0,0.0,0.0,0.0,86.87,1.01,0.0,0.0,0.0,0.0,0.0,0.0,0.0,0.0,98.99,0.0,0.0,0.0,0.0,0.0,0.0,0.0,0.0,0.0,100.0,0.0,0.0,0.0,0.0,0.0,0.0,0.0,0.0,0.0,100.0,0.0,0.0,1.0,0.0,0.0,0.0,0.0,0.0,0.0,99.0,0.0,0.0,0.0,0.0,0.0,0.0,0.0,0.0,0.0,100.0,0.0,0.0,0.0,0.0,0.0,0.0,0.0,0.0,0.0,100.0
192,0.0,0.0,0.0,0.0,0.0,90.1,0.0,0.0,0.0,9.9,0.0,0.0,0.0,0.0,0.0,100.0,0.0,0.0,0.0,0.0,0.0,0.0,0.0,0.0,0.0,87.88,0.0,0.0,0.0,12.12,0.0,0.0,0.0,0.0,0.0,67.33,0.0,0.0,0.0,32.67,0.0,0.0,0.0,0.0,0.0,95.05,0.0,0.0,0.0,4.95,0.0,0.0,0.0,0.0,0.0,83.67,0.0,0.0,0.0,16.33,0.0,0.0,0.0,0.0,0.0,82.52,0.0,0.0,0.0,17.48,0.0,0.0,0.0,0.0,0.0,100.0,0.0,0.0,0.0,0.0,0.0,0.0,0.0,0.0,0.0,63.37,0.0,0.0,0.0,36.63,0.99,0.0,0.0,0.0,0.0,15.84,0.0,0.0,0.0,83.17,0.0,0.0,0.0,0.0,0.0,30.61,0.0,0.0,0.0,69.39,0.0,0.0,0.0,0.0,0.0,50.0,0.0,0.0,0.0,50.0,0.0,0.0,1.01,0.0,0.0,27.27,0.0,0.0,0.0,71.72,0.0,0.0,0.0,0.0,0.0,37.37,0.0,0.0,0.0,62.63,0.0,0.0,0.0,0.0,0.0,47.0,0.0,0.0,0.0,53.0,0.0,0.0,0.0,0.0,0.0,51.0,0.0,0.0,0.0,49.0,2.02,0.0,0.0,0.0,0.0,0.0,0.0,0.0,0.0,97.98,0.0,0.0,1.01,17.17,0.0,0.0,0.0,0.0,0.0,81.82,1.0,0.0,1.0,0.0,0.0,0.0,0.0,0.0,0.0,98.0,1.0,0.0,0.0,0.0,0.0,0.0,0.0,0.0,0.0,99.0,0.0,0.0,0.0,0.0,0.0,0.0,0.0,0.0,0.0,100.0,0.0,0.0,0.0,0.0,0.0,0.0,0.0,0.0,0.0,100.0,0.0,0.0,0.0,0.0,0.0,0.0,0.0,0.0,0.0,100.0,0.0,0.0,0.0,0.0,0.0,0.0,0.0,0.0,0.0,100.0
193,0.0,0.0,0.0,0.0,0.0,92.0,0.0,0.0,0.0,8.0,0.0,0.0,0.0,0.0,0.0,100.0,0.0,0.0,0.0,0.0,0.0,0.0,0.0,0.0,0.0,87.88,0.0,0.0,0.0,12.12,0.0,0.0,0.0,0.0,0.0,66.67,0.0,0.0,0.0,33.33,0.0,0.0,0.0,0.0,0.0,96.04,0.0,0.0,0.0,3.96,0.0,0.0,0.0,0.0,0.0,83.17,0.0,0.0,0.0,16.83,0.0,0.0,0.0,0.0,0.0,83.17,0.0,0.0,0.0,16.83,0.0,0.0,0.0,0.0,0.0,100.0,0.0,0.0,0.0,0.0,0.0,0.0,0.0,0.0,0.0,62.63,0.0,0.0,0.0,37.37,0.0,0.0,1.01,0.0,0.0,15.15,0.0,0.0,0.0,83.84,1.0,0.0,0.0,2.0,0.0,32.0,0.0,0.0,0.0,65.0,0.0,0.0,0.0,0.0,0.0,53.0,0.0,0.0,0.0,47.0,0.99,0.0,0.0,6.93,0.0,27.72,0.0,0.0,0.0,64.36,0.0,0.0,0.0,0.0,0.0,36.36,0.0,0.0,0.0,63.64,0.0,0.0,1.01,0.0,0.0,46.46,0.0,0.0,0.0,52.53,0.0,0.0,0.0,0.0,0.0,51.49,0.0,0.0,0.0,48.51,0.0,0.0,1.01,0.0,0.0,0.0,0.0,0.0,0.0,98.99,0.99,0.0,0.0,5.94,0.0,0.0,0.0,0.0,0.0,93.07,0.0,0.0,0.0,0.0,0.0,0.0,0.0,0.0,0.0,100.0,0.0,0.0,1.0,0.0,0.0,0.0,0.0,0.0,0.0,99.0,0.0,0.0,0.0,0.0,0.0,0.0,0.0,0.0,0.0,100.0,0.0,0.0,0.0,0.0,0.0,0.0,0.0,0.0,0.0,100.0,0.0,0.0,0.0,0.0,0.0,0.0,0.0,0.0,0.0,100.0,0.0,0.0,0.0,0.0,0.0,0.0,0.0,0.0,0.0,100.0
194,0.0,0.0,0.0,0.0,0.0,92.08,0.0,0.0,0.0,7.92,0.0,0.0,0.0,0.0,0.0,100.0,0.0,0.0,0.0,0.0,0.0,0.0,0.0,0.0,0.0,89.11,0.0,0.0,0.0,10.89,0.0,0.0,0.0,0.0,0.0,66.33,0.0,0.0,0.0,33.67,0.0,0.0,0.0,0.0,0.0,96.04,0.0,0.0,0.0,3.96,0.0,0.0,0.0,0.0,0.0,83.84,0.0,0.0,0.0,16.16,0.0,0.0,0.0,0.0,0.0,83.0,0.0,0.0,0.0,17.0,0.0,0.0,0.0,0.0,0.0,100.0,0.0,0.0,0.0,0.0,0.0,0.0,0.0,0.0,0.0,64.0,0.0,0.0,0.0,36.0,0.0,0.0,1.02,0.0,0.0,15.31,0.0,0.0,0.0,83.67,0.0,0.0,0.0,6.12,0.0,31.63,0.0,0.0,0.0,62.24,0.0,0.0,0.0,0.0,0.0,52.0,0.0,0.0,0.0,48.0,1.02,0.0,0.0,5.1,0.0,28.57,0.0,0.0,0.0,65.31,0.0,0.0,0.0,0.0,0.0,35.0,0.0,0.0,0.0,65.0,0.0,0.0,0.0,0.0,0.0,47.47,0.0,0.0,0.0,52.53,0.0,0.0,0.0,0.0,0.0,51.49,0.0,0.0,0.0,48.51,1.02,0.0,0.0,0.0,0.0,0.0,0.0,0.0,0.0,98.98,1.01,0.0,0.0,0.0,0.0,0.0,0.0,0.0,0.0,98.99,1.01,0.0,0.0,0.0,0.0,0.0,0.0,0.0,0.0,98.99,0.0,0.0,0.0,0.0,0.0,0.0,0.0,0.0,0.0,100.0,0.0,0.0,0.0,0.0,0.0,0.0,0.0,0.0,0.0,100.0,0.0,0.0,1.0,0.0,0.0,0.0,0.0,0.0,0.0,99.0,0.0,0.0,0.0,0.0,0.0,0.0,0.0,0.0,0.0,100.0,0.0,0.0,0.0,0.0,0.0,0.0,0.0,0.0,0.0,100.0
195,0.0,0.0,0.0,0.0,0.0,91.92,0.0,0.0,0.0,8.08,0.0,0.0,0.0,0.0,0.0,100.0,0.0,0.0,0.0,0.0,0.0,0.0,0.0,0.0,0.0,88.89,0.0,0.0,0.0,11.11,0.0,0.0,0.0,0.0,0.0,67.0,0.0,0.0,0.0,33.0,0.0,0.0,0.0,0.0,0.0,95.1,0.0,0.0,0.0,4.9,0.0,0.0,0.0,0.0,0.0,83.84,0.0,0.0,0.0,16.16,0.0,0.0,0.0,0.0,0.0,81.82,0.0,0.0,0.0,18.18,0.0,0.0,0.0,0.0,0.0,100.0,0.0,0.0,0.0,0.0,0.0,0.0,0.0,0.0,0.0,65.05,0.0,0.0,0.0,34.95,1.0,0.0,0.0,0.0,0.0,15.0,0.0,0.0,0.0,84.0,0.0,0.0,1.0,13.0,0.0,31.0,0.0,0.0,0.0,55.0,0.0,0.0,0.0,0.0,0.0,50.51,0.0,0.0,0.0,49.49,0.0,0.0,0.0,0.0,0.0,29.0,0.0,0.0,0.0,71.0,0.0,0.0,0.0,0.0,0.0,36.0,0.0,0.0,0.0,64.0,0.0,0.0,0.0,0.0,0.0,49.02,0.0,0.0,0.0,50.98,0.0,0.0,0.0,0.0,0.0,51.49,0.0,0.0,0.0,48.51,1.01,0.0,1.01,0.0,0.0,0.0,0.0,0.0,0.0,97.98,0.0,0.0,0.0,0.0,0.0,0.0,0.0,0.0,0.0,100.0,0.0,0.0,1.01,0.0,0.0,0.0,0.0,0.0,0.0,98.99,0.0,0.0,0.0,0.0,0.0,0.0,0.0,0.0,0.0,100.0,0.0,0.0,0.0,0.0,0.0,0.0,0.0,0.0,0.0,100.0,1.0,0.0,0.0,0.0,0.0,0.0,0.0,0.0,0.0,99.0,0.0,0.0,0.99,0.0,0.0,0.0,0.0,0.0,0.0,99.01,1.0,0.0,0.0,0.0,0.0,0.0,0.0,0.0,0.0,99.0
196,0.0,0.0,0.0,0.0,0.0,90.82,0.0,0.0,0.0,9.18,0.0,0.0,0.0,0.0,0.0,100.0,0.0,0.0,0.0,0.0,0.0,0.0,0.0,0.0,0.0,89.0,0.0,0.0,0.0,11.0,0.0,0.0,0.0,0.0,0.0,67.0,0.0,0.0,0.0,33.0,0.0,0.0,0.0,0.0,0.0,96.04,0.0,0.0,0.0,3.96,0.0,0.0,0.0,0.0,0.0,82.83,0.0,0.0,0.0,17.17,0.0,0.0,0.0,0.0,0.0,82.65,0.0,0.0,0.0,17.35,0.0,0.0,0.0,0.0,0.0,100.0,0.0,0.0,0.0,0.0,0.0,0.0,0.0,0.0,0.0,62.63,0.0,0.0,0.0,37.37,0.0,0.0,0.0,0.0,0.0,15.15,0.0,0.0,0.0,84.85,0.0,0.0,0.0,10.2,0.0,30.61,0.0,0.0,0.0,59.18,0.0,0.0,0.0,0.0,0.0,51.49,0.0,0.0,0.0,48.51,1.94,0.0,1.94,2.91,0.0,28.16,0.0,0.0,0.0,65.05,0.0,0.0,0.0,0.0,0.0,35.35,0.0,0.0,0.0,64.65,0.0,0.0,0.0,0.0,0.0,48.48,0.0,0.0,0.0,51.52,0.0,0.0,0.0,0.0,0.0,51.52,0.0,0.0,0.0,48.48,0.0,0.0,1.0,0.0,0.0,0.0,0.0,0.0,0.0,99.0,0.0,0.0,0.0,0.0,0.0,0.0,0.0,0.0,0.0,100.0,1.0,0.0,0.0,0.0,0.0,0.0,0.0,0.0,0.0,99.0,0.0,0.0,0.0,0.0,0.0,0.0,0.0,0.0,0.0,100.0,0.0,0.0,0.0,0.0,0.0,0.0,0.0,0.0,0.0,100.0,0.0,0.0,0.99,0.0,0.0,0.0,0.0,0.0,0.0,99.01,0.0,0.0,0.0,0.0,0.0,0.0,0.0,0.0,0.0,100.0,0.0,0.0,0.0,0.0,0.0,0.0,0.0,0.0,0.0,100.0
197,0.0,0.0,0.0,0.0,0.0,90.0,0.0,0.0,0.0,10.0,0.0,0.0,0.0,0.0,0.0,100.0,0.0,0.0,0.0,0.0,0.0,0.0,0.0,0.0,0.0,88.0,0.0,0.0,0.0,12.0,0.0,0.0,0.0,0.0,0.0,66.34,0.0,0.0,0.0,33.66,0.0,0.0,0.0,0.0,0.0,94.12,0.0,0.0,0.0,5.88,0.0,0.0,0.0,0.0,0.0,84.0,0.0,0.0,0.0,16.0,0.0,0.0,0.0,0.0,0.0,82.0,0.0,0.0,0.0,18.0,0.0,0.0,0.0,0.0,0.0,100.0,0.0,0.0,0.0,0.0,0.0,0.0,0.0,0.0,0.0,62.63,0.0,0.0,0.0,37.37,0.0,0.0,0.0,0.0,0.0,15.15,0.0,0.0,0.0,84.85,0.0,0.0,0.0,4.0,0.0,32.0,0.0,0.0,0.0,64.0,0.0,0.0,0.0,0.0,0.0,49.49,0.0,0.0,0.0,50.51,0.0,0.0,0.0,7.14,0.0,29.59,0.0,0.0,0.0,63.27,0.0,0.0,0.0,0.0,0.0,35.64,0.0,0.0,0.0,64.36,1.0,0.0,0.0,0.0,0.0,46.0,0.0,0.0,0.0,53.0,0.0,0.0,0.0,0.0,0.0,51.0,0.0,0.0,0.0,49.0,1.0,0.0,0.0,0.0,0.0,0.0,0.0,0.0,0.0,99.0,1.0,0.0,0.0,0.0,0.0,0.0,0.0,0.0,0.0,99.0,1.01,0.0,1.01,0.0,0.0,0.0,0.0,0.0,0.0,97.98,1.01,0.0,0.0,0.0,0.0,0.0,0.0,0.0,0.0,98.99,0.0,0.0,0.0,0.0,0.0,0.0,0.0,0.0,0.0,100.0,0.0,0.0,0.0,0.0,0.0,0.0,0.0,0.0,0.0,100.0,0.0,0.0,0.0,0.0,0.0,0.0,0.0,0.0,0.0,100.0,0.0,0.0,0.0,0.0,0.0,0.0,0.0,0.0,0.0,100.0
198,0.0,0.0,0.0,0.0,0.0,89.9,0.0,0.0,0.0,10.1,0.0,0.0,0.99,0.0,0.0,99.01,0.0,0.0,0.0,0.0,0.0,0.0,0.0,0.0,0.0,88.0,0.0,0.0,0.0,12.0,0.0,0.0,0.0,0.0,0.0,67.0,0.0,0.0,0.0,33.0,0.0,0.0,0.0,0.0,0.0,96.0,0.0,0.0,0.0,4.0,0.0,0.0,0.0,0.0,0.0,82.83,0.0,0.0,0.0,17.17,0.0,0.0,0.0,0.0,0.0,82.0,0.0,0.0,0.0,18.0,0.0,0.0,0.0,0.0,0.0,100.0,0.0,0.0,0.0,0.0,0.0,0.0,0.99,0.0,0.0,62.38,0.0,0.0,0.0,36.63,1.0,0.0,0.0,0.0,0.0,15.0,0.0,0.0,0.0,84.0,0.0,0.0,0.0,6.12,0.0,30.61,0.0,0.0,0.0,63.27,0.0,0.0,0.0,0.0,0.0,48.0,0.0,0.0,0.0,52.0,1.0,0.0,0.0,3.0,0.0,28.0,0.0,0.0,0.0,68.0,0.0,0.0,0.0,0.0,0.0,36.63,0.0,0.0,0.0,63.37,0.0,0.0,0.0,0.0,0.0,46.94,0.0,0.0,0.0,53.06,0.0,0.0,0.0,0.0,0.0,51.0,0.0,0.0,0.0,49.0,1.02,0.0,0.0,0.0,0.0,0.0,0.0,0.0,0.0,98.98,0.0,0.0,1.02,0.0,0.0,0.0,0.0,0.0,0.0,98.98,0.99,0.0,0.99,8.91,0.0,0.0,0.0,0.0,0.0,89.11,0.0,0.0,0.0,0.0,0.0,0.0,0.0,0.0,0.0,100.0,0.0,0.0,0.0,0.0,0.0,0.0,0.0,0.0,0.0,100.0,0.0,0.0,0.0,0.0,0.0,0.0,0.0,0.0,0.0,100.0,0.0,0.0,0.0,0.0,0.0,0.0,0.0,0.0,0.0,100.0,0.0,0.0,0.0,0.0,0.0,0.0,0.0,0.0,0.0,100.0
199,0.0,0.0,0.0,0.0,0.0,87.76,0.0,0.0,0.0,12.24,0.0,0.0,0.0,0.0,0.0,100.0,0.0,0.0,0.0,0.0,0.0,0.0,0.0,0.0,0.0,88.0,0.0,0.0,0.0,12.0,0.0,0.0,0.0,0.0,0.0,65.66,0.0,0.0,0.0,34.34,0.0,0.0,0.0,0.0,0.0,94.06,0.0,0.0,0.0,5.94,0.0,0.0,0.0,0.0,0.0,82.83,0.0,0.0,0.0,17.17,0.0,0.0,0.0,0.0,0.0,81.63,0.0,0.0,0.0,18.37,0.0,0.0,0.0,0.0,0.0,100.0,0.0,0.0,0.0,0.0,0.0,0.0,0.0,0.0,0.0,63.0,0.0,0.0,0.0,37.0,0.0,0.0,0.0,0.0,0.0,14.43,0.0,0.0,0.0,85.57,0.0,0.0,1.0,0.0,0.0,30.0,0.0,0.0,0.0,69.0,0.0,0.0,0.0,0.0,0.0,45.92,0.0,0.0,0.0,54.08,0.0,0.0,0.0,0.0,0.0,31.0,0.0,0.0,0.0,69.0,0.0,0.0,0.0,0.0,0.0,34.0,0.0,0.0,0.0,66.0,0.0,0.0,0.0,0.0,0.0,47.06,0.0,0.0,0.0,52.94,0.0,0.0,0.98,0.0,0.0,50.98,0.0,0.0,0.0,48.04,0.0,0.0,1.0,1.0,0.0,0.0,0.0,0.0,0.0,98.0,1.0,0.0,1.0,6.0,0.0,0.0,0.0,0.0,0.0,92.0,0.0,0.0,0.0,16.33,0.0,0.0,0.0,0.0,0.0,83.67,0.0,0.0,1.0,0.0,0.0,0.0,0.0,0.0,0.0,99.0,0.0,0.0,0.0,0.0,0.0,0.0,0.0,0.0,0.0,100.0,0.0,0.0,0.0,0.0,0.0,0.0,0.0,0.0,0.0,100.0,0.0,0.0,0.0,0.0,0.0,0.0,0.0,0.0,0.0,100.0,0.0,0.0,0.0,0.0,0.0,0.0,0.0,0.0,0.0,100.0
200,0.0,0.0,0.0,0.0,0.0,94.0,0.0,0.0,0.0,6.0,0.0,0.0,0.0,0.0,0.0,100.0,0.0,0.0,0.0,0.0,0.0,0.0,0.0,0.0,0.0,89.9,0.0,0.0,0.0,10.1,0.0,0.0,0.0,0.0,0.0,67.35,0.0,0.0,0.0,32.65,0.0,0.0,0.0,0.0,0.0,96.04,0.0,0.0,0.0,3.96,0.0,0.0,0.0,0.0,0.0,84.0,0.0,0.0,0.0,16.0,0.0,0.0,0.0,0.0,0.0,83.67,0.0,0.0,0.0,16.33,0.0,0.0,0.0,0.0,0.0,100.0,0.0,0.0,0.0,0.0,0.0,0.0,0.0,0.0,0.0,63.37,0.0,0.0,0.0,36.63,0.0,0.0,0.0,0.0,0.0,15.15,0.0,0.0,0.0,84.85,0.0,0.0,0.0,0.0,0.0,32.0,0.0,0.0,0.0,68.0,1.01,0.0,0.0,0.0,0.0,47.47,0.0,0.0,0.0,51.52,0.0,0.0,0.0,0.0,0.0,29.29,0.0,0.0,0.0,70.71,0.0,0.0,0.0,0.0,0.0,35.0,0.0,0.0,0.0,65.0,0.0,0.0,0.0,0.0,0.0,48.0,0.0,0.0,0.0,52.0,0.0,0.0,0.0,0.0,0.0,52.48,0.0,0.0,0.0,47.52,1.0,0.0,1.0,0.0,0.0,0.0,0.0,0.0,0.0,98.0,1.01,0.0,0.0,0.0,0.0,0.0,0.0,0.0,0.0,98.99,2.0,0.0,1.0,13.0,0.0,0.0,0.0,0.0,0.0,84.0,1.0,0.0,0.0,8.0,0.0,0.0,0.0,0.0,0.0,91.0,0.0,0.0,0.0,0.0,0.0,0.0,0.0,0.0,0.0,100.0,0.0,0.0,0.0,0.0,0.0,0.0,0.0,0.0,0.0,100.0,0.0,0.0,0.0,0.0,0.0,0.0,0.0,0.0,0.0,100.0,0.0,0.0,0.0,0.0,0.0,0.0,0.0,0.0,0.0,100.0
201,0.0,0.0,0.0,0.0,0.0,93.0,0.0,0.0,0.0,7.0,0.0,0.0,0.0,0.0,0.0,100.0,0.0,0.0,0.0,0.0,0.0,0.0,0.0,0.0,0.0,90.2,0.0,0.0,0.0,9.8,0.0,0.0,0.0,0.0,0.0,66.0,0.0,0.0,0.0,34.0,0.0,0.0,0.0,0.0,0.0,96.0,0.0,0.0,0.0,4.0,0.0,0.0,0.0,0.0,0.0,83.51,0.0,0.0,0.0,16.49,0.0,0.0,0.0,0.0,0.0,82.35,0.0,0.0,0.0,17.65,0.0,0.0,0.0,0.0,0.0,100.0,0.0,0.0,0.0,0.0,0.0,0.0,0.0,0.0,0.0,64.36,0.0,0.0,0.0,35.64,1.0,0.0,0.0,0.0,0.0,15.0,0.0,0.0,0.0,84.0,0.0,0.0,0.0,0.0,0.0,30.61,0.0,0.0,0.0,69.39,0.0,0.0,0.0,0.0,0.0,48.48,0.0,0.0,0.0,51.52,1.0,0.0,0.0,0.0,0.0,29.0,0.0,0.0,0.0,70.0,0.0,0.0,0.0,0.0,0.0,40.0,0.0,0.0,0.0,60.0,0.0,0.0,0.0,0.0,0.0,47.52,0.0,0.0,0.0,52.48,0.0,0.0,0.0,0.0,0.0,52.0,0.0,0.0,0.0,48.0,0.0,0.0,0.0,0.0,0.0,0.0,0.0,0.0,0.0,100.0,0.0,0.0,0.0,10.1,0.0,0.0,0.0,0.0,0.0,89.9,0.0,0.0,0.0,7.14,0.0,0.0,0.0,0.0,0.0,92.86,0.0,0.0,2.0,0.0,0.0,0.0,0.0,0.0,0.0,98.0,0.0,0.0,1.0,0.0,0.0,0.0,0.0,0.0,0.0,99.0,0.0,0.0,0.99,0.0,0.0,0.0,0.0,0.0,0.0,99.01,0.0,0.0,0.0,0.0,0.0,0.0,0.0,0.0,0.0,100.0,0.0,0.0,0.0,0.0,0.0,0.0,0.0,0.0,0.0,100.0
202,0.0,0.0,0.0,0.0,0.0,92.0,0.0,0.0,0.0,8.0,0.0,0.0,0.0,0.0,0.0,100.0,0.0,0.0,0.0,0.0,0.0,0.0,0.0,0.0,0.0,89.0,0.0,0.0,0.0,11.0,0.0,0.0,0.0,0.0,0.0,67.0,0.0,0.0,0.0,33.0,0.0,0.0,0.0,0.0,0.0,95.1,0.0,0.0,0.0,4.9,0.0,0.0,0.0,0.0,0.0,83.84,0.0,0.0,0.0,16.16,0.0,0.0,0.0,0.0,0.0,82.83,0.0,0.0,0.0,17.17,0.0,0.0,0.0,0.0,0.0,100.0,0.0,0.0,0.0,0.0,0.0,0.0,0.0,0.0,0.0,63.37,0.0,0.0,0.0,36.63,1.0,0.0,1.0,0.0,0.0,15.0,0.0,0.0,0.0,83.0,0.0,0.0,0.0,0.0,0.0,32.0,0.0,0.0,0.0,68.0,0.0,0.0,0.0,0.0,0.0,48.48,0.0,0.0,0.0,51.52,0.0,0.0,0.98,0.0,0.0,31.37,0.0,0.0,0.0,67.65,0.0,0.0,0.0,0.0,0.0,35.35,0.0,0.0,0.0,64.65,0.0,0.0,0.0,0.0,0.0,47.47,0.0,0.0,0.0,52.53,0.0,0.0,0.0,0.0,0.0,51.96,0.0,0.0,0.0,48.04,0.99,0.0,0.99,0.0,0.0,0.0,0.0,0.0,0.0,98.02,0.0,0.0,1.01,7.07,0.0,0.0,0.0,0.0,0.0,91.92,0.99,0.0,0.0,10.89,0.0,0.0,0.0,0.0,0.0,88.12,1.01,0.0,1.01,0.0,0.0,0.0,0.0,0.0,0.0,97.98,0.0,0.0,0.0,0.0,0.0,0.0,0.0,0.0,0.0,100.0,0.0,0.0,0.0,0.0,0.0,0.0,0.0,0.0,0.0,100.0,0.0,0.0,0.0,0.0,0.0,0.0,0.0,0.0,0.0,100.0,0.0,0.0,0.99,0.0,0.0,0.0,0.0,0.0,0.0,99.01
203,0.0,0.0,0.98,0.0,0.0,89.22,0.0,0.0,0.0,9.8,0.0,0.0,0.0,0.0,0.0,100.0,0.0,0.0,0.0,0.0,0.0,0.0,0.0,0.0,0.0,88.78,0.0,0.0,0.0,11.22,0.0,0.0,0.0,0.0,0.0,65.66,0.0,0.0,0.0,34.34,0.0,0.0,0.97,0.0,0.0,94.17,0.0,0.0,0.0,4.85,0.0,0.0,0.0,0.0,0.0,83.33,0.0,0.0,0.0,16.67,0.0,0.0,0.0,0.0,0.0,82.0,0.0,0.0,0.0,18.0,0.0,0.0,0.0,0.0,0.0,100.0,0.0,0.0,0.0,0.0,0.0,0.0,0.0,0.0,0.0,62.24,0.0,0.0,0.0,37.76,0.0,0.0,0.0,0.0,0.0,16.0,0.0,0.0,0.0,84.0,0.0,0.0,0.0,0.0,0.0,30.3,0.0,0.0,0.0,69.7,0.0,0.0,0.0,0.0,0.0,47.52,0.0,0.0,0.0,52.48,0.0,0.0,0.0,0.0,0.0,30.3,0.0,0.0,0.0,69.7,0.0,0.0,0.0,0.0,0.0,34.0,0.0,0.0,0.0,66.0,0.0,0.0,0.0,0.0,0.0,47.0,0.0,0.0,0.0,53.0,0.0,0.0,0.0,0.0,0.0,51.52,0.0,0.0,0.0,48.48,0.0,0.0,0.0,0.0,0.0,0.0,0.0,0.0,0.0,100.0,1.0,0.0,1.0,5.0,0.0,0.0,0.0,0.0,0.0,93.0,0.0,0.0,1.0,13.0,0.0,0.0,0.0,0.0,0.0,86.0,1.0,0.0,1.0,0.0,0.0,0.0,0.0,0.0,0.0,98.0,0.0,0.0,0.0,0.0,0.0,0.0,0.0,0.0,0.0,100.0,0.0,0.0,0.0,0.0,0.0,0.0,0.0,0.0,0.0,100.0,0.0,0.0,0.99,0.0,0.0,0.0,0.0,0.0,0.0,99.01,0.0,0.0,0.0,0.0,0.0,0.0,0.0,0.0,0.0,100.0
204,0.0,0.0,0.0,0.0,0.0,88.66,0.0,0.0,0.0,11.34,0.0,0.0,0.0,0.0,0.0,100.0,0.0,0.0,0.0,0.0,0.0,0.0,0.0,0.0,0.0,88.12,0.0,0.0,0.0,11.88,0.0,0.0,0.0,0.0,0.0,65.66,0.0,0.0,0.0,34.34,0.0,0.0,0.0,0.0,0.0,95.05,0.0,0.0,0.0,4.95,0.0,0.0,0.0,0.0,0.0,83.17,0.0,0.0,0.0,16.83,0.0,0.0,0.0,0.0,0.0,81.82,0.0,0.0,0.0,18.18,0.0,0.0,0.0,0.0,0.0,100.0,0.0,0.0,0.0,0.0,0.0,0.0,0.0,0.0,0.0,63.0,0.0,0.0,0.0,37.0,0.0,0.0,0.0,0.0,0.0,15.31,0.0,0.0,0.0,84.69,0.0,0.0,0.0,0.0,0.0,32.0,0.0,0.0,0.0,68.0,0.0,0.0,0.0,0.0,0.0,47.47,0.0,0.0,0.0,52.53,0.98,0.0,0.0,0.0,0.0,31.37,0.0,0.0,0.0,67.65,0.0,0.0,0.0,0.0,0.0,33.0,0.0,0.0,0.0,67.0,0.0,0.0,0.97,0.0,0.0,47.57,0.0,0.0,0.0,51.46,0.0,0.0,0.0,0.0,0.0,51.49,0.0,0.0,0.0,48.51,0.0,0.0,0.0,0.0,0.0,0.0,0.0,0.0,0.0,100.0,1.01,0.0,0.0,14.14,0.0,0.0,0.0,0.0,0.0,84.85,1.01,0.0,0.0,0.0,0.0,0.0,0.0,0.0,0.0,98.99,1.0,0.0,0.0,4.0,0.0,0.0,0.0,0.0,0.0,95.0,0.0,0.0,0.0,0.0,0.0,0.0,0.0,0.0,0.0,100.0,0.0,0.0,0.0,0.0,0.0,0.0,0.0,0.0,0.0,100.0,0.0,0.0,0.0,0.0,0.0,0.0,0.0,0.0,0.0,100.0,0.0,0.0,0.0,0.0,0.0,0.0,0.0,0.0,0.0,100.0
205,0.0,0.0,0.0,0.0,0.0,92.08,0.0,0.0,0.0,7.92,0.0,0.0,0.0,0.0,0.0,100.0,0.0,0.0,0.0,0.0,0.0,0.0,0.0,0.0,0.0,88.89,0.0,0.0,0.0,11.11,0.0,0.0,0.0,0.0,0.0,66.67,0.0,0.0,0.0,33.33,0.0,0.0,0.0,0.0,0.0,96.0,0.0,0.0,0.0,4.0,0.0,0.0,0.0,0.0,0.0,83.84,0.0,0.0,0.0,16.16,0.0,0.0,0.0,0.0,0.0,83.0,0.0,0.0,0.0,17.0,0.0,0.0,0.0,0.0,0.0,100.0,0.0,0.0,0.0,0.0,0.0,0.0,0.0,0.0,0.0,63.0,0.0,0.0,0.0,37.0,1.0,0.0,0.0,0.0,0.0,15.0,0.0,0.0,0.0,84.0,0.0,0.0,0.0,0.0,0.0,32.0,0.0,0.0,0.0,68.0,0.0,0.0,0.0,0.0,0.0,49.0,0.0,0.0,0.0,51.0,0.0,0.0,0.0,0.0,0.0,29.29,0.0,0.0,0.0,70.71,0.0,0.0,0.0,0.0,0.0,34.34,0.0,0.0,0.0,65.66,0.0,0.0,0.0,0.0,0.0,47.47,0.0,0.0,0.0,52.53,0.0,0.0,0.0,0.0,0.0,51.0,0.0,0.0,0.0,49.0,1.0,0.0,0.0,5.0,0.0,0.0,0.0,0.0,0.0,94.0,1.02,0.0,0.0,8.16,0.0,0.0,0.0,0.0,0.0,90.82,1.0,0.0,1.0,0.0,0.0,0.0,0.0,0.0,0.0,98.0,0.0,0.0,0.0,8.16,0.0,0.0,0.0,0.0,0.0,91.84,1.0,0.0,0.0,0.0,0.0,0.0,0.0,0.0,0.0,99.0,0.0,0.0,0.0,0.0,0.0,0.0,0.0,0.0,0.0,100.0,0.0,0.0,0.0,0.0,0.0,0.0,0.0,0.0,0.0,100.0,0.0,0.0,0.0,0.0,0.0,0.0,0.0,0.0,0.0,100.0
206,0.0,0.0,0.0,0.0,0.0,91.09,0.0,0.0,0.0,8.91,0.0,0.0,0.0,0.0,0.0,100.0,0.0,0.0,0.0,0.0,0.0,0.0,0.0,0.0,0.0,89.8,0.0,0.0,0.0,10.2,0.0,0.0,0.0,0.0,0.0,66.33,0.0,0.0,0.0,33.67,0.0,0.0,0.0,0.0,0.0,95.05,0.0,0.0,0.0,4.95,0.0,0.0,0.0,0.0,0.0,82.65,0.0,0.0,0.0,17.35,0.0,0.0,0.0,0.0,0.0,82.83,0.0,0.0,0.0,17.17,0.0,0.0,0.0,0.0,0.0,100.0,0.0,0.0,0.0,0.0,0.0,0.0,0.0,0.0,0.0,63.0,0.0,0.0,0.0,37.0,0.0,0.0,0.0,0.0,0.0,15.31,0.0,0.0,0.0,84.69,0.0,0.0,0.0,0.0,0.0,31.0,0.0,0.0,0.0,69.0,0.0,0.0,0.0,0.0,0.0,48.51,0.0,0.0,0.0,51.49,0.0,0.0,0.0,0.0,0.0,30.0,0.0,0.0,0.0,70.0,0.0,0.0,0.0,0.0,0.0,34.69,0.0,0.0,0.0,65.31,0.0,0.0,0.0,0.0,0.0,46.46,0.0,0.0,0.0,53.54,1.0,0.0,0.0,0.0,0.0,51.0,0.0,0.0,0.0,48.0,0.0,0.0,1.02,10.2,0.0,0.0,0.0,0.0,0.0,88.78,0.0,0.0,0.0,0.0,0.0,0.0,0.0,0.0,0.0,100.0,0.0,0.0,1.0,0.0,0.0,0.0,0.0,0.0,0.0,99.0,1.0,0.0,0.0,0.0,0.0,0.0,0.0,0.0,0.0,99.0,0.0,0.0,1.01,0.0,0.0,0.0,0.0,0.0,0.0,98.99,0.0,0.0,0.0,2.02,0.0,0.0,0.0,0.0,0.0,97.98,0.0,0.0,0.0,10.0,0.0,0.0,0.0,0.0,0.0,90.0,1.0,0.0,0.0,0.0,0.0,0.0,0.0,0.0,0.0,99.0
207,0.0,0.0,0.0,0.0,0.0,92.0,0.0,0.0,0.0,8.0,0.0,0.0,0.0,0.0,0.0,100.0,0.0,0.0,0.0,0.0,0.0,0.0,0.0,0.0,0.0,90.1,0.0,0.0,0.0,9.9,0.0,0.0,0.0,0.0,0.0,66.34,0.0,0.0,0.0,33.66,0.0,0.0,0.0,0.0,0.0,95.15,0.0,0.0,0.0,4.85,0.0,0.0,0.0,0.0,0.0,84.0,0.0,0.0,0.0,16.0,0.0,0.0,0.0,0.0,0.0,83.0,0.0,0.0,0.0,17.0,0.0,0.0,0.0,0.0,0.0,100.0,0.0,0.0,0.0,0.0,0.0,0.0,0.0,0.0,0.0,63.37,0.0,0.0,0.0,36.63,0.0,0.0,0.0,0.0,0.0,16.0,0.0,0.0,0.0,84.0,0.0,0.0,0.0,0.0,0.0,30.61,0.0,0.0,0.0,69.39,0.0,0.0,0.0,0.0,0.0,47.96,0.0,0.0,0.0,52.04,0.0,0.0,0.0,0.0,0.0,29.0,0.0,0.0,0.0,71.0,0.0,0.0,0.0,0.0,0.0,35.64,0.0,0.0,0.0,64.36,0.0,0.0,0.0,0.0,0.0,47.0,0.0,0.0,0.0,53.0,0.0,0.0,0.0,0.0,0.0,51.96,0.0,0.0,0.0,48.04,0.0,0.0,0.0,0.0,0.0,0.0,0.0,0.0,0.0,100.0,0.0,0.0,0.0,0.0,0.0,0.0,0.0,0.0,0.0,100.0,0.0,0.0,0.0,0.0,0.0,0.0,0.0,0.0,0.0,100.0,0.0,0.0,1.01,0.0,0.0,0.0,0.0,0.0,0.0,98.99,1.0,0.0,1.0,0.0,0.0,0.0,0.0,0.0,0.0,98.0,1.0,0.0,1.0,5.0,0.0,0.0,0.0,0.0,0.0,93.0,1.01,0.0,0.0,15.15,0.0,0.0,0.0,0.0,0.0,83.84,0.0,0.0,0.0,0.0,0.0,0.0,0.0,0.0,0.0,100.0
208,0.0,0.0,0.0,0.0,0.0,91.92,0.0,0.0,0.0,8.08,0.0,0.0,0.0,0.0,0.0,100.0,0.0,0.0,0.0,0.0,0.0,0.0,0.0,0.0,0.0,89.0,0.0,0.0,0.0,11.0,0.0,0.0,0.0,0.0,0.0,66.33,0.0,0.0,0.0,33.67,0.0,0.0,0.0,0.0,0.0,96.0,0.0,0.0,0.0,4.0,0.0,0.0,0.0,0.0,0.0,84.0,0.0,0.0,0.0,16.0,0.0,0.0,0.0,0.0,0.0,82.18,0.0,0.0,0.0,17.82,0.0,0.0,0.0,0.0,0.0,100.0,0.0,0.0,0.0,0.0,0.0,0.0,0.0,0.0,0.0,63.64,0.0,0.0,0.0,36.36,1.0,0.0,0.0,0.0,0.0,15.0,0.0,0.0,0.0,84.0,0.0,0.0,0.0,0.0,0.0,32.0,0.0,0.0,0.0,68.0,0.0,0.0,0.0,0.0,0.0,48.0,0.0,0.0,0.0,52.0,0.99,0.0,0.0,0.0,0.0,28.71,0.0,0.0,0.0,70.3,0.0,0.0,0.0,0.0,0.0,38.0,0.0,0.0,0.0,62.0,0.0,0.0,0.0,0.0,0.0,46.94,0.0,0.0,0.0,53.06,0.0,0.0,0.0,0.0,0.0,52.48,0.0,0.0,0.0,47.52,0.0,0.0,0.0,0.0,0.0,0.0,0.0,0.0,0.0,100.0,0.0,0.0,0.0,0.0,0.0,0.0,0.0,0.0,0.0,100.0,0.0,0.0,0.0,0.0,0.0,0.0,0.0,0.0,0.0,100.0,1.01,0.0,0.0,0.0,0.0,0.0,0.0,0.0,0.0,98.99,0.0,0.0,2.0,1.0,0.0,0.0,0.0,0.0,0.0,97.0,0.0,0.0,0.0,0.0,0.0,0.0,0.0,0.0,0.0,100.0,0.0,0.0,0.0,18.18,0.0,0.0,0.0,0.0,0.0,81.82,0.0,0.0,0.99,0.0,0.0,0.0,0.0,0.0,0.0,99.01
209,0.0,0.0,0.0,0.0,0.0,88.0,0.0,0.0,0.0,12.0,0.0,0.0,0.0,0.0,0.0,100.0,0.0,0.0,0.0,0.0,0.0,0.0,0.0,0.0,0.0,89.11,0.0,0.0,0.0,10.89,0.0,0.0,0.0,0.0,0.0,65.35,0.0,0.0,0.0,34.65,0.0,0.0,0.0,0.0,0.0,94.0,0.0,0.0,0.0,6.0,0.0,0.0,0.0,0.0,0.0,83.67,0.0,0.0,0.0,16.33,0.0,0.0,0.0,0.0,0.0,82.0,0.0,0.0,0.0,18.0,0.0,0.0,0.0,0.0,0.0,100.0,0.0,0.0,0.0,0.0,0.0,0.0,0.0,0.0,0.0,63.0,0.0,0.0,0.0,37.0,0.0,0.0,0.0,0.0,0.0,15.31,0.0,0.0,0.0,84.69,0.0,0.0,0.0,0.0,0.0,32.0,0.0,0.0,0.0,68.0,0.0,0.0,0.0,0.0,0.0,49.49,0.0,0.0,0.0,50.51,0.0,0.0,0.0,0.0,0.0,28.28,0.0,0.0,0.0,71.72,0.0,0.0,0.0,0.0,0.0,36.36,0.0,0.0,0.0,63.64,1.0,0.0,0.0,0.0,0.0,46.0,0.0,0.0,0.0,53.0,0.0,0.0,0.0,0.0,0.0,51.49,0.0,0.0,0.0,48.51,1.01,0.0,0.0,0.0,0.0,0.0,0.0,0.0,0.0,98.99,1.0,0.0,1.0,0.0,0.0,0.0,0.0,0.0,0.0,98.0,0.0,0.0,0.0,0.0,0.0,0.0,0.0,0.0,0.0,100.0,0.0,0.0,0.0,0.0,0.0,0.0,0.0,0.0,0.0,100.0,2.0,0.0,1.0,0.0,0.0,0.0,0.0,0.0,0.0,97.0,0.0,0.0,0.99,0.99,0.0,0.0,0.0,0.0,0.0,98.02,0.0,0.0,0.99,17.82,0.0,0.0,0.0,0.0,0.0,81.19,0.0,0.0,0.0,0.0,0.0,0.0,0.0,0.0,0.0,100.0
210,0.0,0.0,0.0,0.0,0.0,88.12,0.0,0.0,0.0,11.88,0.0,0.0,0.0,0.0,0.0,100.0,0.0,0.0,0.0,0.0,0.0,0.0,0.0,0.0,0.0,88.0,0.0,0.0,0.0,12.0,0.0,0.0,0.0,0.0,0.0,65.66,0.0,0.0,0.0,34.34,0.0,0.0,0.0,0.0,0.0,94.12,0.0,0.0,0.0,5.88,0.0,0.0,0.0,0.0,0.0,82.83,0.0,0.0,0.0,17.17,0.0,0.0,0.0,0.0,0.0,81.82,0.0,0.0,0.0,18.18,0.0,0.0,0.0,0.0,0.0,100.0,0.0,0.0,0.0,0.0,0.98,0.0,0.0,0.0,0.0,62.75,0.0,0.0,0.0,36.27,0.0,0.0,0.99,0.0,0.0,15.84,0.0,0.0,0.0,83.17,0.0,0.0,0.0,0.0,0.0,32.32,0.0,0.0,0.0,67.68,0.0,0.0,0.0,0.0,0.0,51.0,0.0,0.0,0.0,49.0,0.0,0.0,0.0,0.0,0.0,27.27,0.0,0.0,0.0,72.73,0.0,0.0,0.0,0.0,0.0,37.37,0.0,0.0,0.0,62.63,0.0,0.0,0.0,0.0,0.0,46.46,0.0,0.0,0.0,53.54,0.0,0.0,0.0,0.0,0.0,50.51,0.0,0.0,0.0,49.49,0.0,0.0,0.0,0.0,0.0,0.0,0.0,0.0,0.0,100.0,0.0,0.0,0.0,0.0,0.0,0.0,0.0,0.0,0.0,100.0,0.0,0.0,0.0,0.0,0.0,0.0,0.0,0.0,0.0,100.0,1.0,0.0,0.0,0.0,0.0,0.0,0.0,0.0,0.0,99.0,0.0,0.0,0.0,0.0,0.0,0.0,0.0,0.0,0.0,100.0,2.0,0.0,2.0,0.0,0.0,0.0,0.0,0.0,0.0,96.0,0.0,0.0,0.0,18.18,0.0,0.0,0.0,0.0,0.0,81.82,0.0,0.0,0.0,0.0,0.0,0.0,0.0,0.0,0.0,100.0
211,0.0,0.0,0.0,0.0,0.0,91.92,0.0,0.0,0.0,8.08,0.0,0.0,0.0,0.0,0.0,100.0,0.0,0.0,0.0,0.0,0.0,0.0,0.0,0.0,0.0,89.9,0.0,0.0,0.0,10.1,0.0,0.0,0.0,0.0,0.0,64.95,0.0,0.0,0.0,35.05,0.0,0.0,0.99,0.0,0.0,94.06,0.0,0.0,0.0,4.95,0.0,0.0,0.0,0.0,0.0,84.16,0.0,0.0,0.0,15.84,0.0,0.0,0.0,0.0,0.0,82.65,0.0,0.0,0.0,17.35,0.0,0.0,0.0,0.0,0.0,100.0,0.0,0.0,0.0,0.0,1.01,0.0,0.0,0.0,0.0,62.63,0.0,0.0,0.0,36.36,1.0,0.0,0.0,0.0,0.0,16.0,0.0,0.0,0.0,83.0,0.0,0.0,0.0,0.0,0.0,34.0,0.0,0.0,0.0,66.0,0.0,0.0,0.0,0.0,0.0,51.02,0.0,0.0,0.0,48.98,1.01,0.0,0.0,0.0,0.0,27.27,0.0,0.0,0.0,71.72,0.0,0.0,0.0,0.0,0.0,35.29,0.0,0.0,0.0,64.71,0.0,0.0,0.0,0.0,0.0,46.46,0.0,0.0,0.0,53.54,0.0,0.0,0.99,0.0,0.0,50.5,0.0,0.0,0.0,48.51,0.0,0.0,0.0,0.0,0.0,1.0,0.0,0.0,0.0,99.0,0.0,0.0,0.0,0.0,0.0,0.0,0.0,0.0,0.0,100.0,1.0,0.0,0.0,0.0,0.0,0.0,0.0,0.0,0.0,99.0,0.0,0.0,0.0,0.0,0.0,0.0,0.0,0.0,0.0,100.0,0.0,0.0,0.0,0.0,0.0,0.0,0.0,0.0,0.0,100.0,1.0,0.0,0.0,0.0,0.0,0.0,0.0,0.0,0.0,99.0,0.0,0.0,0.0,14.14,0.0,0.0,0.0,0.0,0.0,85.86,0.0,0.0,0.0,4.04,0.0,0.0,0.0,0.0,0.0,95.96
212,0.0,0.0,0.0,0.0,0.0,91.92,0.0,0.0,0.0,8.08,0.0,0.0,0.0,0.0,0.0,100.0,0.0,0.0,0.0,0.0,0.0,0.0,0.0,0.0,0.0,89.0,0.0,0.0,0.0,11.0,0.0,0.0,0.0,0.0,0.0,67.0,0.0,0.0,0.0,33.0,0.0,0.0,0.0,0.0,0.0,96.0,0.0,0.0,0.0,4.0,0.0,0.0,0.0,0.0,0.0,83.84,0.0,0.0,0.0,16.16,0.0,0.0,0.0,0.0,0.0,82.18,0.0,0.0,0.0,17.82,0.0,0.0,0.0,0.0,0.0,100.0,0.0,0.0,0.0,0.0,0.0,0.0,0.0,0.0,0.0,64.0,0.0,0.0,0.0,36.0,0.0,0.0,1.01,0.0,0.0,15.15,0.0,0.0,0.0,83.84,1.0,0.0,0.0,0.0,0.0,33.0,0.0,0.0,0.0,66.0,0.0,0.0,0.0,0.0,0.0,52.0,0.0,0.0,0.0,48.0,1.0,0.0,0.0,0.0,0.0,28.0,0.0,0.0,0.0,71.0,0.0,0.0,0.0,0.0,0.0,36.36,0.0,0.0,0.0,63.64,0.0,0.0,0.0,0.0,0.0,47.0,0.0,0.0,0.0,53.0,0.0,0.0,0.0,0.0,0.0,51.0,0.0,0.0,0.0,49.0,0.0,0.0,1.01,0.0,0.0,0.0,0.0,0.0,0.0,98.99,0.0,0.0,0.99,0.0,0.0,0.0,0.0,0.0,0.0,99.01,0.0,0.0,0.0,0.0,0.0,0.0,0.0,0.0,0.0,100.0,0.0,0.0,1.0,0.0,0.0,0.0,0.0,0.0,0.0,99.0,0.0,0.0,0.0,0.0,0.0,0.0,0.0,0.0,0.0,100.0,0.0,0.0,0.0,0.0,0.0,0.0,0.0,0.0,0.0,100.0,0.99,0.0,0.99,16.83,0.0,0.0,0.0,0.0,0.0,81.19,0.0,0.0,0.0,2.0,0.0,0.0,0.0,0.0,0.0,98.0
213,0.0,0.0,0.0,0.0,0.0,90.82,0.0,0.0,0.0,9.18,0.0,0.0,0.0,0.0,0.0,100.0,0.0,0.0,0.0,0.0,0.0,0.0,0.0,0.0,0.0,89.11,0.0,0.0,0.0,10.89,0.96,0.0,0.96,0.0,0.0,65.38,0.0,0.0,0.0,32.69,0.0,0.0,0.0,0.0,0.0,94.12,0.0,0.0,0.0,5.88,0.0,0.0,0.0,0.0,0.0,83.84,0.0,0.0,0.0,16.16,0.0,0.0,0.0,0.0,0.0,82.83,0.0,0.0,0.0,17.17,0.0,0.0,0.0,0.0,0.0,100.0,0.0,0.0,0.0,0.0,0.0,0.0,0.98,0.0,0.0,62.75,0.0,0.0,0.0,36.27,0.99,0.0,0.0,0.0,0.0,15.84,0.0,0.0,0.0,83.17,0.0,0.0,0.97,0.0,0.0,33.01,0.0,0.0,0.0,66.02,0.0,0.0,0.0,0.0,0.0,51.02,0.0,0.0,0.0,48.98,0.0,0.0,0.0,0.0,0.0,30.3,0.0,0.0,0.0,69.7,0.0,0.0,0.0,0.0,0.0,36.0,0.0,0.0,0.0,64.0,0.0,0.0,0.0,0.0,0.0,48.0,0.0,0.0,0.0,52.0,0.0,0.0,0.0,0.0,0.0,50.51,0.0,0.0,0.0,49.49,0.0,0.0,0.0,0.0,0.0,0.0,0.0,0.0,0.0,100.0,0.0,0.0,0.0,0.0,0.0,0.0,0.0,0.0,0.0,100.0,1.0,0.0,1.0,0.0,0.0,0.0,0.0,0.0,0.0,98.0,0.0,0.0,0.0,0.0,0.0,0.0,0.0,0.0,0.0,100.0,0.0,0.0,0.0,0.0,0.0,0.0,0.0,0.0,0.0,100.0,0.0,0.0,1.0,1.0,0.0,0.0,0.0,0.0,0.0,98.0,1.02,0.0,1.02,0.0,0.0,0.0,0.0,0.0,0.0,97.96,0.0,0.0,1.0,16.0,0.0,0.0,0.0,0.0,0.0,83.0
214,0.0,0.0,0.0,0.0,0.0,87.0,0.0,0.0,0.0,13.0,0.0,0.0,0.0,0.0,0.0,100.0,0.0,0.0,0.0,0.0,0.0,0.0,0.0,0.0,0.0,89.11,0.0,0.0,0.0,10.89,0.0,0.0,0.0,0.0,0.0,66.34,0.0,0.0,0.0,33.66,0.0,0.0,0.0,0.0,0.0,93.07,0.0,0.0,0.0,6.93,0.0,0.0,0.0,0.0,0.0,83.0,0.0,0.0,0.0,17.0,0.0,0.0,0.0,0.0,0.0,80.0,0.0,0.0,0.0,20.0,0.0,0.0,0.0,0.0,0.0,100.0,0.0,0.0,0.0,0.0,0.0,0.0,0.0,0.0,0.0,62.24,0.0,0.0,0.0,37.76,1.0,0.0,0.0,0.0,0.0,15.0,0.0,0.0,0.0,84.0,1.01,0.0,0.0,0.0,0.0,32.32,0.0,0.0,0.0,66.67,0.0,0.0,0.0,0.0,0.0,50.0,0.0,0.0,0.0,50.0,0.99,0.0,0.99,0.0,0.0,28.71,0.0,0.0,0.0,69.31,0.0,0.0,0.0,0.0,0.0,34.0,0.0,0.0,0.0,66.0,1.0,0.0,1.0,1.0,0.0,47.0,0.0,0.0,0.0,50.0,0.0,0.0,0.0,0.0,0.0,50.0,0.0,0.0,0.0,50.0,0.0,0.0,0.0,0.0,0.0,0.0,0.0,0.0,0.0,100.0,0.99,0.0,0.0,0.0,0.0,0.0,0.0,0.0,0.0,99.01,1.0,0.0,0.0,0.0,0.0,0.0,0.0,0.0,0.0,99.0,0.0,0.0,0.0,0.0,0.0,0.0,0.0,0.0,0.0,100.0,0.0,0.0,0.0,0.0,0.0,0.0,0.0,0.0,0.0,100.0,0.0,0.0,1.0,16.0,0.0,0.0,0.0,0.0,0.0,83.0,0.0,0.0,0.0,0.0,0.0,0.0,0.0,0.0,0.0,100.0,0.0,0.0,0.0,0.0,0.0,0.0,0.0,0.0,0.0,100.0
215,0.0,0.0,0.0,0.0,0.0,92.0,0.0,0.0,0.0,8.0,0.0,0.0,0.0,0.0,0.0,100.0,0.0,0.0,0.0,0.0,0.0,0.0,0.0,0.0,0.0,90.91,0.0,0.0,0.0,9.09,0.0,0.0,0.0,0.0,0.0,66.0,0.0,0.0,0.0,34.0,0.0,0.0,0.0,0.0,0.0,95.05,0.0,0.0,0.0,4.95,0.0,0.0,0.0,0.0,0.0,83.17,0.0,0.0,0.0,16.83,0.0,0.0,0.0,0.0,0.0,81.0,0.0,0.0,0.0,19.0,0.0,0.0,0.0,0.0,0.0,100.0,0.0,0.0,0.0,0.0,0.0,0.0,0.0,0.0,0.0,62.63,0.0,0.0,0.0,37.37,0.0,0.0,0.0,0.0,0.0,15.0,0.0,0.0,0.0,85.0,1.0,0.0,0.0,0.0,0.0,32.0,0.0,0.0,0.0,67.0,0.0,0.0,0.0,0.0,0.0,52.48,0.0,0.0,0.0,47.52,0.99,0.0,0.99,0.0,0.0,27.72,0.0,0.0,0.0,70.3,0.0,0.0,0.0,0.0,0.0,35.0,0.0,0.0,0.0,65.0,0.0,0.0,0.0,0.0,0.0,47.52,0.0,0.0,0.0,52.48,0.0,0.0,0.0,0.0,0.0,51.49,0.0,0.0,0.0,48.51,1.0,0.0,1.0,8.0,0.0,0.0,0.0,0.0,0.0,90.0,0.0,0.0,0.0,9.09,0.0,0.0,0.0,0.0,0.0,90.91,0.0,0.0,0.0,0.0,0.0,0.0,0.0,0.0,0.0,100.0,0.0,0.0,0.0,0.0,0.0,0.0,0.0,0.0,0.0,100.0,0.0,0.0,0.0,0.0,0.0,0.0,0.0,0.0,0.0,100.0,0.0,0.0,0.0,0.0,0.0,0.0,0.0,0.0,0.0,100.0,0.0,0.0,0.0,0.0,0.0,0.0,0.0,0.0,0.0,100.0,0.0,0.0,0.0,0.0,0.0,0.0,0.0,0.0,0.0,100.0
216,0.0,0.0,0.0,0.0,0.0,92.0,0.0,0.0,0.0,8.0,0.0,0.0,0.0,0.0,0.0,100.0,0.0,0.0,0.0,0.0,0.0,0.0,0.0,0.0,0.0,90.0,0.0,0.0,0.0,10.0,0.0,0.0,0.0,0.0,0.0,67.0,0.0,0.0,0.0,33.0,0.0,0.0,0.0,0.0,0.0,96.04,0.0,0.0,0.0,3.96,0.0,0.0,0.0,0.0,0.0,85.0,0.0,0.0,0.0,15.0,0.0,0.0,0.0,0.0,0.0,81.63,0.0,0.0,0.0,18.37,0.0,0.0,0.0,0.0,0.0,100.0,0.0,0.0,0.0,0.0,0.0,0.0,0.0,0.0,0.0,64.0,0.0,0.0,0.0,36.0,1.01,0.0,0.0,0.0,0.0,15.15,0.0,0.0,0.0,83.84,0.0,0.0,0.0,0.0,0.0,32.32,0.0,0.0,0.0,67.68,0.98,0.0,0.0,0.0,0.0,49.02,0.0,0.0,0.0,50.0,0.0,0.0,0.0,0.0,0.0,29.0,0.0,0.0,0.0,71.0,0.0,0.0,0.0,0.0,0.0,35.35,0.0,0.0,0.0,64.65,0.98,0.0,0.0,0.0,0.0,49.02,0.0,0.0,0.0,50.0,0.0,0.0,0.0,0.0,0.0,52.43,0.0,0.0,0.0,47.57,0.0,0.0,1.01,0.0,0.0,0.0,0.0,0.0,0.0,98.99,0.0,0.0,0.0,15.0,0.0,0.0,0.0,0.0,0.0,85.0,1.98,0.0,0.99,0.0,0.0,0.0,0.0,0.0,0.0,97.03,1.0,0.0,0.0,0.0,0.0,0.0,0.0,0.0,0.0,99.0,0.0,0.0,0.0,0.0,0.0,0.0,0.0,0.0,0.0,100.0,0.0,0.0,0.0,3.03,0.0,0.0,0.0,0.0,0.0,96.97,0.0,0.0,0.0,0.0,0.0,0.0,0.0,0.0,0.0,100.0,3.0,0.0,0.0,0.0,0.0,0.0,0.0,0.0,0.0,97.0
217,0.0,0.0,0.0,0.0,0.0,94.95,0.0,0.0,0.0,5.05,0.0,0.0,0.0,0.0,0.0,100.0,0.0,0.0,0.0,0.0,0.0,0.0,0.0,0.0,0.0,90.82,0.0,0.0,0.0,9.18,0.0,0.0,0.0,0.0,0.0,66.67,0.0,0.0,0.0,33.33,0.0,0.0,0.0,0.0,0.0,96.0,0.0,0.0,0.0,4.0,0.0,0.0,0.0,0.0,0.0,84.16,0.0,0.0,0.0,15.84,0.0,0.0,0.0,0.0,0.0,81.63,0.0,0.0,0.0,18.37,0.0,0.0,0.0,0.0,0.0,100.0,0.0,0.0,0.0,0.0,0.0,0.0,0.0,0.0,0.0,64.71,0.0,0.0,0.0,35.29,1.0,0.0,0.0,0.0,0.0,15.0,0.0,0.0,0.0,84.0,0.99,0.0,0.99,0.99,0.0,32.67,0.0,0.0,0.0,64.36,0.0,0.0,0.0,0.0,0.0,53.54,0.0,0.0,0.0,46.46,1.0,0.0,0.0,0.0,0.0,29.0,0.0,0.0,0.0,70.0,0.0,0.0,0.0,0.0,0.0,38.0,0.0,0.0,0.0,62.0,0.0,0.0,0.0,0.0,0.0,49.5,0.0,0.0,0.0,50.5,1.0,0.0,0.0,0.0,0.0,51.0,0.0,0.0,0.0,48.0,0.0,0.0,0.0,0.0,0.0,0.0,0.0,0.0,0.0,100.0,0.0,0.0,0.0,0.0,0.0,0.0,0.0,0.0,0.0,100.0,1.0,0.0,0.0,0.0,0.0,0.0,0.0,0.0,0.0,99.0,0.0,0.0,0.0,0.0,0.0,0.0,0.0,0.0,0.0,100.0,0.0,0.0,0.0,0.0,0.0,0.0,0.0,0.0,0.0,100.0,0.0,0.0,0.0,18.18,0.0,0.0,0.0,0.0,0.0,81.82,0.99,0.0,0.99,0.0,0.0,0.0,0.0,0.0,0.0,98.02,0.0,0.0,0.0,0.0,0.0,0.0,0.0,0.0,0.0,100.0
218,0.0,0.0,0.0,0.0,0.0,88.12,0.0,0.0,0.0,11.88,0.0,0.0,0.0,0.0,0.0,100.0,0.0,0.0,0.0,0.0,0.0,0.0,0.0,0.0,0.0,89.0,0.0,0.0,0.0,11.0,0.0,0.0,0.0,0.0,0.0,65.66,0.0,0.0,0.0,34.34,0.0,0.0,0.0,0.0,0.0,93.07,0.0,0.0,0.0,6.93,0.0,0.0,0.0,0.0,0.0,82.83,0.0,0.0,0.0,17.17,0.0,0.0,0.0,0.0,0.0,81.19,0.0,0.0,0.0,18.81,0.0,0.0,0.0,0.0,0.0,100.0,0.0,0.0,0.0,0.0,0.0,0.0,0.0,0.0,0.0,63.0,0.0,0.0,0.0,37.0,0.0,0.0,1.0,0.0,0.0,15.0,0.0,0.0,0.0,84.0,0.0,0.0,0.0,0.0,0.0,31.63,0.0,0.0,0.0,68.37,0.0,0.0,0.0,0.0,0.0,53.47,0.0,0.0,0.0,46.53,0.0,0.0,1.01,0.0,0.0,28.28,0.0,0.0,0.0,70.71,0.0,0.0,0.0,0.0,0.0,37.0,0.0,0.0,0.0,63.0,0.0,0.0,0.0,0.0,0.0,48.0,0.0,0.0,0.0,52.0,0.0,0.0,1.01,0.0,0.0,49.49,0.0,0.0,0.0,49.49,0.0,0.0,0.0,0.0,0.0,0.0,0.0,0.0,0.0,100.0,0.99,0.0,0.99,0.0,0.0,0.0,0.0,0.0,0.0,98.02,0.0,0.0,1.01,0.0,0.0,0.0,0.0,0.0,0.0,98.99,0.0,0.0,1.0,0.0,0.0,0.0,0.0,0.0,0.0,99.0,0.0,0.0,0.0,0.0,0.0,0.0,0.0,0.0,0.0,100.0,0.0,0.0,0.99,17.82,0.0,0.0,0.0,0.0,0.0,81.19,0.0,0.0,0.0,0.0,0.0,0.0,0.0,0.0,0.0,100.0,0.0,0.0,0.0,0.0,0.0,0.0,0.0,0.0,0.0,100.0
219,0.0,0.0,0.0,0.0,0.0,91.84,0.0,0.0,0.0,8.16,0.0,0.0,0.0,0.0,0.0,100.0,0.0,0.0,0.0,0.0,0.0,0.0,0.0,0.0,0.0,90.91,0.0,0.0,0.0,9.09,0.0,0.0,0.0,0.0,0.0,66.34,0.0,0.0,0.0,33.66,0.0,0.0,0.0,0.0,0.0,95.05,0.0,0.0,0.0,4.95,0.0,0.0,0.0,0.0,0.0,84.0,0.0,0.0,0.0,16.0,0.0,0.0,0.0,0.0,0.0,80.81,0.0,0.0,0.0,19.19,0.0,0.0,0.0,0.0,0.0,100.0,0.0,0.0,0.0,0.0,0.0,0.0,0.0,0.0,0.0,63.0,0.0,0.0,0.0,37.0,1.0,0.0,0.0,0.0,0.0,15.0,0.0,0.0,0.0,84.0,0.0,0.0,1.01,0.0,0.0,33.33,0.0,0.0,0.0,65.66,0.0,0.0,0.0,0.0,0.0,51.04,0.0,0.0,0.0,48.96,0.99,0.0,0.0,0.0,0.0,28.71,0.0,0.0,0.0,70.3,0.0,0.0,0.0,0.0,0.0,35.0,0.0,0.0,0.0,65.0,1.01,0.0,0.0,0.0,0.0,46.46,0.0,0.0,0.0,52.53,0.0,0.0,0.0,0.0,0.0,50.5,0.0,0.0,0.0,49.5,0.0,0.0,0.0,0.0,0.0,0.0,0.0,0.0,0.0,100.0,0.0,0.0,0.0,0.0,0.0,0.0,0.0,0.0,0.0,100.0,1.0,0.0,0.0,0.0,0.0,0.0,0.0,0.0,0.0,99.0,0.0,0.0,0.0,0.0,0.0,0.0,0.0,0.0,0.0,100.0,0.0,0.0,0.0,0.0,0.0,0.0,0.0,0.0,0.0,100.0,0.0,0.0,0.0,16.16,0.0,0.0,0.0,0.0,0.0,83.84,0.0,0.0,0.0,1.01,0.0,0.0,0.0,0.0,0.0,98.99,0.0,0.0,0.0,0.0,0.0,0.0,0.0,0.0,0.0,100.0
220,0.0,0.0,0.0,0.0,0.0,91.09,0.0,0.0,0.0,8.91,0.0,0.0,0.0,0.0,0.0,100.0,0.0,0.0,0.0,0.0,0.0,0.0,0.0,0.0,0.0,90.0,0.0,0.0,0.0,10.0,0.0,0.0,0.0,0.0,0.0,65.31,0.0,0.0,0.0,34.69,0.0,0.0,0.0,0.0,0.0,94.06,0.0,0.0,0.0,5.94,0.0,0.0,0.0,0.0,0.0,84.0,0.0,0.0,0.0,16.0,0.0,0.0,0.0,0.0,0.0,80.61,0.0,0.0,0.0,19.39,0.0,0.0,0.0,0.0,0.0,100.0,0.0,0.0,0.0,0.0,0.0,0.0,0.0,0.0,0.0,62.24,0.0,0.0,0.0,37.76,1.96,0.0,0.0,0.0,0.0,15.69,0.0,0.0,0.0,82.35,1.01,0.0,0.0,0.0,0.0,31.31,0.0,0.0,0.0,67.68,1.01,0.0,0.0,0.0,0.0,50.51,0.0,0.0,0.0,48.48,0.99,0.0,0.99,0.99,0.0,29.7,0.0,0.0,0.0,67.33,0.0,0.0,0.0,0.0,0.0,36.0,0.0,0.0,0.0,64.0,0.0,0.0,0.0,0.0,0.0,47.47,0.0,0.0,0.0,52.53,1.02,0.0,0.0,0.0,0.0,50.0,0.0,0.0,0.0,48.98,0.0,0.0,1.0,0.0,0.0,0.0,0.0,0.0,0.0,99.0,1.0,0.0,0.0,0.0,0.0,0.0,0.0,0.0,0.0,99.0,0.0,0.0,1.0,0.0,0.0,0.0,0.0,0.0,0.0,99.0,0.0,0.0,0.0,0.0,0.0,0.0,0.0,0.0,0.0,100.0,0.0,0.0,0.0,0.0,0.0,0.0,0.0,0.0,0.0,100.0,1.0,0.0,0.0,0.0,0.0,0.0,0.0,0.0,0.0,99.0,0.0,0.0,0.0,17.17,0.0,0.0,0.0,0.0,0.0,82.83,0.0,0.0,0.99,0.0,0.0,0.0,0.0,0.0,0.0,99.01
221,0.0,0.0,0.0,0.0,0.0,90.91,0.0,0.0,0.0,9.09,0.0,0.0,0.0,0.0,0.0,100.0,0.0,0.0,0.0,0.0,0.0,0.0,0.0,0.0,0.0,90.2,0.0,0.0,0.0,9.8,0.0,0.0,0.0,0.0,0.0,66.34,0.0,0.0,0.0,33.66,0.0,0.0,0.0,0.0,0.0,95.05,0.0,0.0,0.0,4.95,0.0,0.0,0.99,0.0,0.0,82.18,0.0,0.0,0.0,16.83,0.0,0.0,0.0,0.0,0.0,81.19,0.0,0.0,0.0,18.81,0.0,0.0,0.0,0.0,0.0,100.0,0.0,0.0,0.0,0.0,0.0,0.0,0.0,0.0,0.0,63.73,0.0,0.0,0.0,36.27,0.0,0.0,0.0,0.0,0.0,15.15,0.0,0.0,0.0,84.85,0.0,0.0,0.0,1.0,0.0,34.0,0.0,0.0,0.0,65.0,0.0,0.0,1.0,0.0,0.0,53.0,0.0,0.0,0.0,46.0,0.0,0.0,0.0,13.0,0.0,29.0,0.0,0.0,0.0,58.0,0.0,0.0,0.0,0.0,0.0,35.64,0.0,0.0,0.0,64.36,0.97,0.0,0.97,0.0,0.0,47.57,0.0,0.0,0.0,50.49,0.0,0.0,0.98,0.0,0.0,50.98,0.0,0.0,0.0,48.04,0.0,0.0,0.0,0.0,0.0,0.0,0.0,0.0,0.0,100.0,0.0,0.0,0.0,0.0,0.0,0.0,0.0,0.0,0.0,100.0,0.0,0.0,0.0,0.0,0.0,0.0,0.0,0.0,0.0,100.0,0.0,0.0,0.0,0.0,0.0,0.0,0.0,0.0,0.0,100.0,0.0,0.0,0.0,0.0,0.0,0.0,0.0,0.0,0.0,100.0,0.0,0.0,1.0,0.0,0.0,0.0,0.0,0.0,0.0,99.0,0.0,0.0,0.0,0.0,0.0,0.0,0.0,0.0,0.0,100.0,0.0,0.0,0.0,0.0,0.0,0.0,0.0,0.0,0.0,100.0
222,0.0,0.0,0.0,0.0,0.0,91.92,0.0,0.0,0.0,8.08,0.0,0.0,0.0,0.0,0.0,100.0,0.0,0.0,0.0,0.0,0.0,0.0,0.0,0.0,0.0,90.72,0.0,0.0,0.0,9.28,0.0,0.0,0.0,0.0,0.0,66.34,0.0,0.0,0.0,33.66,0.0,0.0,0.98,0.0,0.0,94.12,0.0,0.0,0.0,4.9,0.0,0.0,0.0,0.0,0.0,84.85,0.0,0.0,0.0,15.15,0.0,0.0,0.0,0.0,0.0,81.82,0.0,0.0,0.0,18.18,0.0,0.0,0.0,0.0,0.0,100.0,0.0,0.0,0.0,0.0,0.0,0.0,0.0,0.0,0.0,64.0,0.0,0.0,0.0,36.0,0.99,0.0,0.99,0.0,0.0,14.85,0.0,0.0,0.0,83.17,0.0,0.0,0.99,0.0,0.0,32.67,0.0,0.0,0.0,66.34,0.0,0.0,0.0,0.0,0.0,54.46,0.0,0.0,0.0,45.54,0.0,0.0,0.0,0.0,0.0,28.28,0.0,0.0,0.0,71.72,0.0,0.0,0.0,0.0,0.0,34.0,0.0,0.0,0.0,66.0,0.0,0.0,0.0,0.0,0.0,48.0,0.0,0.0,0.0,52.0,0.99,0.0,0.0,0.0,0.0,51.49,0.0,0.0,0.0,47.52,0.0,0.0,0.0,0.0,0.0,0.0,0.0,0.0,0.0,100.0,0.0,0.0,0.0,0.0,0.0,0.0,0.0,0.0,0.0,100.0,1.0,0.0,0.0,0.0,0.0,0.0,0.0,0.0,0.0,99.0,0.0,0.0,0.0,0.0,0.0,0.0,0.0,0.0,0.0,100.0,0.0,0.0,0.0,0.0,0.0,0.0,0.0,0.0,0.0,100.0,0.99,0.0,0.99,0.99,0.0,0.0,0.0,0.0,0.0,97.03,0.0,0.0,1.0,19.0,0.0,0.0,0.0,0.0,0.0,80.0,0.0,0.0,0.0,0.0,0.0,0.0,0.0,0.0,0.0,100.0
223,0.0,0.0,0.0,0.0,0.0,92.0,0.0,0.0,0.0,8.0,0.0,0.0,0.0,0.0,0.0,100.0,0.0,0.0,0.0,0.0,0.0,0.0,1.0,0.0,0.0,89.0,0.0,0.0,0.0,10.0,0.0,0.0,0.0,0.0,0.0,66.33,0.0,0.0,0.0,33.67,0.0,0.0,0.0,0.0,0.0,96.0,0.0,0.0,0.0,4.0,0.0,0.0,0.0,0.0,0.0,83.84,0.0,0.0,0.0,16.16,0.0,0.0,0.0,0.0,0.0,81.0,0.0,0.0,0.0,19.0,0.0,0.0,0.0,0.0,0.0,100.0,0.0,0.0,0.0,0.0,0.0,0.0,0.0,0.0,0.0,64.29,0.0,0.0,0.0,35.71,1.01,0.0,1.01,0.0,0.0,15.15,0.0,0.0,0.0,82.83,0.99,0.0,0.0,0.0,0.0,32.67,0.0,0.0,0.0,66.34,0.0,0.0,0.0,0.0,0.0,52.0,0.0,0.0,0.0,48.0,0.99,0.0,0.99,0.0,0.0,27.72,0.0,0.0,0.0,70.3,0.0,0.0,0.0,0.0,0.0,36.0,0.0,0.0,0.0,64.0,0.0,0.0,0.0,0.0,0.0,48.51,0.0,0.0,0.0,51.49,0.0,0.0,0.0,0.0,0.0,50.51,0.0,0.0,0.0,49.49,0.0,0.0,1.01,0.0,0.0,0.0,0.0,0.0,0.0,98.99,1.98,0.0,0.0,0.0,0.0,0.0,0.0,0.0,0.0,98.02,0.0,0.0,0.0,0.0,0.0,0.0,0.0,0.0,0.0,100.0,0.0,0.0,0.0,0.0,0.0,0.0,0.0,0.0,0.0,100.0,0.0,0.0,0.0,0.0,0.0,0.0,0.0,0.0,0.0,100.0,0.0,0.0,0.0,0.0,0.0,0.0,0.0,0.0,0.0,100.0,0.0,0.0,0.0,18.18,0.0,0.0,0.0,0.0,0.0,81.82,0.0,0.0,0.0,0.0,0.0,0.0,0.0,0.0,0.0,100.0
224,0.0,0.0,0.0,0.0,0.0,94.0,0.0,0.0,0.0,6.0,0.0,0.0,0.0,0.0,0.0,100.0,0.0,0.0,0.0,0.0,0.0,0.0,0.0,0.0,0.0,88.24,0.0,0.0,0.0,11.76,0.0,0.0,0.0,0.0,0.0,67.0,0.0,0.0,0.0,33.0,0.0,0.0,0.0,0.0,0.0,96.04,0.0,0.0,0.0,3.96,0.0,0.0,0.0,0.0,0.0,83.84,0.0,0.0,0.0,16.16,0.0,0.0,0.0,0.0,0.0,81.82,0.0,0.0,0.0,18.18,0.0,0.0,0.0,0.0,0.0,100.0,0.0,0.0,0.0,0.0,1.01,0.0,0.0,0.0,0.0,63.64,0.0,0.0,0.0,35.35,0.0,0.0,1.01,0.0,0.0,14.14,0.0,0.0,0.0,84.85,1.02,0.0,0.0,0.0,0.0,32.65,0.0,0.0,0.0,66.33,0.0,0.0,0.0,0.0,0.0,51.55,0.0,0.0,0.0,48.45,0.0,0.0,0.0,0.0,0.0,29.0,0.0,0.0,0.0,71.0,0.0,0.0,0.0,0.0,0.0,37.0,0.0,0.0,0.0,63.0,0.98,0.0,0.0,0.0,0.0,49.02,0.0,0.0,0.0,50.0,0.0,0.0,0.0,0.0,0.0,51.49,0.0,0.0,0.0,48.51,0.0,0.0,0.0,0.0,0.0,0.0,0.0,0.0,0.0,100.0,0.0,0.0,0.0,0.0,0.0,0.0,0.0,0.0,0.0,100.0,0.0,0.0,0.0,0.0,0.0,0.0,0.0,0.0,0.0,100.0,0.0,0.0,0.0,0.0,0.0,0.0,0.0,0.0,0.0,100.0,0.0,0.0,0.0,0.0,0.0,0.0,0.0,0.0,0.0,100.0,0.0,0.0,0.0,0.0,0.0,0.0,0.0,0.0,0.0,100.0,0.0,0.0,1.0,18.0,0.0,0.0,0.0,0.0,0.0,81.0,0.0,0.0,0.99,0.0,0.0,0.0,0.0,0.0,0.0,99.01
225,0.0,0.0,0.0,0.0,0.0,90.91,0.0,0.0,0.0,9.09,0.0,0.0,0.0,0.0,0.0,100.0,0.0,0.0,0.0,0.0,0.0,0.0,0.0,0.0,0.0,87.0,0.0,0.0,0.0,13.0,0.0,0.0,0.0,0.0,0.0,66.0,0.0,0.0,0.0,34.0,0.0,0.0,0.0,0.0,0.0,94.17,0.0,0.0,0.0,5.83,0.0,0.0,0.0,0.0,0.0,84.16,0.0,0.0,0.0,15.84,0.0,0.0,0.0,0.0,0.0,80.81,0.0,0.0,0.0,19.19,0.0,0.0,0.0,0.0,0.0,100.0,0.0,0.0,0.0,0.0,0.0,0.0,0.99,0.0,0.0,62.38,0.0,0.0,0.0,36.63,1.01,0.0,0.0,0.0,0.0,15.15,0.0,0.0,0.0,83.84,1.0,0.0,1.0,0.0,0.0,31.0,0.0,0.0,0.0,67.0,1.01,0.0,0.0,0.0,0.0,48.48,0.0,0.0,0.0,50.51,1.0,0.0,0.0,0.0,0.0,29.0,0.0,0.0,0.0,70.0,0.0,0.0,0.0,0.0,0.0,37.0,0.0,0.0,0.0,63.0,0.0,0.0,0.0,0.0,0.0,47.47,0.0,0.0,0.0,52.53,0.0,0.0,0.0,0.0,0.0,50.0,0.0,0.0,0.0,50.0,1.0,0.0,1.0,0.0,0.0,0.0,0.0,0.0,0.0,98.0,1.98,0.0,0.99,0.0,0.0,0.0,0.0,0.0,0.0,97.03,0.0,0.0,0.0,0.0,0.0,0.0,0.0,0.0,0.0,100.0,0.98,0.0,0.98,0.0,0.0,0.0,0.0,0.0,0.0,98.04,0.0,0.0,0.99,0.0,0.0,0.0,0.0,0.0,0.0,99.01,0.0,0.0,0.0,0.0,0.0,0.0,0.0,0.0,0.0,100.0,0.0,0.0,0.0,18.18,0.0,0.0,0.0,0.0,0.0,81.82,0.0,0.0,0.0,0.0,0.0,0.0,0.0,0.0,0.0,100.0
226,0.0,0.0,0.0,0.0,0.0,92.08,0.0,0.0,0.0,7.92,0.0,0.0,0.0,0.0,0.0,100.0,0.0,0.0,0.0,0.0,0.0,0.0,0.0,0.0,0.0,88.12,0.0,0.0,0.0,11.88,0.0,0.0,0.0,0.0,0.0,65.66,0.0,0.0,0.0,34.34,0.0,0.0,0.0,0.0,0.0,95.0,0.0,0.0,0.0,5.0,0.0,0.0,0.0,0.0,0.0,83.84,0.0,0.0,0.0,16.16,0.0,0.0,0.0,0.0,0.0,82.0,0.0,0.0,0.0,18.0,0.0,0.0,0.0,0.0,0.0,100.0,0.0,0.0,0.0,0.0,0.99,0.0,0.0,0.0,0.0,63.37,0.0,0.0,0.0,35.64,0.98,0.0,0.98,0.0,0.0,15.69,0.0,0.0,0.0,82.35,1.02,0.0,0.0,0.0,0.0,32.65,0.0,0.0,0.0,66.33,0.0,0.0,0.0,0.0,0.0,53.54,0.0,0.0,0.0,46.46,1.01,0.0,0.0,0.0,0.0,27.27,0.0,0.0,0.0,71.72,0.0,0.0,0.0,0.0,0.0,38.38,0.0,0.0,0.0,61.62,0.99,0.0,0.0,0.0,0.0,41.58,0.0,0.0,0.0,57.43,0.0,0.0,0.0,0.0,0.0,48.0,0.0,0.0,0.0,52.0,0.0,0.0,0.0,0.0,0.0,0.0,0.0,0.0,0.0,100.0,1.0,0.0,0.0,0.0,0.0,0.0,0.0,0.0,0.0,99.0,0.0,0.0,0.0,0.0,0.0,0.0,0.0,0.0,0.0,100.0,0.0,0.0,0.0,0.0,0.0,0.0,0.0,0.0,0.0,100.0,0.0,0.0,0.0,0.0,0.0,0.0,0.0,0.0,0.0,100.0,0.0,0.0,0.0,0.0,0.0,0.0,0.0,0.0,0.0,100.0,0.99,0.0,0.99,18.81,0.0,0.0,0.0,0.0,0.0,79.21,0.0,0.0,0.0,0.0,0.0,0.0,0.0,0.0,0.0,100.0
227,0.0,0.0,0.0,0.0,0.0,93.07,0.0,0.0,0.0,6.93,0.0,0.0,0.0,0.0,0.0,100.0,0.0,0.0,0.0,0.0,0.0,0.0,0.0,0.0,0.0,88.0,0.0,0.0,0.0,12.0,0.0,0.0,0.0,0.0,0.0,66.67,0.0,0.0,0.0,33.33,0.0,0.0,0.0,0.0,0.0,95.1,0.0,0.0,0.0,4.9,0.0,0.0,0.0,0.0,0.0,84.0,0.0,0.0,0.0,16.0,0.0,0.0,0.0,0.0,0.0,82.0,0.0,0.0,0.0,18.0,0.0,0.0,0.0,0.0,0.0,100.0,0.0,0.0,0.0,0.0,0.0,0.0,0.0,0.0,0.0,65.35,0.0,0.0,0.0,34.65,0.0,0.0,0.0,0.0,0.0,16.16,0.0,0.0,0.0,83.84,0.0,0.0,1.0,0.0,0.0,32.0,0.0,0.0,0.0,67.0,0.0,0.0,0.0,0.0,0.0,53.54,0.0,0.0,0.0,46.46,1.0,0.0,1.0,0.0,0.0,28.0,0.0,0.0,0.0,70.0,0.0,0.0,0.0,0.0,0.0,39.0,0.0,0.0,0.0,61.0,1.01,0.0,1.01,0.0,0.0,41.41,0.0,0.0,0.0,56.57,0.0,0.0,0.0,0.0,0.0,48.0,0.0,0.0,0.0,52.0,2.02,0.0,0.0,0.0,0.0,0.0,0.0,0.0,0.0,97.98,0.0,0.0,0.0,0.0,0.0,0.0,0.0,0.0,0.0,100.0,0.0,0.0,1.0,0.0,0.0,0.0,0.0,0.0,0.0,99.0,0.0,0.0,0.0,0.0,0.0,0.0,0.0,0.0,0.0,100.0,0.0,0.0,0.0,0.0,0.0,0.0,0.0,0.0,0.0,100.0,1.0,0.0,0.0,0.0,0.0,0.0,0.0,0.0,0.0,99.0,0.0,0.0,0.0,7.0,0.0,0.0,0.0,0.0,0.0,93.0,0.0,0.0,1.0,12.0,0.0,0.0,0.0,0.0,0.0,87.0
228,0.0,0.0,0.0,0.0,0.0,90.82,0.0,0.0,0.0,9.18,0.0,0.0,0.0,0.0,0.0,100.0,0.0,0.0,0.0,0.0,0.0,0.0,0.0,0.0,0.0,87.0,0.0,0.0,0.0,13.0,0.0,0.0,0.0,0.0,0.0,65.31,0.0,0.0,0.0,34.69,0.0,0.0,0.0,0.0,0.0,94.06,0.0,0.0,0.0,5.94,0.0,0.0,0.0,0.0,0.0,84.0,0.0,0.0,0.0,16.0,0.0,0.0,0.0,0.0,0.0,82.35,0.0,0.0,0.0,17.65,0.0,0.0,0.0,0.0,0.0,100.0,0.0,0.0,0.0,0.0,0.0,0.0,0.0,0.0,0.0,63.0,0.0,0.0,0.0,37.0,0.0,0.0,0.0,0.0,0.0,15.15,0.0,0.0,0.0,84.85,1.0,0.0,0.0,0.0,0.0,33.0,0.0,0.0,0.0,66.0,0.0,0.0,0.0,0.0,0.0,50.52,0.0,0.0,0.0,49.48,0.0,0.0,0.0,0.0,0.0,28.28,0.0,0.0,0.0,71.72,0.0,0.0,0.0,0.0,0.0,38.61,0.0,0.0,0.0,61.39,0.0,0.0,0.0,0.0,0.0,41.41,0.0,0.0,0.0,58.59,0.0,0.0,0.0,0.0,0.0,47.47,0.0,0.0,0.0,52.53,1.0,0.0,1.0,0.0,0.0,0.0,0.0,0.0,0.0,98.0,1.01,0.0,0.0,0.0,0.0,0.0,0.0,0.0,0.0,98.99,0.0,0.0,0.0,4.0,0.0,0.0,0.0,0.0,0.0,96.0,0.0,0.0,0.0,0.0,0.0,0.0,0.0,0.0,0.0,100.0,0.0,0.0,0.0,0.0,0.0,0.0,0.0,0.0,0.0,100.0,0.0,0.0,1.0,0.0,0.0,0.0,0.0,0.0,0.0,99.0,0.0,0.0,0.0,0.0,0.0,0.0,0.0,0.0,0.0,100.0,0.0,0.0,1.0,15.0,0.0,0.0,0.0,0.0,0.0,84.0
229,0.0,0.0,0.0,0.0,0.0,89.9,0.0,0.0,0.0,10.1,0.0,0.0,0.0,0.0,0.0,100.0,0.0,0.0,0.0,0.0,0.0,0.0,0.0,0.0,0.0,88.24,0.0,0.0,0.0,11.76,0.0,0.0,0.0,0.0,0.0,65.31,0.0,0.0,0.0,34.69,0.0,0.0,0.0,0.0,0.0,95.1,0.0,0.0,0.0,4.9,0.0,0.0,0.0,0.0,0.0,84.0,0.0,0.0,0.0,16.0,0.0,0.0,0.0,0.0,0.0,80.61,0.0,0.0,0.0,19.39,0.0,0.0,0.0,0.0,0.0,100.0,0.0,0.0,0.0,0.0,0.0,0.0,0.0,0.0,0.0,63.64,0.0,0.0,0.0,36.36,0.0,0.0,0.0,0.0,0.0,17.0,0.0,0.0,0.0,83.0,1.0,0.0,1.0,0.0,0.0,32.0,0.0,0.0,0.0,66.0,0.0,0.0,0.0,0.0,0.0,53.54,0.0,0.0,0.0,46.46,1.01,0.0,0.0,0.0,0.0,27.27,0.0,0.0,0.0,71.72,0.0,0.0,0.0,0.0,0.0,39.0,0.0,0.0,0.0,61.0,1.0,0.0,0.0,0.0,0.0,42.0,0.0,0.0,0.0,57.0,0.0,0.0,0.0,0.0,0.0,46.94,0.0,0.0,0.0,53.06,2.0,0.0,0.0,14.0,0.0,0.0,0.0,0.0,0.0,84.0,0.0,0.0,1.0,0.0,0.0,0.0,0.0,0.0,0.0,99.0,0.0,0.0,0.0,0.0,0.0,0.0,0.0,0.0,0.0,100.0,0.0,0.0,0.0,4.04,0.0,0.0,0.0,0.0,0.0,95.96,1.0,0.0,0.0,0.0,0.0,0.0,0.0,0.0,0.0,99.0,0.0,0.0,0.0,0.0,0.0,0.0,0.0,0.0,0.0,100.0,0.0,0.0,0.0,0.0,0.0,0.0,0.0,0.0,0.0,100.0,0.0,0.0,0.0,0.0,0.0,0.0,0.0,0.0,0.0,100.0
230,0.0,0.0,0.0,0.0,0.0,90.0,0.0,0.0,0.0,10.0,0.0,0.0,0.0,0.0,0.0,100.0,0.0,0.0,0.0,0.0,0.0,0.0,0.0,0.0,0.0,88.0,0.0,0.0,0.0,12.0,0.0,0.0,0.0,0.0,0.0,66.02,0.0,0.0,0.0,33.98,0.0,0.0,0.97,0.0,0.0,93.2,0.0,0.0,0.0,5.83,0.0,0.0,0.0,0.0,0.0,84.0,0.0,0.0,0.0,16.0,0.0,0.0,0.0,0.0,0.0,82.0,0.0,0.0,0.0,18.0,0.0,0.0,0.0,0.0,0.0,100.0,0.0,0.0,0.0,0.0,0.0,0.0,0.0,0.0,0.0,64.0,0.0,0.0,0.0,36.0,0.0,0.0,0.0,0.0,0.0,14.29,0.0,0.0,0.0,85.71,0.0,0.0,1.0,0.0,0.0,32.0,0.0,0.0,0.0,67.0,0.0,0.0,0.0,0.0,0.0,54.0,0.0,0.0,0.0,46.0,1.0,0.0,0.0,0.0,0.0,29.0,0.0,0.0,0.0,70.0,0.0,0.0,0.0,0.0,0.0,38.0,0.0,0.0,0.0,62.0,0.0,0.0,0.0,0.0,0.0,41.0,0.0,0.0,0.0,59.0,0.0,0.0,0.0,0.0,0.0,45.54,0.0,0.0,0.0,54.46,1.01,0.0,1.01,3.03,0.0,0.0,0.0,0.0,0.0,94.95,2.02,0.0,0.0,1.01,0.0,0.0,0.0,0.0,0.0,96.97,1.0,0.0,0.0,0.0,0.0,0.0,0.0,0.0,0.0,99.0,0.0,0.0,1.0,12.0,0.0,0.0,0.0,0.0,0.0,87.0,0.0,0.0,0.0,0.0,0.0,0.0,0.0,0.0,0.0,100.0,0.0,0.0,0.0,0.0,0.0,0.0,0.0,0.0,0.0,100.0,0.0,0.0,0.0,0.0,0.0,0.0,0.0,0.0,0.0,100.0,0.0,0.0,0.0,0.0,0.0,0.0,0.0,0.0,0.0,100.0
231,0.0,0.0,0.0,0.0,0.0,96.04,0.0,0.0,0.0,3.96,0.0,0.0,0.0,0.0,0.0,100.0,0.0,0.0,0.0,0.0,0.0,0.0,0.0,0.0,0.0,90.1,0.0,0.0,0.0,9.9,0.0,0.0,0.0,0.0,0.0,64.65,0.0,0.0,0.0,35.35,0.0,0.0,0.0,0.0,0.0,97.0,0.0,0.0,0.0,3.0,0.0,0.0,0.0,0.0,0.0,85.0,0.0,0.0,0.0,15.0,0.0,0.0,0.0,0.0,0.0,82.18,0.0,0.0,0.0,17.82,0.0,0.0,0.99,0.0,0.0,99.01,0.0,0.0,0.0,0.0,0.0,0.0,0.0,0.0,0.0,63.54,0.0,0.0,0.0,36.46,0.0,0.0,0.0,0.0,0.0,16.16,0.0,0.0,0.0,83.84,0.0,0.0,0.0,0.0,0.0,33.0,0.0,0.0,0.0,67.0,0.0,0.0,0.0,0.0,0.0,54.46,0.0,0.0,0.0,45.54,1.0,0.0,0.0,0.0,0.0,30.0,0.0,0.0,0.0,69.0,0.0,0.0,0.0,0.0,0.0,35.35,0.0,0.0,0.0,64.65,0.0,0.0,0.0,0.0,0.0,41.41,0.0,0.0,0.0,58.59,0.0,0.0,0.99,0.0,0.0,46.53,0.0,0.0,0.0,52.48,1.0,0.0,1.0,0.0,0.0,0.0,0.0,0.0,0.0,98.0,1.01,0.0,1.01,0.0,0.0,0.0,0.0,0.0,0.0,97.98,0.0,0.0,1.0,0.0,0.0,0.0,0.0,0.0,0.0,99.0,0.0,0.0,0.0,18.0,0.0,0.0,0.0,0.0,0.0,82.0,0.0,0.0,0.99,0.0,0.0,0.0,0.0,0.0,0.0,99.01,0.0,0.0,1.0,0.0,0.0,0.0,0.0,0.0,0.0,99.0,0.0,0.0,0.0,0.0,0.0,0.0,0.0,0.0,0.0,100.0,0.0,0.0,0.0,0.0,0.0,0.0,0.0,0.0,0.0,100.0
232,0.0,0.0,0.0,0.0,0.0,92.93,0.0,0.0,0.0,7.07,0.0,0.0,0.0,0.0,0.0,100.0,0.0,0.0,0.0,0.0,0.0,0.0,0.0,0.0,0.0,88.24,0.0,0.0,0.0,11.76,0.0,0.0,0.0,0.0,0.0,65.35,0.0,0.0,0.0,34.65,0.0,0.0,0.0,0.0,0.0,96.04,0.0,0.0,0.0,3.96,0.0,0.0,0.0,0.0,0.0,83.67,0.0,0.0,0.0,16.33,0.0,0.0,0.0,0.0,0.0,82.83,0.0,0.0,0.0,17.17,0.0,0.0,0.0,0.0,0.0,100.0,0.0,0.0,0.0,0.0,0.0,0.0,0.0,0.0,0.0,64.0,0.0,0.0,0.0,36.0,0.98,0.0,0.0,0.0,0.0,16.67,0.0,0.0,0.0,82.35,0.0,0.0,0.0,0.0,0.0,34.0,0.0,0.0,0.0,66.0,0.0,0.0,0.0,0.0,0.0,53.06,0.0,0.0,0.0,46.94,0.99,0.0,0.99,0.0,0.0,28.71,0.0,0.0,0.0,69.31,0.0,0.0,0.0,0.0,0.0,35.35,0.0,0.0,0.0,64.65,0.0,0.0,1.01,2.02,0.0,41.41,0.0,0.0,0.0,55.56,0.0,0.0,0.0,0.0,0.0,47.0,0.0,0.0,0.0,53.0,1.0,0.0,0.0,0.0,0.0,0.0,0.0,0.0,0.0,99.0,0.0,0.0,0.0,0.0,0.0,0.0,0.0,0.0,0.0,100.0,1.01,0.0,0.0,0.0,0.0,0.0,0.0,0.0,0.0,98.99,0.0,0.0,0.99,14.85,0.0,0.0,0.0,0.0,0.0,84.16,1.0,0.0,0.0,0.0,0.0,0.0,0.0,0.0,0.0,99.0,0.0,0.0,0.0,0.0,0.0,0.0,0.0,0.0,0.0,100.0,0.0,0.0,1.0,0.0,0.0,0.0,0.0,0.0,0.0,99.0,0.0,0.0,0.0,0.0,0.0,0.0,0.0,0.0,0.0,100.0
233,0.0,0.0,0.0,0.0,0.0,92.08,0.0,0.0,0.0,7.92,0.0,0.0,0.0,0.0,0.0,100.0,0.0,0.0,0.0,0.0,0.0,0.0,0.0,0.0,0.0,89.11,0.0,0.0,0.0,10.89,0.0,0.0,0.0,0.0,0.0,64.65,0.0,0.0,0.0,35.35,0.0,0.0,0.0,0.0,0.0,95.1,0.0,0.0,0.0,4.9,0.0,0.0,0.0,0.0,0.0,85.0,0.0,0.0,0.0,15.0,0.0,0.0,0.0,0.0,0.0,82.18,0.0,0.0,0.0,17.82,0.0,0.0,0.0,0.0,0.0,100.0,0.0,0.0,0.0,0.0,0.0,0.0,0.0,0.0,0.0,64.0,0.0,0.0,0.0,36.0,0.0,0.0,0.0,0.0,0.0,15.31,0.0,0.0,0.0,84.69,0.0,0.0,0.0,0.0,0.0,33.0,0.0,0.0,0.0,67.0,0.0,0.0,0.0,0.0,0.0,54.0,0.0,0.0,0.0,46.0,1.0,0.0,0.0,0.0,0.0,28.0,0.0,0.0,0.0,71.0,0.99,0.0,0.99,0.0,0.0,37.62,0.0,0.0,0.0,60.4,1.0,0.0,0.0,12.0,0.0,43.0,0.0,0.0,0.0,44.0,0.0,0.0,0.0,0.0,0.0,46.39,0.0,0.0,0.0,53.61,0.0,0.0,1.01,1.01,0.0,0.0,0.0,0.0,0.0,97.98,0.0,0.0,0.0,2.0,0.0,0.0,0.0,0.0,0.0,98.0,0.0,0.0,0.0,0.0,0.0,0.0,0.0,0.0,0.0,100.0,0.0,0.0,0.0,0.0,0.0,0.0,0.0,0.0,0.0,100.0,1.0,0.0,0.0,0.0,0.0,0.0,0.0,0.0,0.0,99.0,0.0,0.0,0.0,0.0,0.0,0.0,0.0,0.0,0.0,100.0,0.0,0.0,0.0,0.0,0.0,0.0,0.0,0.0,0.0,100.0,0.99,0.0,0.0,0.0,0.0,0.0,0.0,0.0,0.0,99.01
234,0.0,0.0,0.0,0.0,0.0,88.89,0.0,0.0,0.0,11.11,0.0,0.0,0.0,0.0,0.0,100.0,0.0,0.0,0.0,0.0,0.0,0.0,0.0,0.0,0.0,88.12,0.0,0.0,0.0,11.88,0.0,0.0,0.0,0.0,0.0,64.36,0.0,0.0,0.0,35.64,0.0,0.0,0.0,0.0,0.0,95.05,0.0,0.0,0.0,4.95,0.0,0.0,0.0,0.0,0.0,82.65,0.0,0.0,0.0,17.35,0.0,0.0,0.0,0.0,0.0,81.0,0.0,0.0,0.0,19.0,0.0,0.0,0.0,0.0,0.0,100.0,0.0,0.0,0.0,0.0,0.0,0.0,0.0,0.0,0.0,63.37,0.0,0.0,0.0,36.63,0.0,0.0,0.0,0.0,0.0,16.0,0.0,0.0,0.0,84.0,0.0,0.0,0.0,0.0,0.0,31.0,0.0,0.0,0.0,69.0,0.0,0.0,0.0,0.0,0.0,51.52,0.0,0.0,0.0,48.48,1.0,0.0,0.0,0.0,0.0,30.0,0.0,0.0,0.0,69.0,1.0,0.0,0.0,0.0,0.0,39.0,0.0,0.0,0.0,60.0,0.0,0.0,0.99,0.0,0.0,40.59,0.0,0.0,0.0,58.42,1.0,0.0,0.0,0.0,0.0,45.0,0.0,0.0,0.0,54.0,1.01,0.0,0.0,0.0,0.0,0.0,0.0,0.0,0.0,98.99,0.99,0.0,0.99,21.78,0.0,0.0,0.0,0.0,0.0,76.24,0.99,0.0,0.0,0.0,0.0,0.0,0.0,0.0,0.0,99.01,0.0,0.0,0.0,0.0,0.0,0.0,0.0,0.0,0.0,100.0,0.0,0.0,0.0,0.0,0.0,0.0,0.0,0.0,0.0,100.0,0.0,0.0,0.0,0.0,0.0,0.0,0.0,0.0,0.0,100.0,0.0,0.0,0.0,0.0,0.0,0.0,0.0,0.0,0.0,100.0,0.0,0.0,0.0,0.0,0.0,0.0,0.0,0.0,0.0,100.0
235,0.0,0.0,0.0,0.0,0.0,86.87,0.0,0.0,0.0,13.13,0.0,0.0,0.0,0.0,0.0,100.0,0.0,0.0,0.0,0.0,0.0,0.0,0.0,0.0,0.0,87.0,0.0,0.0,0.0,13.0,0.0,0.0,0.0,0.0,0.0,63.27,0.0,0.0,0.0,36.73,0.0,0.0,0.0,0.0,0.0,93.14,0.0,0.0,0.0,6.86,0.0,0.0,0.0,0.0,0.0,82.83,0.0,0.0,0.0,17.17,0.0,0.0,0.0,0.0,0.0,80.81,0.0,0.0,0.0,19.19,0.0,0.0,0.0,0.0,0.0,100.0,0.0,0.0,0.0,0.0,0.0,0.0,0.0,0.0,0.0,63.37,0.0,0.0,0.0,36.63,0.99,0.0,0.99,0.0,0.0,15.84,0.0,0.0,0.0,82.18,0.0,0.0,1.0,0.0,0.0,31.0,0.0,0.0,0.0,68.0,0.0,0.0,0.0,0.0,0.0,48.98,0.0,0.0,0.0,51.02,1.01,0.0,1.01,0.0,0.0,27.27,0.0,0.0,0.0,70.71,0.97,0.0,0.97,0.0,0.0,36.89,0.0,0.0,0.0,61.17,0.0,0.0,0.0,0.0,0.0,42.0,0.0,0.0,0.0,58.0,0.0,0.0,0.0,0.0,0.0,46.0,0.0,0.0,0.0,54.0,1.01,0.0,0.0,0.0,0.0,0.0,0.0,0.0,0.0,98.99,0.0,0.0,0.0,23.23,0.0,0.0,0.0,0.0,0.0,76.77,0.0,0.0,0.0,0.0,0.0,0.0,0.0,0.0,0.0,100.0,0.0,0.0,0.0,0.0,0.0,0.0,0.0,0.0,0.0,100.0,0.0,0.0,0.0,0.0,0.0,0.0,0.0,0.0,0.0,100.0,0.0,0.0,0.0,0.0,0.0,0.0,0.0,0.0,0.0,100.0,0.0,0.0,0.0,0.0,0.0,0.0,0.0,0.0,0.0,100.0,0.0,0.0,0.0,0.0,0.0,0.0,0.0,0.0,0.0,100.0
236,0.0,0.0,0.0,0.0,0.0,91.84,0.0,0.0,0.0,8.16,0.0,0.0,0.0,0.0,0.0,100.0,0.0,0.0,0.0,0.0,0.0,0.0,0.0,0.0,0.0,90.29,0.0,0.0,0.0,9.71,1.02,0.0,1.02,0.0,0.0,64.29,0.0,0.0,0.0,33.67,0.0,0.0,0.0,0.0,0.0,95.1,0.0,0.0,0.0,4.9,0.0,0.0,0.0,0.0,0.0,83.84,0.0,0.0,0.0,16.16,0.0,0.0,0.0,0.0,0.0,83.17,0.0,0.0,0.0,16.83,0.0,0.0,0.0,0.0,0.0,100.0,0.0,0.0,0.0,0.0,1.01,0.0,0.0,0.0,0.0,63.64,0.0,0.0,0.0,35.35,0.0,0.0,0.0,0.0,0.0,15.15,0.0,0.0,0.0,84.85,0.0,0.0,0.0,0.0,0.0,32.32,0.0,0.0,0.0,67.68,0.0,0.0,0.0,0.0,0.0,52.53,0.0,0.0,0.0,47.47,2.02,0.0,0.0,0.0,0.0,29.29,0.0,0.0,0.0,68.69,0.0,0.0,0.0,0.0,0.0,36.36,0.0,0.0,0.0,63.64,1.98,0.0,0.99,0.0,0.0,42.57,0.0,0.0,0.0,54.46,0.0,0.0,0.0,0.0,0.0,46.94,0.0,0.0,0.0,53.06,1.01,0.0,0.0,4.04,0.0,0.0,0.0,0.0,0.0,94.95,0.0,0.0,1.01,18.18,0.0,0.0,0.0,0.0,0.0,80.81,1.0,0.0,1.0,0.0,0.0,0.0,0.0,0.0,0.0,98.0,0.0,0.0,0.0,0.0,0.0,0.0,0.0,0.0,0.0,100.0,0.99,0.0,0.0,0.0,0.0,0.0,0.0,0.0,0.0,99.01,0.0,0.0,0.0,0.0,0.0,0.0,0.0,0.0,0.0,100.0,0.0,0.0,0.99,0.0,0.0,0.0,0.0,0.0,0.0,99.01,2.0,0.0,0.0,0.0,0.0,0.0,0.0,0.0,0.0,98.0
237,0.0,0.0,0.0,0.0,0.0,92.86,0.0,0.0,0.0,7.14,0.0,0.0,0.0,0.0,0.0,100.0,0.0,0.0,0.0,0.0,0.0,0.0,0.0,0.0,0.0,89.22,0.0,0.0,0.0,10.78,0.0,0.0,0.0,0.0,0.0,64.36,0.0,0.0,0.0,35.64,0.0,0.0,0.0,0.0,0.0,94.12,0.0,0.0,0.0,5.88,0.0,0.0,0.0,0.0,0.0,84.0,0.0,0.0,0.0,16.0,0.0,0.0,0.0,0.0,0.0,82.18,0.0,0.0,0.0,17.82,0.0,0.0,0.0,0.0,0.0,100.0,0.0,0.0,0.0,0.0,0.0,0.0,0.0,0.0,0.0,64.36,0.0,0.0,0.0,35.64,1.0,0.0,0.0,0.0,0.0,16.0,0.0,0.0,0.0,83.0,0.99,0.0,0.99,0.0,0.0,29.7,0.0,0.0,0.0,68.32,0.0,0.0,0.0,0.0,0.0,49.49,0.0,0.0,0.0,50.51,2.02,0.0,0.0,1.01,0.0,28.28,0.0,0.0,0.0,68.69,0.0,0.0,0.0,0.0,0.0,37.76,0.0,0.0,0.0,62.24,1.02,0.0,0.0,6.12,0.0,40.82,0.0,0.0,0.0,52.04,0.0,0.0,0.0,0.0,0.0,46.0,0.0,0.0,0.0,54.0,0.0,0.0,1.01,5.05,0.0,0.0,0.0,0.0,0.0,93.94,1.0,0.0,0.0,6.0,0.0,0.0,0.0,0.0,0.0,93.0,0.0,0.0,0.0,0.0,0.0,0.0,0.0,0.0,0.0,100.0,1.0,0.0,0.0,0.0,0.0,0.0,0.0,0.0,0.0,99.0,0.0,0.0,0.0,0.0,0.0,0.0,0.0,0.0,0.0,100.0,0.0,0.0,0.0,0.0,0.0,0.0,0.0,0.0,0.0,100.0,0.0,0.0,0.0,0.0,0.0,0.0,0.0,0.0,0.0,100.0,0.0,0.0,0.99,0.0,0.0,0.0,0.0,0.0,0.0,99.01
238,0.0,0.0,0.0,0.0,0.0,89.9,0.0,0.0,0.0,10.1,0.0,0.0,0.0,0.0,0.0,100.0,0.0,0.0,0.0,0.0,0.0,0.0,0.0,0.0,0.0,89.11,0.0,0.0,0.0,10.89,0.0,0.0,0.0,0.0,0.0,64.65,0.0,0.0,0.0,35.35,0.0,0.0,0.0,0.0,0.0,94.12,0.0,0.0,0.0,5.88,0.0,0.0,0.0,0.0,0.0,83.0,0.0,0.0,0.0,17.0,0.0,0.0,0.0,0.0,0.0,81.63,0.0,0.0,0.0,18.37,0.0,0.0,0.0,0.0,0.0,100.0,0.0,0.0,0.0,0.0,0.0,0.0,0.0,0.0,0.0,65.0,0.0,0.0,0.0,35.0,0.98,0.0,0.0,0.0,0.0,17.65,0.0,0.0,0.0,81.37,0.0,0.0,0.0,0.0,0.0,31.31,0.0,0.0,0.0,68.69,0.0,0.0,0.0,0.0,0.0,48.48,0.0,0.0,0.0,51.52,0.0,0.0,0.0,0.0,0.0,32.0,0.0,0.0,0.0,68.0,0.0,0.0,0.0,0.0,0.0,37.62,0.0,0.0,0.0,62.38,0.0,0.0,0.0,0.0,0.0,42.42,0.0,0.0,0.0,57.58,0.0,0.0,1.0,0.0,0.0,45.0,0.0,0.0,0.0,54.0,1.0,0.0,0.0,19.0,0.0,0.0,0.0,0.0,0.0,80.0,1.0,0.0,1.0,0.0,0.0,0.0,0.0,0.0,0.0,98.0,1.0,0.0,1.0,0.0,0.0,0.0,0.0,0.0,0.0,98.0,0.0,0.0,1.0,0.0,0.0,0.0,0.0,0.0,0.0,99.0,0.0,0.0,0.0,0.0,0.0,0.0,0.0,0.0,0.0,100.0,0.0,0.0,0.0,0.0,0.0,0.0,0.0,0.0,0.0,100.0,1.0,0.0,0.0,0.0,0.0,0.0,0.0,0.0,0.0,99.0,0.99,0.0,0.0,0.0,0.0,0.99,0.0,0.0,0.0,98.02
239,0.0,0.0,0.0,0.0,0.0,95.96,0.0,0.0,0.0,4.04,0.0,0.0,0.0,0.0,0.0,100.0,0.0,0.0,0.0,0.0,0.0,0.0,0.0,0.0,0.0,91.09,0.0,0.0,0.0,8.91,0.0,0.0,0.0,0.0,0.0,66.34,0.0,0.0,0.0,33.66,0.0,0.0,0.0,0.0,0.0,96.08,0.0,0.0,0.0,3.92,0.0,0.0,0.0,0.0,0.0,85.0,0.0,0.0,0.0,15.0,0.0,0.0,0.0,0.0,0.0,84.16,0.0,0.0,0.0,15.84,0.0,0.0,0.0,0.0,0.0,100.0,0.0,0.0,0.0,0.0,0.98,0.0,0.0,0.0,0.0,65.69,0.0,0.0,0.0,33.33,0.0,0.0,0.0,0.0,0.0,16.33,0.0,0.0,0.0,83.67,0.0,0.0,0.0,0.0,0.0,33.33,0.0,0.0,0.0,66.67,0.0,0.0,0.0,0.0,0.0,50.0,0.0,0.0,0.0,50.0,1.0,0.0,0.0,0.0,0.0,33.0,0.0,0.0,0.0,66.0,0.0,0.0,0.0,0.0,0.0,42.0,0.0,0.0,0.0,58.0,0.0,0.0,0.0,0.0,0.0,43.0,0.0,0.0,0.0,57.0,0.0,0.0,0.0,0.0,0.0,46.46,0.0,0.0,0.0,53.54,0.0,0.0,0.0,17.35,0.0,0.0,0.0,0.0,0.0,82.65,0.0,0.0,0.0,0.0,0.0,0.0,0.0,0.0,0.0,100.0,0.0,0.0,0.0,0.0,0.0,0.0,0.0,0.0,0.0,100.0,0.0,0.0,0.0,0.0,0.0,0.0,0.0,0.0,0.0,100.0,0.0,0.0,0.0,0.0,0.0,0.0,0.0,0.0,0.0,100.0,0.0,0.0,0.99,0.0,0.0,0.0,0.0,0.0,0.0,99.01,0.0,0.0,0.0,0.0,0.0,0.0,0.0,0.0,0.0,100.0,0.0,0.0,0.0,0.0,0.0,0.0,0.0,0.0,0.0,100.0
240,0.0,0.0,0.0,0.0,0.0,92.78,0.0,0.0,0.0,7.22,0.0,0.0,0.0,0.0,0.0,100.0,0.0,0.0,0.0,0.0,0.0,0.0,0.0,0.0,0.0,89.22,0.0,0.0,0.0,10.78,0.0,0.0,0.0,0.0,0.0,65.69,0.0,0.0,0.0,34.31,0.0,0.0,0.0,0.0,0.0,95.05,0.0,0.0,0.0,4.95,0.0,0.0,0.0,0.0,0.0,84.16,0.0,0.0,0.0,15.84,0.0,0.0,0.0,0.0,0.0,81.82,0.0,0.0,0.0,18.18,0.0,0.0,0.0,0.0,0.0,100.0,0.0,0.0,0.0,0.0,0.0,0.0,0.0,0.0,0.0,63.64,0.0,0.0,0.0,36.36,1.01,0.0,0.0,0.0,0.0,15.15,0.0,0.0,0.0,83.84,1.98,0.0,1.98,0.0,0.0,31.68,0.0,0.0,0.0,64.36,0.0,0.0,1.01,0.0,0.0,50.51,0.0,0.0,0.0,48.48,0.0,0.0,1.0,0.0,0.0,31.0,0.0,0.0,0.0,68.0,0.0,0.0,0.0,0.0,0.0,38.38,0.0,0.0,0.0,61.62,1.01,0.0,0.0,0.0,0.0,40.4,0.0,0.0,0.0,58.59,0.99,0.0,0.0,0.0,0.0,45.54,0.0,0.0,0.0,53.47,0.0,0.0,1.01,17.17,0.0,0.0,0.0,0.0,0.0,81.82,1.01,0.0,0.0,0.0,0.0,0.0,0.0,0.0,0.0,98.99,1.0,0.0,0.0,0.0,0.0,0.0,0.0,0.0,0.0,99.0,0.99,0.0,0.0,0.0,0.0,0.0,0.0,0.0,0.0,99.01,0.0,0.0,0.0,0.0,0.0,0.0,0.0,0.0,0.0,100.0,0.0,0.0,0.0,0.0,0.0,0.0,0.0,0.0,0.0,100.0,0.0,0.0,0.0,0.0,0.0,0.0,0.0,0.0,0.0,100.0,0.0,0.0,0.0,0.0,0.0,0.0,0.0,0.0,0.0,100.0
241,0.0,0.0,0.0,0.0,0.0,87.0,0.0,0.0,0.0,13.0,0.0,0.0,0.0,0.0,0.0,100.0,0.0,0.0,0.0,0.0,0.0,0.0,0.0,0.0,0.0,89.0,0.0,0.0,0.0,11.0,0.0,0.0,0.0,0.0,0.0,64.65,0.0,0.0,0.0,35.35,0.0,0.0,0.0,0.0,0.0,93.2,0.0,0.0,0.0,6.8,0.0,0.0,0.0,0.0,0.0,82.65,0.0,0.0,0.0,17.35,0.0,0.0,0.0,0.0,0.0,81.19,0.0,0.0,0.0,18.81,0.0,0.0,0.0,0.0,0.0,100.0,0.0,0.0,0.0,0.0,0.0,0.0,0.99,0.0,0.0,63.37,0.0,0.0,0.0,35.64,0.0,0.0,1.0,0.0,0.0,16.0,0.0,0.0,0.0,83.0,1.01,0.0,0.0,0.0,0.0,32.32,0.0,0.0,0.0,66.67,0.0,0.0,0.0,0.0,0.0,53.0,0.0,0.0,0.0,47.0,1.01,0.0,1.01,0.0,0.0,31.31,0.0,0.0,0.0,66.67,0.0,0.0,0.0,0.0,0.0,36.36,0.0,0.0,0.0,63.64,0.0,0.0,0.0,0.0,0.0,42.0,0.0,0.0,0.0,58.0,0.0,0.0,0.0,0.0,0.0,42.86,0.0,0.0,0.0,57.14,0.0,0.0,0.0,18.37,0.0,0.0,0.0,0.0,0.0,81.63,1.0,0.0,1.0,0.0,0.0,0.0,0.0,0.0,0.0,98.0,0.99,0.0,0.99,0.0,0.0,0.0,0.0,0.0,0.0,98.02,0.0,0.0,0.0,0.0,0.0,0.0,0.0,0.0,0.0,100.0,0.0,0.0,0.0,0.0,0.0,0.0,0.0,0.0,0.0,100.0,0.99,0.0,0.0,0.0,0.0,0.0,0.0,0.0,0.0,99.01,0.0,0.0,0.0,0.0,0.0,0.0,0.0,0.0,0.0,100.0,0.0,0.0,0.0,0.0,0.0,0.0,0.0,0.0,0.0,100.0
242,0.0,0.0,0.0,0.0,0.0,89.8,0.0,0.0,0.0,10.2,0.0,0.0,0.0,0.0,0.0,100.0,0.0,0.0,0.0,0.0,0.0,0.0,0.0,0.0,0.0,89.8,0.0,0.0,0.0,10.2,0.0,0.0,0.0,0.0,0.0,64.29,0.0,0.0,0.0,35.71,0.0,0.0,0.0,0.0,0.0,93.0,0.0,0.0,0.0,7.0,0.0,0.0,0.0,0.0,0.0,83.17,0.0,0.0,0.0,16.83,0.0,0.0,0.0,0.0,0.0,81.44,0.0,0.0,0.0,18.56,0.0,0.0,0.0,0.0,0.0,100.0,0.0,0.0,0.0,0.0,1.0,0.0,0.0,0.0,0.0,64.0,0.0,0.0,0.0,35.0,1.0,0.0,0.0,0.0,0.0,16.0,0.0,0.0,0.0,83.0,0.0,0.0,0.0,0.0,0.0,33.66,0.0,0.0,0.0,66.34,1.0,0.0,0.0,0.0,0.0,51.0,0.0,0.0,0.0,48.0,0.99,0.0,0.0,0.0,0.0,32.67,0.0,0.0,0.0,66.34,0.0,0.0,0.0,0.0,0.0,39.0,0.0,0.0,0.0,61.0,0.98,0.0,0.0,0.0,0.0,42.16,0.0,0.0,0.0,56.86,0.0,0.0,0.99,0.0,0.0,42.57,0.0,0.0,0.0,56.44,0.0,0.0,1.01,18.18,0.0,0.0,0.0,0.0,0.0,80.81,1.0,0.0,0.0,0.0,0.0,0.0,0.0,0.0,0.0,99.0,0.0,0.0,0.0,0.0,0.0,0.0,0.0,0.0,0.0,100.0,0.0,0.0,0.0,0.0,0.0,0.0,0.0,0.0,0.0,100.0,0.0,0.0,0.0,0.0,0.0,0.0,0.0,0.0,0.0,100.0,0.0,0.0,0.0,0.0,0.0,0.0,0.0,0.0,0.0,100.0,0.0,0.0,0.0,0.0,0.0,0.0,0.0,0.0,0.0,100.0,0.0,0.0,0.99,0.0,0.0,0.0,0.0,0.0,0.0,99.01
243,0.0,0.0,0.0,0.0,0.0,90.1,0.0,0.0,0.0,9.9,0.0,0.0,0.0,0.0,0.0,100.0,0.0,0.0,0.0,0.0,0.0,0.0,0.0,0.0,0.0,90.1,0.0,0.0,0.0,9.9,0.0,0.0,0.0,0.0,0.0,65.35,0.0,0.0,0.0,34.65,0.0,0.0,0.0,0.0,0.0,94.12,0.0,0.0,0.0,5.88,0.0,0.0,0.0,0.0,0.0,82.65,0.0,0.0,0.0,17.35,0.0,0.0,0.0,0.0,0.0,82.18,0.0,0.0,0.0,17.82,0.0,0.0,0.0,0.0,0.0,100.0,0.0,0.0,0.0,0.0,0.0,0.0,0.0,0.0,0.0,62.24,0.0,0.0,0.0,37.76,1.02,0.0,0.0,0.0,0.0,15.31,0.0,0.0,0.0,83.67,0.0,0.0,0.0,0.0,0.0,32.32,0.0,0.0,0.0,67.68,0.0,0.0,0.0,0.0,0.0,51.55,0.0,0.0,0.0,48.45,0.0,0.0,1.01,6.06,0.0,32.32,0.0,0.0,0.0,60.61,0.0,0.0,0.0,0.0,0.0,39.0,0.0,0.0,0.0,61.0,0.0,0.0,0.0,0.0,0.0,41.41,0.0,0.0,0.0,58.59,0.0,0.0,0.0,0.0,0.0,46.0,0.0,0.0,0.0,54.0,0.0,0.0,0.0,7.07,0.0,1.01,0.0,0.0,0.0,91.92,0.0,0.0,1.0,0.0,0.0,0.0,0.0,0.0,0.0,99.0,0.0,0.0,1.01,0.0,0.0,0.0,0.0,0.0,0.0,98.99,0.0,0.0,0.0,0.0,0.0,0.0,0.0,0.0,0.0,100.0,1.0,0.0,1.0,0.0,0.0,0.0,0.0,0.0,0.0,98.0,0.0,0.0,1.0,0.0,0.0,0.0,0.0,0.0,0.0,99.0,0.0,0.0,0.0,0.0,0.0,0.0,0.0,0.0,0.0,100.0,0.0,0.0,0.0,0.0,0.0,0.0,0.0,0.0,0.0,100.0
244,0.0,0.0,0.0,0.0,0.0,89.9,0.0,0.0,0.0,10.1,0.0,0.0,0.0,0.0,0.0,100.0,0.0,0.0,0.0,0.0,0.0,0.0,0.0,0.0,0.0,89.11,0.0,0.0,0.0,10.89,0.0,0.0,0.0,0.0,0.0,66.02,0.0,0.0,0.0,33.98,0.0,0.0,0.97,0.0,0.0,93.2,0.0,0.0,0.0,5.83,0.0,0.0,0.0,0.0,0.0,82.83,0.0,0.0,0.0,17.17,0.0,0.0,0.0,0.0,0.0,82.0,0.0,0.0,0.0,18.0,0.0,0.0,0.0,0.0,0.0,100.0,0.0,0.0,0.0,0.0,0.0,0.0,0.0,0.0,0.0,62.24,0.0,0.0,0.0,37.76,0.99,0.0,0.99,0.0,0.0,15.84,0.0,0.0,0.0,82.18,0.0,0.0,1.0,0.0,0.0,33.0,0.0,0.0,0.0,66.0,0.99,0.0,0.0,0.0,0.0,49.5,0.0,0.0,0.0,49.5,0.0,0.0,0.0,4.95,0.0,30.69,0.0,0.0,0.0,64.36,0.0,0.0,0.0,0.0,0.0,38.61,0.0,0.0,0.0,61.39,0.99,0.0,0.99,6.93,0.0,40.59,0.0,0.0,0.0,50.5,0.0,0.0,0.0,0.0,0.0,46.46,0.0,0.0,0.0,53.54,1.01,0.0,0.0,0.0,0.0,0.0,0.0,0.0,0.0,98.99,1.0,0.0,0.0,0.0,0.0,0.0,0.0,0.0,0.0,99.0,0.0,0.0,0.0,0.0,0.0,0.0,0.0,0.0,0.0,100.0,0.99,0.0,0.0,0.0,0.0,0.0,0.0,0.0,0.0,99.01,0.0,0.0,0.99,0.0,0.0,0.0,0.0,0.0,0.0,99.01,0.0,0.0,1.01,0.0,0.0,0.0,0.0,0.0,0.0,98.99,0.0,0.0,0.0,0.0,0.0,0.0,0.0,0.0,0.0,100.0,0.0,0.0,0.0,0.0,0.0,0.0,0.0,0.0,0.0,100.0
245,0.0,0.0,0.0,0.0,0.0,89.8,0.0,0.0,0.0,10.2,0.0,0.0,0.0,0.0,0.0,100.0,0.0,0.0,0.0,0.0,0.0,0.0,0.0,0.0,0.0,89.9,0.0,0.0,0.0,10.1,0.0,0.0,0.0,0.0,0.0,64.0,0.0,0.0,0.0,36.0,0.0,0.0,0.0,0.0,0.0,94.12,0.0,0.0,0.0,5.88,0.0,0.0,0.0,0.0,0.0,83.67,0.0,0.0,0.0,16.33,0.0,0.0,0.0,0.0,0.0,81.63,0.0,0.0,0.0,18.37,0.0,0.0,0.0,0.0,0.0,100.0,0.0,0.0,0.0,0.0,0.0,0.0,0.0,0.0,0.0,62.0,0.0,0.0,0.0,38.0,0.0,0.0,0.0,0.0,0.0,16.0,0.0,0.0,0.0,84.0,0.0,0.0,1.01,0.0,0.0,31.31,0.0,0.0,0.0,67.68,0.0,0.0,0.0,0.0,0.0,47.0,0.0,0.0,0.0,53.0,0.0,0.0,0.0,7.07,0.0,33.33,0.0,0.0,0.0,59.6,0.0,0.0,0.0,0.0,0.0,37.37,0.0,0.0,0.0,62.63,0.0,0.0,0.0,3.03,0.0,41.41,0.0,0.0,0.0,55.56,0.0,0.0,0.0,0.0,0.0,47.52,0.0,0.0,0.0,52.48,0.0,0.0,1.0,0.0,0.0,0.0,0.0,0.0,0.0,99.0,0.0,0.0,0.0,0.0,0.0,0.0,0.0,0.0,0.0,100.0,1.0,0.0,0.0,0.0,0.0,0.0,0.0,0.0,0.0,99.0,0.0,0.0,0.0,0.0,0.0,0.0,0.0,0.0,0.0,100.0,0.0,0.0,0.0,0.0,0.0,0.0,0.0,0.0,0.0,100.0,1.01,0.0,1.01,0.0,0.0,0.0,0.0,0.0,0.0,97.98,0.0,0.0,1.0,0.0,0.0,0.0,0.0,0.0,0.0,99.0,0.0,0.0,0.0,0.0,0.0,0.0,0.0,0.0,0.0,100.0
246,0.0,0.0,0.0,0.0,0.0,91.92,0.0,0.0,0.0,8.08,0.0,0.0,0.0,0.0,0.0,100.0,0.0,0.0,0.0,0.0,0.0,0.0,0.0,0.0,0.0,90.1,0.0,0.0,0.0,9.9,0.0,0.0,0.0,0.0,0.0,66.67,0.0,0.0,0.0,33.33,0.0,0.0,0.0,0.0,0.0,94.17,0.0,0.0,0.0,5.83,0.0,0.0,0.0,0.0,0.0,84.0,0.0,0.0,0.0,16.0,0.0,0.0,0.0,0.0,0.0,83.0,0.0,0.0,0.0,17.0,0.0,0.0,0.0,0.0,0.0,100.0,0.0,0.0,0.0,0.0,0.0,0.0,0.0,0.0,0.0,62.75,0.0,0.0,0.0,37.25,0.0,0.0,0.0,0.0,0.0,16.0,0.0,0.0,0.0,84.0,1.02,0.0,0.0,0.0,0.0,30.61,0.0,0.0,0.0,68.37,1.0,0.0,0.0,0.0,0.0,47.0,0.0,0.0,0.0,52.0,0.0,0.0,0.0,5.1,0.0,30.61,0.0,0.0,0.0,64.29,0.0,0.0,0.0,0.0,0.0,38.61,0.0,0.0,0.0,61.39,0.0,0.0,0.0,6.06,0.0,41.41,0.0,0.0,0.0,52.53,0.0,0.0,0.0,0.0,0.0,45.92,0.0,0.0,0.0,54.08,1.01,0.0,0.0,0.0,0.0,0.0,0.0,0.0,0.0,98.99,1.01,0.0,0.0,0.0,0.0,0.0,0.0,0.0,0.0,98.99,0.0,0.0,0.0,0.0,0.0,0.0,0.0,0.0,0.0,100.0,0.0,0.0,0.0,0.0,0.0,0.0,0.0,0.0,0.0,100.0,0.0,0.0,0.0,0.0,0.0,0.0,0.0,0.0,0.0,100.0,1.0,0.0,2.0,0.0,0.0,0.0,0.0,0.0,0.0,97.0,0.0,0.0,0.0,0.0,0.0,0.0,0.0,0.0,0.0,100.0,1.0,0.0,0.0,0.0,0.0,0.0,0.0,0.0,0.0,99.0
247,0.0,0.0,0.0,0.0,0.0,89.0,0.0,0.0,0.0,11.0,0.0,0.0,0.0,0.0,0.0,100.0,0.0,0.0,0.0,0.0,0.0,0.0,0.0,0.0,0.0,89.22,0.0,0.0,0.0,10.78,0.0,0.0,0.0,0.0,0.0,65.05,0.0,0.0,0.0,34.95,0.0,0.0,0.0,0.0,0.0,94.12,0.0,0.0,0.0,5.88,0.0,0.0,0.0,0.0,0.0,83.17,0.0,0.0,0.0,16.83,0.0,0.0,0.0,0.0,0.0,82.18,0.0,0.0,0.0,17.82,0.0,0.0,0.0,0.0,0.0,100.0,0.0,0.0,0.0,0.0,0.0,0.0,0.0,0.0,0.0,61.86,0.0,0.0,0.0,38.14,0.0,0.0,0.0,0.0,0.0,15.15,0.0,0.0,0.0,84.85,0.0,0.0,0.0,0.0,0.0,32.0,0.0,0.0,0.0,68.0,0.0,0.0,0.0,0.0,0.0,45.45,0.0,0.0,0.0,54.55,0.0,0.0,0.0,4.0,0.0,32.0,0.0,0.0,0.0,64.0,0.0,0.0,0.0,0.0,0.0,37.37,0.0,0.0,0.0,62.63,1.01,0.0,0.0,7.07,0.0,40.4,0.0,0.0,0.0,51.52,0.0,0.0,0.0,0.0,0.0,47.0,0.0,0.0,0.0,53.0,0.0,0.0,0.0,0.0,0.0,0.0,0.0,0.0,0.0,100.0,1.98,0.0,0.0,0.0,0.0,0.0,0.0,0.0,0.0,98.02,0.0,0.0,0.0,0.0,0.0,0.0,0.0,0.0,0.0,100.0,0.0,0.0,0.0,0.0,0.0,0.0,0.0,0.0,0.0,100.0,0.0,0.0,0.0,0.0,0.0,0.0,0.0,0.0,0.0,100.0,0.0,0.0,1.0,0.0,0.0,0.0,0.0,0.0,0.0,99.0,1.0,0.0,1.0,0.0,0.0,0.0,0.0,0.0,0.0,98.0,0.0,0.0,0.0,0.0,0.0,0.0,0.0,0.0,0.0,100.0
248,0.0,0.0,0.0,0.0,0.0,87.63,0.0,0.0,0.0,12.37,0.0,0.0,0.0,0.0,0.0,100.0,0.0,0.0,0.0,0.0,0.0,0.0,0.0,0.0,0.0,89.11,0.0,0.0,0.0,10.89,0.0,0.0,0.0,0.0,0.0,66.02,0.0,0.0,0.0,33.98,0.0,0.0,0.0,0.0,0.0,93.2,0.0,0.0,0.0,6.8,0.0,0.0,0.0,0.0,0.0,84.0,0.0,0.0,0.0,16.0,0.0,0.0,0.0,0.0,0.0,82.18,0.0,0.0,0.0,17.82,0.0,0.0,0.0,0.0,0.0,100.0,0.0,0.0,0.0,0.0,0.0,0.0,1.01,0.0,0.0,60.61,0.0,0.0,0.0,38.38,0.0,0.0,0.0,0.0,0.0,15.84,0.0,0.0,0.0,84.16,0.0,0.0,0.0,0.0,0.0,31.31,0.0,0.0,0.0,68.69,0.0,0.0,0.0,0.0,0.0,51.0,0.0,0.0,0.0,49.0,2.0,0.0,0.0,9.0,0.0,30.0,0.0,0.0,0.0,59.0,0.0,0.0,0.0,0.0,0.0,37.37,0.0,0.0,0.0,62.63,0.0,0.0,0.0,4.04,0.0,40.4,0.0,0.0,0.0,55.56,0.0,0.0,0.0,0.0,0.0,46.46,0.0,0.0,0.0,53.54,0.0,0.0,0.0,0.0,0.0,0.0,0.0,0.0,0.0,100.0,0.0,0.0,0.0,0.0,0.0,0.0,0.0,0.0,0.0,100.0,0.0,0.0,0.0,0.0,0.0,0.0,0.0,0.0,0.0,100.0,0.0,0.0,0.0,0.0,0.0,0.0,0.0,0.0,0.0,100.0,1.0,0.0,0.0,0.0,0.0,0.0,0.0,0.0,0.0,99.0,0.0,0.0,0.0,0.0,0.0,0.0,0.0,0.0,0.0,100.0,1.01,0.0,1.01,0.0,0.0,0.0,0.0,0.0,0.0,97.98,1.0,0.0,1.0,0.0,0.0,0.0,0.0,0.0,0.0,98.0
249,0.0,0.0,0.0,0.0,0.0,90.91,0.0,0.0,0.0,9.09,0.0,0.0,0.0,0.0,0.0,100.0,0.0,0.0,0.0,0.0,0.0,0.0,0.0,0.0,0.0,90.0,0.0,0.0,0.0,10.0,0.0,0.0,0.0,0.0,0.0,64.65,0.0,0.0,0.0,35.35,0.0,0.0,0.0,0.0,0.0,94.06,0.0,0.0,0.0,5.94,0.0,0.0,0.0,0.0,0.0,83.0,0.0,0.0,0.0,17.0,0.0,0.0,0.0,0.0,0.0,82.0,0.0,0.0,0.0,18.0,0.0,0.0,0.0,0.0,0.0,100.0,0.0,0.0,0.0,0.0,0.0,0.0,0.0,0.0,0.0,62.0,0.0,0.0,0.0,38.0,0.0,0.0,0.0,0.0,0.0,15.15,0.0,0.0,0.0,84.85,0.0,0.0,0.0,0.0,0.0,33.66,0.0,0.0,0.0,66.34,0.0,0.0,0.0,0.0,0.0,52.53,0.0,0.0,0.0,47.47,0.0,0.0,0.0,0.0,0.0,30.3,0.0,0.0,0.0,69.7,0.0,0.0,0.0,0.0,0.0,38.0,0.0,0.0,0.0,62.0,0.99,0.0,0.99,1.98,0.0,42.57,0.0,0.0,0.0,53.47,0.0,0.0,0.0,0.0,0.0,46.94,0.0,0.0,0.0,53.06,0.0,0.0,1.01,0.0,0.0,0.0,0.0,0.0,0.0,98.99,1.0,0.0,0.0,0.0,0.0,0.0,0.0,0.0,0.0,99.0,0.99,0.0,0.0,0.0,0.0,0.0,0.0,0.0,0.0,99.01,0.0,0.0,0.0,0.0,0.0,0.0,0.0,0.0,0.0,100.0,0.0,0.0,0.0,9.18,0.0,0.0,0.0,0.0,0.0,90.82,0.0,0.0,0.0,0.0,0.0,0.0,0.0,0.0,0.0,100.0,1.0,0.0,1.0,0.0,0.0,0.0,0.0,0.0,0.0,98.0,0.0,0.0,0.0,4.04,0.0,0.0,0.0,0.0,0.0,95.96
250,0.0,0.0,0.0,0.0,0.0,92.0,0.0,0.0,0.0,8.0,0.0,0.0,0.0,0.0,0.0,100.0,0.0,0.0,0.0,0.0,0.0,0.0,0.0,0.0,0.0,90.82,0.0,0.0,0.0,9.18,0.0,0.0,0.0,0.0,0.0,66.34,0.0,0.0,0.0,33.66,0.0,0.0,0.0,0.0,0.0,96.0,0.0,0.0,0.0,4.0,0.0,0.0,0.0,0.0,0.0,85.0,0.0,0.0,0.0,15.0,0.0,0.0,0.0,0.0,0.0,83.17,0.0,0.0,0.0,16.83,0.0,0.0,0.0,0.0,0.0,100.0,0.0,0.0,0.0,0.0,0.0,0.0,0.0,0.0,0.0,62.24,0.0,0.0,0.0,37.76,0.0,0.0,0.0,0.0,0.0,16.0,0.0,0.0,0.0,84.0,1.0,0.0,1.0,0.0,0.0,33.0,0.0,0.0,0.0,65.0,0.0,0.0,0.0,0.0,0.0,52.0,0.0,0.0,0.0,48.0,0.0,0.0,0.0,0.0,0.0,30.3,0.0,0.0,0.0,69.7,0.0,0.0,0.0,0.0,0.0,38.38,0.0,0.0,0.0,61.62,1.01,0.0,0.0,0.0,0.0,42.42,0.0,0.0,0.0,56.57,0.0,0.0,0.0,0.0,0.0,47.0,0.0,0.0,0.0,53.0,1.01,0.0,0.0,0.0,0.0,0.0,0.0,0.0,0.0,98.99,0.99,0.0,0.0,0.0,0.0,0.0,0.0,0.0,0.0,99.01,0.0,0.0,0.0,0.0,0.0,0.0,0.0,0.0,0.0,100.0,1.0,0.0,0.0,0.0,0.0,0.0,0.0,0.0,0.0,99.0,0.0,0.0,0.99,17.82,0.0,0.0,0.0,0.0,0.0,81.19,1.0,0.0,1.0,0.0,0.0,0.0,0.0,0.0,0.0,98.0,0.0,0.0,0.0,0.0,0.0,0.0,0.0,0.0,0.0,100.0,1.0,0.0,0.0,0.0,0.0,0.0,0.0,0.0,0.0,99.0
251,0.0,0.0,0.0,0.0,0.0,90.91,0.0,0.0,0.0,9.09,0.0,0.0,0.0,0.0,0.0,100.0,0.0,0.0,0.0,0.0,0.0,0.0,0.98,0.0,0.0,88.24,0.0,0.0,0.0,10.78,0.0,0.0,0.0,0.0,0.0,64.65,0.0,0.0,0.0,35.35,0.0,0.0,0.0,0.0,0.0,94.12,0.0,0.0,0.0,5.88,0.0,0.0,0.0,0.0,0.0,83.84,0.0,0.0,0.0,16.16,0.0,0.0,0.0,0.0,0.0,82.0,0.0,0.0,0.0,18.0,0.0,0.0,0.0,0.0,0.0,100.0,0.0,0.0,0.0,0.0,0.0,0.0,0.0,0.0,0.0,62.24,0.0,0.0,0.0,37.76,0.0,0.0,0.0,0.0,0.0,15.15,0.0,0.0,0.0,84.85,0.0,0.0,0.0,0.0,0.0,32.65,0.0,0.0,0.0,67.35,0.0,0.0,0.0,0.0,0.0,52.0,0.0,0.0,0.0,48.0,1.01,0.0,0.0,0.0,0.0,30.3,0.0,0.0,0.0,68.69,0.0,0.0,0.0,0.0,0.0,38.38,0.0,0.0,0.0,61.62,0.0,0.0,1.02,0.0,0.0,40.82,0.0,0.0,0.0,58.16,0.98,0.0,0.98,0.0,0.0,46.08,0.0,0.0,0.0,51.96,0.0,0.0,0.0,0.0,0.0,0.0,0.0,0.0,0.0,100.0,0.0,0.0,1.01,0.0,0.0,0.0,0.0,0.0,0.0,98.99,0.0,0.0,0.0,0.0,0.0,0.0,0.0,0.0,0.0,100.0,0.0,0.0,1.0,0.0,0.0,0.0,0.0,0.0,0.0,99.0,0.0,0.0,0.0,18.18,0.0,0.0,0.0,0.0,0.0,81.82,1.01,0.0,0.0,0.0,0.0,0.0,0.0,0.0,0.0,98.99,0.0,0.0,0.0,0.0,0.0,0.0,0.0,0.0,0.0,100.0,0.0,0.0,0.0,0.0,0.0,0.0,0.0,0.0,0.0,100.0
252,0.0,0.0,0.0,0.0,0.0,89.9,0.0,0.0,0.0,10.1,0.0,0.0,0.0,0.0,0.0,100.0,0.0,0.0,0.0,0.0,0.0,0.0,0.0,0.0,0.0,90.0,0.0,0.0,0.0,10.0,0.0,0.0,0.0,0.0,0.0,65.0,0.0,0.0,0.0,35.0,0.0,0.0,0.0,0.0,0.0,94.06,0.0,0.0,0.0,5.94,0.0,0.0,0.0,0.0,0.0,82.47,0.0,0.0,0.0,17.53,0.0,0.0,0.0,0.0,0.0,82.0,0.0,0.0,0.0,18.0,0.0,0.0,0.0,0.0,0.0,100.0,0.0,0.0,0.0,0.0,0.0,0.0,0.0,0.0,0.0,62.63,0.0,0.0,0.0,37.37,0.0,0.0,0.0,0.0,0.0,16.0,0.0,0.0,0.0,84.0,0.99,0.0,0.99,0.0,0.0,32.67,0.0,0.0,0.0,65.35,0.0,0.0,0.0,0.0,0.0,53.0,0.0,0.0,0.0,47.0,0.0,0.0,0.0,0.0,0.0,35.0,0.0,0.0,0.0,65.0,0.0,0.0,0.0,0.0,0.0,38.61,0.0,0.0,0.0,61.39,1.0,0.0,0.0,0.0,0.0,40.0,0.0,0.0,0.0,59.0,0.0,0.0,0.0,0.0,0.0,44.9,0.0,0.0,0.0,55.1,1.0,0.0,1.0,0.0,0.0,0.0,0.0,0.0,0.0,98.0,1.0,0.0,0.0,0.0,0.0,0.0,0.0,0.0,0.0,99.0,0.0,0.0,0.0,0.0,0.0,0.0,0.0,0.0,0.0,100.0,1.0,0.0,0.0,0.0,0.0,0.0,0.0,0.0,0.0,99.0,0.0,0.0,0.0,18.0,0.0,0.0,0.0,0.0,0.0,82.0,0.0,0.0,1.0,0.0,0.0,0.0,0.0,0.0,0.0,99.0,1.0,0.0,0.0,0.0,0.0,0.0,0.0,0.0,0.0,99.0,0.0,0.0,1.0,0.0,0.0,0.0,0.0,0.0,0.0,99.0
253,0.0,0.0,0.0,0.0,0.0,91.92,0.0,0.0,0.0,8.08,0.0,0.0,0.0,0.0,0.0,100.0,0.0,0.0,0.0,0.0,0.0,0.0,0.0,0.0,0.0,90.2,0.0,0.0,0.0,9.8,0.0,0.0,0.0,0.0,0.0,65.35,0.0,0.0,0.0,34.65,0.0,0.0,0.0,0.0,0.0,96.0,0.0,0.0,0.0,4.0,0.0,0.0,0.0,0.0,0.0,83.67,0.0,0.0,0.0,16.33,0.0,0.0,0.0,0.0,0.0,82.35,0.0,0.0,0.0,17.65,0.0,0.0,0.0,0.0,0.0,100.0,0.0,0.0,0.0,0.0,0.0,0.0,0.0,0.0,0.0,63.0,0.0,0.0,0.0,37.0,0.0,0.0,0.0,0.0,0.0,16.16,0.0,0.0,0.0,83.84,0.0,0.0,0.0,0.0,0.0,33.33,0.0,0.0,0.0,66.67,0.0,0.0,0.0,0.0,0.0,54.08,0.0,0.0,0.0,45.92,0.0,0.0,0.0,0.0,0.0,34.34,0.0,0.0,0.0,65.66,0.0,0.0,0.0,0.0,0.0,38.0,0.0,0.0,0.0,62.0,0.0,0.0,0.0,0.0,0.0,41.0,0.0,0.0,0.0,59.0,0.0,0.0,0.0,0.0,0.0,45.45,0.0,0.0,0.0,54.55,1.01,0.0,0.0,0.0,0.0,0.0,0.0,0.0,0.0,98.99,0.0,0.0,0.0,0.0,0.0,0.0,0.0,0.0,0.0,100.0,0.0,0.0,0.0,0.0,0.0,0.0,0.0,0.0,0.0,100.0,0.0,0.0,0.99,0.0,0.0,0.0,0.0,0.0,0.0,99.01,1.0,0.0,1.0,16.0,0.0,0.0,0.0,0.0,0.0,82.0,1.0,0.0,1.0,0.0,0.0,0.0,0.0,0.0,0.0,98.0,1.0,0.0,1.0,0.0,0.0,0.0,0.0,0.0,0.0,98.0,1.0,0.0,0.0,1.0,0.0,0.0,0.0,0.0,0.0,98.0
254,0.0,0.0,1.0,0.0,0.0,88.0,0.0,0.0,0.0,11.0,0.0,0.0,0.0,0.0,0.0,100.0,0.0,0.0,0.0,0.0,0.0,0.0,0.0,0.0,0.0,90.0,0.0,0.0,0.0,10.0,0.0,0.0,0.0,0.0,0.0,65.35,0.0,0.0,0.0,34.65,0.0,0.0,0.0,0.0,0.0,95.05,0.0,0.0,0.0,4.95,0.0,0.0,0.0,0.0,0.0,82.83,0.0,0.0,0.0,17.17,0.0,0.0,0.0,0.0,0.0,81.82,0.0,0.0,0.0,18.18,0.0,0.0,0.0,0.0,0.0,100.0,0.0,0.0,0.0,0.0,0.0,0.0,0.0,0.0,0.0,63.0,0.0,0.0,0.0,37.0,0.0,0.0,0.0,0.0,0.0,15.31,0.0,0.0,0.0,84.69,0.0,0.0,0.0,0.0,0.0,32.32,0.0,0.0,0.0,67.68,0.0,0.0,0.0,0.0,0.0,51.52,0.0,0.0,0.0,48.48,0.99,0.0,0.99,0.0,0.0,32.67,0.0,0.0,0.0,65.35,0.0,0.0,0.0,0.0,0.0,38.38,0.0,0.0,0.0,61.62,1.02,0.0,0.0,0.0,0.0,39.8,0.0,0.0,0.0,59.18,0.0,0.0,0.0,0.0,0.0,46.08,0.0,0.0,0.0,53.92,1.02,0.0,0.0,0.0,0.0,0.0,0.0,0.0,0.0,98.98,0.0,0.0,1.0,0.0,0.0,0.0,0.0,0.0,0.0,99.0,0.0,0.0,0.99,0.0,0.0,0.0,0.0,0.0,0.0,99.01,0.0,0.0,0.0,0.0,0.0,0.0,0.0,0.0,0.0,100.0,0.0,0.0,0.0,0.0,0.0,0.0,0.0,0.0,0.0,100.0,1.01,0.0,0.0,0.0,0.0,0.0,0.0,0.0,0.0,98.99,1.0,0.0,1.0,0.0,0.0,0.0,0.0,0.0,0.0,98.0,0.0,0.0,0.0,18.18,0.0,0.0,0.0,0.0,0.0,81.82
255,0.0,0.0,0.0,0.0,0.0,89.0,0.0,0.0,0.0,11.0,0.0,0.0,0.0,0.0,0.0,100.0,0.0,0.0,0.0,0.0,0.0,0.0,0.0,0.0,0.0,89.11,0.0,0.0,0.0,10.89,0.0,0.0,0.0,0.0,0.0,64.65,0.0,0.0,0.0,35.35,0.98,0.0,0.0,0.0,0.0,94.12,0.0,0.0,0.0,4.9,0.0,0.0,0.0,0.0,0.0,83.84,0.0,0.0,0.0,16.16,0.0,0.0,0.0,0.0,0.0,82.0,0.0,0.0,0.0,18.0,0.0,0.0,0.0,0.0,0.0,100.0,0.0,0.0,0.0,0.0,0.0,0.0,0.0,0.0,0.0,62.0,0.0,0.0,0.0,38.0,0.0,0.0,0.0,0.0,0.0,17.0,0.0,0.0,0.0,83.0,1.0,0.0,0.0,0.0,0.0,33.0,0.0,0.0,0.0,66.0,0.0,0.0,0.0,0.0,0.0,51.49,0.0,0.0,0.0,48.51,0.0,0.0,0.0,0.0,0.0,32.99,0.0,0.0,0.0,67.01,0.0,0.0,0.0,0.0,0.0,38.0,0.0,0.0,0.0,62.0,1.0,0.0,0.0,1.0,0.0,41.0,0.0,0.0,0.0,57.0,0.0,0.0,0.0,0.0,0.0,46.53,0.0,0.0,0.0,53.47,1.01,0.0,1.01,0.0,0.0,0.0,0.0,0.0,0.0,97.98,1.0,0.0,0.0,0.0,0.0,0.0,0.0,0.0,0.0,99.0,0.0,0.0,0.0,0.0,0.0,0.0,0.0,0.0,0.0,100.0,0.0,0.0,0.0,0.0,0.0,0.0,0.0,0.0,0.0,100.0,0.0,0.0,0.0,1.01,0.0,0.0,0.0,0.0,0.0,98.99,0.0,0.0,0.0,0.0,0.0,0.0,0.0,0.0,0.0,100.0,0.0,0.0,0.0,0.0,0.0,0.0,0.0,0.0,0.0,100.0,0.0,0.0,0.99,16.83,0.0,0.0,0.0,0.0,0.0,82.18
256,0.0,0.0,0.0,0.0,0.0,88.0,0.0,0.0,0.0,12.0,0.0,0.0,0.0,0.0,0.0,100.0,0.0,0.0,0.0,0.0,0.0,0.0,0.0,0.0,0.0,89.11,0.0,0.0,0.0,10.89,0.0,0.0,0.0,0.0,0.0,64.71,0.0,0.0,0.0,35.29,0.0,0.0,0.98,0.0,0.0,94.12,0.0,0.0,0.0,4.9,0.0,0.0,0.0,0.0,0.0,82.18,0.0,0.0,0.0,17.82,0.0,0.0,0.0,0.0,0.0,81.19,0.0,0.0,0.0,18.81,0.0,0.0,0.0,0.0,0.0,100.0,0.0,0.0,0.0,0.0,0.0,0.0,1.01,0.0,0.0,61.62,0.0,0.0,0.0,37.37,0.99,0.0,0.99,0.0,0.0,15.84,0.0,0.0,0.0,82.18,0.0,0.0,0.99,0.0,0.0,33.66,0.0,0.0,0.0,65.35,0.0,0.0,0.0,0.0,0.0,50.0,0.0,0.0,0.0,50.0,1.98,0.0,0.0,0.99,0.0,30.69,0.0,0.0,0.0,66.34,0.0,0.0,0.0,0.0,0.0,37.62,0.0,0.0,0.0,62.38,0.0,0.0,1.01,4.04,0.0,40.4,0.0,0.0,0.0,54.55,0.0,0.0,0.0,0.0,0.0,47.0,0.0,0.0,0.0,53.0,1.01,0.0,0.0,9.09,0.0,0.0,0.0,0.0,0.0,89.9,1.0,0.0,0.0,0.0,0.0,0.0,0.0,0.0,0.0,99.0,1.0,0.0,0.0,0.0,0.0,0.0,0.0,0.0,0.0,99.0,0.0,0.0,0.0,0.0,0.0,0.0,0.0,0.0,0.0,100.0,0.0,0.0,0.0,0.0,0.0,0.0,0.0,0.0,0.0,100.0,0.0,0.0,0.99,0.0,0.0,0.0,0.0,0.0,0.0,99.01,0.0,0.0,0.0,0.0,0.0,0.0,0.0,0.0,0.0,100.0,0.0,0.0,0.0,0.0,0.0,0.0,0.0,0.0,0.0,100.0
257,0.0,0.0,0.0,0.0,0.0,89.0,0.0,0.0,0.0,11.0,0.0,0.0,0.0,0.0,0.0,100.0,0.0,0.0,0.0,0.0,0.0,0.0,0.0,0.0,0.0,89.11,0.0,0.0,0.0,10.89,0.0,0.0,0.0,0.0,0.0,64.65,0.0,0.0,0.0,35.35,0.0,0.0,0.0,0.0,0.0,95.05,0.0,0.0,0.0,4.95,0.0,0.0,0.0,0.0,0.0,82.83,0.0,0.0,0.0,17.17,0.0,0.0,0.0,0.0,0.0,81.63,0.0,0.0,0.0,18.37,0.0,0.0,0.0,0.0,0.0,100.0,0.0,0.0,0.0,0.0,0.99,0.0,0.0,0.0,0.0,63.37,0.0,0.0,0.0,35.64,0.0,0.0,0.0,0.0,0.0,16.33,0.0,0.0,0.0,83.67,1.0,0.0,0.0,0.0,0.0,32.0,0.0,0.0,0.0,67.0,0.0,0.0,0.0,0.0,0.0,46.46,0.0,0.0,0.0,53.54,1.01,0.0,1.01,1.01,0.0,31.31,0.0,0.0,0.0,65.66,0.0,0.0,0.0,0.0,0.0,37.37,0.0,0.0,0.0,62.63,0.99,0.0,0.0,9.9,0.0,39.6,0.0,0.0,0.0,49.5,0.0,0.0,0.0,0.0,0.0,45.0,0.0,0.0,0.0,55.0,0.0,0.0,0.0,0.0,0.0,0.0,0.0,0.0,0.0,100.0,0.0,0.0,1.0,0.0,0.0,0.0,0.0,0.0,0.0,99.0,0.0,0.0,0.0,0.0,0.0,0.0,0.0,0.0,0.0,100.0,0.0,0.0,0.0,0.0,0.0,0.0,0.0,0.0,0.0,100.0,0.0,0.0,0.0,0.0,0.0,0.0,0.0,0.0,0.0,100.0,0.0,0.0,0.0,0.0,0.0,0.0,0.0,0.0,0.0,100.0,0.0,0.0,0.0,0.0,0.0,0.0,0.0,0.0,0.0,100.0,0.0,0.0,0.0,0.0,0.0,0.0,0.0,0.0,0.0,100.0
258,0.0,0.0,0.0,0.0,0.0,92.0,0.0,0.0,0.0,8.0,0.0,0.0,0.0,0.0,0.0,100.0,0.0,0.0,0.0,0.0,0.0,0.0,0.0,0.0,0.0,88.89,0.0,0.0,0.0,11.11,0.0,0.0,0.0,0.0,0.0,65.0,0.0,0.0,0.0,35.0,0.0,0.0,0.0,0.0,0.0,95.05,0.0,0.0,0.0,4.95,0.0,0.0,0.0,0.0,0.0,83.51,0.0,0.0,0.0,16.49,0.0,0.0,0.0,0.0,0.0,82.0,0.0,0.0,0.0,18.0,0.0,0.0,0.0,0.0,0.0,100.0,0.0,0.0,0.0,0.0,0.0,0.0,0.0,0.0,0.0,65.0,0.0,0.0,0.0,35.0,0.0,0.0,0.99,0.0,0.0,15.84,0.0,0.0,0.0,83.17,1.02,0.0,1.02,0.0,0.0,31.63,0.0,0.0,0.0,66.33,0.0,0.0,0.0,0.0,0.0,47.96,0.0,0.0,0.0,52.04,1.01,0.0,1.01,0.0,0.0,30.3,0.0,0.0,0.0,67.68,0.0,0.0,0.0,0.0,0.0,37.37,0.0,0.0,0.0,62.63,0.0,0.0,1.01,3.03,0.0,41.41,0.0,0.0,0.0,54.55,1.0,0.0,0.0,0.0,0.0,45.0,0.0,0.0,0.0,54.0,0.0,0.0,1.01,0.0,0.0,0.0,0.0,0.0,0.0,98.99,0.0,0.0,0.0,12.12,0.0,0.0,0.0,0.0,0.0,87.88,0.0,0.0,0.0,0.0,0.0,0.0,0.0,0.0,0.0,100.0,0.0,0.0,0.0,0.0,0.0,0.0,0.0,0.0,0.0,100.0,0.0,0.0,0.0,0.0,0.0,0.0,0.0,0.0,0.0,100.0,0.0,0.0,0.0,0.0,0.0,0.0,0.0,0.0,0.0,100.0,0.0,0.0,0.0,0.0,0.0,0.0,0.0,0.0,0.0,100.0,0.0,0.0,1.0,0.0,0.0,0.0,0.0,0.0,0.0,99.0
259,0.0,0.0,0.0,0.0,0.0,86.87,0.0,0.0,0.0,13.13,0.0,0.0,0.0,0.0,0.0,100.0,0.0,0.0,0.0,0.0,0.0,0.0,0.0,0.0,0.0,88.89,0.0,0.0,0.0,11.11,0.0,0.0,0.0,0.0,0.0,63.27,0.0,0.0,0.0,36.73,0.0,0.0,0.0,0.0,0.0,93.07,0.0,0.0,0.0,6.93,0.0,0.0,0.0,0.0,0.0,81.63,0.0,0.0,0.0,18.37,0.0,0.0,0.0,0.0,0.0,81.19,0.0,0.0,0.0,18.81,0.0,0.0,0.0,0.0,0.0,100.0,0.0,0.0,0.0,0.0,0.0,0.0,0.0,0.0,0.0,63.64,0.0,0.0,0.0,36.36,1.0,0.0,0.0,0.0,0.0,15.0,0.0,0.0,0.0,84.0,0.0,0.0,1.0,0.0,0.0,32.0,0.0,0.0,0.0,67.0,0.0,0.0,0.0,0.0,0.0,46.94,0.0,0.0,0.0,53.06,0.0,0.0,0.0,0.0,0.0,33.33,0.0,0.0,0.0,66.67,0.0,0.0,0.0,0.0,0.0,37.0,0.0,0.0,0.0,63.0,1.03,0.0,0.0,0.0,0.0,40.21,0.0,0.0,0.0,58.76,0.0,0.0,0.98,0.0,0.0,45.1,0.0,0.0,0.0,53.92,1.01,0.0,0.0,0.0,0.0,0.0,0.0,0.0,0.0,98.99,0.0,0.0,0.0,17.35,0.0,0.0,0.0,0.0,0.0,82.65,0.0,0.0,0.0,0.0,0.0,0.0,0.0,0.0,0.0,100.0,0.0,0.0,0.99,0.0,0.0,0.0,0.0,0.0,0.0,99.01,0.0,0.0,0.99,0.0,0.0,0.0,0.0,0.0,0.0,99.01,0.0,0.0,0.0,0.0,0.0,0.0,0.0,0.0,0.0,100.0,0.0,0.0,0.0,0.0,0.0,0.0,0.0,0.0,0.0,100.0,0.0,0.0,0.0,0.0,0.0,0.0,0.0,0.0,0.0,100.0
260,0.0,0.0,0.0,0.0,0.0,86.87,0.0,0.0,0.0,13.13,0.0,0.0,0.0,0.0,0.0,100.0,0.0,0.0,0.0,0.0,0.0,0.0,0.0,0.0,0.0,88.12,0.0,0.0,0.0,11.88,0.0,0.0,0.0,0.0,0.0,64.36,0.0,0.0,0.0,35.64,0.0,0.0,0.0,0.0,0.0,92.16,0.0,0.0,0.0,7.84,0.0,0.0,0.0,0.0,0.0,82.18,0.0,0.0,0.0,17.82,0.0,0.0,0.0,0.0,0.0,81.19,0.0,0.0,0.0,18.81,0.0,0.0,0.0,0.0,0.0,100.0,0.0,0.0,0.0,0.0,0.0,0.0,0.0,0.0,0.0,64.0,0.0,0.0,0.0,36.0,0.0,0.0,0.0,0.0,0.0,15.0,0.0,0.0,0.0,85.0,1.0,0.0,0.0,0.0,0.0,32.0,0.0,0.0,0.0,67.0,0.0,0.0,0.0,0.0,0.0,52.0,0.0,0.0,0.0,48.0,0.99,0.0,0.99,1.98,0.0,31.68,0.0,0.0,0.0,64.36,0.0,0.0,0.0,0.0,0.0,37.37,0.0,0.0,0.0,62.63,1.01,0.0,1.01,6.06,0.0,39.39,0.0,0.0,0.0,52.53,0.0,0.0,0.0,0.0,0.0,44.9,0.0,0.0,0.0,55.1,0.0,0.0,0.0,5.05,0.0,0.0,0.0,0.0,0.0,94.95,0.99,0.0,0.0,1.98,0.0,0.0,0.0,0.0,0.0,97.03,0.0,0.0,0.0,0.0,0.0,0.0,0.0,0.0,0.0,100.0,0.0,0.0,0.0,0.0,0.0,0.0,0.0,0.0,0.0,100.0,0.0,0.0,0.0,0.0,0.0,0.0,0.0,0.0,0.0,100.0,0.0,0.0,0.0,0.0,0.0,0.0,0.0,0.0,0.0,100.0,1.0,0.0,0.0,0.0,0.0,0.0,0.0,0.0,0.0,99.0,0.0,0.0,0.0,0.0,0.0,0.0,0.0,0.0,0.0,100.0
261,0.0,0.0,0.0,0.0,0.0,91.0,0.0,0.0,0.0,9.0,0.0,0.0,0.0,0.0,0.0,100.0,0.0,0.0,0.0,0.0,0.0,0.0,0.0,0.0,0.0,90.0,0.0,0.0,0.0,10.0,0.0,0.0,0.0,0.0,0.0,65.69,0.0,0.0,0.0,34.31,0.0,0.0,0.0,0.0,0.0,94.06,0.0,0.0,0.0,5.94,0.0,0.0,0.0,0.0,0.0,83.17,0.0,0.0,0.0,16.83,0.0,0.0,0.0,0.0,0.0,82.0,0.0,0.0,0.0,18.0,0.0,0.0,0.0,0.0,0.0,100.0,0.0,0.0,0.0,0.0,0.0,0.0,0.0,0.0,0.0,63.64,0.0,0.0,0.0,36.36,0.0,0.0,0.0,0.0,0.0,16.0,0.0,0.0,0.0,84.0,0.0,0.0,0.0,0.0,0.0,33.0,0.0,0.0,0.0,67.0,0.0,0.0,0.0,0.0,0.0,53.0,0.0,0.0,0.0,47.0,0.99,0.0,1.98,3.96,0.0,31.68,0.0,0.0,0.0,61.39,0.0,0.0,0.0,0.0,0.0,38.38,0.0,0.0,0.0,61.62,1.0,0.0,1.0,6.0,0.0,41.0,0.0,0.0,0.0,51.0,0.0,0.0,0.0,0.0,0.0,45.45,0.0,0.0,0.0,54.55,0.0,0.0,0.0,2.04,0.0,0.0,0.0,0.0,0.0,97.96,0.0,0.0,0.99,0.0,0.0,0.0,0.0,0.0,0.0,99.01,0.0,0.0,0.0,0.0,0.0,0.0,0.0,0.0,0.0,100.0,0.0,0.0,0.0,0.0,0.0,0.0,0.0,0.0,0.0,100.0,0.0,0.0,0.0,0.0,0.0,0.0,0.0,0.0,0.0,100.0,0.99,0.0,0.99,0.0,0.0,0.0,0.0,0.0,0.0,98.02,0.0,0.0,0.0,0.0,0.0,0.0,0.0,0.0,0.0,100.0,0.0,0.0,0.0,0.0,0.0,0.0,0.0,0.0,0.0,100.0
262,0.0,0.0,0.0,0.0,0.0,90.1,0.0,0.0,0.0,9.9,0.0,0.0,0.0,0.0,0.0,100.0,0.0,0.0,0.0,0.0,0.0,0.0,0.0,0.0,0.0,89.11,0.0,0.0,0.0,10.89,0.0,0.0,0.0,0.0,0.0,64.29,0.0,0.0,0.0,35.71,0.0,0.0,0.0,0.0,0.0,94.12,0.0,0.0,0.0,5.88,0.0,0.0,0.0,0.0,0.0,82.35,0.0,0.0,0.0,17.65,0.0,0.0,0.0,0.0,0.0,81.19,0.0,0.0,0.0,18.81,0.0,0.0,0.0,0.0,0.0,100.0,0.0,0.0,0.0,0.0,0.0,0.0,0.0,0.0,0.0,63.73,0.0,0.0,0.0,36.27,0.0,0.0,0.0,0.0,0.0,14.14,0.0,0.0,0.0,85.86,1.0,0.0,0.0,0.0,0.0,33.0,0.0,0.0,0.0,66.0,0.0,0.0,0.0,0.0,0.0,53.0,0.0,0.0,0.0,47.0,1.02,0.0,0.0,7.14,0.0,30.61,0.0,0.0,0.0,61.22,0.0,0.0,0.0,0.0,0.0,39.0,0.0,0.0,0.0,61.0,0.99,0.0,0.99,0.0,0.0,41.58,0.0,0.0,0.0,56.44,1.02,0.0,0.0,0.0,0.0,42.86,0.0,0.0,0.0,56.12,1.0,0.0,0.0,6.0,0.0,0.0,0.0,0.0,0.0,93.0,0.0,0.0,0.0,1.02,0.0,0.0,0.0,0.0,0.0,98.98,0.0,0.0,0.0,0.0,0.0,0.0,0.0,0.0,0.0,100.0,0.0,0.0,0.0,0.0,0.0,0.0,0.0,0.0,0.0,100.0,0.0,0.0,0.0,0.0,0.0,0.0,0.0,0.0,0.0,100.0,0.0,0.0,0.99,0.0,0.0,0.0,0.0,0.0,0.0,99.01,0.0,0.0,0.0,0.0,0.0,0.0,0.0,0.0,0.0,100.0,0.0,0.0,0.0,0.0,0.0,0.0,0.0,0.0,0.0,100.0
263,0.0,0.0,0.0,0.0,0.0,92.93,0.0,0.0,0.0,7.07,0.0,0.0,0.0,0.0,0.0,100.0,0.0,0.0,0.0,0.0,0.0,0.0,0.0,0.0,0.0,90.1,0.0,0.0,0.0,9.9,0.0,0.0,0.0,0.0,0.0,65.69,0.0,0.0,0.0,34.31,0.0,0.0,0.0,0.0,0.0,95.1,0.0,0.0,0.0,4.9,0.0,0.0,0.0,0.0,0.0,84.0,0.0,0.0,0.0,16.0,0.0,0.0,0.0,0.0,0.0,82.65,0.0,0.0,0.0,17.35,0.0,0.0,0.0,0.0,0.0,100.0,0.0,0.0,0.0,0.0,0.0,0.0,0.0,0.0,0.0,65.0,0.0,0.0,0.0,35.0,0.0,0.0,0.0,0.0,0.0,15.0,0.0,0.0,0.0,85.0,0.0,0.0,0.99,0.0,0.0,32.67,0.0,0.0,0.0,66.34,0.0,0.0,0.0,0.0,0.0,52.58,0.0,0.0,0.0,47.42,1.0,0.0,0.0,4.0,0.0,32.0,0.0,0.0,0.0,63.0,0.0,0.0,0.0,0.0,0.0,40.59,0.0,0.0,0.0,59.41,1.0,0.0,0.0,2.0,0.0,42.0,0.0,0.0,0.0,55.0,0.0,0.0,0.0,0.0,0.0,47.0,0.0,0.0,0.0,53.0,0.0,0.0,1.02,4.08,0.0,0.0,0.0,0.0,0.0,94.9,1.0,0.0,0.0,7.0,0.0,0.0,0.0,0.0,0.0,92.0,1.0,0.0,0.0,0.0,0.0,0.0,0.0,0.0,0.0,99.0,0.0,0.0,0.0,0.0,0.0,0.0,0.0,0.0,0.0,100.0,0.0,0.0,0.0,0.0,0.0,0.0,0.0,0.0,0.0,100.0,0.0,0.0,0.0,0.0,0.0,0.0,0.0,0.0,0.0,100.0,0.0,0.0,0.0,0.0,0.0,0.0,0.0,0.0,0.0,100.0,0.0,0.0,1.0,0.0,0.0,0.0,0.0,0.0,0.0,99.0
264,0.0,0.0,0.0,0.0,0.0,93.07,0.0,0.0,0.0,6.93,0.0,0.0,1.0,0.0,0.0,99.0,0.0,0.0,0.0,0.0,0.0,0.0,0.0,0.0,0.0,90.1,0.0,0.0,0.0,9.9,0.0,0.0,0.0,0.0,0.0,66.34,0.0,0.0,0.0,33.66,0.0,0.0,0.0,0.0,0.0,96.04,0.0,0.0,0.0,3.96,0.0,0.0,0.0,0.0,0.0,84.31,0.0,0.0,0.0,15.69,0.0,0.0,0.0,0.0,0.0,82.18,0.0,0.0,0.0,17.82,0.0,0.0,0.0,0.0,0.0,100.0,0.0,0.0,0.0,0.0,0.0,0.0,0.0,0.0,0.0,64.65,0.0,0.0,0.0,35.35,0.0,0.0,0.0,0.0,0.0,15.15,0.0,0.0,0.0,84.85,0.0,0.0,0.0,0.0,0.0,32.65,0.0,0.0,0.0,67.35,0.0,0.0,0.0,0.0,0.0,50.52,0.0,0.0,0.0,49.48,0.0,0.0,1.01,0.0,0.0,31.31,0.0,0.0,0.0,67.68,0.0,0.0,0.0,0.0,0.0,39.0,0.0,0.0,0.0,61.0,1.0,0.0,1.0,0.0,0.0,43.0,0.0,0.0,0.0,55.0,0.0,0.0,0.0,0.0,0.0,48.48,0.0,0.0,0.0,51.52,1.0,0.0,0.0,4.0,0.0,0.0,0.0,0.0,0.0,95.0,0.0,0.0,1.0,15.0,0.0,0.0,0.0,0.0,0.0,84.0,0.0,0.0,0.0,0.0,0.0,0.0,0.0,0.0,0.0,100.0,0.0,0.0,0.0,0.0,0.0,0.0,0.0,0.0,0.0,100.0,0.0,0.0,0.0,0.0,0.0,0.0,0.0,0.0,0.0,100.0,0.0,0.0,1.0,0.0,0.0,0.0,0.0,0.0,0.0,99.0,0.0,0.0,0.0,0.0,0.0,0.0,0.0,0.0,0.0,100.0,0.0,0.0,0.0,0.0,0.0,0.0,0.0,0.0,0.0,100.0
265,0.0,0.0,0.0,0.0,0.0,91.84,0.0,0.0,0.0,8.16,0.0,0.0,0.0,0.0,0.0,100.0,0.0,0.0,0.0,0.0,0.0,0.0,0.0,0.0,0.0,90.0,0.0,0.0,0.0,10.0,0.0,0.0,0.0,0.0,0.0,65.66,0.0,0.0,0.0,34.34,0.0,0.0,0.0,0.0,0.0,96.0,0.0,0.0,0.0,4.0,0.0,0.0,0.0,0.0,0.0,84.16,0.0,0.0,0.0,15.84,0.0,0.0,0.0,0.0,0.0,82.83,0.0,0.0,0.0,17.17,0.0,0.0,0.0,0.0,0.0,100.0,0.0,0.0,0.0,0.0,0.0,0.0,0.0,0.0,0.0,65.0,0.0,0.0,0.0,35.0,0.0,0.0,0.0,0.0,0.0,15.0,0.0,0.0,0.0,85.0,0.99,0.0,0.0,0.0,0.0,30.69,0.0,0.0,0.0,68.32,0.0,0.0,0.99,0.0,0.0,47.52,0.0,0.0,0.0,51.49,1.01,0.0,1.01,0.0,0.0,30.3,0.0,0.0,0.0,67.68,0.0,0.0,0.0,0.0,0.0,38.0,0.0,0.0,0.0,62.0,2.0,0.0,1.0,0.0,0.0,42.0,0.0,0.0,0.0,55.0,0.0,0.0,0.0,0.0,0.0,47.96,0.0,0.0,0.0,52.04,0.0,0.0,0.0,0.0,0.0,0.0,0.0,0.0,0.0,100.0,0.0,0.0,0.0,18.18,0.0,0.0,0.0,0.0,0.0,81.82,0.0,0.0,0.0,0.0,0.0,0.0,0.0,0.0,0.0,100.0,1.0,0.0,0.0,0.0,0.0,0.0,0.0,0.0,0.0,99.0,0.0,0.0,0.0,0.0,0.0,0.0,0.0,0.0,0.0,100.0,0.0,0.0,0.0,0.0,0.0,0.0,0.0,0.0,0.0,100.0,0.0,0.0,0.0,0.0,0.0,0.0,0.0,0.0,0.0,100.0,0.0,0.0,0.0,0.0,0.0,0.0,0.0,0.0,0.0,100.0
266,0.0,0.0,0.0,0.0,0.0,91.09,0.0,0.0,0.0,8.91,0.0,0.0,0.0,0.0,0.0,100.0,0.0,0.0,0.0,0.0,0.0,0.0,0.0,0.0,0.0,89.22,0.0,0.0,0.0,10.78,0.0,0.0,0.0,0.0,0.0,65.35,0.0,0.0,0.0,34.65,0.0,0.0,0.0,0.0,0.0,95.05,0.0,0.0,0.0,4.95,0.0,0.0,0.0,0.0,0.0,83.84,0.0,0.0,0.0,16.16,0.0,0.0,0.0,0.0,0.0,82.0,0.0,0.0,0.0,18.0,0.0,0.0,0.0,0.0,0.0,100.0,0.0,0.0,0.0,0.0,0.0,0.0,0.0,0.0,0.0,64.36,0.0,0.0,0.0,35.64,0.0,0.0,0.0,0.0,0.0,15.15,0.0,0.0,0.0,84.85,0.0,0.0,0.0,0.0,0.0,32.0,0.0,0.0,0.0,68.0,0.0,0.0,0.0,0.0,0.0,48.48,0.0,0.0,0.0,51.52,0.99,0.0,0.0,0.0,0.0,34.65,0.0,0.0,0.0,64.36,0.0,0.0,0.0,0.0,0.0,40.4,0.0,0.0,0.0,59.6,0.0,0.0,0.0,0.0,0.0,42.42,0.0,0.0,0.0,57.58,0.0,0.0,0.0,0.0,0.0,48.0,0.0,0.0,0.0,52.0,1.02,0.0,0.0,2.04,0.0,0.0,0.0,0.0,0.0,96.94,1.01,0.0,0.0,8.08,0.0,0.0,0.0,0.0,0.0,90.91,1.0,0.0,1.0,7.0,0.0,0.0,0.0,0.0,0.0,91.0,0.0,0.0,0.0,0.0,0.0,0.0,0.0,0.0,0.0,100.0,0.0,0.0,0.0,0.0,0.0,0.0,0.0,0.0,0.0,100.0,0.0,0.0,1.0,0.0,0.0,0.0,0.0,0.0,0.0,99.0,0.0,0.0,0.0,0.0,0.0,0.0,0.0,0.0,0.0,100.0,0.0,0.0,0.0,0.0,0.0,0.0,0.0,0.0,0.0,100.0
267,0.0,0.0,0.0,0.0,0.0,92.0,0.0,0.0,0.0,8.0,0.0,0.0,0.0,0.0,0.0,100.0,0.0,0.0,0.0,0.0,0.0,0.0,0.0,0.0,0.0,90.0,0.0,0.0,0.0,10.0,0.0,0.0,0.0,0.0,0.0,65.69,0.0,0.0,0.0,34.31,0.0,0.0,0.0,0.0,0.0,96.0,0.0,0.0,0.0,4.0,0.0,0.0,0.0,0.0,0.0,84.16,0.0,0.0,0.0,15.84,0.0,0.0,0.0,0.0,0.0,82.35,0.0,0.0,0.0,17.65,0.0,0.0,0.0,0.0,0.0,100.0,0.0,0.0,0.0,0.0,0.0,0.0,0.0,0.0,0.0,64.36,0.0,0.0,0.0,35.64,0.0,0.0,0.0,0.0,0.0,15.0,0.0,0.0,0.0,85.0,1.0,0.0,0.0,0.0,0.0,31.0,0.0,0.0,0.0,68.0,0.0,0.0,0.0,0.0,0.0,54.46,0.0,0.0,0.0,45.54,0.0,0.0,0.0,0.0,0.0,37.0,0.0,0.0,0.0,63.0,0.0,0.0,0.0,0.0,0.0,43.0,0.0,0.0,0.0,57.0,0.0,0.0,0.0,0.0,0.0,43.0,0.0,0.0,0.0,57.0,0.0,0.0,0.0,0.0,0.0,47.0,0.0,0.0,0.0,53.0,0.0,0.0,1.0,3.0,0.0,0.0,0.0,0.0,0.0,96.0,1.0,0.0,1.0,0.0,0.0,0.0,0.0,0.0,0.0,98.0,0.0,0.0,0.0,16.16,0.0,0.0,0.0,0.0,0.0,83.84,0.0,0.0,1.01,0.0,0.0,0.0,0.0,0.0,0.0,98.99,0.0,0.0,0.0,0.0,0.0,0.0,0.0,0.0,0.0,100.0,0.0,0.0,0.0,0.0,0.0,0.0,0.0,0.0,0.0,100.0,0.0,0.0,0.99,0.0,0.0,0.0,0.0,0.0,0.0,99.01,0.99,0.0,0.0,0.0,0.0,0.0,0.0,0.0,0.0,99.01
268,0.0,0.0,0.0,0.0,0.0,87.63,0.0,0.0,0.0,12.37,0.0,0.0,0.0,0.0,0.0,100.0,0.0,0.0,0.0,0.0,0.0,0.0,0.0,0.0,0.0,88.0,0.0,0.0,0.0,12.0,0.0,0.0,0.0,0.0,0.0,65.05,0.0,0.0,0.0,34.95,0.0,0.0,0.97,0.0,0.0,92.23,0.0,0.0,0.0,6.8,0.0,0.0,0.0,0.0,0.0,82.18,0.0,0.0,0.0,17.82,0.0,0.0,0.0,0.0,0.0,81.19,0.0,0.0,0.0,18.81,0.0,0.0,0.0,0.0,0.0,100.0,0.0,0.0,0.0,0.0,0.0,0.0,0.0,0.0,0.0,63.27,0.0,0.0,0.0,36.73,0.0,0.0,0.0,0.0,0.0,15.0,0.0,0.0,0.0,85.0,0.0,0.0,0.0,0.0,0.0,30.61,0.0,0.0,0.0,69.39,0.0,0.0,0.0,0.0,0.0,51.0,0.0,0.0,0.0,49.0,0.98,0.0,0.0,0.0,0.0,36.27,0.0,0.0,0.0,62.75,0.0,0.0,0.0,0.0,0.0,43.56,0.0,0.0,0.0,56.44,0.0,0.0,0.99,0.0,0.0,41.58,0.0,0.0,0.0,57.43,0.0,0.0,0.0,0.0,0.0,47.0,0.0,0.0,0.0,53.0,1.01,0.0,0.0,14.14,0.0,0.0,0.0,0.0,0.0,84.85,0.0,0.0,1.01,3.03,0.0,0.0,0.0,0.0,0.0,95.96,0.0,0.0,1.01,0.0,0.0,0.0,0.0,0.0,0.0,98.99,1.02,0.0,0.0,0.0,0.0,0.0,0.0,0.0,0.0,98.98,0.0,0.0,0.0,0.0,0.0,0.0,0.0,0.0,0.0,100.0,0.0,0.0,0.99,0.0,0.0,0.0,0.0,0.0,0.0,99.01,0.0,0.0,0.0,0.0,0.0,0.0,0.0,0.0,0.0,100.0,0.0,0.0,0.0,0.0,0.0,0.0,0.0,0.0,0.0,100.0
269,0.0,0.0,0.0,0.0,0.0,87.0,0.0,0.0,0.0,13.0,0.0,0.0,0.0,0.0,0.0,100.0,0.0,0.0,0.0,0.0,0.0,0.0,0.0,0.0,0.0,88.89,0.0,0.0,0.0,11.11,0.0,0.0,0.0,0.0,0.0,63.64,0.0,0.0,0.0,36.36,0.0,0.0,0.0,0.0,0.0,94.06,0.0,0.0,0.0,5.94,0.0,0.0,0.0,0.0,0.0,82.83,0.0,0.0,0.0,17.17,0.0,0.0,0.0,0.0,0.0,82.0,0.0,0.0,0.0,18.0,0.0,0.0,0.0,0.0,0.0,100.0,0.0,0.0,0.0,0.0,0.98,0.0,0.0,0.0,0.0,62.75,0.0,0.0,0.0,36.27,0.0,0.0,0.0,0.0,0.0,15.0,0.0,0.0,0.0,85.0,0.0,0.0,0.0,0.0,0.0,31.68,0.0,0.0,0.0,68.32,0.0,0.0,0.0,0.0,0.0,52.94,0.0,0.0,0.0,47.06,0.0,0.0,0.99,0.0,0.0,36.63,0.0,0.0,0.0,62.38,0.0,0.0,0.0,0.0,0.0,42.42,0.0,0.0,0.0,57.58,1.01,0.0,0.0,0.0,0.0,42.42,0.0,0.0,0.0,56.57,0.0,0.0,0.98,0.0,0.0,48.04,0.0,0.0,0.0,50.98,0.99,0.0,1.98,12.87,0.0,0.0,0.0,0.0,0.0,84.16,0.0,0.0,1.0,5.0,0.0,0.0,0.0,0.0,0.0,94.0,1.98,0.0,0.99,0.0,0.0,0.0,0.0,0.0,0.0,97.03,0.0,0.0,0.99,0.0,0.0,0.0,0.0,0.0,0.0,99.01,0.99,0.0,0.0,0.0,0.0,0.0,0.0,0.0,0.0,99.01,0.0,0.0,0.0,0.0,0.0,0.0,0.0,0.0,0.0,100.0,0.99,0.0,0.0,0.0,0.0,0.0,0.0,0.0,0.0,99.01,0.0,0.0,0.0,0.0,0.0,0.0,0.0,0.0,0.0,100.0
270,0.0,0.0,0.0,0.0,0.0,90.1,0.0,0.0,0.0,9.9,0.0,0.0,0.0,0.0,0.0,100.0,0.0,0.0,0.0,0.0,0.0,0.0,0.0,0.0,0.0,88.89,0.0,0.0,0.0,11.11,0.0,0.0,0.0,0.0,0.0,65.69,0.0,0.0,0.0,34.31,0.0,0.0,0.0,0.0,0.0,95.0,0.0,0.0,0.0,5.0,0.0,0.0,0.0,0.0,0.0,83.0,0.0,0.0,0.0,17.0,0.0,0.0,0.0,0.0,0.0,82.35,0.0,0.0,0.0,17.65,0.0,0.0,0.0,0.0,0.0,100.0,0.0,0.0,0.0,0.0,0.0,0.0,0.0,0.0,0.0,64.0,0.0,0.0,0.0,36.0,0.0,0.0,0.0,0.0,0.0,15.84,0.0,0.0,0.0,84.16,0.0,0.0,0.0,0.0,0.0,31.0,0.0,0.0,0.0,69.0,0.0,0.0,0.0,0.0,0.0,51.55,0.0,0.0,0.0,48.45,0.0,0.0,0.0,0.0,0.0,35.05,0.0,0.0,0.0,64.95,0.0,0.0,0.0,0.0,0.0,42.27,0.0,0.0,0.0,57.73,0.0,0.0,0.0,0.0,0.0,42.42,0.0,0.0,0.0,57.58,0.99,0.0,0.99,0.0,0.0,46.53,0.0,0.0,0.0,51.49,1.01,0.0,0.0,11.11,0.0,0.0,0.0,0.0,0.0,87.88,0.0,0.0,0.0,6.06,0.0,0.0,0.0,0.0,0.0,93.94,1.01,0.0,0.0,0.0,0.0,0.0,0.0,0.0,0.0,98.99,1.01,0.0,0.0,0.0,0.0,0.0,0.0,0.0,0.0,98.99,0.0,0.0,0.0,0.0,0.0,0.0,0.0,0.0,0.0,100.0,0.0,0.0,0.0,0.0,0.0,0.0,0.0,0.0,0.0,100.0,0.0,0.0,1.0,0.0,0.0,0.0,0.0,0.0,0.0,99.0,0.0,0.0,0.0,0.0,0.0,0.0,0.0,0.0,0.0,100.0
271,0.0,0.0,0.0,0.0,0.0,90.62,0.0,0.0,0.0,9.38,0.0,0.0,0.0,0.0,0.0,100.0,0.0,0.0,0.0,0.0,0.0,0.0,0.0,0.0,0.0,89.32,0.0,0.0,0.0,10.68,0.0,0.0,0.0,0.0,0.0,65.0,0.0,0.0,0.0,35.0,0.0,0.0,0.0,0.0,0.0,95.05,0.0,0.0,0.0,4.95,0.0,0.0,0.0,0.0,0.0,83.17,0.0,0.0,0.0,16.83,0.0,0.0,0.0,0.0,0.0,83.17,0.0,0.0,0.0,16.83,0.0,0.0,0.0,0.0,0.0,100.0,0.0,0.0,0.0,0.0,0.0,0.0,0.0,0.0,0.0,64.36,0.0,0.0,0.0,35.64,0.0,0.0,0.0,0.0,0.0,15.15,0.0,0.0,0.0,84.85,0.0,0.0,0.0,0.0,0.0,32.32,0.0,0.0,0.0,67.68,0.0,0.0,0.0,0.0,0.0,52.0,0.0,0.0,0.0,48.0,0.99,0.0,0.0,0.0,0.0,35.64,0.0,0.0,0.0,63.37,0.0,0.0,0.0,0.0,0.0,44.12,0.0,0.0,0.0,55.88,0.99,0.0,0.0,0.0,0.0,42.57,0.0,0.0,0.0,56.44,0.0,0.0,0.0,0.0,0.0,47.52,0.0,0.0,0.0,52.48,0.0,0.0,1.01,1.01,0.0,0.0,0.0,0.0,0.0,97.98,0.99,0.0,0.99,16.83,0.0,0.0,0.0,0.0,0.0,81.19,0.0,0.0,0.0,0.0,0.0,0.0,0.0,0.0,0.0,100.0,1.0,0.0,1.0,0.0,0.0,0.0,0.0,0.0,0.0,98.0,0.0,0.0,0.99,0.0,0.0,0.0,0.0,0.0,0.0,99.01,0.0,0.0,0.0,0.0,0.0,0.0,0.0,0.0,0.0,100.0,0.0,0.0,0.0,0.0,0.0,0.0,0.0,0.0,0.0,100.0,0.0,0.0,0.0,0.0,0.0,0.0,0.0,0.0,0.0,100.0
272,0.0,0.0,0.0,0.0,0.0,86.87,0.0,0.0,0.0,13.13,0.0,0.0,0.0,0.0,0.0,100.0,0.0,0.0,0.0,0.0,0.0,0.0,0.0,0.0,0.0,89.11,0.0,0.0,0.0,10.89,0.0,0.0,0.0,0.0,0.0,64.0,0.0,0.0,0.0,36.0,0.0,0.0,0.0,0.0,0.0,93.07,0.0,0.0,0.0,6.93,0.0,0.0,0.0,0.0,0.0,82.65,0.0,0.0,0.0,17.35,0.0,0.0,0.0,0.0,0.0,81.63,0.0,0.0,0.0,18.37,0.0,0.0,0.0,0.0,0.0,100.0,0.0,0.0,0.0,0.0,0.0,0.0,0.0,0.0,0.0,62.89,0.0,0.0,0.0,37.11,0.0,0.0,0.0,0.0,0.0,16.0,0.0,0.0,0.0,84.0,0.99,0.0,0.99,0.0,0.0,29.7,0.0,0.0,0.0,68.32,0.0,0.0,0.0,0.0,0.0,51.0,0.0,0.0,0.0,49.0,0.98,0.0,0.98,0.0,0.0,35.29,0.0,0.0,0.0,62.75,0.0,0.0,0.0,0.0,0.0,41.84,0.0,0.0,0.0,58.16,0.0,0.0,0.0,0.0,0.0,43.0,0.0,0.0,0.0,57.0,1.02,0.0,0.0,0.0,0.0,45.92,0.0,0.0,0.0,53.06,1.01,0.0,1.01,0.0,0.0,0.0,0.0,0.0,0.0,97.98,0.0,0.0,0.0,1.01,0.0,0.0,0.0,0.0,0.0,98.99,0.0,0.0,1.0,16.0,0.0,0.0,0.0,0.0,0.0,83.0,1.01,0.0,0.0,0.0,0.0,0.0,0.0,0.0,0.0,98.99,0.0,0.0,0.0,0.0,0.0,0.0,0.0,0.0,0.0,100.0,0.0,0.0,0.0,0.0,0.0,0.0,0.0,0.0,0.0,100.0,0.0,0.0,0.99,0.0,0.0,0.0,0.0,0.0,0.0,99.01,0.0,0.0,0.0,0.0,0.0,0.0,0.0,0.0,0.0,100.0
273,0.0,0.0,0.0,0.0,0.0,91.0,0.0,0.0,0.0,9.0,0.0,0.0,0.0,0.0,0.0,100.0,0.0,0.0,0.0,0.0,0.0,0.0,0.0,0.0,0.0,89.11,0.0,0.0,0.0,10.89,0.0,0.0,0.0,0.0,0.0,64.0,0.0,0.0,0.0,36.0,0.0,0.0,0.0,0.0,0.0,95.05,0.0,0.0,0.0,4.95,0.0,0.0,0.0,0.0,0.0,83.0,0.0,0.0,0.0,17.0,0.0,0.0,0.0,0.0,0.0,83.0,0.0,0.0,0.0,17.0,0.0,0.0,0.0,0.0,0.0,100.0,0.0,0.0,0.0,0.0,0.0,0.0,0.0,0.0,0.0,63.27,0.0,0.0,0.0,36.73,0.0,0.0,0.0,0.0,0.0,15.0,0.0,0.0,0.0,85.0,0.0,0.0,0.0,0.0,0.0,30.93,0.0,0.0,0.0,69.07,0.0,0.0,0.0,0.0,0.0,51.52,0.0,0.0,0.0,48.48,0.0,0.0,0.0,0.0,0.0,36.0,0.0,0.0,0.0,64.0,0.0,0.0,0.0,0.0,0.0,44.0,0.0,0.0,0.0,56.0,1.0,0.0,0.0,0.0,0.0,42.0,0.0,0.0,0.0,57.0,0.0,0.0,0.0,0.0,0.0,48.0,0.0,0.0,0.0,52.0,1.0,0.0,1.0,0.0,0.0,0.0,0.0,0.0,0.0,98.0,1.01,0.0,0.0,0.0,0.0,0.0,0.0,0.0,0.0,98.99,0.0,0.0,0.0,18.0,0.0,0.0,0.0,0.0,0.0,82.0,0.0,0.0,1.0,0.0,0.0,0.0,0.0,0.0,0.0,99.0,0.0,0.0,0.0,0.0,0.0,0.0,0.0,0.0,0.0,100.0,0.0,0.0,0.0,0.0,0.0,0.0,0.0,0.0,0.0,100.0,0.0,0.0,0.0,0.0,0.0,0.0,0.0,0.0,0.0,100.0,0.0,0.0,0.0,0.0,0.0,0.0,0.0,0.0,0.0,100.0
274,0.0,0.0,0.0,0.0,0.0,91.0,0.0,0.0,0.0,9.0,0.0,0.0,0.0,0.0,0.0,100.0,0.0,0.0,0.0,0.0,0.0,0.0,0.0,0.0,0.0,89.8,0.0,0.0,0.0,10.2,0.0,0.0,0.0,0.0,0.0,64.29,0.0,0.0,0.0,35.71,0.0,0.0,0.0,0.0,0.0,95.0,0.0,0.0,0.0,5.0,0.0,0.0,0.0,0.0,0.0,83.0,0.0,0.0,0.0,17.0,0.0,0.0,0.0,0.0,0.0,83.0,0.0,0.0,0.0,17.0,0.0,0.0,0.0,0.0,0.0,100.0,0.0,0.0,0.0,0.0,0.0,0.0,0.0,0.0,0.0,63.64,0.0,0.0,0.0,36.36,0.0,0.0,0.0,0.0,0.0,15.15,0.0,0.0,0.0,84.85,0.0,0.0,0.0,0.0,0.0,31.31,0.0,0.0,0.0,68.69,0.0,0.0,0.0,0.0,0.0,52.04,0.0,0.0,0.0,47.96,0.0,0.0,0.0,0.0,0.0,36.0,0.0,0.0,0.0,64.0,0.0,0.0,0.0,0.0,0.0,43.56,0.0,0.0,0.0,56.44,0.0,0.0,0.0,0.0,0.0,41.24,0.0,0.0,0.0,58.76,0.0,0.0,0.0,0.0,0.0,46.94,0.0,0.0,0.0,53.06,1.01,0.0,1.01,0.0,0.0,0.0,0.0,0.0,0.0,97.98,0.0,0.0,0.99,15.84,0.0,0.0,0.0,0.0,0.0,83.17,1.02,0.0,0.0,2.04,0.0,0.0,0.0,0.0,0.0,96.94,0.0,0.0,0.0,0.0,0.0,0.0,0.0,0.0,0.0,100.0,0.0,0.0,0.0,0.0,0.0,0.0,0.0,0.0,0.0,100.0,0.0,0.0,0.0,0.0,0.0,0.0,0.0,0.0,0.0,100.0,0.0,0.0,0.0,0.0,0.0,0.0,0.0,0.0,0.0,100.0,0.0,0.0,1.0,0.0,0.0,0.0,0.0,0.0,0.0,99.0
275,0.0,0.0,0.0,0.0,0.0,86.73,0.0,0.0,0.0,13.27,0.0,0.0,0.0,0.0,0.0,100.0,0.0,0.0,0.0,0.0,0.0,0.0,0.0,0.0,0.0,87.88,0.0,0.0,0.0,12.12,0.0,0.0,0.0,0.0,0.0,63.27,0.0,0.0,0.0,36.73,0.0,0.0,0.0,0.0,0.0,93.0,0.0,0.0,0.0,7.0,0.0,0.0,0.0,0.0,0.0,82.0,0.0,0.0,0.0,18.0,0.0,0.0,0.0,0.0,0.0,82.18,0.0,0.0,0.0,17.82,0.0,0.0,0.0,0.0,0.0,100.0,0.0,0.0,0.0,0.0,0.0,0.0,0.0,0.0,0.0,59.79,0.0,0.0,0.0,40.21,0.99,0.0,0.0,0.0,0.0,14.85,0.0,0.0,0.0,84.16,0.0,0.0,0.0,0.0,0.0,29.29,0.0,0.0,0.0,70.71,0.0,0.0,0.0,0.0,0.0,49.49,0.0,0.0,0.0,50.51,0.0,0.0,0.99,0.0,0.0,34.65,0.0,0.0,0.0,64.36,0.0,0.0,0.0,0.0,0.0,42.0,0.0,0.0,0.0,58.0,0.0,0.0,0.0,0.0,0.0,42.42,0.0,0.0,0.0,57.58,0.0,0.0,0.0,0.0,0.0,45.92,0.0,0.0,0.0,54.08,1.0,0.0,1.0,1.0,0.0,0.0,0.0,0.0,0.0,97.0,1.0,0.0,0.0,18.0,0.0,0.0,0.0,0.0,0.0,81.0,0.0,0.0,0.0,0.0,0.0,0.0,0.0,0.0,0.0,100.0,1.01,0.0,0.0,0.0,0.0,0.0,0.0,0.0,0.0,98.99,0.0,0.0,0.0,0.0,0.0,0.0,0.0,0.0,0.0,100.0,0.0,0.0,0.0,0.0,0.0,0.0,0.0,0.0,0.0,100.0,0.0,0.0,0.0,0.0,0.0,0.0,0.0,0.0,0.0,100.0,0.0,0.0,0.0,0.0,0.0,0.0,0.0,0.0,0.0,100.0
276,0.0,0.0,0.0,0.0,0.0,84.38,0.0,0.0,0.0,15.62,0.0,0.0,0.0,0.0,0.0,100.0,0.0,0.0,0.0,0.0,0.0,0.0,0.0,0.0,0.0,87.88,0.0,0.0,0.0,12.12,0.0,0.0,0.0,0.0,0.0,63.37,0.0,0.0,0.0,36.63,0.0,0.0,0.0,0.0,0.0,91.92,0.0,0.0,0.0,8.08,0.0,0.0,0.0,0.0,0.0,81.0,0.0,0.0,0.0,19.0,0.0,0.0,0.0,0.0,0.0,81.0,0.0,0.0,0.0,19.0,0.0,0.0,0.0,0.0,0.0,100.0,0.0,0.0,0.0,0.0,0.0,0.0,0.99,0.0,0.0,60.4,0.0,0.0,0.0,38.61,0.0,0.0,0.0,0.0,0.0,15.0,0.0,0.0,0.0,85.0,0.0,0.0,0.0,0.0,0.0,29.7,0.0,0.0,0.0,70.3,0.0,0.0,0.0,0.0,0.0,50.0,0.0,0.0,0.0,50.0,2.04,0.0,0.0,0.0,0.0,32.65,0.0,0.0,0.0,65.31,0.0,0.0,0.0,0.0,0.0,42.0,0.0,0.0,0.0,58.0,0.0,0.0,1.0,0.0,0.0,42.0,0.0,0.0,0.0,57.0,0.99,0.0,0.0,0.0,0.0,45.54,0.0,0.0,0.0,53.47,0.0,0.0,1.01,11.11,0.0,0.0,0.0,0.0,0.0,87.88,1.0,0.0,1.0,2.0,0.0,0.0,0.0,0.0,0.0,96.0,1.0,0.0,0.0,4.0,0.0,0.0,0.0,0.0,0.0,95.0,1.01,0.0,0.0,0.0,0.0,0.0,0.0,0.0,0.0,98.99,0.0,0.0,0.0,0.0,0.0,0.0,0.0,0.0,0.0,100.0,0.0,0.0,0.0,0.0,0.0,0.0,0.0,0.0,0.0,100.0,0.99,0.0,0.99,0.0,0.0,0.0,0.0,0.0,0.0,98.02,0.0,0.0,1.0,0.0,0.0,0.0,0.0,0.0,0.0,99.0
277,0.0,0.0,0.0,0.0,0.0,86.87,0.0,0.0,0.0,13.13,0.0,0.0,0.0,0.0,0.0,100.0,0.0,0.0,0.0,0.0,0.0,0.0,0.0,0.0,0.0,88.12,0.0,0.0,0.0,11.88,0.98,0.0,0.0,0.0,0.0,63.73,0.0,0.0,0.0,35.29,0.0,0.0,0.0,0.0,0.0,93.07,0.0,0.0,0.0,6.93,0.0,0.0,0.0,0.0,0.0,81.25,0.0,0.0,0.0,18.75,0.0,0.0,0.0,0.0,0.0,81.63,0.0,0.0,0.0,18.37,0.0,0.0,0.0,0.0,0.0,100.0,0.0,0.0,0.0,0.0,0.0,0.0,0.0,0.0,0.0,60.2,0.0,0.0,0.0,39.8,0.0,0.0,0.0,0.0,0.0,15.0,0.0,0.0,0.0,85.0,0.0,0.0,0.0,0.0,0.0,29.29,0.0,0.0,0.0,70.71,0.0,0.0,0.0,0.0,0.0,48.45,0.0,0.0,0.0,51.55,0.99,0.0,0.99,0.0,0.0,34.65,0.0,0.0,0.0,63.37,0.0,0.0,0.0,0.0,0.0,38.38,0.0,0.0,0.0,61.62,1.0,0.0,0.0,0.0,0.0,41.0,0.0,0.0,0.0,58.0,0.0,0.0,0.0,0.0,0.0,46.39,0.0,0.0,0.0,53.61,1.0,0.0,0.0,18.0,0.0,0.0,0.0,0.0,0.0,81.0,0.0,0.0,0.0,0.0,0.0,0.0,0.0,0.0,0.0,100.0,1.0,0.0,1.0,0.0,0.0,0.0,0.0,0.0,0.0,98.0,1.98,0.0,0.99,0.0,0.0,0.0,0.0,0.0,0.0,97.03,0.0,0.0,0.0,0.0,0.0,0.0,0.0,0.0,0.0,100.0,0.98,0.0,0.98,0.0,0.0,0.0,0.0,0.0,0.0,98.04,0.0,0.0,0.0,0.0,0.0,0.0,0.0,0.0,0.0,100.0,1.0,0.0,0.0,0.0,0.0,0.0,0.0,0.0,0.0,99.0
278,0.0,0.0,0.0,0.0,0.0,84.69,0.0,0.0,0.0,15.31,0.0,0.0,0.0,0.0,0.0,100.0,0.0,0.0,0.0,0.0,0.0,0.0,0.0,0.0,0.0,87.76,0.0,0.0,0.0,12.24,0.0,0.0,0.0,0.0,0.0,64.36,0.0,0.0,0.0,35.64,0.0,0.0,0.0,0.0,0.0,92.23,0.0,0.0,0.0,7.77,0.0,0.0,0.0,0.0,0.0,81.55,0.0,0.0,0.0,18.45,0.0,0.0,0.0,0.0,0.0,82.18,0.0,0.0,0.0,17.82,0.0,0.0,0.99,0.0,0.0,99.01,0.0,0.0,0.0,0.0,0.0,0.0,0.0,0.0,0.0,60.61,0.0,0.0,0.0,39.39,0.0,0.0,0.0,0.0,0.0,14.14,0.0,0.0,0.0,85.86,0.0,0.0,0.0,0.0,0.0,30.0,0.0,0.0,0.0,70.0,0.0,0.0,0.0,0.0,0.0,49.0,0.0,0.0,0.0,51.0,0.0,0.0,0.0,0.0,0.0,34.0,0.0,0.0,0.0,66.0,0.0,0.0,0.0,0.0,0.0,37.37,0.0,0.0,0.0,62.63,0.0,0.0,0.0,0.0,0.0,40.4,0.0,0.0,0.0,59.6,0.0,0.0,0.0,0.0,0.0,46.46,0.0,0.0,0.0,53.54,0.0,0.0,0.0,17.35,0.0,0.0,0.0,0.0,0.0,82.65,1.01,0.0,0.0,0.0,0.0,0.0,0.0,0.0,0.0,98.99,0.0,0.0,0.0,0.0,0.0,0.0,0.0,0.0,0.0,100.0,0.0,0.0,1.0,0.0,0.0,0.0,0.0,0.0,0.0,99.0,0.0,0.0,1.0,0.0,0.0,0.0,0.0,0.0,0.0,99.0,0.0,0.0,0.0,0.0,0.0,0.0,0.0,0.0,0.0,100.0,1.01,0.0,0.0,0.0,0.0,0.0,0.0,0.0,0.0,98.99,0.0,0.0,0.0,0.0,0.0,0.0,0.0,0.0,0.0,100.0
279,0.0,0.0,0.0,0.0,0.0,84.31,0.0,0.0,0.0,15.69,0.0,0.0,0.0,0.0,0.0,100.0,0.0,0.0,0.0,0.0,0.0,0.0,0.0,0.0,0.0,88.0,0.0,0.0,0.0,12.0,0.0,0.0,0.0,0.0,0.0,62.63,0.0,0.0,0.0,37.37,0.0,0.0,0.0,0.0,0.0,93.0,0.0,0.0,0.0,7.0,0.0,0.0,0.0,0.0,0.0,80.61,0.0,0.0,0.0,19.39,0.0,0.0,0.0,0.0,0.0,80.61,0.0,0.0,0.0,19.39,0.0,0.0,0.0,0.0,0.0,100.0,0.0,0.0,0.0,0.0,0.0,0.0,0.0,0.0,0.0,61.22,0.0,0.0,0.0,38.78,0.0,0.0,0.0,0.0,0.0,14.85,0.0,0.0,0.0,85.15,0.0,0.0,0.0,0.0,0.0,30.69,0.0,0.0,0.0,69.31,0.0,0.0,0.0,0.0,0.0,48.48,0.0,0.0,0.0,51.52,1.01,0.0,0.0,0.0,0.0,32.32,0.0,0.0,0.0,66.67,0.0,0.0,0.0,0.0,0.0,37.37,0.0,0.0,0.0,62.63,0.0,0.0,0.0,0.0,0.0,41.0,0.0,0.0,0.0,59.0,0.0,0.0,0.0,0.0,0.0,46.46,0.0,0.0,0.0,53.54,0.99,0.0,0.99,0.0,0.0,0.99,0.0,0.0,0.0,97.03,0.99,0.0,0.99,0.0,0.0,0.0,0.0,0.0,0.0,98.02,0.0,0.0,0.0,0.0,0.0,0.0,0.0,0.0,0.0,100.0,1.01,0.0,0.0,0.0,0.0,0.0,0.0,0.0,0.0,98.99,0.0,0.0,0.0,0.0,0.0,0.0,0.0,0.0,0.0,100.0,0.0,0.0,0.0,0.0,0.0,0.0,0.0,0.0,0.0,100.0,0.98,0.0,0.98,0.0,0.0,0.0,0.0,0.0,0.0,98.04,0.0,0.0,0.0,18.18,0.0,0.0,0.0,0.0,0.0,81.82
280,0.0,0.0,0.0,0.0,0.0,89.0,0.0,0.0,0.0,11.0,0.0,0.0,0.0,0.0,0.0,100.0,0.0,0.0,0.0,0.0,0.0,0.0,0.0,0.0,0.0,89.0,0.0,0.0,0.0,11.0,0.0,0.0,0.0,0.0,0.0,63.92,0.0,0.0,0.0,36.08,0.0,0.0,0.98,0.0,0.0,94.12,0.0,0.0,0.0,4.9,0.0,0.0,0.0,0.0,0.0,82.83,0.0,0.0,0.0,17.17,0.0,0.0,0.0,0.0,0.0,82.0,0.0,0.0,0.0,18.0,0.0,0.0,0.0,0.0,0.0,100.0,0.0,0.0,0.0,0.0,0.98,0.0,0.0,0.0,0.0,61.76,0.0,0.0,0.0,37.25,0.0,0.0,0.0,0.0,0.0,16.0,0.0,0.0,0.0,84.0,0.0,0.0,0.0,0.0,0.0,30.3,0.0,0.0,0.0,69.7,0.0,0.0,0.0,0.0,0.0,49.0,0.0,0.0,0.0,51.0,0.0,0.0,0.99,0.0,0.0,32.67,0.0,0.0,0.0,66.34,0.0,0.0,0.0,0.0,0.0,39.6,0.0,0.0,0.0,60.4,0.0,0.0,0.99,0.0,0.0,40.59,0.0,0.0,0.0,58.42,0.0,0.0,0.0,0.0,0.0,48.51,0.0,0.0,0.0,51.49,1.01,0.0,0.0,0.0,0.0,0.0,0.0,0.0,0.0,98.99,0.0,0.0,0.0,0.0,0.0,0.0,0.0,0.0,0.0,100.0,0.0,0.0,0.0,0.0,0.0,0.0,0.0,0.0,0.0,100.0,1.01,0.0,0.0,0.0,0.0,0.0,0.0,0.0,0.0,98.99,0.0,0.0,0.0,0.0,0.0,0.0,0.0,0.0,0.0,100.0,0.0,0.0,0.0,0.0,0.0,0.0,0.0,0.0,0.0,100.0,0.0,0.0,0.0,0.0,0.0,0.0,0.0,0.0,0.0,100.0,0.0,0.0,0.0,18.0,0.0,0.0,0.0,0.0,0.0,82.0
281,0.0,0.0,0.0,0.0,0.0,91.92,0.0,0.0,0.0,8.08,0.0,0.0,0.0,0.0,0.0,100.0,0.0,0.0,0.0,0.0,0.0,0.0,0.0,0.0,0.0,89.0,0.0,0.0,0.0,11.0,0.0,0.0,0.0,0.0,0.0,64.0,0.0,0.0,0.0,36.0,0.0,0.0,0.0,0.0,0.0,95.05,0.0,0.0,0.0,4.95,0.0,0.0,0.0,0.0,0.0,82.83,0.0,0.0,0.0,17.17,0.0,0.0,0.0,0.0,0.0,83.0,0.0,0.0,0.0,17.0,0.0,0.0,0.0,0.0,0.0,100.0,0.0,0.0,0.0,0.0,0.0,0.0,0.0,0.0,0.0,63.0,0.0,0.0,0.0,37.0,1.0,0.0,1.0,1.0,0.0,14.0,0.0,0.0,0.0,83.0,0.0,0.0,0.0,4.0,0.0,31.0,0.0,0.0,0.0,65.0,0.0,0.0,0.0,0.0,0.0,50.0,0.0,0.0,0.0,50.0,1.01,0.0,0.0,6.06,0.0,32.32,0.0,0.0,0.0,60.61,0.0,0.0,0.0,0.0,0.0,39.0,0.0,0.0,0.0,61.0,0.0,0.0,0.0,0.0,0.0,42.42,0.0,0.0,0.0,57.58,0.98,0.0,0.0,0.0,0.0,49.02,0.0,0.0,0.0,50.0,0.0,0.0,0.0,0.0,0.0,0.0,0.0,0.0,0.0,100.0,0.0,0.0,0.0,0.0,0.0,0.0,0.0,0.0,0.0,100.0,0.98,0.0,0.98,0.0,0.0,0.0,0.0,0.0,0.0,98.04,1.0,0.0,0.0,0.0,0.0,0.0,0.0,0.0,0.0,99.0,0.0,0.0,1.0,0.0,0.0,0.0,0.0,0.0,0.0,99.0,0.0,0.0,0.0,0.0,0.0,0.0,0.0,0.0,0.0,100.0,0.0,0.0,0.0,0.0,0.0,0.0,0.0,0.0,0.0,100.0,0.0,0.0,0.0,3.0,0.0,0.0,0.0,0.0,0.0,97.0
282,0.0,0.0,0.0,0.0,0.0,92.08,0.0,0.0,0.0,7.92,0.0,0.0,0.0,0.0,0.0,100.0,0.0,0.0,0.0,0.0,0.0,0.0,0.0,0.0,0.0,90.0,0.0,0.0,0.0,10.0,0.0,0.0,0.0,0.0,0.0,65.66,0.0,0.0,0.0,34.34,0.0,0.0,0.0,0.0,0.0,96.0,0.0,0.0,0.0,4.0,0.0,0.0,0.0,0.0,0.0,83.67,0.0,0.0,0.0,16.33,0.0,0.0,0.0,0.0,0.0,84.0,0.0,0.0,0.0,16.0,0.0,0.0,0.0,0.0,0.0,100.0,0.0,0.0,0.0,0.0,0.0,0.0,0.0,0.0,0.0,61.22,0.0,0.0,0.0,38.78,0.0,0.0,0.0,0.0,0.0,15.0,0.0,0.0,0.0,85.0,0.0,0.0,0.0,12.37,0.0,31.96,0.0,0.0,0.0,55.67,0.0,0.0,0.0,0.0,0.0,54.08,0.0,0.0,0.0,45.92,0.0,0.0,0.0,0.0,0.0,33.33,0.0,0.0,0.0,66.67,0.0,0.0,0.0,0.0,0.0,39.6,0.0,0.0,0.0,60.4,0.99,0.0,0.0,0.0,0.0,41.58,0.0,0.0,0.0,57.43,0.0,0.0,0.0,0.0,0.0,48.48,0.0,0.0,0.0,51.52,1.0,0.0,1.0,0.0,0.0,0.0,0.0,0.0,0.0,98.0,1.01,0.0,2.02,0.0,0.0,0.0,0.0,0.0,0.0,96.97,0.0,0.0,0.0,0.0,0.0,0.0,0.0,0.0,0.0,100.0,0.0,0.0,1.0,0.0,0.0,0.0,0.0,0.0,0.0,99.0,0.0,0.0,0.0,0.0,0.0,0.0,0.0,0.0,0.0,100.0,0.0,0.0,0.0,0.0,0.0,0.0,0.0,0.0,0.0,100.0,0.0,0.0,0.0,0.0,0.0,0.0,0.0,0.0,0.0,100.0,0.0,0.0,0.0,0.0,0.0,0.0,0.0,0.0,0.0,100.0
283,0.0,0.0,0.0,0.0,0.0,90.0,0.0,0.0,0.0,10.0,0.0,0.0,0.0,0.0,0.0,100.0,0.0,0.0,0.0,0.0,0.0,0.0,0.0,0.0,0.0,89.11,0.0,0.0,0.0,10.89,0.0,0.0,0.0,0.0,0.0,64.36,0.0,0.0,0.0,35.64,0.0,0.0,0.0,0.0,0.0,95.0,0.0,0.0,0.0,5.0,0.0,0.0,0.0,0.0,0.0,83.0,0.0,0.0,0.0,17.0,0.0,0.0,0.0,0.0,0.0,82.35,0.0,0.0,0.0,17.65,0.0,0.0,0.0,0.0,0.0,100.0,0.0,0.0,0.0,0.0,0.0,0.0,0.0,0.0,0.0,63.0,0.0,0.0,0.0,37.0,0.0,0.0,0.0,0.0,0.0,15.84,0.0,0.0,0.0,84.16,0.0,0.0,0.0,11.76,0.0,33.33,0.0,0.0,0.0,54.9,0.0,0.0,0.0,0.0,0.0,54.46,0.0,0.0,0.0,45.54,0.98,0.0,0.98,0.0,0.0,32.35,0.0,0.0,0.0,65.69,0.0,0.0,0.0,0.0,0.0,40.4,0.0,0.0,0.0,59.6,0.0,0.0,0.0,0.0,0.0,42.0,0.0,0.0,0.0,58.0,0.99,0.0,0.99,0.0,0.0,47.52,0.0,0.0,0.0,50.5,1.01,0.0,0.0,0.0,0.0,0.0,0.0,0.0,0.0,98.99,1.0,0.0,0.0,0.0,0.0,0.0,0.0,0.0,0.0,99.0,0.0,0.0,0.0,0.0,0.0,0.0,0.0,0.0,0.0,100.0,0.0,0.0,0.0,0.0,0.0,0.0,0.0,0.0,0.0,100.0,0.0,0.0,0.99,0.0,0.0,0.0,0.0,0.0,0.0,99.01,0.0,0.0,0.0,0.0,0.0,0.0,0.0,0.0,0.0,100.0,0.0,0.0,0.0,0.0,0.0,0.0,0.0,0.0,0.0,100.0,0.0,0.0,0.99,0.0,0.0,0.0,0.0,0.0,0.0,99.01
284,0.0,0.0,0.0,0.0,0.0,96.0,0.0,0.0,0.0,4.0,0.0,0.0,0.0,0.0,0.0,100.0,0.0,0.0,0.0,0.0,0.0,0.0,0.0,0.0,0.0,90.91,0.0,0.0,0.0,9.09,0.0,0.0,0.0,0.0,0.0,65.31,0.0,0.0,0.0,34.69,0.0,0.0,0.0,0.0,0.0,97.03,0.0,0.0,0.0,2.97,0.0,0.0,0.0,0.0,0.0,84.0,0.0,0.0,0.0,16.0,0.0,0.0,0.0,0.0,0.0,83.84,0.0,0.0,0.0,16.16,0.0,0.0,0.0,0.0,0.0,100.0,0.0,0.0,0.0,0.0,0.0,0.0,0.0,0.0,0.0,63.0,0.0,0.0,0.0,37.0,0.0,0.0,0.0,0.0,0.0,14.14,0.0,0.0,0.0,85.86,0.0,0.0,0.0,3.06,0.0,32.65,0.0,0.0,0.0,64.29,0.0,0.0,0.0,0.0,0.0,47.96,0.0,0.0,0.0,52.04,1.0,0.0,0.0,9.0,0.0,33.0,0.0,0.0,0.0,57.0,0.99,0.0,0.0,0.0,0.0,39.6,0.0,0.0,0.0,59.41,0.0,0.0,0.0,0.0,0.0,42.42,0.0,0.0,0.0,57.58,0.0,0.0,0.0,0.0,0.0,50.0,0.0,0.0,0.0,50.0,0.99,0.0,0.99,0.0,0.0,0.0,0.0,0.0,0.0,98.02,0.0,0.0,1.01,0.0,0.0,0.0,0.0,0.0,0.0,98.99,0.0,0.0,0.0,0.0,0.0,0.0,0.0,0.0,0.0,100.0,1.01,0.0,0.0,0.0,0.0,0.0,0.0,0.0,0.0,98.99,0.0,0.0,0.0,0.0,0.0,0.0,0.0,0.0,0.0,100.0,0.0,0.0,0.0,0.0,0.0,0.0,0.0,0.0,0.0,100.0,0.0,0.0,0.0,0.0,0.0,0.0,0.0,0.0,0.0,100.0,0.0,0.0,0.0,0.0,0.0,0.0,0.0,0.0,0.0,100.0
285,0.0,0.0,0.0,0.0,0.0,91.09,0.0,0.0,0.0,8.91,0.0,0.0,0.0,0.0,0.0,100.0,0.0,0.0,0.0,0.0,0.0,0.0,0.0,0.0,0.0,90.0,0.0,0.0,0.0,10.0,0.0,0.0,0.0,0.0,0.0,63.64,0.0,0.0,0.0,36.36,0.0,0.0,0.0,0.0,0.0,95.05,0.0,0.0,0.0,4.95,0.0,0.0,0.0,0.0,0.0,83.0,0.0,0.0,0.0,17.0,0.0,0.0,0.0,0.0,0.0,82.83,0.0,0.0,0.0,17.17,0.0,0.0,0.0,0.0,0.0,100.0,0.0,0.0,0.0,0.0,0.0,0.0,0.0,0.0,0.0,62.24,0.0,0.0,0.0,37.76,1.0,0.0,0.0,0.0,0.0,17.0,0.0,0.0,0.0,82.0,0.99,0.0,0.0,8.91,0.0,31.68,0.0,0.0,0.0,58.42,0.0,0.0,0.0,0.0,0.0,47.0,0.0,0.0,0.0,53.0,0.0,0.0,0.0,2.97,0.0,34.65,0.0,0.0,0.0,62.38,0.0,0.0,0.0,0.0,0.0,40.0,0.0,0.0,0.0,60.0,0.0,0.0,0.0,0.0,0.0,42.86,0.0,0.0,0.0,57.14,1.0,0.0,0.0,0.0,0.0,48.0,0.0,0.0,0.0,51.0,0.0,0.0,0.0,0.0,0.0,0.0,0.0,0.0,0.0,100.0,0.0,0.0,0.0,0.0,0.0,0.0,0.0,0.0,0.0,100.0,1.0,0.0,0.0,0.0,0.0,0.0,0.0,0.0,0.0,99.0,1.0,0.0,1.0,0.0,0.0,0.0,0.0,0.0,0.0,98.0,1.0,0.0,0.0,0.0,0.0,0.0,0.0,0.0,0.0,99.0,0.0,0.0,0.0,0.0,0.0,0.0,0.0,0.0,0.0,100.0,0.0,0.0,0.0,0.0,0.0,0.0,0.0,0.0,0.0,100.0,0.0,0.0,0.0,0.0,0.0,0.0,0.0,0.0,0.0,100.0
286,0.0,0.0,0.0,0.0,0.0,90.91,0.0,0.0,0.0,9.09,0.0,0.0,0.0,0.0,0.0,100.0,0.0,0.0,0.0,0.0,0.0,0.0,0.0,0.0,0.0,89.22,0.0,0.0,0.0,10.78,0.0,0.0,0.0,0.0,0.0,65.35,0.0,0.0,0.0,34.65,0.0,0.0,0.0,0.0,0.0,96.0,0.0,0.0,0.0,4.0,0.0,0.0,0.0,0.0,0.0,83.17,0.0,0.0,0.0,16.83,0.0,0.0,0.0,0.0,0.0,83.17,0.0,0.0,0.0,16.83,0.0,0.0,0.0,0.0,0.0,100.0,0.0,0.0,0.0,0.0,0.98,0.0,0.0,0.0,0.0,62.75,0.0,0.0,0.0,36.27,0.0,0.0,0.0,0.0,0.0,15.0,0.0,0.0,0.0,85.0,0.0,0.0,1.0,11.0,0.0,34.0,0.0,0.0,0.0,54.0,0.0,0.0,0.0,0.0,0.0,52.58,0.0,0.0,0.0,47.42,0.0,0.0,0.0,0.0,0.0,34.65,0.0,0.0,0.0,65.35,0.0,0.0,0.0,0.0,0.0,40.0,0.0,0.0,0.0,60.0,0.0,0.0,0.0,0.0,0.0,42.0,0.0,0.0,0.0,58.0,0.0,0.0,0.0,0.0,0.0,48.0,0.0,0.0,0.0,52.0,1.02,0.0,0.0,0.0,0.0,0.0,0.0,0.0,0.0,98.98,1.0,0.0,1.0,0.0,0.0,0.0,0.0,0.0,0.0,98.0,0.0,0.0,0.0,0.0,0.0,0.0,0.0,0.0,0.0,100.0,0.0,0.0,0.0,0.0,0.0,0.0,0.0,0.0,0.0,100.0,0.0,0.0,0.0,0.0,0.0,0.0,0.0,0.0,0.0,100.0,0.0,0.0,0.0,0.0,0.0,0.0,0.0,0.0,0.0,100.0,0.0,0.0,0.0,0.0,0.0,0.0,0.0,0.0,0.0,100.0,0.0,0.0,1.0,0.0,0.0,0.0,0.0,0.0,0.0,99.0
287,0.0,0.0,0.0,0.0,0.0,90.1,0.0,0.0,0.0,9.9,0.0,0.0,0.0,0.0,0.0,100.0,0.0,0.0,0.0,0.0,0.0,0.0,0.0,0.0,0.0,90.0,0.0,0.0,0.0,10.0,0.0,0.0,0.0,0.0,0.0,65.35,0.0,0.0,0.0,34.65,0.0,0.0,0.0,0.0,0.0,95.1,0.0,0.0,0.0,4.9,0.0,0.0,0.0,0.0,0.0,83.17,0.0,0.0,0.0,16.83,0.0,0.0,0.0,0.0,0.0,83.33,0.0,0.0,0.0,16.67,0.0,0.0,0.0,0.0,0.0,100.0,0.0,0.0,0.0,0.0,0.0,0.0,0.0,0.0,0.0,63.0,0.0,0.0,0.0,37.0,0.99,0.0,0.99,0.0,0.0,14.85,0.0,0.0,0.0,83.17,0.0,0.0,0.0,5.0,0.0,34.0,0.0,0.0,0.0,61.0,0.0,0.0,0.0,0.0,0.0,53.54,0.0,0.0,0.0,46.46,0.0,0.0,0.99,6.93,0.0,33.66,0.0,0.0,0.0,58.42,0.0,0.0,0.0,0.0,0.0,39.6,0.0,0.0,0.0,60.4,0.0,0.0,0.0,0.0,0.0,42.0,0.0,0.0,0.0,58.0,0.0,0.0,0.0,0.0,0.0,48.51,0.0,0.0,0.0,51.49,1.0,0.0,1.0,0.0,0.0,0.0,0.0,0.0,0.0,98.0,3.0,0.0,1.0,0.0,0.0,0.0,0.0,0.0,0.0,96.0,0.0,0.0,1.01,0.0,0.0,0.0,0.0,0.0,0.0,98.99,1.01,0.0,0.0,0.0,0.0,0.0,0.0,0.0,0.0,98.99,0.0,0.0,0.0,0.0,0.0,0.0,0.0,0.0,0.0,100.0,0.0,0.0,0.99,0.0,0.0,0.0,0.0,0.0,0.0,99.01,0.0,0.0,0.0,0.0,0.0,0.0,0.0,0.0,0.0,100.0,0.0,0.0,0.0,0.0,0.0,0.0,0.0,0.0,0.0,100.0
288,0.0,0.0,0.0,0.0,0.0,87.88,0.0,0.0,0.0,12.12,0.0,0.0,0.0,0.0,0.0,100.0,0.0,0.0,0.0,0.0,0.0,0.0,0.0,0.0,0.0,88.89,0.0,0.0,0.0,11.11,0.0,0.0,0.0,0.0,0.0,64.36,0.0,0.0,0.0,35.64,0.0,0.0,0.0,0.0,0.0,95.05,0.0,0.0,0.0,4.95,0.0,0.0,0.0,0.0,0.0,82.83,0.0,0.0,0.0,17.17,0.0,0.0,0.0,0.0,0.0,82.35,0.0,0.0,0.0,17.65,0.0,0.0,0.0,0.0,0.0,100.0,0.0,0.0,0.0,0.0,0.99,0.0,0.99,0.0,0.0,61.39,0.0,0.0,0.0,36.63,0.99,0.0,0.0,0.0,0.0,14.85,0.0,0.0,0.0,84.16,0.0,0.0,0.0,4.04,0.0,33.33,0.0,0.0,0.0,62.63,0.0,0.0,0.0,0.0,0.0,54.46,0.0,0.0,0.0,45.54,0.0,0.0,0.0,7.07,0.0,34.34,0.0,0.0,0.0,58.59,0.0,0.0,0.0,0.0,0.0,37.76,0.0,0.0,0.0,62.24,0.99,0.0,0.99,0.0,0.0,42.57,0.0,0.0,0.0,55.45,0.0,0.0,0.0,0.0,0.0,47.47,0.0,0.0,0.0,52.53,0.0,0.0,0.0,0.0,0.0,0.0,0.0,0.0,0.0,100.0,1.0,0.0,0.0,0.0,0.0,0.0,0.0,0.0,0.0,99.0,1.0,0.0,0.0,0.0,0.0,0.0,0.0,0.0,0.0,99.0,1.01,0.0,1.01,0.0,0.0,0.0,0.0,0.0,0.0,97.98,0.0,0.0,0.99,0.0,0.0,0.0,0.0,0.0,0.0,99.01,1.0,0.0,0.0,0.0,0.0,0.0,0.0,0.0,0.0,99.0,0.0,0.0,0.0,0.0,0.0,0.0,0.0,0.0,0.0,100.0,0.0,0.0,0.0,0.0,0.0,0.0,0.0,0.0,0.0,100.0
289,0.0,0.0,0.0,0.0,0.0,89.11,0.0,0.0,0.0,10.89,0.0,0.0,0.0,0.0,0.0,100.0,0.0,0.0,0.0,0.0,0.0,0.0,0.0,0.0,0.0,90.0,0.0,0.0,0.0,10.0,0.0,0.0,0.0,0.0,0.0,64.65,0.0,0.0,0.0,35.35,0.0,0.0,0.0,0.0,0.0,94.12,0.0,0.0,0.0,5.88,0.0,0.0,0.0,0.0,0.0,83.17,0.0,0.0,0.0,16.83,0.0,0.0,0.99,0.0,0.0,82.18,0.0,0.0,0.0,16.83,0.0,0.0,0.0,0.0,0.0,100.0,0.0,0.0,0.0,0.0,0.0,0.0,0.0,0.0,0.0,62.38,0.0,0.0,0.0,37.62,0.0,0.0,0.0,0.0,0.0,15.84,0.0,0.0,0.0,84.16,0.0,0.0,1.0,11.0,0.0,32.0,0.0,0.0,0.0,56.0,1.03,0.0,0.0,0.0,0.0,52.58,0.0,0.0,0.0,46.39,1.01,0.0,0.0,1.01,0.0,31.31,0.0,0.0,0.0,66.67,0.0,0.0,0.0,0.0,0.0,39.6,0.0,0.0,0.0,60.4,1.01,0.0,1.01,0.0,0.0,42.42,0.0,0.0,0.0,55.56,0.0,0.0,0.0,0.0,0.0,47.0,0.0,0.0,0.0,53.0,0.0,0.0,1.01,0.0,0.0,0.0,0.0,0.0,0.0,98.99,1.01,0.0,0.0,0.0,0.0,0.0,0.0,0.0,0.0,98.99,0.0,0.0,0.0,0.0,0.0,0.0,0.0,0.0,0.0,100.0,1.01,0.0,0.0,0.0,0.0,0.0,0.0,0.0,0.0,98.99,0.0,0.0,0.0,0.0,0.0,0.0,0.0,0.0,0.0,100.0,0.0,0.0,0.0,0.0,0.0,0.0,0.0,0.0,0.0,100.0,0.0,0.0,0.0,0.0,0.0,0.0,0.0,0.0,0.0,100.0,0.0,0.0,0.0,0.0,0.0,0.0,0.0,0.0,0.0,100.0
290,0.0,0.0,0.0,0.0,0.0,94.0,0.0,0.0,0.0,6.0,0.0,0.0,0.0,0.0,0.0,100.0,0.0,0.0,0.0,0.0,0.0,0.0,0.0,0.0,0.0,90.1,0.0,0.0,0.0,9.9,0.0,0.0,0.0,0.0,0.0,64.65,0.0,0.0,0.0,35.35,0.0,0.0,0.0,0.0,0.0,97.03,0.0,0.0,0.0,2.97,0.0,0.0,0.0,0.0,0.0,84.0,0.0,0.0,0.0,16.0,0.0,0.0,0.0,0.0,0.0,82.65,0.0,0.0,0.0,17.35,0.0,0.0,0.0,0.0,0.0,100.0,0.0,0.0,0.0,0.0,0.0,0.0,0.0,0.0,0.0,63.0,0.0,0.0,0.0,37.0,0.0,0.0,0.0,0.0,0.0,15.15,0.0,0.0,0.0,84.85,0.99,0.0,0.0,9.9,0.0,33.66,0.0,0.0,0.0,55.45,0.0,0.0,1.0,0.0,0.0,55.0,0.0,0.0,0.0,44.0,2.0,0.0,1.0,1.0,0.0,33.0,0.0,0.0,0.0,63.0,0.0,0.0,0.0,0.0,0.0,39.39,0.0,0.0,0.0,60.61,0.0,0.0,0.0,1.01,0.0,41.41,0.0,0.0,0.0,57.58,1.0,0.0,0.0,0.0,0.0,48.0,0.0,0.0,0.0,51.0,1.01,0.0,0.0,0.0,0.0,0.0,0.0,0.0,0.0,98.99,0.0,0.0,0.0,0.0,0.0,0.0,0.0,0.0,0.0,100.0,0.0,0.0,0.0,0.0,0.0,0.0,0.0,0.0,0.0,100.0,0.0,0.0,0.0,0.0,0.0,0.0,0.0,0.0,0.0,100.0,0.0,0.0,1.0,0.0,0.0,0.0,0.0,0.0,0.0,99.0,0.0,0.0,0.0,0.0,0.0,0.0,0.0,0.0,0.0,100.0,0.0,0.0,0.0,0.0,0.0,0.0,0.0,0.0,0.0,100.0,0.0,0.0,0.0,0.0,0.0,0.0,0.0,0.0,0.0,100.0
291,0.0,0.0,0.0,0.0,0.0,92.0,0.0,0.0,0.0,8.0,0.0,0.0,0.0,0.0,0.0,100.0,0.0,0.0,0.0,0.0,0.0,0.0,0.0,0.0,0.0,91.09,0.0,0.0,0.0,8.91,0.0,0.0,0.0,0.0,0.0,65.69,0.0,0.0,0.0,34.31,0.0,0.0,0.0,0.0,0.0,95.1,0.0,0.0,0.0,4.9,0.0,0.0,0.0,0.0,0.0,82.83,0.0,0.0,0.0,17.17,0.0,0.0,0.0,0.0,0.0,82.83,0.0,0.0,0.0,17.17,0.0,0.0,0.0,0.0,0.0,100.0,0.0,0.0,0.0,0.0,0.0,0.0,0.0,0.0,0.0,62.63,0.0,0.0,0.0,37.37,1.0,0.0,0.0,0.0,0.0,15.0,0.0,0.0,0.0,84.0,0.0,0.0,0.0,0.0,0.0,34.0,0.0,0.0,0.0,66.0,0.0,0.0,0.0,0.0,0.0,54.46,0.0,0.0,0.0,45.54,1.02,0.0,1.02,0.0,0.0,31.63,0.0,0.0,0.0,66.33,0.0,0.0,0.0,0.0,0.0,39.0,0.0,0.0,0.0,61.0,0.0,0.0,0.0,11.11,0.0,41.41,0.0,0.0,0.0,47.47,0.0,0.0,0.0,0.0,0.0,48.51,0.0,0.0,0.0,51.49,1.0,0.0,0.0,0.0,0.0,1.0,0.0,0.0,0.0,98.0,0.0,0.0,1.0,0.0,0.0,0.0,0.0,0.0,0.0,99.0,0.0,0.0,0.0,0.0,0.0,0.0,0.0,0.0,0.0,100.0,0.99,0.0,0.99,0.0,0.0,0.0,0.0,0.0,0.0,98.02,1.0,0.0,0.0,0.0,0.0,0.0,0.0,0.0,0.0,99.0,0.0,0.0,0.0,0.0,0.0,0.0,0.0,0.0,0.0,100.0,0.0,0.0,0.0,0.0,0.0,0.0,0.0,0.0,0.0,100.0,0.0,0.0,0.0,0.0,0.0,0.0,0.0,0.0,0.0,100.0
292,0.0,0.0,0.0,0.0,0.0,92.0,0.0,0.0,0.0,8.0,0.0,0.0,0.0,0.0,0.0,100.0,0.0,0.0,0.0,0.0,0.0,0.0,0.0,0.0,0.0,90.1,0.0,0.0,0.0,9.9,0.0,0.0,0.0,0.0,0.0,64.29,0.0,0.0,0.0,35.71,0.0,0.0,0.0,0.0,0.0,95.05,0.0,0.0,0.0,4.95,0.0,0.0,0.0,0.0,0.0,82.47,0.0,0.0,0.0,17.53,0.0,0.0,0.0,0.0,0.0,82.83,0.0,0.0,0.0,17.17,0.0,0.0,0.0,0.0,0.0,100.0,0.0,0.0,0.0,0.0,1.01,0.0,0.0,0.0,0.0,62.63,0.0,0.0,0.0,36.36,0.0,0.0,0.0,0.0,0.0,16.0,0.0,0.0,0.0,84.0,1.0,0.0,1.0,0.0,0.0,33.0,0.0,0.0,0.0,65.0,0.0,0.0,0.0,0.0,0.0,53.0,0.0,0.0,0.0,47.0,0.99,0.0,0.0,3.96,0.0,34.65,0.0,0.0,0.0,60.4,0.0,0.0,0.0,0.0,0.0,40.0,0.0,0.0,0.0,60.0,1.01,0.0,0.0,4.04,0.0,41.41,0.0,0.0,0.0,53.54,0.0,0.0,0.0,3.0,0.0,48.0,0.0,0.0,0.0,49.0,0.0,0.0,0.0,0.0,0.0,0.0,0.0,0.0,0.0,100.0,1.0,0.0,0.0,0.0,0.0,0.0,0.0,0.0,0.0,99.0,0.0,0.0,0.0,0.0,0.0,0.0,0.0,0.0,0.0,100.0,0.0,0.0,0.0,0.0,0.0,0.0,0.0,0.0,0.0,100.0,0.0,0.0,1.0,0.0,0.0,0.0,0.0,0.0,0.0,99.0,0.0,0.0,0.0,0.0,0.0,0.0,0.0,0.0,0.0,100.0,0.0,0.0,0.0,0.0,0.0,0.0,0.0,0.0,0.0,100.0,0.0,0.0,0.0,0.0,0.0,0.0,0.0,0.0,0.0,100.0
293,0.0,0.0,0.0,0.0,0.0,93.0,0.0,0.0,0.0,7.0,0.0,0.0,0.0,0.0,0.0,100.0,0.0,0.0,0.0,0.0,0.0,0.0,1.0,0.0,0.0,90.0,0.0,0.0,0.0,9.0,0.0,0.0,0.0,0.0,0.0,64.65,0.0,0.0,0.0,35.35,0.0,0.0,0.0,0.0,0.0,96.0,0.0,0.0,0.0,4.0,0.0,0.0,0.0,0.0,0.0,84.69,0.0,0.0,0.0,15.31,0.0,0.0,0.0,0.0,0.0,84.16,0.0,0.0,0.0,15.84,0.0,0.0,0.0,0.0,0.0,100.0,0.0,0.0,0.0,0.0,0.0,0.0,0.0,0.0,0.0,63.37,0.0,0.0,0.0,36.63,1.0,0.0,0.0,0.0,0.0,15.0,0.0,0.0,0.0,84.0,0.98,0.0,0.0,0.0,0.0,34.31,0.0,0.0,0.0,64.71,0.0,0.0,0.0,0.0,0.0,51.55,0.0,0.0,0.0,48.45,0.0,0.0,1.01,6.06,0.0,35.35,0.0,0.0,0.0,57.58,0.0,0.0,0.0,0.0,0.0,39.0,0.0,0.0,0.0,61.0,0.98,0.0,0.98,0.0,0.0,44.12,0.0,0.0,0.0,53.92,0.0,0.0,0.0,4.0,0.0,50.0,0.0,0.0,0.0,46.0,0.0,0.0,0.0,0.0,0.0,0.0,0.0,0.0,0.0,100.0,0.0,0.0,0.0,0.0,0.0,0.0,0.0,0.0,0.0,100.0,1.0,0.0,0.0,0.0,0.0,0.0,0.0,0.0,0.0,99.0,0.0,0.0,0.0,0.0,0.0,0.0,0.0,0.0,0.0,100.0,0.0,0.0,0.99,0.0,0.0,0.0,0.0,0.0,0.0,99.01,0.0,0.0,0.0,0.0,0.0,0.0,0.0,0.0,0.0,100.0,0.0,0.0,0.0,0.0,0.0,0.0,0.0,0.0,0.0,100.0,0.0,0.0,0.0,0.0,0.0,0.0,0.0,0.0,0.0,100.0
294,0.0,0.0,0.0,0.0,0.0,88.12,0.0,0.0,0.0,11.88,0.0,0.0,0.0,0.0,0.0,100.0,0.0,0.0,0.0,0.0,0.0,0.0,0.0,0.0,0.0,89.11,0.0,0.0,0.0,10.89,0.0,0.0,0.0,0.0,0.0,64.36,0.0,0.0,0.0,35.64,0.0,0.0,0.0,0.0,0.0,93.94,0.0,0.0,0.0,6.06,0.0,0.0,0.0,0.0,0.0,81.44,0.0,0.0,0.0,18.56,0.0,0.0,0.0,0.0,0.0,82.18,0.0,0.0,0.0,17.82,0.0,0.0,0.0,0.0,0.0,100.0,0.0,0.0,0.0,0.0,2.04,0.0,1.02,0.0,0.0,61.22,0.0,0.0,0.0,35.71,0.0,0.0,0.0,0.0,0.0,14.29,0.0,0.0,0.0,85.71,0.0,0.0,0.0,0.0,0.0,32.0,0.0,0.0,0.0,68.0,0.0,0.0,0.0,0.0,0.0,52.53,0.0,0.0,0.0,47.47,1.0,0.0,0.0,7.0,0.0,32.0,0.0,0.0,0.0,60.0,0.0,0.0,0.0,0.0,0.0,39.6,0.0,0.0,0.0,60.4,0.0,0.0,1.0,0.0,0.0,41.0,0.0,0.0,0.0,58.0,0.0,0.0,0.0,3.96,0.0,48.51,0.0,0.0,0.0,47.52,1.0,0.0,0.0,0.0,0.0,0.0,0.0,0.0,0.0,99.0,0.0,0.0,0.0,0.0,0.0,0.0,0.0,0.0,0.0,100.0,0.0,0.0,1.0,0.0,0.0,0.0,0.0,0.0,0.0,99.0,0.0,0.0,0.0,0.0,0.0,0.0,0.0,0.0,0.0,100.0,0.0,0.0,0.0,0.0,0.0,0.0,0.0,0.0,0.0,100.0,0.0,0.0,0.0,0.0,0.0,0.0,0.0,0.0,0.0,100.0,0.0,0.0,0.0,0.0,0.0,0.0,0.0,0.0,0.0,100.0,0.0,0.0,0.0,0.0,0.0,0.0,0.0,0.0,0.0,100.0
295,0.0,0.0,0.0,0.0,0.0,86.6,0.0,0.0,0.0,13.4,0.0,0.0,0.0,0.0,0.0,100.0,0.0,0.0,0.0,0.0,0.0,0.0,0.0,0.0,0.0,88.66,0.0,0.0,0.0,11.34,0.0,0.0,0.99,0.0,0.0,63.37,0.0,0.0,0.0,35.64,0.0,0.0,0.0,0.0,0.0,92.0,0.0,0.0,0.0,8.0,0.0,0.0,0.0,0.0,0.0,79.55,0.0,0.0,0.0,20.45,0.0,0.0,0.0,0.0,0.0,81.19,0.0,0.0,0.0,18.81,0.0,0.0,0.0,0.0,0.0,100.0,0.0,0.0,0.0,0.0,0.0,0.0,0.0,0.0,0.0,61.39,0.0,0.0,0.0,38.61,0.0,0.0,0.99,0.0,0.0,14.85,0.0,0.0,0.0,84.16,0.0,0.0,1.0,0.0,0.0,30.0,0.0,0.0,0.0,69.0,0.0,0.0,0.0,0.0,0.0,48.0,0.0,0.0,0.0,52.0,1.01,0.0,1.01,0.0,0.0,32.32,0.0,0.0,0.0,65.66,0.0,0.0,0.0,0.0,0.0,37.37,0.0,0.0,0.0,62.63,0.0,0.0,0.0,0.0,0.0,40.62,0.0,0.0,0.0,59.38,1.01,0.0,0.0,4.04,0.0,46.46,0.0,0.0,0.0,48.48,0.0,0.0,1.0,9.0,0.0,0.0,0.0,0.0,0.0,90.0,0.0,0.0,0.0,0.0,0.0,0.0,0.0,0.0,0.0,100.0,0.0,0.0,0.0,0.0,0.0,0.0,0.0,0.0,0.0,100.0,0.0,0.0,0.0,0.0,0.0,0.0,0.0,0.0,0.0,100.0,0.0,0.0,0.0,0.0,0.0,0.0,0.0,0.0,0.0,100.0,0.0,0.0,0.0,0.0,0.0,0.0,0.0,0.0,0.0,100.0,0.0,0.0,0.99,0.0,0.0,0.0,0.0,0.0,0.0,99.01,0.0,0.0,0.0,0.0,0.0,0.0,0.0,0.0,0.0,100.0
296,0.0,0.0,0.0,0.0,0.0,84.38,0.0,0.0,0.0,15.62,0.0,0.0,0.0,0.0,0.0,100.0,0.0,0.0,0.0,0.0,0.0,0.0,0.0,0.0,0.0,87.88,0.0,0.0,0.0,12.12,0.0,0.0,0.0,0.0,0.0,63.37,0.0,0.0,0.0,36.63,0.0,0.0,0.99,0.0,0.0,92.08,0.0,0.0,0.0,6.93,0.0,0.0,0.0,0.0,0.0,80.61,0.0,0.0,0.0,19.39,0.0,0.0,0.0,0.0,0.0,81.63,0.0,0.0,0.0,18.37,0.0,0.0,0.0,0.0,0.0,100.0,0.0,0.0,0.0,0.0,0.0,0.0,0.0,0.0,0.0,61.0,0.0,0.0,0.0,39.0,0.0,0.0,0.0,0.0,0.0,14.14,0.0,0.0,0.0,85.86,0.0,0.0,0.0,0.0,0.0,30.3,0.0,0.0,0.0,69.7,0.0,0.0,0.0,0.0,0.0,46.46,0.0,0.0,0.0,53.54,0.0,0.0,0.0,0.0,0.0,32.67,0.0,0.0,0.0,67.33,0.0,0.0,0.0,0.0,0.0,38.61,0.0,0.0,0.0,61.39,0.0,0.0,0.0,0.0,0.0,40.4,0.0,0.0,0.0,59.6,0.99,0.0,0.99,0.0,0.0,45.54,0.0,0.0,0.0,52.48,0.0,0.0,0.0,18.18,0.0,0.0,0.0,0.0,0.0,81.82,1.0,0.0,1.0,0.0,0.0,0.0,0.0,0.0,0.0,98.0,0.0,0.0,0.0,0.0,0.0,0.0,0.0,0.0,0.0,100.0,0.0,0.0,0.0,0.0,0.0,0.0,0.0,0.0,0.0,100.0,0.99,0.0,0.99,0.0,0.0,0.0,0.0,0.0,0.0,98.02,0.0,0.0,0.0,0.0,0.0,0.0,0.0,0.0,0.0,100.0,1.01,0.0,1.01,1.01,0.0,0.0,0.0,0.0,0.0,96.97,0.0,0.0,0.0,0.0,0.0,0.0,0.0,0.0,0.0,100.0
297,0.0,0.0,0.0,0.0,0.0,91.0,0.0,0.0,0.0,9.0,0.0,0.0,0.0,0.0,0.0,100.0,0.0,0.0,0.0,0.0,0.0,0.0,0.0,0.0,0.0,90.1,0.0,0.0,0.0,9.9,0.0,0.0,0.0,0.0,0.0,65.38,0.0,0.0,0.0,34.62,0.0,0.0,0.0,0.0,0.0,94.06,0.0,0.0,0.0,5.94,0.0,0.0,0.0,0.0,0.0,82.98,0.0,0.0,0.0,17.02,0.0,0.0,0.0,0.0,0.0,83.0,0.0,0.0,0.0,17.0,0.0,0.0,0.0,0.0,0.0,100.0,0.0,0.0,0.0,0.0,1.01,0.0,0.0,0.0,0.0,60.61,0.0,0.0,0.0,38.38,0.0,0.0,0.0,0.0,0.0,15.0,0.0,0.0,0.0,85.0,0.0,0.0,0.0,0.0,0.0,30.0,0.0,0.0,0.0,70.0,0.0,0.0,0.0,0.0,0.0,47.47,0.0,0.0,0.0,52.53,0.0,0.0,0.99,0.0,0.0,32.67,0.0,0.0,0.0,66.34,0.0,0.0,0.0,0.0,0.0,38.38,0.0,0.0,0.0,61.62,1.02,0.0,0.0,0.0,0.0,41.84,0.0,0.0,0.0,57.14,0.0,0.0,0.0,0.0,0.0,49.5,0.0,0.0,0.0,50.5,1.01,0.0,0.0,12.12,0.0,0.0,0.0,0.0,0.0,86.87,0.0,0.0,0.0,0.0,0.0,0.0,0.0,0.0,0.0,100.0,0.0,0.0,0.0,0.0,0.0,0.0,0.0,0.0,0.0,100.0,1.01,0.0,0.0,0.0,0.0,0.0,0.0,0.0,0.0,98.99,0.0,0.0,0.0,0.0,0.0,0.0,0.0,0.0,0.0,100.0,0.0,0.0,0.0,0.0,0.0,0.0,0.0,0.0,0.0,100.0,2.0,0.0,1.0,0.0,0.0,0.0,0.0,0.0,0.0,97.0,0.99,0.0,0.99,4.95,0.0,0.0,0.0,0.0,0.0,93.07
298,0.0,0.0,0.0,0.0,0.0,88.89,0.0,0.0,0.0,11.11,0.0,0.0,0.0,0.0,0.0,100.0,0.0,0.0,0.0,0.0,0.0,0.0,0.0,0.0,0.0,89.9,0.0,0.0,0.0,10.1,0.0,0.0,0.0,0.0,0.0,64.0,0.0,0.0,0.0,36.0,0.0,0.0,0.0,0.0,0.0,94.06,0.0,0.0,0.0,5.94,0.0,0.0,0.0,0.0,0.0,81.63,0.0,0.0,0.0,18.37,0.0,0.0,0.0,0.0,0.0,82.18,0.0,0.0,0.0,17.82,0.0,0.0,0.0,0.0,0.0,100.0,0.0,0.0,0.0,0.0,1.0,0.0,0.0,0.0,0.0,61.0,0.0,0.0,0.0,38.0,0.99,0.0,0.0,0.0,0.0,14.85,0.0,0.0,0.0,84.16,0.0,0.0,0.0,0.0,0.0,30.0,0.0,0.0,0.0,70.0,0.0,0.0,0.0,0.0,0.0,47.52,0.0,0.0,0.0,52.48,1.0,0.0,0.0,0.0,0.0,33.0,0.0,0.0,0.0,66.0,0.0,0.0,0.0,0.0,0.0,38.0,0.0,0.0,0.0,62.0,1.0,0.0,1.0,0.0,0.0,40.0,0.0,0.0,0.0,58.0,0.0,0.0,0.0,0.0,0.0,48.0,0.0,0.0,0.0,52.0,0.0,0.0,0.0,0.0,0.0,0.0,0.0,0.0,0.0,100.0,1.01,0.0,0.0,0.0,0.0,0.0,0.0,0.0,0.0,98.99,0.0,0.0,1.0,0.0,0.0,0.0,0.0,0.0,0.0,99.0,0.0,0.0,0.99,0.0,0.0,0.0,0.0,0.0,0.0,99.01,0.0,0.0,0.0,5.0,0.0,0.0,0.0,0.0,0.0,95.0,0.0,0.0,0.0,0.0,0.0,0.0,0.0,0.0,0.0,100.0,1.0,0.0,2.0,0.0,0.0,0.0,0.0,0.0,0.0,97.0,0.0,0.0,0.0,13.27,0.0,0.0,0.0,0.0,0.0,86.73
299,0.0,0.0,0.0,0.0,0.0,89.11,0.0,0.0,0.0,10.89,0.0,0.0,0.0,0.0,0.0,100.0,0.0,0.0,0.0,0.0,0.0,0.0,0.0,0.0,0.0,90.0,0.0,0.0,0.0,10.0,0.0,0.0,0.0,0.0,0.0,66.02,0.0,0.0,0.0,33.98,0.0,0.0,0.0,0.0,0.0,95.0,0.0,0.0,0.0,5.0,0.0,0.0,0.0,0.0,0.0,82.65,0.0,0.0,0.0,17.35,0.0,0.0,0.0,0.0,0.0,82.83,0.0,0.0,0.0,17.17,0.0,0.0,0.0,0.0,0.0,100.0,0.0,0.0,0.0,0.0,0.0,0.0,0.0,0.0,0.0,62.63,0.0,0.0,0.0,37.37,1.0,0.0,2.0,0.0,0.0,15.0,0.0,0.0,0.0,82.0,0.0,0.0,0.0,0.0,0.0,31.31,0.0,0.0,0.0,68.69,0.0,0.0,0.0,0.0,0.0,51.49,0.0,0.0,0.0,48.51,0.0,0.0,0.0,0.0,0.0,34.0,0.0,0.0,0.0,66.0,0.0,0.0,0.0,0.0,0.0,39.6,0.0,0.0,0.0,60.4,1.01,0.0,0.0,0.0,0.0,42.42,0.0,0.0,0.0,56.57,0.0,0.0,0.0,0.0,0.0,48.48,0.0,0.0,0.0,51.52,0.0,0.0,1.0,0.0,0.0,0.0,0.0,0.0,0.0,99.0,0.0,0.0,0.0,0.0,0.0,0.0,0.0,0.0,0.0,100.0,1.0,0.0,0.0,0.0,0.0,0.0,0.0,0.0,0.0,99.0,0.0,0.0,0.0,0.0,0.0,0.0,0.0,0.0,0.0,100.0,0.0,0.0,0.0,13.27,0.0,0.0,0.0,0.0,0.0,86.73,0.0,0.0,0.0,0.0,0.0,0.0,0.0,0.0,0.0,100.0,0.0,0.0,0.0,0.0,0.0,0.0,0.0,0.0,0.0,100.0,0.0,0.0,0.0,3.96,0.0,0.0,0.0,0.0,0.0,96.04
300,0.0,0.0,0.0,0.0,0.0,91.0,0.0,0.0,0.0,9.0,0.0,0.0,0.0,0.0,0.0,100.0,0.0,0.0,0.0,0.0,0.0,0.0,0.0,0.0,0.0,90.1,0.0,0.0,0.0,9.9,0.0,0.0,0.0,0.0,0.0,65.38,0.0,0.0,0.0,34.62,0.0,0.0,0.0,0.0,0.0,95.1,0.0,0.0,0.0,4.9,0.0,0.0,0.0,0.0,0.0,83.33,0.0,0.0,0.0,16.67,0.0,0.0,0.0,0.0,0.0,82.83,0.0,0.0,0.0,17.17,0.0,0.0,0.0,0.0,0.0,100.0,0.0,0.0,0.0,0.0,1.0,0.0,0.0,0.0,0.0,62.0,0.0,0.0,0.0,37.0,1.0,0.0,1.0,0.0,0.0,15.0,0.0,0.0,0.0,83.0,1.0,0.0,0.0,0.0,0.0,32.0,0.0,0.0,0.0,67.0,0.0,0.0,0.0,0.0,0.0,49.5,0.0,0.0,0.0,50.5,0.0,0.0,0.99,0.0,0.0,34.65,0.0,0.0,0.0,64.36,0.0,0.0,0.0,0.0,0.0,39.39,0.0,0.0,0.0,60.61,0.0,0.0,0.0,0.0,0.0,41.0,0.0,0.0,0.0,59.0,0.0,0.0,0.0,0.0,0.0,48.0,0.0,0.0,0.0,52.0,0.0,0.0,0.0,0.0,0.0,0.0,0.0,0.0,0.0,100.0,1.0,0.0,0.0,0.0,0.0,0.0,0.0,0.0,0.0,99.0,0.0,0.0,0.0,0.0,0.0,0.0,0.0,0.0,0.0,100.0,0.0,0.0,0.0,0.0,0.0,0.0,0.0,0.0,0.0,100.0,0.0,0.0,1.0,0.0,0.0,0.0,0.0,0.0,0.0,99.0,0.0,0.0,0.99,0.0,0.0,0.0,0.0,0.0,0.0,99.01,0.0,0.0,0.0,0.0,0.0,0.0,0.0,0.0,0.0,100.0,0.0,0.0,1.0,18.0,0.0,0.0,0.0,0.0,0.0,81.0
301,0.0,0.0,0.0,0.0,0.0,91.09,0.0,0.0,0.0,8.91,0.0,0.0,0.0,0.0,0.0,100.0,0.0,0.0,0.0,0.0,0.0,0.0,0.0,0.0,0.0,90.0,0.0,0.0,0.0,10.0,0.0,0.0,0.0,0.0,0.0,65.35,0.0,0.0,0.0,34.65,0.0,0.0,0.0,0.0,0.0,95.1,0.0,0.0,0.0,4.9,0.0,0.0,0.0,0.0,0.0,82.29,0.0,0.0,0.0,17.71,0.0,0.0,0.0,0.0,0.0,83.0,0.0,0.0,0.0,17.0,0.0,0.0,0.0,0.0,0.0,100.0,0.0,0.0,0.0,0.0,0.99,0.0,0.0,0.0,0.0,61.39,0.0,0.0,0.0,37.62,0.0,0.0,0.99,0.0,0.0,15.84,0.0,0.0,0.0,83.17,0.0,0.0,1.0,0.0,0.0,31.0,0.0,0.0,0.0,68.0,0.0,0.0,0.0,0.0,0.0,48.48,0.0,0.0,0.0,51.52,0.0,0.0,0.0,0.0,0.0,34.65,0.0,0.0,0.0,65.35,0.0,0.0,0.0,0.0,0.0,39.39,0.0,0.0,0.0,60.61,0.0,0.0,0.0,0.0,0.0,41.41,0.0,0.0,0.0,58.59,0.98,0.0,0.0,0.0,0.0,48.04,0.0,0.0,0.0,50.98,0.0,0.0,0.0,0.0,0.0,0.0,0.0,0.0,0.0,100.0,0.0,0.0,0.0,0.0,0.0,0.0,0.0,0.0,0.0,100.0,0.0,0.0,0.0,0.0,0.0,0.0,0.0,0.0,0.0,100.0,0.99,0.0,0.0,0.0,0.0,0.0,0.0,0.0,0.0,99.01,1.0,0.0,0.0,18.0,0.0,0.0,0.0,0.0,0.0,81.0,0.0,0.0,0.0,0.0,0.0,0.0,0.0,0.0,0.0,100.0,0.0,0.0,0.0,0.0,0.0,0.0,0.0,0.0,0.0,100.0,1.01,0.0,1.01,0.0,0.0,0.0,0.0,0.0,0.0,97.98
302,0.0,0.0,0.0,0.0,0.0,88.78,0.0,0.0,0.0,11.22,0.0,0.0,0.0,0.0,0.0,100.0,0.0,0.0,0.0,0.0,0.0,0.0,0.0,0.0,0.0,89.11,0.0,0.0,0.0,10.89,0.0,0.0,0.0,0.0,0.0,64.0,0.0,0.0,0.0,36.0,0.0,0.0,0.0,0.0,0.0,94.06,0.0,0.0,0.0,5.94,0.0,0.0,0.0,0.0,0.0,80.85,0.0,0.0,0.0,19.15,0.0,0.0,0.0,0.0,0.0,82.35,0.0,0.0,0.0,17.65,0.0,0.0,0.0,0.0,0.0,100.0,0.0,0.0,0.0,0.0,0.0,0.0,0.0,0.0,0.0,61.62,0.0,0.0,0.0,38.38,0.0,0.0,0.0,0.0,0.0,15.0,0.0,0.0,0.0,85.0,0.0,0.0,0.0,0.0,0.0,31.31,0.0,0.0,0.0,68.69,0.0,0.0,0.0,0.0,0.0,48.51,0.0,0.0,0.0,51.49,0.0,0.0,0.0,0.0,0.0,32.32,0.0,0.0,0.0,67.68,0.99,0.0,0.99,0.0,0.0,38.61,0.0,0.0,0.0,59.41,0.0,0.0,0.0,0.0,0.0,40.4,0.0,0.0,0.0,59.6,0.0,0.0,0.0,0.0,0.0,46.46,0.0,0.0,0.0,53.54,1.0,0.0,0.0,0.0,0.0,0.0,0.0,0.0,0.0,99.0,0.0,0.0,0.99,0.0,0.0,0.0,0.0,0.0,0.0,99.01,0.0,0.0,1.0,0.0,0.0,0.0,0.0,0.0,0.0,99.0,0.0,0.0,0.0,0.0,0.0,0.0,0.0,0.0,0.0,100.0,1.01,0.0,1.01,2.02,0.0,0.0,0.0,0.0,0.0,95.96,0.0,0.0,0.0,6.0,0.0,0.0,0.0,0.0,0.0,94.0,0.0,0.0,0.0,0.0,0.0,0.0,0.0,0.0,0.0,100.0,1.01,0.0,1.01,9.09,0.0,0.0,0.0,0.0,0.0,88.89
303,0.0,0.0,0.0,0.0,0.0,91.09,0.0,0.0,0.0,8.91,0.0,0.0,0.0,0.0,0.0,100.0,0.0,0.0,0.0,0.0,0.0,0.0,0.0,0.0,0.0,91.09,0.0,0.0,0.0,8.91,0.0,0.0,0.0,0.0,0.0,64.65,0.0,0.0,0.0,35.35,0.0,0.0,0.0,0.0,0.0,94.95,0.0,0.0,0.0,5.05,0.0,0.0,0.0,0.0,0.0,83.67,0.0,0.0,0.0,16.33,0.0,0.0,0.0,0.0,0.0,82.83,0.0,0.0,0.0,17.17,0.0,0.0,0.0,0.0,0.0,100.0,0.0,0.0,0.0,0.0,0.0,0.0,0.99,0.0,0.0,62.38,0.0,0.0,0.0,36.63,1.01,0.0,1.01,0.0,0.0,15.15,0.0,0.0,0.0,82.83,1.01,0.0,0.0,0.0,0.0,32.32,0.0,0.0,0.0,66.67,0.0,0.0,0.0,0.0,0.0,54.0,0.0,0.0,0.0,46.0,1.0,0.0,0.0,0.0,0.0,32.0,0.0,0.0,0.0,67.0,0.0,0.0,0.0,0.0,0.0,39.6,0.0,0.0,0.0,60.4,0.0,0.0,1.0,0.0,0.0,42.0,0.0,0.0,0.0,57.0,0.0,0.0,0.0,0.0,0.0,48.48,0.0,0.0,0.0,51.52,0.0,0.0,0.0,0.0,0.0,0.0,0.0,0.0,0.0,100.0,0.0,0.0,0.0,0.0,0.0,0.0,0.0,0.0,0.0,100.0,0.0,0.0,0.0,0.0,0.0,0.0,0.0,0.0,0.0,100.0,0.0,0.0,0.0,0.0,0.0,0.0,0.0,0.0,0.0,100.0,0.0,0.0,1.0,0.0,0.0,0.0,0.0,0.0,0.0,99.0,0.0,0.0,0.0,18.0,0.0,0.0,0.0,0.0,0.0,82.0,0.99,0.0,0.0,0.0,0.0,0.0,0.0,0.0,0.0,99.01,1.01,0.0,0.0,0.0,0.0,0.0,0.0,0.0,0.0,98.99
304,0.0,0.0,0.0,0.0,0.0,92.08,0.0,0.0,0.0,7.92,0.0,0.0,0.0,0.0,0.0,100.0,0.0,0.0,0.0,0.0,0.0,0.0,0.0,0.0,0.0,90.1,0.0,0.0,0.0,9.9,0.0,0.0,0.0,0.0,0.0,63.54,0.0,0.0,0.0,36.46,0.0,0.0,0.0,0.0,0.0,96.08,0.0,0.0,0.0,3.92,0.0,0.0,0.0,0.0,0.0,83.16,0.0,0.0,0.0,16.84,0.0,0.0,0.0,0.0,0.0,84.0,0.0,0.0,0.0,16.0,0.0,0.0,0.0,0.0,0.0,100.0,0.0,0.0,0.0,0.0,0.99,0.0,0.0,0.0,0.0,62.38,0.0,0.0,0.0,36.63,1.01,0.0,1.01,0.0,0.0,14.14,0.0,0.0,0.0,83.84,1.0,0.0,0.0,0.0,0.0,33.0,0.0,0.0,0.0,66.0,0.0,0.0,0.0,0.0,0.0,52.0,0.0,0.0,0.0,48.0,0.0,0.0,0.0,0.0,0.0,32.65,0.0,0.0,0.0,67.35,0.0,0.0,0.0,0.0,0.0,39.39,0.0,0.0,0.0,60.61,0.0,0.0,0.0,0.0,0.0,41.41,0.0,0.0,0.0,58.59,0.0,0.0,0.0,0.0,0.0,48.0,0.0,0.0,0.0,52.0,0.0,0.0,0.0,0.0,0.0,0.0,0.0,0.0,0.0,100.0,0.0,0.0,0.0,0.0,0.0,0.0,0.0,0.0,0.0,100.0,0.99,0.0,0.0,0.0,0.0,0.0,0.0,0.0,0.0,99.01,0.0,0.0,0.99,0.0,0.0,0.0,0.0,0.0,0.0,99.01,1.01,0.0,0.0,0.0,0.0,0.0,0.0,0.0,0.0,98.99,0.0,0.0,1.0,18.0,0.0,0.0,0.0,0.0,0.0,81.0,0.0,0.0,0.0,0.0,0.0,0.0,0.0,0.0,0.0,100.0,0.0,0.0,0.0,0.0,0.0,0.0,0.0,0.0,0.0,100.0
305,0.0,0.0,0.0,0.0,0.0,89.9,0.0,0.0,0.0,10.1,0.0,0.0,0.0,0.0,0.0,100.0,0.0,0.0,0.0,0.0,0.0,0.0,0.0,0.0,0.0,90.0,0.0,0.0,0.0,10.0,0.0,0.0,0.0,0.0,0.0,65.05,0.0,0.0,0.0,34.95,0.0,0.0,0.0,0.0,0.0,94.06,0.0,0.0,0.0,5.94,0.0,0.0,0.0,0.0,0.0,82.83,0.0,0.0,0.0,17.17,0.0,0.0,0.0,0.0,0.0,82.0,0.0,0.0,0.0,18.0,0.0,0.0,0.0,0.0,0.0,100.0,0.0,0.0,0.0,0.0,0.0,0.0,0.0,0.0,0.0,62.38,0.0,0.0,0.0,37.62,0.0,0.0,0.0,0.0,0.0,15.84,0.0,0.0,0.0,84.16,0.0,0.0,0.99,0.0,0.0,31.68,0.0,0.0,0.0,67.33,0.0,0.0,0.0,0.0,0.0,48.0,0.0,0.0,0.0,52.0,0.99,0.0,0.0,0.0,0.0,32.67,0.0,0.0,0.0,66.34,0.0,0.0,0.0,0.0,0.0,39.6,0.0,0.0,0.0,60.4,1.01,0.0,0.0,0.0,0.0,41.41,0.0,0.0,0.0,57.58,0.0,0.0,0.0,0.0,0.0,48.04,0.0,0.0,0.0,51.96,1.01,0.0,1.01,0.0,0.0,0.0,0.0,0.0,0.0,97.98,0.98,0.0,0.98,0.0,0.0,0.0,0.0,0.0,0.0,98.04,0.0,0.0,1.0,0.0,0.0,0.0,0.0,0.0,0.0,99.0,0.0,0.0,0.0,0.0,0.0,0.0,0.0,0.0,0.0,100.0,0.0,0.0,0.0,0.0,0.0,0.0,0.0,0.0,0.0,100.0,0.99,0.0,0.0,17.82,0.0,0.0,0.0,0.0,0.0,81.19,0.0,0.0,0.0,0.0,0.0,0.0,0.0,0.0,0.0,100.0,1.0,0.0,1.0,0.0,0.0,0.0,0.0,0.0,0.0,98.0
306,0.0,0.0,0.0,0.0,0.0,87.0,0.0,0.0,0.0,13.0,0.0,0.0,0.0,0.0,0.0,100.0,0.0,0.0,0.0,0.0,0.0,0.0,0.0,0.0,0.0,89.0,0.0,0.0,0.0,11.0,0.0,0.0,0.0,0.0,0.0,64.0,0.0,0.0,0.0,36.0,0.0,0.0,0.0,0.0,0.0,93.07,0.0,0.0,0.0,6.93,0.0,0.0,0.0,0.0,0.0,81.44,0.0,0.0,0.0,18.56,0.0,0.0,0.0,0.0,0.0,82.18,0.0,0.0,0.0,17.82,0.0,0.0,0.99,0.0,0.0,99.01,0.0,0.0,0.0,0.0,0.0,0.0,0.0,0.0,0.0,61.0,0.0,0.0,0.0,39.0,0.0,0.0,0.0,0.0,0.0,14.14,0.0,0.0,0.0,85.86,1.0,0.0,0.0,0.0,0.0,31.0,0.0,0.0,0.0,68.0,0.0,0.0,0.0,0.0,0.0,47.06,0.0,0.0,0.0,52.94,0.98,0.0,0.98,0.0,0.0,33.33,0.0,0.0,0.0,64.71,0.0,0.0,0.0,0.0,0.0,38.61,0.0,0.0,0.0,61.39,1.0,0.0,0.0,0.0,0.0,42.0,0.0,0.0,0.0,57.0,0.0,0.0,0.0,0.0,0.0,48.0,0.0,0.0,0.0,52.0,0.0,0.0,1.0,0.0,0.0,0.0,0.0,0.0,0.0,99.0,0.0,0.0,0.0,0.0,0.0,0.0,0.0,0.0,0.0,100.0,0.0,0.0,0.0,0.0,0.0,0.0,0.0,0.0,0.0,100.0,0.0,0.0,0.0,0.0,0.0,0.0,0.0,0.0,0.0,100.0,0.0,0.0,0.0,0.0,0.0,0.0,0.0,0.0,0.0,100.0,0.0,0.0,0.0,18.18,0.0,0.0,0.0,0.0,0.0,81.82,0.0,0.0,1.0,0.0,0.0,0.0,0.0,0.0,0.0,99.0,0.0,0.0,1.01,0.0,0.0,0.0,0.0,0.0,0.0,98.99
307,0.0,0.0,0.0,0.0,0.0,91.84,0.0,0.0,0.0,8.16,0.0,0.0,0.0,0.0,0.0,100.0,0.0,0.0,0.0,0.0,0.0,0.0,0.0,0.0,0.0,90.1,0.0,0.0,0.0,9.9,0.0,0.0,0.0,0.0,0.0,64.65,0.0,0.0,0.0,35.35,0.0,0.0,0.0,0.0,0.0,95.0,0.0,0.0,0.0,5.0,0.0,0.0,0.0,0.0,0.0,83.0,0.0,0.0,0.0,17.0,0.0,0.0,0.0,0.0,0.0,82.83,0.0,0.0,0.0,17.17,0.0,0.0,0.0,0.0,0.0,100.0,0.0,0.0,0.0,0.0,1.01,0.0,0.0,0.0,0.0,61.62,0.0,0.0,0.0,37.37,0.0,0.0,0.0,0.0,0.0,15.0,0.0,0.0,0.0,85.0,0.0,0.0,0.0,0.0,0.0,30.0,0.0,0.0,0.0,70.0,1.02,0.0,0.0,0.0,0.0,45.92,0.0,0.0,0.0,53.06,1.0,0.0,0.0,0.0,0.0,34.0,0.0,0.0,0.0,65.0,0.0,0.0,0.0,0.0,0.0,38.38,0.0,0.0,0.0,61.62,0.0,0.0,0.0,0.0,0.0,43.0,0.0,0.0,0.0,57.0,0.0,0.0,0.0,0.0,0.0,48.48,0.0,0.0,0.0,51.52,0.0,0.0,0.0,0.0,0.0,0.0,0.0,0.0,0.0,100.0,1.0,0.0,0.0,0.0,0.0,0.0,0.0,0.0,0.0,99.0,0.0,0.0,0.0,0.0,0.0,0.0,0.0,0.0,0.0,100.0,0.0,0.0,0.0,0.0,0.0,0.0,0.0,0.0,0.0,100.0,0.99,0.0,0.0,0.0,0.0,0.0,0.0,0.0,0.0,99.01,0.0,0.0,0.99,17.82,0.0,0.0,0.0,0.0,0.0,81.19,2.0,0.0,2.0,0.0,0.0,0.0,0.0,0.0,0.0,96.0,0.0,0.0,0.0,0.0,0.0,0.0,0.0,0.0,0.0,100.0
308,0.0,0.0,0.0,0.0,0.0,92.0,0.0,0.0,0.0,8.0,0.0,0.0,0.0,0.0,0.0,100.0,0.0,0.0,0.0,0.0,0.0,0.0,0.0,0.0,0.0,89.9,0.0,0.0,0.0,10.1,0.0,0.0,0.0,0.0,0.0,65.69,0.0,0.0,0.0,34.31,0.0,0.0,0.0,0.0,0.0,95.05,0.0,0.0,0.0,4.95,0.0,0.0,0.0,0.0,0.0,82.11,0.0,0.0,0.0,17.89,0.0,0.0,0.0,0.0,0.0,82.83,0.0,0.0,0.0,17.17,0.0,0.0,0.0,0.0,0.0,100.0,0.0,0.0,0.0,0.0,1.0,0.0,0.0,0.0,0.0,61.0,0.0,0.0,0.0,38.0,0.0,0.0,0.0,0.0,0.0,16.0,0.0,0.0,0.0,84.0,0.0,0.0,0.0,0.0,0.0,31.0,0.0,0.0,0.0,69.0,1.02,0.0,0.0,0.0,0.0,45.92,0.0,0.0,0.0,53.06,0.0,0.0,0.98,3.92,0.0,32.35,0.0,0.0,0.0,62.75,0.0,0.0,0.0,0.0,0.0,40.0,0.0,0.0,0.0,60.0,0.99,0.0,0.99,0.0,0.0,41.58,0.0,0.0,0.0,56.44,0.0,0.0,0.98,0.0,0.0,50.0,0.0,0.0,0.0,49.02,0.0,0.0,0.0,0.0,0.0,0.0,0.0,0.0,0.0,100.0,0.0,0.0,1.0,0.0,0.0,0.0,0.0,0.0,0.0,99.0,0.0,0.0,0.0,0.0,0.0,0.0,0.0,0.0,0.0,100.0,0.0,0.0,0.0,0.0,0.0,0.0,0.0,0.0,0.0,100.0,0.0,0.0,0.0,0.0,0.0,0.0,0.0,0.0,0.0,100.0,0.0,0.0,0.0,8.16,0.0,0.0,0.0,0.0,0.0,91.84,1.0,0.0,1.0,0.0,0.0,0.0,0.0,0.0,0.0,98.0,0.0,0.0,0.0,4.04,0.0,0.0,0.0,0.0,0.0,95.96
309,0.0,0.0,0.0,0.0,0.0,89.11,0.0,0.0,0.0,10.89,0.0,0.0,0.0,0.0,0.0,100.0,0.0,0.0,0.0,0.0,0.0,0.0,0.0,0.0,0.0,89.11,0.0,0.0,0.0,10.89,0.0,0.0,0.0,0.0,0.0,64.0,0.0,0.0,0.0,36.0,0.0,0.0,0.0,0.0,0.0,94.06,0.0,0.0,0.0,5.94,0.0,0.0,0.0,0.0,0.0,82.83,0.0,0.0,0.0,17.17,0.0,0.0,0.0,0.0,0.0,82.35,0.0,0.0,0.0,17.65,0.0,0.0,0.0,0.0,0.0,100.0,0.0,0.0,0.0,0.0,0.0,0.0,0.0,0.0,0.0,62.38,0.0,0.0,0.0,37.62,0.0,0.0,1.0,0.0,0.0,15.0,0.0,0.0,0.0,84.0,0.0,0.0,0.0,0.0,0.0,31.63,0.0,0.0,0.0,68.37,0.0,0.0,0.0,0.0,0.0,48.0,0.0,0.0,0.0,52.0,1.02,0.0,0.0,8.16,0.0,32.65,0.0,0.0,0.0,58.16,0.0,0.0,0.0,0.0,0.0,38.0,0.0,0.0,0.0,62.0,2.02,0.0,0.0,3.03,0.0,40.4,0.0,0.0,0.0,54.55,0.0,0.0,0.0,0.0,0.0,48.0,0.0,0.0,0.0,52.0,0.0,0.0,0.0,0.0,0.0,0.0,0.0,0.0,0.0,100.0,0.0,0.0,0.0,0.0,0.0,0.0,0.0,0.0,0.0,100.0,1.01,0.0,0.0,0.0,0.0,0.0,0.0,0.0,0.0,98.99,0.99,0.0,0.99,0.0,0.0,0.0,0.0,0.0,0.0,98.02,0.0,0.0,0.0,0.0,0.0,0.0,0.0,0.0,0.0,100.0,0.0,0.0,0.0,0.0,0.0,0.0,0.0,0.0,0.0,100.0,0.0,0.0,0.0,0.0,0.0,0.0,0.0,0.0,0.0,100.0,0.0,0.0,0.0,0.0,0.0,0.0,0.0,0.0,0.0,100.0
310,0.0,0.0,0.0,0.0,0.0,85.0,0.0,0.0,0.0,15.0,0.0,0.0,0.0,0.0,0.0,100.0,0.0,0.0,0.0,0.0,0.0,0.0,0.0,0.0,0.0,89.0,0.0,0.0,0.0,11.0,0.0,0.0,0.0,0.0,0.0,63.27,0.0,0.0,0.0,36.73,0.0,0.0,0.0,0.0,0.0,92.08,0.0,0.0,0.0,7.92,0.0,0.0,0.0,0.0,0.0,80.21,0.0,0.0,0.0,19.79,0.0,0.0,0.0,0.0,0.0,82.0,0.0,0.0,0.0,18.0,0.0,0.0,0.0,0.0,0.0,100.0,0.0,0.0,0.0,0.0,0.0,0.0,0.0,0.0,0.0,60.61,0.0,0.0,0.0,39.39,0.0,0.0,0.0,0.0,0.0,14.85,0.0,0.0,0.0,85.15,0.99,0.0,0.0,0.0,0.0,30.69,0.0,0.0,0.0,68.32,0.0,0.0,0.0,0.0,0.0,47.52,0.0,0.0,0.0,52.48,0.0,0.0,1.0,10.0,0.0,32.0,0.0,0.0,0.0,57.0,0.0,0.0,0.0,0.0,0.0,36.36,0.0,0.0,0.0,63.64,0.0,0.0,0.0,0.98,0.0,42.16,0.0,0.0,0.0,56.86,0.99,0.0,0.0,0.0,0.0,47.52,0.0,0.0,0.0,51.49,1.0,0.0,0.0,0.0,0.0,0.0,0.0,0.0,0.0,99.0,0.0,0.0,0.0,0.0,0.0,0.0,0.0,0.0,0.0,100.0,0.0,0.0,0.99,0.0,0.0,0.0,0.0,0.0,0.0,99.01,1.01,0.0,1.01,0.0,0.0,0.0,0.0,0.0,0.0,97.98,0.0,0.0,0.0,0.0,0.0,0.0,0.0,0.0,0.0,100.0,0.0,0.0,0.0,0.0,0.0,0.0,0.0,0.0,0.0,100.0,0.0,0.0,0.99,0.0,0.0,0.0,0.0,0.0,0.0,99.01,0.0,0.0,0.0,0.0,0.0,0.0,0.0,0.0,0.0,100.0
311,0.0,0.0,1.0,0.0,0.0,83.0,0.0,0.0,0.0,16.0,0.0,0.0,0.0,0.0,0.0,100.0,0.0,0.0,0.0,0.0,0.0,0.0,0.0,0.0,0.0,87.0,0.0,0.0,0.0,13.0,0.0,0.0,0.0,0.0,0.0,62.38,0.0,0.0,0.0,37.62,0.0,0.0,0.0,0.0,0.0,91.0,0.0,0.0,0.0,9.0,0.0,0.0,0.0,0.0,0.0,79.38,0.0,0.0,0.0,20.62,0.0,0.0,0.0,0.0,0.0,79.8,0.0,0.0,0.0,20.2,0.0,0.0,0.0,0.0,0.0,100.0,0.0,0.0,0.0,0.0,0.0,0.0,0.0,0.0,0.0,59.18,0.0,0.0,0.0,40.82,0.0,0.0,0.0,0.0,0.0,13.27,0.0,0.0,0.0,86.73,1.02,0.0,1.02,0.0,0.0,29.59,0.0,0.0,0.0,68.37,0.0,0.0,0.0,0.0,0.0,46.46,0.0,0.0,0.0,53.54,0.0,0.0,0.0,6.0,0.0,32.0,0.0,0.0,0.0,62.0,0.0,0.0,0.0,0.0,0.0,37.37,0.0,0.0,0.0,62.63,1.0,0.0,1.0,6.0,0.0,40.0,0.0,0.0,0.0,52.0,0.0,0.0,0.0,0.0,0.0,47.0,0.0,0.0,0.0,53.0,0.0,0.0,0.0,0.0,0.0,0.0,0.0,0.0,0.0,100.0,0.0,0.0,0.99,0.0,0.0,0.0,0.0,0.0,0.0,99.01,0.0,0.0,0.0,0.0,0.0,0.0,0.0,0.0,0.0,100.0,0.0,0.0,0.0,0.0,0.0,0.0,0.0,0.0,0.0,100.0,0.99,0.0,0.99,0.0,0.0,0.0,0.0,0.0,0.0,98.02,0.0,0.0,0.0,0.0,0.0,0.0,0.0,0.0,0.0,100.0,0.0,0.0,0.0,0.0,0.0,0.0,0.0,0.0,0.0,100.0,0.0,0.0,0.0,0.0,0.0,0.0,0.0,0.0,0.0,100.0
312,0.0,0.0,0.0,0.0,0.0,81.25,0.0,0.0,0.0,18.75,0.0,0.0,0.0,0.0,0.0,100.0,0.0,0.0,0.0,0.0,0.0,0.0,0.0,0.0,0.0,87.76,0.0,0.0,0.0,12.24,0.0,0.0,0.0,0.0,0.0,62.24,0.0,0.0,0.0,37.76,0.0,0.0,0.0,0.0,0.0,90.0,0.0,0.0,0.0,10.0,0.0,0.0,0.0,0.0,0.0,78.02,0.0,0.0,0.0,21.98,0.0,0.0,0.0,0.0,0.0,80.81,0.0,0.0,0.0,19.19,0.0,0.0,0.0,0.0,0.0,100.0,0.0,0.0,0.0,0.0,0.99,0.0,0.99,0.0,0.0,59.41,0.0,0.0,0.0,38.61,0.0,0.0,0.0,0.0,0.0,14.0,0.0,0.0,0.0,86.0,1.0,0.0,2.0,0.0,0.0,30.0,0.0,0.0,0.0,67.0,0.0,0.0,0.0,0.0,0.0,49.48,0.0,0.0,0.0,50.52,0.99,0.0,0.99,4.95,0.0,33.66,0.0,0.0,0.0,59.41,0.0,0.0,0.0,0.0,0.0,37.0,0.0,0.0,0.0,63.0,0.0,0.0,0.0,5.05,0.0,40.4,0.0,0.0,0.0,54.55,0.99,0.0,0.0,0.0,0.0,46.53,0.0,0.0,0.0,52.48,0.0,0.0,0.0,0.0,0.0,0.0,0.0,0.0,0.0,100.0,0.0,0.0,0.0,0.0,0.0,0.0,0.0,0.0,0.0,100.0,1.0,0.0,0.0,0.0,0.0,0.0,0.0,0.0,0.0,99.0,0.0,0.0,0.0,0.0,0.0,0.0,0.0,0.0,0.0,100.0,0.0,0.0,0.0,0.0,0.0,0.0,0.0,0.0,0.0,100.0,0.0,0.0,0.0,0.0,0.0,0.0,0.0,0.0,0.0,100.0,0.0,0.0,0.0,0.0,0.0,0.0,0.0,0.0,0.0,100.0,0.0,0.0,0.0,0.0,0.0,0.0,0.0,0.0,0.0,100.0
313,0.0,0.0,0.0,0.0,0.0,84.54,0.0,0.0,0.0,15.46,0.0,0.0,0.0,0.0,0.0,100.0,0.0,0.0,0.0,0.0,0.0,0.0,0.0,0.0,0.0,87.76,0.0,0.0,0.0,12.24,0.0,0.0,0.0,0.0,0.0,64.0,0.0,0.0,0.0,36.0,0.0,0.0,0.0,0.0,0.0,92.0,0.0,0.0,0.0,8.0,0.0,0.0,0.0,0.0,0.0,80.21,0.0,0.0,0.0,19.79,0.0,0.0,0.0,0.0,0.0,80.81,0.0,0.0,0.0,19.19,0.0,0.0,0.0,0.0,0.0,100.0,0.0,0.0,0.0,0.0,0.0,0.0,0.0,0.0,0.0,60.42,0.0,0.0,0.0,39.58,0.0,0.0,0.0,0.0,0.0,15.0,0.0,0.0,0.0,85.0,2.0,0.0,0.0,0.0,0.0,30.0,0.0,0.0,0.0,68.0,0.0,0.0,0.0,0.0,0.0,49.49,0.0,0.0,0.0,50.51,0.0,0.0,0.0,4.0,0.0,32.0,0.0,0.0,0.0,64.0,0.0,0.0,0.0,0.0,0.0,37.37,0.0,0.0,0.0,62.63,0.99,0.0,0.99,7.92,0.0,39.6,0.0,0.0,0.0,50.5,0.0,0.0,0.0,0.0,0.0,46.94,0.0,0.0,0.0,53.06,0.99,0.0,0.99,0.0,0.0,0.0,0.0,0.0,0.0,98.02,1.01,0.0,0.0,0.0,0.0,0.0,0.0,0.0,0.0,98.99,0.0,0.0,0.0,0.0,0.0,0.0,0.0,0.0,0.0,100.0,0.0,0.0,0.0,0.0,0.0,0.0,0.0,0.0,0.0,100.0,0.0,0.0,0.0,0.0,0.0,0.0,0.0,0.0,0.0,100.0,0.0,0.0,1.0,0.0,0.0,0.0,0.0,0.0,0.0,99.0,0.0,0.0,0.0,0.0,0.0,0.0,0.0,0.0,0.0,100.0,0.0,0.0,0.0,0.0,0.0,0.0,0.0,0.0,0.0,100.0
314,0.0,0.0,0.0,0.0,0.0,86.73,0.0,0.0,0.0,13.27,0.0,0.0,0.0,0.0,0.0,100.0,0.0,0.0,0.0,0.0,0.0,0.0,0.0,0.0,0.0,88.0,0.0,0.0,0.0,12.0,0.0,0.0,0.0,0.0,0.0,64.71,0.0,0.0,0.0,35.29,0.0,0.0,0.0,0.0,0.0,91.18,0.0,0.0,0.0,8.82,0.0,0.0,0.0,0.0,0.0,81.0,0.0,0.0,0.0,19.0,0.0,0.0,0.0,0.0,0.0,81.63,0.0,0.0,0.0,18.37,0.0,0.0,0.0,0.0,0.0,100.0,0.0,0.0,0.0,0.0,1.01,0.0,0.0,0.0,0.0,60.61,0.0,0.0,0.0,38.38,2.0,0.0,1.0,0.0,0.0,15.0,0.0,0.0,0.0,82.0,0.0,0.0,0.0,0.0,0.0,30.61,0.0,0.0,0.0,69.39,0.0,0.0,0.0,0.0,0.0,47.47,0.0,0.0,0.0,52.53,0.0,0.0,0.0,2.02,0.0,32.32,0.0,0.0,0.0,65.66,0.0,0.0,0.0,0.0,0.0,38.38,0.0,0.0,0.0,61.62,0.0,0.0,0.0,8.08,0.0,41.41,0.0,0.0,0.0,50.51,0.0,0.0,0.0,0.0,0.0,46.46,0.0,0.0,0.0,53.54,1.01,0.0,0.0,0.0,0.0,0.0,0.0,0.0,0.0,98.99,0.0,0.0,0.0,0.0,0.0,0.0,0.0,0.0,0.0,100.0,0.0,0.0,1.0,0.0,0.0,0.0,0.0,0.0,0.0,99.0,0.0,0.0,0.0,0.0,0.0,0.0,0.0,0.0,0.0,100.0,0.99,0.0,0.99,0.0,0.0,0.0,0.0,0.0,0.0,98.02,0.99,0.0,0.0,0.0,0.0,0.0,0.0,0.0,0.0,99.01,0.0,0.0,0.0,0.0,0.0,0.0,0.0,0.0,0.0,100.0,0.0,0.0,0.99,0.0,0.0,0.0,0.0,0.0,0.0,99.01
315,0.0,0.0,0.0,0.0,0.0,91.0,0.0,0.0,0.0,9.0,0.0,0.0,0.0,0.0,0.0,100.0,0.0,0.0,0.0,0.0,0.0,0.0,0.0,0.0,0.0,89.11,0.0,0.0,0.0,10.89,0.0,0.0,0.0,0.0,0.0,65.31,0.0,0.0,0.0,34.69,0.0,0.0,0.0,0.0,0.0,94.17,0.0,0.0,0.0,5.83,0.0,0.0,0.0,0.0,0.0,83.0,0.0,0.0,0.0,17.0,0.0,0.0,0.0,0.0,0.0,83.0,0.0,0.0,0.0,17.0,0.0,0.0,0.0,0.0,0.0,100.0,0.0,0.0,0.0,0.0,0.0,0.0,0.0,0.0,0.0,62.24,0.0,0.0,0.0,37.76,1.01,0.0,0.0,0.0,0.0,15.15,0.0,0.0,0.0,83.84,1.0,0.0,0.0,0.0,0.0,32.0,0.0,0.0,0.0,67.0,0.0,0.0,0.0,0.0,0.0,49.5,0.0,0.0,0.0,50.5,0.99,0.0,0.0,7.92,0.0,33.66,0.0,0.0,0.0,57.43,0.0,0.0,0.0,0.0,0.0,39.0,0.0,0.0,0.0,61.0,2.02,0.0,0.0,4.04,0.0,40.4,0.0,0.0,0.0,53.54,0.0,0.0,0.0,0.0,0.0,48.0,0.0,0.0,0.0,52.0,0.0,0.0,0.0,0.0,0.0,0.0,0.0,0.0,0.0,100.0,0.99,0.0,0.99,0.0,0.0,0.0,0.0,0.0,0.0,98.02,1.0,0.0,0.0,0.0,0.0,0.0,0.0,0.0,0.0,99.0,1.0,0.0,0.0,0.0,0.0,0.0,0.0,0.0,0.0,99.0,0.0,0.0,0.0,0.0,0.0,0.0,0.0,0.0,0.0,100.0,0.0,0.0,0.0,0.0,0.0,0.0,0.0,0.0,0.0,100.0,0.0,0.0,0.0,0.0,0.0,0.0,0.0,0.0,0.0,100.0,0.0,0.0,0.0,0.0,0.0,0.0,0.0,0.0,0.0,100.0
316,0.0,0.0,0.0,0.0,0.0,92.08,0.0,0.0,0.0,7.92,0.0,0.0,0.0,0.0,0.0,100.0,0.0,0.0,0.0,0.0,0.0,0.0,0.0,0.0,0.0,90.1,0.0,0.0,0.0,9.9,0.0,0.0,0.0,0.0,0.0,64.65,0.0,0.0,0.0,35.35,0.0,0.0,0.98,0.0,0.0,94.12,0.0,0.0,0.0,4.9,0.0,0.0,0.0,0.0,0.0,83.0,0.0,0.0,0.0,17.0,0.0,0.0,0.0,0.0,0.0,83.33,0.0,0.0,0.0,16.67,0.0,0.0,0.0,0.0,0.0,100.0,0.0,0.0,0.0,0.0,0.99,0.0,0.0,0.0,0.0,62.38,0.0,0.0,0.0,36.63,0.0,0.0,1.0,0.0,0.0,15.0,0.0,0.0,0.0,84.0,1.0,0.0,0.0,0.0,0.0,32.0,0.0,0.0,0.0,67.0,0.0,0.0,0.0,0.0,0.0,49.0,0.0,0.0,0.0,51.0,0.99,0.0,0.99,6.93,0.0,32.67,0.0,0.0,0.0,58.42,0.0,0.0,0.0,0.0,0.0,39.6,0.0,0.0,0.0,60.4,0.0,0.0,0.0,5.0,0.0,42.0,0.0,0.0,0.0,53.0,0.0,0.0,0.0,0.0,0.0,48.48,0.0,0.0,0.0,51.52,0.0,0.0,1.01,0.0,0.0,0.0,0.0,0.0,0.0,98.99,0.0,0.0,0.0,0.0,0.0,0.0,0.0,0.0,0.0,100.0,0.0,0.0,0.0,0.0,0.0,0.0,0.0,0.0,0.0,100.0,0.0,0.0,0.0,0.0,0.0,0.0,0.0,0.0,0.0,100.0,0.0,0.0,0.0,0.0,0.0,0.0,0.0,0.0,0.0,100.0,0.0,0.0,1.0,0.0,0.0,0.0,0.0,0.0,0.0,99.0,0.0,0.0,0.0,0.0,0.0,0.0,0.0,0.0,0.0,100.0,0.0,0.0,0.0,0.0,0.0,0.0,0.0,0.0,0.0,100.0
317,0.0,0.0,0.0,0.0,0.0,87.0,0.0,0.0,0.0,13.0,0.0,0.0,0.0,0.0,0.0,100.0,0.0,0.0,0.0,0.0,0.0,0.0,0.0,0.0,0.0,88.24,0.0,0.0,0.0,11.76,0.0,0.0,0.0,0.0,0.0,65.35,0.0,0.0,0.0,34.65,0.0,0.0,0.0,0.0,0.0,92.16,0.0,0.0,0.0,7.84,0.0,0.0,0.0,0.0,0.0,78.65,0.0,0.0,0.0,21.35,0.0,0.0,0.0,0.0,0.0,80.81,0.0,0.0,0.0,19.19,0.0,0.0,0.0,0.0,0.0,100.0,0.0,0.0,0.0,0.0,0.0,0.0,1.01,0.0,0.0,60.61,0.0,0.0,0.0,38.38,0.0,0.0,0.0,0.0,0.0,14.14,0.0,0.0,0.0,85.86,0.0,0.0,1.0,0.0,0.0,30.0,0.0,0.0,0.0,69.0,0.0,0.0,0.0,0.0,0.0,47.0,0.0,0.0,0.0,53.0,0.0,0.0,0.0,4.0,0.0,32.0,0.0,0.0,0.0,64.0,0.0,0.0,0.0,0.0,0.0,36.73,0.0,0.0,0.0,63.27,1.0,0.0,1.0,6.0,0.0,40.0,0.0,0.0,0.0,52.0,0.0,0.0,0.0,0.0,0.0,47.52,0.0,0.0,0.0,52.48,0.0,0.0,0.0,0.0,0.0,0.0,0.0,0.0,0.0,100.0,1.0,0.0,0.0,0.0,0.0,0.0,0.0,0.0,0.0,99.0,0.99,0.0,0.99,0.0,0.0,0.0,0.0,0.0,0.0,98.02,1.01,0.0,0.0,0.0,0.0,0.0,0.0,0.0,0.0,98.99,0.0,0.0,0.0,0.0,0.0,0.0,0.0,0.0,0.0,100.0,0.0,0.0,0.0,0.0,0.0,0.0,0.0,0.0,0.0,100.0,1.0,0.0,1.0,0.0,0.0,0.0,0.0,0.0,0.0,98.0,0.0,0.0,0.0,0.0,0.0,0.0,0.0,0.0,0.0,100.0
318,0.0,0.0,0.0,0.0,0.0,91.92,0.0,0.0,0.0,8.08,0.0,0.0,0.0,0.0,0.0,100.0,0.0,0.0,0.0,0.0,0.0,0.0,0.0,0.0,0.0,90.0,0.0,0.0,0.0,10.0,0.0,0.0,0.0,0.0,0.0,65.66,0.0,0.0,0.0,34.34,0.0,0.0,0.0,0.0,0.0,94.12,0.0,0.0,0.0,5.88,0.0,0.0,0.0,0.0,0.0,83.84,0.0,0.0,0.0,16.16,0.0,0.0,0.0,0.0,0.0,83.17,0.0,0.0,0.0,16.83,0.0,0.0,0.0,0.0,0.0,100.0,0.0,0.0,0.0,0.0,1.0,0.0,0.0,0.0,0.0,62.0,0.0,0.0,0.0,37.0,1.0,0.0,0.0,0.0,0.0,16.0,0.0,0.0,0.0,83.0,1.0,0.0,1.0,0.0,0.0,32.0,0.0,0.0,0.0,66.0,0.0,0.0,0.0,0.0,0.0,48.51,0.0,0.0,0.0,51.49,1.01,0.0,1.01,7.07,0.0,32.32,0.0,0.0,0.0,58.59,0.0,0.0,0.0,0.0,0.0,39.0,0.0,0.0,0.0,61.0,0.0,0.0,0.0,4.0,0.0,43.0,0.0,0.0,0.0,53.0,0.0,0.0,0.0,0.0,0.0,48.48,0.0,0.0,0.0,51.52,0.0,0.0,0.0,0.0,0.0,0.0,0.0,0.0,0.0,100.0,0.0,0.0,0.0,0.0,0.0,0.0,0.0,0.0,0.0,100.0,0.0,0.0,0.0,0.0,0.0,0.0,0.0,0.0,0.0,100.0,0.0,0.0,2.0,0.0,0.0,0.0,0.0,0.0,0.0,98.0,0.0,0.0,0.0,0.0,0.0,0.0,0.0,0.0,0.0,100.0,0.0,0.0,0.99,0.0,0.0,0.0,0.0,0.0,0.0,99.01,1.0,0.0,0.0,0.0,0.0,0.0,0.0,0.0,0.0,99.0,0.99,0.0,0.0,0.0,0.0,0.0,0.0,0.0,0.0,99.01
319,0.0,0.0,0.0,0.0,0.0,89.9,0.0,0.0,0.0,10.1,0.0,0.0,0.0,0.0,0.0,96.04,0.0,0.0,0.0,3.96,1.0,0.0,0.0,0.0,0.0,91.0,0.0,0.0,0.0,8.0,5.15,0.0,0.0,0.0,0.0,67.01,0.0,0.0,0.0,27.84,0.0,0.0,0.0,0.0,0.0,96.0,0.0,0.0,0.0,4.0,0.0,0.0,0.0,0.0,0.0,84.85,0.0,0.0,0.0,15.15,0.0,0.0,0.0,0.0,0.0,84.0,0.0,0.0,0.0,16.0,0.0,0.0,0.0,0.0,0.0,96.97,0.0,0.0,0.0,3.03,0.99,0.0,0.99,0.0,0.0,63.37,0.0,0.0,0.0,34.65,4.0,0.0,2.0,0.0,0.0,17.0,0.0,0.0,0.0,77.0,14.0,0.0,3.0,0.0,0.0,35.0,0.0,0.0,0.0,48.0,0.0,0.0,0.0,0.0,0.0,55.56,0.0,0.0,0.0,44.44,5.1,0.0,2.04,2.04,0.0,30.61,0.0,0.0,0.0,60.2,0.0,0.0,0.0,0.0,0.0,38.0,0.0,0.0,0.0,62.0,19.39,0.0,2.04,4.08,0.0,42.86,0.0,0.0,0.0,31.63,0.0,0.0,0.0,0.0,0.0,51.49,0.0,0.0,0.0,48.51,4.95,0.0,2.97,1.98,0.0,0.99,0.0,0.0,0.0,89.11,4.0,0.0,5.0,0.0,0.0,0.0,0.0,0.0,0.0,91.0,1.01,0.0,1.01,0.0,0.0,0.0,0.0,0.0,0.0,97.98,10.1,0.0,3.03,5.05,0.0,0.0,0.0,0.0,0.0,81.82,0.99,0.0,1.98,0.0,0.0,0.0,0.0,0.0,0.0,97.03,2.0,0.0,1.0,0.0,0.0,0.0,0.0,0.0,0.0,97.0,7.92,0.0,3.96,0.0,0.0,0.0,0.0,0.0,0.0,88.12,2.0,0.0,4.0,0.0,0.0,0.0,0.0,0.0,0.0,94.0
320,0.0,0.0,0.0,0.0,0.0,84.69,0.0,0.0,0.0,15.31,0.0,0.0,0.0,0.0,0.0,100.0,0.0,0.0,0.0,0.0,0.0,0.0,0.0,0.0,0.0,87.0,0.0,0.0,0.0,13.0,0.0,0.0,0.0,0.0,0.0,64.71,0.0,0.0,0.0,35.29,0.0,0.0,0.0,0.0,0.0,91.18,0.0,0.0,0.0,8.82,0.0,0.0,0.0,0.0,0.0,80.81,0.0,0.0,0.0,19.19,0.0,0.0,0.0,0.0,0.0,80.61,0.0,0.0,0.0,19.39,0.0,0.0,0.0,0.0,0.0,100.0,0.0,0.0,0.0,0.0,0.0,0.0,0.0,0.0,0.0,60.82,0.0,0.0,0.0,39.18,1.02,0.0,0.0,0.0,0.0,14.29,0.0,0.0,0.0,84.69,1.02,0.0,0.0,0.0,0.0,30.61,0.0,0.0,0.0,68.37,0.0,0.0,0.0,0.0,0.0,48.48,0.0,0.0,0.0,51.52,0.0,0.0,0.0,2.04,0.0,31.63,0.0,0.0,0.0,66.33,0.0,0.0,0.0,0.0,0.0,37.76,0.0,0.0,0.0,62.24,0.0,0.0,1.01,9.09,0.0,39.39,0.0,0.0,0.0,50.51,0.0,0.0,0.0,0.0,0.0,46.94,0.0,0.0,0.0,53.06,0.0,0.0,0.0,0.0,0.0,0.0,0.0,0.0,0.0,100.0,0.0,0.0,0.0,0.0,0.0,0.0,0.0,0.0,0.0,100.0,0.0,0.0,0.0,0.0,0.0,0.0,0.0,0.0,0.0,100.0,0.0,0.0,0.0,0.0,0.0,0.0,0.0,0.0,0.0,100.0,0.0,0.0,1.0,0.0,0.0,0.0,0.0,0.0,0.0,99.0,0.0,0.0,0.0,0.0,0.0,0.0,0.0,0.0,0.0,100.0,0.0,0.0,0.0,0.0,0.0,0.0,0.0,0.0,0.0,100.0,0.0,0.0,0.99,0.0,0.0,0.0,0.0,0.0,0.0,99.01
321,0.0,0.0,0.0,0.0,0.0,88.89,0.0,0.0,0.0,11.11,0.0,0.0,0.0,0.0,0.0,100.0,0.0,0.0,0.0,0.0,0.0,0.0,0.0,0.0,0.0,89.11,0.0,0.0,0.0,10.89,0.0,0.0,0.0,0.0,0.0,64.65,0.0,0.0,0.0,35.35,0.0,0.0,0.0,0.0,0.0,93.07,0.0,0.0,0.0,6.93,0.0,0.0,0.0,0.0,0.0,81.82,0.0,0.0,0.0,18.18,0.0,0.0,0.0,0.0,0.0,83.0,0.0,0.0,0.0,17.0,0.0,0.0,0.0,0.0,0.0,100.0,0.0,0.0,0.0,0.0,1.01,0.0,0.0,0.0,0.0,61.62,0.0,0.0,0.0,37.37,1.01,0.0,1.01,0.0,0.0,15.15,0.0,0.0,0.0,82.83,0.0,0.0,0.0,0.0,0.0,31.68,0.0,0.0,0.0,68.32,0.0,0.0,0.0,0.0,0.0,47.0,0.0,0.0,0.0,53.0,0.99,0.0,0.0,3.96,0.0,33.66,0.0,0.0,0.0,61.39,0.0,0.0,0.0,0.0,0.0,39.0,0.0,0.0,0.0,61.0,1.01,0.0,0.0,7.07,0.0,41.41,0.0,0.0,0.0,50.51,0.0,0.0,0.0,0.0,0.0,46.46,0.0,0.0,0.0,53.54,1.01,0.0,0.0,0.0,0.0,0.0,0.0,0.0,0.0,98.99,0.99,0.0,0.99,0.0,0.0,0.0,0.0,0.0,0.0,98.02,0.0,0.0,1.0,0.0,0.0,0.0,0.0,0.0,0.0,99.0,1.0,0.0,0.0,0.0,0.0,0.0,0.0,0.0,0.0,99.0,1.0,0.0,0.0,0.0,0.0,0.0,0.0,0.0,0.0,99.0,0.99,0.0,0.0,0.0,0.0,0.0,0.0,0.0,0.0,99.01,0.0,0.0,0.0,0.0,0.0,0.0,0.0,0.0,0.0,100.0,0.0,0.0,0.0,0.0,0.0,0.0,0.0,0.0,0.0,100.0
322,0.0,0.0,0.0,0.0,0.0,92.0,0.0,0.0,0.0,8.0,0.0,0.0,0.0,0.0,0.0,100.0,0.0,0.0,0.0,0.0,0.0,0.0,0.0,0.0,0.0,90.1,0.0,0.0,0.0,9.9,0.0,0.0,0.0,0.0,0.0,65.0,0.0,0.0,0.0,35.0,0.0,0.0,0.0,0.0,0.0,94.17,0.0,0.0,0.0,5.83,0.0,0.0,0.0,0.0,0.0,83.33,0.0,0.0,0.0,16.67,0.0,0.0,0.0,0.0,0.0,83.17,0.0,0.0,0.0,16.83,0.0,0.0,0.0,0.0,0.0,100.0,0.0,0.0,0.0,0.0,0.99,0.0,0.0,0.0,0.0,62.38,0.0,0.0,0.0,36.63,0.98,0.0,0.98,0.0,0.0,15.69,0.0,0.0,0.0,82.35,2.02,0.0,0.0,0.0,0.0,31.31,0.0,0.0,0.0,66.67,0.0,0.0,0.0,0.0,0.0,50.0,0.0,0.0,0.0,50.0,0.0,0.0,0.99,6.93,0.0,33.66,0.0,0.0,0.0,58.42,0.0,0.0,0.0,0.0,0.0,39.0,0.0,0.0,0.0,61.0,1.0,0.0,0.0,4.0,0.0,41.0,0.0,0.0,0.0,54.0,0.0,0.0,0.0,0.0,0.0,49.0,0.0,0.0,0.0,51.0,0.0,0.0,1.01,0.0,0.0,0.0,0.0,0.0,0.0,98.99,0.0,0.0,0.0,0.0,0.0,0.0,0.0,0.0,0.0,100.0,1.0,0.0,0.0,0.0,0.0,0.0,0.0,0.0,0.0,99.0,0.0,0.0,0.0,0.0,0.0,0.0,0.0,0.0,0.0,100.0,0.0,0.0,0.0,0.0,0.0,0.0,0.0,0.0,0.0,100.0,0.0,0.0,0.0,0.0,0.0,0.0,0.0,0.0,0.0,100.0,0.0,0.0,0.0,0.0,0.0,0.0,0.0,0.0,0.0,100.0,0.0,0.0,0.0,0.0,0.0,0.0,0.0,0.0,0.0,100.0
323,0.0,0.0,0.0,0.0,0.0,87.0,0.0,0.0,0.0,13.0,0.0,0.0,0.0,0.0,0.0,100.0,0.0,0.0,0.0,0.0,0.0,0.0,0.0,0.0,0.0,88.24,0.0,0.0,0.0,11.76,0.0,0.0,0.0,0.0,0.0,65.0,0.0,0.0,0.0,35.0,0.0,0.0,0.97,0.0,0.0,91.26,0.0,0.0,0.0,7.77,0.0,0.0,0.0,0.0,0.0,79.31,0.0,0.0,0.0,20.69,0.0,0.0,0.0,0.0,0.0,81.0,0.0,0.0,0.0,19.0,0.0,0.0,0.0,0.0,0.0,100.0,0.0,0.0,0.0,0.0,0.0,0.0,1.02,0.0,0.0,60.2,0.0,0.0,0.0,38.78,0.0,0.0,0.0,0.0,0.0,14.14,0.0,0.0,0.0,85.86,0.0,0.0,1.0,0.0,0.0,30.0,0.0,0.0,0.0,69.0,0.0,0.0,0.0,0.0,0.0,47.47,0.0,0.0,0.0,52.53,0.99,0.0,0.0,7.92,0.0,31.68,0.0,0.0,0.0,59.41,0.0,0.0,0.0,0.0,0.0,38.0,0.0,0.0,0.0,62.0,0.0,0.0,1.0,4.0,0.0,41.0,0.0,0.0,0.0,54.0,0.0,0.0,0.0,0.0,0.0,48.51,0.0,0.0,0.0,51.49,0.0,0.0,0.0,0.0,0.0,0.0,0.0,0.0,0.0,100.0,1.0,0.0,0.0,0.0,0.0,0.0,0.0,0.0,0.0,99.0,0.0,0.0,1.0,0.0,0.0,0.0,0.0,0.0,0.0,99.0,0.0,0.0,0.0,0.0,0.0,0.0,0.0,0.0,0.0,100.0,0.0,0.0,0.0,0.0,0.0,0.0,0.0,0.0,0.0,100.0,0.0,0.0,1.01,0.0,0.0,0.0,0.0,0.0,0.0,98.99,1.0,0.0,1.0,0.0,0.0,0.0,0.0,0.0,0.0,98.0,0.0,0.0,0.0,0.0,0.0,0.0,0.0,0.0,0.0,100.0
324,0.0,0.0,0.0,0.0,0.0,91.0,0.0,0.0,0.0,9.0,0.0,0.0,0.0,0.0,0.0,100.0,0.0,0.0,0.0,0.0,0.0,0.0,0.0,0.0,0.0,89.9,0.0,0.0,0.0,10.1,0.0,0.0,0.0,0.0,0.0,65.66,0.0,0.0,0.0,34.34,0.0,0.0,0.0,0.0,0.0,94.06,0.0,0.0,0.0,5.94,0.0,0.0,0.0,0.0,0.0,82.0,0.0,0.0,0.0,18.0,0.0,0.0,0.0,0.0,0.0,82.83,0.0,0.0,0.0,17.17,0.0,0.0,0.0,0.0,0.0,100.0,0.0,0.0,0.0,0.0,0.98,0.0,0.0,0.0,0.0,61.76,0.0,0.0,0.0,37.25,1.0,0.0,0.0,0.0,0.0,15.0,0.0,0.0,0.0,84.0,1.01,0.0,0.0,0.0,0.0,32.32,0.0,0.0,0.0,66.67,0.0,0.0,0.0,0.0,0.0,48.0,0.0,0.0,0.0,52.0,1.02,0.0,0.0,7.14,0.0,31.63,0.0,0.0,0.0,60.2,0.0,0.0,0.0,0.0,0.0,38.0,0.0,0.0,0.0,62.0,1.0,0.0,0.0,4.0,0.0,41.0,0.0,0.0,0.0,54.0,0.0,0.0,0.0,0.0,0.0,46.94,0.0,0.0,0.0,53.06,0.0,0.0,0.0,0.0,0.0,0.0,0.0,0.0,0.0,100.0,0.0,0.0,0.0,0.0,0.0,0.0,0.0,0.0,0.0,100.0,1.0,0.0,0.0,0.0,0.0,0.0,0.0,0.0,0.0,99.0,1.0,0.0,0.0,0.0,0.0,0.0,0.0,0.0,0.0,99.0,0.0,0.0,0.0,0.0,0.0,0.0,0.0,0.0,0.0,100.0,0.0,0.0,0.99,0.0,0.0,0.0,0.0,0.0,0.0,99.01,1.0,0.0,0.0,0.0,0.0,0.0,0.0,0.0,0.0,99.0,0.99,0.0,0.0,0.0,0.0,0.0,0.0,0.0,0.0,99.01
325,0.0,0.0,0.0,0.0,0.0,93.94,0.0,0.0,0.0,6.06,0.0,0.0,0.0,0.0,0.0,100.0,0.0,0.0,0.0,0.0,0.99,0.0,0.0,0.0,0.0,93.07,0.0,0.0,0.0,5.94,5.21,0.0,0.0,0.0,0.0,67.71,0.0,0.0,0.0,27.08,0.0,0.0,0.0,0.0,0.0,98.02,0.0,0.0,0.0,1.98,0.0,0.0,0.0,0.0,0.0,87.88,0.0,0.0,0.0,12.12,0.0,0.0,0.0,0.0,0.0,86.14,0.0,0.0,0.0,13.86,0.0,0.0,0.0,0.0,0.0,100.0,0.0,0.0,0.0,0.0,0.0,0.0,0.0,0.0,0.0,65.98,0.0,0.0,0.0,34.02,2.0,0.0,1.0,0.0,0.0,17.0,0.0,0.0,0.0,80.0,13.86,0.0,2.97,0.0,0.0,34.65,0.0,0.0,0.0,48.51,0.0,0.0,0.0,0.0,0.0,55.45,0.0,0.0,0.0,44.55,3.03,0.0,1.01,2.02,0.0,32.32,0.0,0.0,0.0,61.62,0.0,0.0,0.0,0.0,0.0,40.4,0.0,0.0,0.0,59.6,7.07,0.0,1.01,7.07,0.0,45.45,0.0,0.0,0.0,39.39,0.0,0.0,0.0,0.0,0.0,51.96,0.0,0.0,0.0,48.04,3.96,0.0,1.98,1.98,0.0,0.0,0.0,0.0,0.0,92.08,3.03,0.0,4.04,0.0,0.0,0.0,0.0,0.0,0.0,92.93,0.0,0.0,1.01,0.0,0.0,0.0,0.0,0.0,0.0,98.99,9.09,0.0,3.03,0.0,0.0,0.0,0.0,0.0,0.0,87.88,0.0,0.0,1.0,0.0,0.0,0.0,0.0,0.0,0.0,99.0,0.0,0.0,0.0,0.0,0.0,0.0,0.0,0.0,0.0,100.0,7.0,0.0,2.0,0.0,0.0,0.0,0.0,0.0,0.0,91.0,2.0,0.0,4.0,0.0,0.0,0.0,0.0,0.0,0.0,94.0
326,1.0,0.0,1.0,0.0,0.0,24.0,0.0,0.0,0.0,74.0,0.0,0.0,0.0,0.0,0.0,26.0,0.0,0.0,0.0,74.0,11.11,0.0,1.01,0.0,0.0,24.24,0.0,0.0,0.0,63.64,0.0,0.0,0.0,0.0,0.0,18.81,0.0,0.0,0.0,81.19,3.03,0.0,1.01,0.0,0.0,26.26,0.0,0.0,0.0,69.7,0.0,0.0,0.0,0.0,0.0,22.77,0.0,0.0,0.0,77.23,1.0,0.0,0.0,0.0,0.0,23.0,0.0,0.0,0.0,76.0,0.0,0.0,0.0,0.0,0.0,26.0,0.0,0.0,0.0,74.0,1.94,0.0,0.97,0.0,0.0,17.48,0.0,0.0,0.0,79.61,3.03,0.0,2.02,0.0,0.0,5.05,0.0,0.0,0.0,89.9,0.0,0.0,1.01,0.0,0.0,10.1,0.0,0.0,0.0,88.89,0.0,0.0,0.0,0.0,0.0,14.14,0.0,0.0,0.0,85.86,3.0,0.0,2.0,0.0,0.0,8.0,0.0,0.0,0.0,87.0,0.0,0.0,0.0,0.0,0.0,10.0,0.0,0.0,0.0,90.0,22.0,0.0,2.0,0.0,0.0,11.0,0.0,0.0,0.0,65.0,0.0,0.0,0.0,0.0,0.0,14.14,0.0,0.0,0.0,85.86,5.0,0.0,2.0,0.0,0.0,1.0,0.0,0.0,0.0,92.0,6.93,0.0,1.98,0.0,0.0,0.0,0.0,0.0,0.0,91.09,5.0,0.0,2.0,0.0,0.0,0.0,0.0,0.0,0.0,93.0,3.96,0.0,2.97,5.94,0.0,0.0,0.0,0.0,0.0,87.13,2.97,0.0,3.96,0.0,0.0,0.0,0.0,0.0,0.0,93.07,3.0,0.0,3.0,0.0,0.0,0.0,0.0,0.0,0.0,94.0,2.97,0.0,3.96,0.0,0.0,0.0,0.0,0.0,0.0,93.07,2.02,0.0,1.01,0.0,0.0,0.0,0.0,0.0,0.0,96.97
327,0.0,0.0,0.0,0.0,0.0,0.0,0.0,0.0,0.0,100.0,0.0,0.0,0.0,0.0,0.0,0.0,0.0,0.0,0.0,100.0,1.0,0.0,1.0,0.0,0.0,0.0,0.0,0.0,0.0,98.0,0.0,0.0,0.0,0.0,0.0,0.0,0.0,0.0,0.0,100.0,1.0,0.0,0.0,0.0,0.0,0.0,0.0,0.0,0.0,99.0,0.0,0.0,0.0,0.0,0.0,0.0,0.0,0.0,0.0,100.0,0.0,0.0,0.0,0.0,0.0,0.0,0.0,0.0,0.0,100.0,0.0,0.0,0.0,0.0,0.0,0.0,0.0,0.0,0.0,100.0,0.0,0.0,0.0,0.0,0.0,0.0,0.0,0.0,0.0,100.0,2.02,0.0,0.0,0.0,0.0,0.0,0.0,0.0,0.0,97.98,5.94,0.0,0.99,0.0,0.0,0.0,0.0,0.0,0.0,93.07,0.0,0.0,0.0,0.0,0.0,0.0,0.0,0.0,0.0,100.0,7.07,0.0,2.02,0.0,0.0,0.0,0.0,0.0,0.0,90.91,0.0,0.0,0.0,0.0,0.0,0.0,0.0,0.0,0.0,100.0,1.01,0.0,0.0,0.0,0.0,0.0,0.0,0.0,0.0,98.99,0.0,0.0,0.0,0.0,0.0,0.0,0.0,0.0,0.0,100.0,1.0,0.0,1.0,0.0,0.0,0.0,0.0,0.0,0.0,98.0,1.0,0.0,1.0,0.0,0.0,0.0,0.0,0.0,0.0,98.0,3.96,0.0,1.98,0.0,0.0,0.0,0.0,0.0,0.0,94.06,1.01,0.0,1.01,0.0,0.0,0.0,0.0,0.0,0.0,97.98,1.01,0.0,1.01,0.0,0.0,0.0,0.0,0.0,0.0,97.98,0.99,0.0,0.99,0.0,0.0,0.0,0.0,0.0,0.0,98.02,1.01,0.0,1.01,0.0,0.0,0.0,0.0,0.0,0.0,97.98,0.99,0.0,1.98,0.0,0.0,0.0,0.0,0.0,0.0,97.03
328,0.0,0.0,0.0,0.0,0.0,0.0,0.0,0.0,0.0,100.0,0.0,0.0,0.0,0.0,0.0,0.0,0.0,0.0,0.0,100.0,0.0,0.0,0.0,0.0,0.0,0.0,0.0,0.0,0.0,100.0,0.0,0.0,0.0,0.0,0.0,0.0,0.0,0.0,0.0,100.0,0.0,0.0,0.0,0.0,0.0,0.0,0.0,0.0,0.0,100.0,0.0,0.0,0.0,0.0,0.0,0.0,0.0,0.0,0.0,100.0,0.0,0.0,0.0,0.0,0.0,0.0,0.0,0.0,0.0,100.0,0.0,0.0,0.0,0.0,0.0,0.0,0.0,0.0,0.0,100.0,0.0,0.0,0.0,0.0,0.0,0.0,0.0,0.0,0.0,100.0,0.0,0.0,0.99,0.0,0.0,0.0,0.0,0.0,0.0,99.01,1.98,0.0,0.0,0.0,0.0,0.0,0.0,0.0,0.0,98.02,0.0,0.0,0.0,0.0,0.0,0.0,0.0,0.0,0.0,100.0,0.0,0.0,0.0,0.0,0.0,0.0,0.0,0.0,0.0,100.0,0.0,0.0,0.0,0.0,0.0,0.0,0.0,0.0,0.0,100.0,0.0,0.0,0.0,0.0,0.0,0.0,0.0,0.0,0.0,100.0,0.0,0.0,0.0,0.0,0.0,0.0,0.0,0.0,0.0,100.0,0.0,0.0,0.0,0.0,0.0,0.0,0.0,0.0,0.0,100.0,0.0,0.0,0.0,0.0,0.0,0.0,0.0,0.0,0.0,100.0,0.0,0.0,0.0,0.0,0.0,0.0,0.0,0.0,0.0,100.0,0.0,0.0,0.0,0.0,0.0,0.0,0.0,0.0,0.0,100.0,0.0,0.0,0.0,0.0,0.0,0.0,0.0,0.0,0.0,100.0,0.0,0.0,0.0,0.0,0.0,0.0,0.0,0.0,0.0,100.0,0.0,0.0,0.99,0.0,0.0,0.0,0.0,0.0,0.0,99.01,0.0,0.0,0.0,0.0,0.0,0.0,0.0,0.0,0.0,100.0
329,0.0,0.0,0.0,0.0,0.0,0.0,0.0,0.0,0.0,100.0,0.0,0.0,0.0,0.0,0.0,0.0,0.0,0.0,0.0,100.0,0.0,0.0,0.0,0.0,0.0,0.0,0.0,0.0,0.0,100.0,0.0,0.0,0.0,0.0,0.0,0.0,0.0,0.0,0.0,100.0,0.0,0.0,0.0,0.0,0.0,0.0,0.0,0.0,0.0,100.0,0.0,0.0,0.0,0.0,0.0,0.0,0.0,0.0,0.0,100.0,0.0,0.0,0.0,0.0,0.0,0.0,0.0,0.0,0.0,100.0,0.0,0.0,0.0,0.0,0.0,0.0,0.0,0.0,0.0,100.0,0.0,0.0,0.0,0.0,0.0,0.0,0.0,0.0,0.0,100.0,0.0,0.0,0.0,0.0,0.0,0.0,0.0,0.0,0.0,100.0,0.0,0.0,0.0,0.0,0.0,0.0,0.0,0.0,0.0,100.0,0.0,0.0,0.0,0.0,0.0,0.0,0.0,0.0,0.0,100.0,0.99,0.0,0.0,0.0,0.0,0.0,0.0,0.0,0.0,99.01,0.0,0.0,0.0,0.0,0.0,0.0,0.0,0.0,0.0,100.0,1.0,0.0,0.0,0.0,0.0,0.0,0.0,0.0,0.0,99.0,0.0,0.0,0.0,0.0,0.0,0.0,0.0,0.0,0.0,100.0,0.0,0.0,0.0,0.0,0.0,0.0,0.0,0.0,0.0,100.0,0.0,0.0,0.0,0.0,0.0,0.0,0.0,0.0,0.0,100.0,0.0,0.0,0.0,0.0,0.0,0.0,0.0,0.0,0.0,100.0,0.0,0.0,0.0,0.0,0.0,0.0,0.0,0.0,0.0,100.0,0.0,0.0,0.0,0.0,0.0,0.0,0.0,0.0,0.0,100.0,0.0,0.0,0.0,0.0,0.0,0.0,0.0,0.0,0.0,100.0,0.0,0.0,0.0,0.0,0.0,0.0,0.0,0.0,0.0,100.0,0.0,0.0,0.0,0.0,0.0,0.0,0.0,0.0,0.0,100.0
330,0.99,0.0,0.0,0.0,0.0,0.0,0.0,0.0,0.0,99.01,0.0,0.0,0.0,0.0,0.0,0.0,0.0,0.0,0.0,100.0,0.0,0.0,0.0,0.0,0.0,0.0,0.0,0.0,0.0,100.0,0.0,0.0,0.0,0.0,0.0,0.0,0.0,0.0,0.0,100.0,0.0,0.0,0.0,0.0,0.0,0.0,0.0,0.0,0.0,100.0,0.0,0.0,0.0,0.0,0.0,0.0,0.0,0.0,0.0,100.0,0.0,0.0,0.0,0.0,0.0,0.0,0.0,0.0,0.0,100.0,0.0,0.0,0.0,0.0,0.0,0.0,0.0,0.0,0.0,100.0,0.0,0.0,0.0,0.0,0.0,0.0,0.0,0.0,0.0,100.0,2.0,0.0,1.0,0.0,0.0,0.0,0.0,0.0,0.0,97.0,7.07,0.0,1.01,0.0,0.0,0.0,0.0,0.0,0.0,91.92,0.0,0.0,0.0,0.0,0.0,0.0,0.0,0.0,0.0,100.0,2.02,0.0,1.01,0.0,0.0,0.0,0.0,0.0,0.0,96.97,4.04,0.0,0.0,0.0,0.0,0.0,0.0,0.0,0.0,95.96,0.0,0.0,0.0,0.0,0.0,0.0,0.0,0.0,0.0,100.0,0.0,0.0,0.0,0.0,0.0,0.0,0.0,0.0,0.0,100.0,0.0,0.0,1.0,0.0,0.0,0.0,0.0,0.0,0.0,99.0,1.98,0.0,0.99,0.0,0.0,0.0,0.0,0.0,0.0,97.03,1.0,0.0,1.0,0.0,0.0,0.0,0.0,0.0,0.0,98.0,0.99,0.0,0.99,0.0,0.0,0.0,0.0,0.0,0.0,98.02,1.98,0.0,1.98,0.0,0.0,0.0,0.0,0.0,0.0,96.04,1.0,0.0,1.0,0.0,0.0,0.0,0.0,0.0,0.0,98.0,1.01,0.0,1.01,0.0,0.0,0.0,0.0,0.0,0.0,97.98,1.01,0.0,0.0,0.0,0.0,0.0,0.0,0.0,0.0,98.99
331,0.0,0.0,0.0,0.0,0.0,0.0,0.0,0.0,0.0,100.0,0.0,0.0,0.0,0.0,0.0,0.0,0.0,0.0,0.0,100.0,0.0,0.0,0.0,0.0,0.0,0.0,0.0,0.0,0.0,100.0,0.0,0.0,0.0,0.0,0.0,0.0,0.0,0.0,0.0,100.0,0.0,0.0,0.0,0.0,0.0,0.0,0.0,0.0,0.0,100.0,0.0,0.0,0.0,0.0,0.0,0.0,0.0,0.0,0.0,100.0,0.0,0.0,0.0,0.0,0.0,0.0,0.0,0.0,0.0,100.0,0.0,0.0,0.0,0.0,0.0,0.0,0.0,0.0,0.0,100.0,0.0,0.0,0.0,0.0,0.0,0.0,0.0,0.0,0.0,100.0,0.0,0.0,0.0,0.0,0.0,0.0,0.0,0.0,0.0,100.0,0.99,0.0,0.0,0.99,0.0,0.0,0.0,0.0,0.0,98.02,0.0,0.0,0.0,0.0,0.0,0.0,0.0,0.0,0.0,100.0,0.0,0.0,0.0,0.0,0.0,0.0,0.0,0.0,0.0,100.0,0.0,0.0,0.0,0.0,0.0,0.0,0.0,0.0,0.0,100.0,0.0,0.0,0.99,0.0,0.0,0.0,0.0,0.0,0.0,99.01,0.0,0.0,0.0,0.0,0.0,0.0,0.0,0.0,0.0,100.0,0.0,0.0,0.0,0.0,0.0,0.0,0.0,0.0,0.0,100.0,0.0,0.0,0.0,0.0,0.0,0.0,0.0,0.0,0.0,100.0,0.0,0.0,0.0,0.0,0.0,0.0,0.0,0.0,0.0,100.0,0.0,0.0,0.0,2.0,0.0,0.0,0.0,0.0,0.0,98.0,0.0,0.0,0.0,0.0,0.0,0.0,0.0,0.0,0.0,100.0,0.0,0.0,0.0,0.0,0.0,0.0,0.0,0.0,0.0,100.0,0.0,0.0,0.0,0.0,0.0,0.0,0.0,0.0,0.0,100.0,0.0,0.0,0.99,0.99,0.0,0.0,0.0,0.0,0.0,98.02
332,0.0,0.0,0.0,0.0,0.0,0.0,0.0,0.0,0.0,100.0,0.0,0.0,0.0,0.0,0.0,0.0,0.0,0.0,0.0,100.0,0.0,0.0,0.0,0.0,0.0,0.0,0.0,0.0,0.0,100.0,0.0,0.0,0.0,0.0,0.0,0.0,0.0,0.0,0.0,100.0,0.0,0.0,0.0,0.0,0.0,0.0,0.0,0.0,0.0,100.0,0.0,0.0,0.0,0.0,0.0,0.0,0.0,0.0,0.0,100.0,0.0,0.0,0.99,0.0,0.0,0.0,0.0,0.0,0.0,99.01,0.0,0.0,0.0,0.0,0.0,0.0,0.0,0.0,0.0,100.0,0.0,0.0,0.0,0.0,0.0,0.0,0.0,0.0,0.0,100.0,0.0,0.0,0.0,0.0,0.0,0.0,0.0,0.0,0.0,100.0,0.0,0.0,0.0,0.0,0.0,0.0,0.0,0.0,0.0,100.0,0.0,0.0,0.0,0.0,0.0,0.0,0.0,0.0,0.0,100.0,0.0,0.0,0.0,0.0,0.0,0.0,0.0,0.0,0.0,100.0,0.0,0.0,0.0,0.0,0.0,0.0,0.0,0.0,0.0,100.0,0.0,0.0,0.0,0.0,0.0,0.0,0.0,0.0,0.0,100.0,0.0,0.0,0.0,0.0,0.0,0.0,0.0,0.0,0.0,100.0,0.0,0.0,0.0,0.0,0.0,0.0,0.0,0.0,0.0,100.0,0.0,0.0,0.0,0.0,0.0,0.0,0.0,0.0,0.0,100.0,0.0,0.0,0.0,0.0,0.0,0.0,0.0,0.0,0.0,100.0,0.0,0.0,0.0,0.0,0.0,0.0,0.0,0.0,0.0,100.0,0.0,0.0,0.0,0.0,0.0,0.0,0.0,0.0,0.0,100.0,0.0,0.0,0.0,0.0,0.0,0.0,0.0,0.0,0.0,100.0,0.0,0.0,0.0,0.0,0.0,0.0,0.0,0.0,0.0,100.0,0.0,0.0,0.0,0.0,0.0,0.0,0.0,0.0,0.0,100.0
333,6.06,0.0,0.0,0.0,0.0,0.0,0.0,0.0,0.0,93.94,0.0,0.0,0.0,0.0,0.0,0.0,0.0,0.0,0.0,100.0,4.0,0.0,0.0,0.0,0.0,0.0,0.0,0.0,0.0,96.0,0.0,0.0,0.0,0.0,0.0,0.0,0.0,0.0,0.0,100.0,1.0,0.0,0.0,0.0,0.0,0.0,0.0,0.0,0.0,99.0,0.0,0.0,0.0,0.0,0.0,0.0,0.0,0.0,0.0,100.0,1.0,0.0,0.0,0.0,0.0,0.0,0.0,0.0,0.0,99.0,0.0,0.0,0.0,0.0,0.0,0.0,0.0,0.0,0.0,100.0,0.0,0.0,0.0,0.0,0.0,0.0,0.0,0.0,0.0,100.0,2.0,0.0,1.0,0.0,0.0,0.0,0.0,0.0,0.0,97.0,5.05,0.0,1.01,0.0,0.0,0.0,0.0,0.0,0.0,93.94,0.0,0.0,0.0,0.0,0.0,0.0,0.0,0.0,0.0,100.0,1.0,0.0,0.0,0.0,0.0,0.0,0.0,0.0,0.0,99.0,0.99,0.0,0.0,0.0,0.0,0.0,0.0,0.0,0.0,99.01,0.0,0.0,0.0,0.0,0.0,0.0,0.0,0.0,0.0,100.0,0.99,0.0,0.0,0.0,0.0,0.0,0.0,0.0,0.0,99.01,2.0,0.0,1.0,0.0,0.0,1.0,0.0,0.0,0.0,96.0,2.0,0.0,2.0,0.0,0.0,0.0,0.0,0.0,0.0,96.0,2.97,0.0,0.99,0.0,0.0,0.0,0.0,0.0,0.0,96.04,2.0,0.0,2.0,0.0,0.0,0.0,0.0,0.0,0.0,96.0,3.03,0.0,1.01,0.0,0.0,0.0,0.0,0.0,0.0,95.96,1.0,0.0,1.0,0.0,0.0,0.0,0.0,0.0,0.0,98.0,1.98,0.0,0.99,0.0,0.0,0.0,0.0,0.0,0.0,97.03,1.0,0.0,2.0,0.0,0.0,0.0,0.0,0.0,0.0,97.0
334,0.0,0.0,0.0,0.0,0.0,0.0,0.0,0.0,0.0,100.0,0.0,0.0,0.0,0.0,0.0,0.0,0.0,0.0,0.0,100.0,0.0,0.0,0.0,0.0,0.0,0.0,0.0,0.0,0.0,100.0,0.0,0.0,0.0,0.0,0.0,0.0,0.0,0.0,0.0,100.0,0.0,0.0,0.0,0.0,0.0,0.0,0.0,0.0,0.0,100.0,0.0,0.0,0.0,0.0,0.0,0.0,0.0,0.0,0.0,100.0,0.0,0.0,0.0,0.0,0.0,0.0,0.0,0.0,0.0,100.0,0.0,0.0,0.0,0.0,0.0,0.0,0.0,0.0,0.0,100.0,0.0,0.0,0.0,0.0,0.0,0.0,0.0,0.0,0.0,100.0,2.91,0.0,0.0,0.0,0.0,0.0,0.0,0.0,0.0,97.09,0.0,0.0,0.0,0.0,0.0,0.0,0.0,0.0,0.0,100.0,0.0,0.0,0.0,0.0,0.0,0.0,0.0,0.0,0.0,100.0,0.0,0.0,0.0,0.0,0.0,0.0,0.0,0.0,0.0,100.0,0.0,0.0,0.0,0.0,0.0,0.0,0.0,0.0,0.0,100.0,0.0,0.0,0.0,0.0,0.0,0.0,0.0,0.0,0.0,100.0,0.0,0.0,0.0,0.0,0.0,0.0,0.0,0.0,0.0,100.0,0.0,0.0,0.99,0.0,0.0,0.0,0.0,0.0,0.0,99.01,0.0,0.0,0.0,0.0,0.0,0.0,0.0,0.0,0.0,100.0,0.0,0.0,0.0,0.0,0.0,0.0,0.0,0.0,0.0,100.0,0.0,0.0,0.0,0.0,0.0,0.0,0.0,0.0,0.0,100.0,0.0,0.0,0.0,0.0,0.0,0.0,0.0,0.0,0.0,100.0,0.99,0.0,0.0,0.0,0.0,0.0,0.0,0.0,0.0,99.01,0.0,0.0,0.0,0.0,0.0,0.0,0.0,0.0,0.0,100.0,0.0,0.0,0.0,0.0,0.0,0.0,0.0,0.0,0.0,100.0
335,0.0,0.0,0.0,0.0,0.0,0.0,0.0,0.0,0.0,100.0,0.0,0.0,0.0,0.0,0.0,0.0,0.0,0.0,0.0,100.0,0.0,0.0,0.0,0.0,0.0,0.0,0.0,0.0,0.0,100.0,0.0,0.0,0.0,0.0,0.0,0.0,0.0,0.0,0.0,100.0,0.0,0.0,0.0,0.0,0.0,0.0,0.0,0.0,0.0,100.0,0.0,0.0,0.0,0.0,0.0,0.0,0.0,0.0,0.0,100.0,0.0,0.0,0.0,0.0,0.0,0.0,0.0,0.0,0.0,100.0,0.0,0.0,0.0,0.0,0.0,0.0,0.0,0.0,0.0,100.0,0.99,0.0,0.0,0.0,0.0,0.0,0.0,0.0,0.0,99.01,2.91,0.0,0.0,0.0,0.0,0.0,0.0,0.0,0.0,97.09,0.0,0.0,0.0,0.0,0.0,0.0,0.0,0.0,0.0,100.0,0.0,0.0,0.0,0.0,0.0,0.0,0.0,0.0,0.0,100.0,0.0,0.0,0.0,0.0,0.0,0.0,0.0,0.0,0.0,100.0,0.0,0.0,0.0,0.0,0.0,0.0,0.0,0.0,0.0,100.0,0.0,0.0,0.0,0.0,0.0,0.0,0.0,0.0,0.0,100.0,0.0,0.0,0.0,0.0,0.0,0.0,0.0,0.0,0.0,100.0,0.0,0.0,0.0,0.0,0.0,0.0,0.0,0.0,0.0,100.0,0.0,0.0,0.0,0.0,0.0,0.0,0.0,0.0,0.0,100.0,0.0,0.0,0.0,0.0,0.0,0.0,0.0,0.0,0.0,100.0,0.0,0.0,0.0,0.0,0.0,0.0,0.0,0.0,0.0,100.0,0.0,0.0,0.99,0.0,0.0,0.0,0.0,0.0,0.0,99.01,0.0,0.0,0.0,0.0,0.0,0.0,0.0,0.0,0.0,100.0,0.0,0.0,0.0,0.0,0.0,0.0,0.0,0.0,0.0,100.0,0.0,0.0,0.0,0.0,0.0,0.0,0.0,0.0,0.0,100.0
336,0.0,0.0,0.0,0.0,0.0,0.0,0.0,0.0,0.0,100.0,0.0,0.0,0.0,0.0,0.0,0.0,0.0,0.0,0.0,100.0,0.0,0.0,0.0,0.0,0.0,0.0,0.0,0.0,0.0,100.0,0.0,0.0,0.0,0.0,0.0,0.0,0.0,0.0,0.0,100.0,0.0,0.0,0.0,0.0,0.0,0.0,0.0,0.0,0.0,100.0,0.0,0.0,0.0,0.0,0.0,0.0,0.0,0.0,0.0,100.0,0.0,0.0,0.0,0.0,0.0,0.0,0.0,0.0,0.0,100.0,0.0,0.0,0.0,0.0,0.0,0.0,0.0,0.0,0.0,100.0,0.0,0.0,0.0,0.0,0.0,0.0,0.0,0.0,0.0,100.0,2.94,0.0,0.0,0.0,0.0,0.0,0.0,0.0,0.0,97.06,1.0,0.0,0.0,0.0,0.0,0.0,0.0,0.0,0.0,99.0,0.0,0.0,0.0,0.0,0.0,0.0,0.0,0.0,0.0,100.0,0.0,0.0,0.0,0.0,0.0,0.0,0.0,0.0,0.0,100.0,0.0,0.0,0.0,0.0,0.0,0.0,0.0,0.0,0.0,100.0,0.0,0.0,0.0,0.0,0.0,0.0,0.0,0.0,0.0,100.0,0.0,0.0,0.0,0.0,0.0,0.0,0.0,0.0,0.0,100.0,0.0,0.0,0.0,0.0,0.0,0.0,0.0,0.0,0.0,100.0,0.0,0.0,0.0,0.0,0.0,0.0,0.0,0.0,0.0,100.0,0.0,0.0,0.0,0.0,0.0,0.0,0.0,0.0,0.0,100.0,0.0,0.0,0.0,1.98,0.0,0.0,0.0,0.0,0.0,98.02,0.0,0.0,0.0,0.0,0.0,0.0,0.0,0.0,0.0,100.0,0.0,0.0,0.0,1.0,0.0,0.0,0.0,0.0,0.0,99.0,0.0,0.0,0.0,0.0,0.0,0.0,0.0,0.0,0.0,100.0,0.0,0.0,0.0,0.0,0.0,0.0,0.0,0.0,0.0,100.0
337,0.0,0.0,0.0,0.0,0.0,0.0,0.0,0.0,0.0,100.0,0.0,0.0,0.0,0.0,0.0,0.0,0.0,0.0,0.0,100.0,0.0,0.0,0.0,0.0,0.0,0.0,0.0,0.0,0.0,100.0,0.0,0.0,0.0,0.0,0.0,0.0,0.0,0.0,0.0,100.0,0.0,0.0,0.0,0.0,0.0,0.0,0.0,0.0,0.0,100.0,0.0,0.0,0.0,0.0,0.0,0.0,0.0,0.0,0.0,100.0,0.0,0.0,0.0,0.0,0.0,0.0,0.0,0.0,0.0,100.0,0.0,0.0,0.0,0.0,0.0,0.0,0.0,0.0,0.0,100.0,0.0,0.0,0.0,0.0,0.0,0.0,0.0,0.0,0.0,100.0,1.96,0.0,0.0,0.0,0.0,0.0,0.0,0.0,0.0,98.04,0.0,0.0,0.0,0.0,0.0,0.0,0.0,0.0,0.0,100.0,0.0,0.0,0.0,0.0,0.0,0.0,0.0,0.0,0.0,100.0,0.0,0.0,0.0,0.0,0.0,0.0,0.0,0.0,0.0,100.0,0.0,0.0,0.0,0.0,0.0,0.0,0.0,0.0,0.0,100.0,0.99,0.0,0.0,0.0,0.0,0.0,0.0,0.0,0.0,99.01,0.0,0.0,0.0,0.0,0.0,0.0,0.0,0.0,0.0,100.0,0.0,0.0,0.0,0.0,0.0,0.0,0.0,0.0,0.0,100.0,0.0,0.0,0.0,0.0,0.0,0.0,0.0,0.0,0.0,100.0,0.0,0.0,0.0,0.0,0.0,0.0,0.0,0.0,0.0,100.0,0.0,0.0,0.0,0.0,0.0,0.0,0.0,0.0,0.0,100.0,0.0,0.0,0.0,0.0,0.0,0.0,0.0,0.0,0.0,100.0,0.0,0.0,0.0,0.0,0.0,0.0,0.0,0.0,0.0,100.0,0.0,0.0,0.0,0.0,0.0,0.0,0.0,0.0,0.0,100.0,0.0,0.0,0.0,0.0,0.0,0.0,0.0,0.0,0.0,100.0
338,0.0,0.0,0.99,0.0,0.0,0.0,0.0,0.0,0.0,99.01,0.0,0.0,0.0,0.0,0.0,0.0,0.0,0.0,0.0,100.0,2.97,0.0,0.99,0.0,0.0,0.0,0.0,0.0,0.0,96.04,0.0,0.0,0.0,0.0,0.0,0.0,0.0,0.0,0.0,100.0,0.0,0.0,0.0,0.0,0.0,0.0,0.0,0.0,0.0,100.0,0.0,0.0,0.0,0.0,0.0,0.0,0.0,0.0,0.0,100.0,0.0,0.0,0.0,0.0,0.0,0.0,0.0,0.0,0.0,100.0,0.0,0.0,0.0,0.0,0.0,0.0,0.0,0.0,0.0,100.0,0.0,0.0,0.0,0.0,0.0,0.0,0.0,0.0,0.0,100.0,3.92,0.0,0.98,0.0,0.0,0.0,0.0,0.0,0.0,95.1,10.1,0.0,1.01,0.0,0.0,0.0,0.0,0.0,0.0,88.89,0.0,0.0,0.0,0.0,0.0,0.0,0.0,0.0,0.0,100.0,4.0,0.0,1.0,0.0,0.0,0.0,0.0,0.0,0.0,95.0,0.0,0.0,0.0,0.0,0.0,0.0,0.0,0.0,0.0,100.0,9.18,0.0,1.02,0.0,0.0,0.0,0.0,0.0,0.0,89.8,0.0,0.0,0.0,0.0,0.0,0.0,0.0,0.0,0.0,100.0,2.0,0.0,0.0,1.0,0.0,0.0,0.0,0.0,0.0,97.0,1.0,0.0,1.0,1.0,0.0,0.0,0.0,0.0,0.0,97.0,0.0,0.0,1.0,0.0,0.0,0.0,0.0,0.0,0.0,99.0,1.0,0.0,1.0,0.0,0.0,0.0,0.0,0.0,0.0,98.0,0.0,0.0,0.0,0.0,0.0,0.0,0.0,0.0,0.0,100.0,1.0,0.0,1.0,0.0,0.0,0.0,0.0,0.0,0.0,98.0,2.0,0.0,2.0,0.0,0.0,0.0,0.0,0.0,0.0,96.0,0.0,0.0,0.0,0.0,0.0,0.0,0.0,0.0,0.0,100.0
339,0.0,0.0,0.0,0.0,0.0,93.0,0.0,0.0,0.0,7.0,0.0,0.0,0.0,0.0,0.0,100.0,0.0,0.0,0.0,0.0,0.0,0.0,0.0,0.0,0.0,92.08,0.0,0.0,0.0,7.92,0.0,0.0,0.0,0.0,0.0,67.33,0.0,0.0,0.0,32.67,0.0,0.0,0.0,0.0,0.0,96.04,0.0,0.0,0.0,3.96,0.0,0.0,0.0,0.0,0.0,85.15,0.0,0.0,0.0,14.85,0.0,0.0,0.0,0.0,0.0,83.84,0.0,0.0,0.0,16.16,0.0,0.0,0.0,0.0,0.0,100.0,0.0,0.0,0.0,0.0,0.0,0.0,1.01,0.0,0.0,65.66,0.0,0.0,0.0,33.33,7.07,0.0,3.03,0.0,0.0,16.16,0.0,0.0,0.0,73.74,3.06,0.0,1.02,0.0,0.0,35.71,0.0,0.0,0.0,60.2,0.0,0.0,0.0,0.0,0.0,55.67,0.0,0.0,0.0,44.33,5.15,0.0,2.06,0.0,0.0,31.96,0.0,0.0,0.0,60.82,0.0,0.0,0.0,0.0,0.0,41.41,0.0,0.0,0.0,58.59,24.0,0.0,3.0,0.0,0.0,50.0,0.0,0.0,0.0,23.0,0.0,0.0,0.0,0.0,0.0,52.08,0.0,0.0,0.0,47.92,3.96,0.0,4.95,0.0,0.0,0.99,0.0,0.0,0.0,90.1,4.04,0.0,3.03,1.01,0.0,0.0,0.0,0.0,0.0,91.92,3.0,0.0,1.0,0.0,0.0,0.0,0.0,0.0,0.0,96.0,2.0,0.0,3.0,0.0,0.0,0.0,0.0,0.0,0.0,95.0,3.03,0.0,6.06,5.05,0.0,0.0,0.0,0.0,0.0,85.86,1.02,0.0,1.02,4.08,0.0,0.0,0.0,0.0,0.0,93.88,1.01,0.0,2.02,0.0,0.0,0.0,0.0,0.0,0.0,96.97,0.0,0.0,2.02,8.08,0.0,0.0,0.0,0.0,0.0,89.9
340,0.0,0.0,0.0,0.0,0.0,84.85,0.0,0.0,0.0,15.15,0.0,0.0,0.0,0.0,0.0,100.0,0.0,0.0,0.0,0.0,0.0,0.0,0.0,0.0,0.0,85.29,0.0,0.0,0.0,14.71,0.0,0.0,0.0,0.0,0.0,60.61,0.0,0.0,0.0,39.39,0.0,0.0,0.0,0.0,0.0,89.9,0.0,0.0,0.0,10.1,0.0,0.0,0.0,0.0,0.0,78.0,0.0,0.0,0.0,22.0,0.0,0.0,0.0,0.0,0.0,77.78,0.0,0.0,0.0,22.22,0.0,0.0,0.0,0.0,0.0,100.0,0.0,0.0,0.0,0.0,0.0,0.0,0.0,0.0,0.0,58.16,0.0,0.0,0.0,41.84,0.0,0.0,0.0,0.0,0.0,13.13,0.0,0.0,0.0,86.87,0.0,0.0,0.0,0.0,0.0,36.36,0.0,0.0,0.0,63.64,0.0,0.0,0.0,0.0,0.0,55.56,0.0,0.0,0.0,44.44,1.0,0.0,0.0,0.0,0.0,30.0,0.0,0.0,0.0,69.0,0.99,0.0,0.0,0.0,0.0,35.64,0.0,0.0,0.0,63.37,2.11,0.0,0.0,5.26,0.0,48.42,0.0,0.0,0.0,44.21,0.0,0.0,0.0,0.0,0.0,51.96,0.0,0.0,0.0,48.04,1.0,0.0,0.0,1.0,0.0,0.0,0.0,0.0,0.0,98.0,0.98,0.0,0.98,0.98,0.0,0.0,0.0,0.0,0.0,97.06,0.0,0.0,1.0,0.0,0.0,0.0,0.0,0.0,0.0,99.0,0.0,0.0,0.0,2.02,0.0,0.0,0.0,0.0,0.0,97.98,0.0,0.0,1.0,5.0,0.0,0.0,0.0,0.0,0.0,94.0,0.0,0.0,0.0,0.0,0.0,0.0,0.0,0.0,0.0,100.0,0.0,0.0,0.0,0.0,0.0,0.0,0.0,0.0,0.0,100.0,1.0,0.0,0.0,0.0,0.0,0.0,0.0,0.0,0.0,99.0
341,0.0,0.0,0.0,0.0,0.0,87.76,0.0,0.0,0.0,12.24,0.0,0.0,0.0,0.0,0.0,100.0,0.0,0.0,0.0,0.0,0.0,0.0,0.0,0.0,0.0,85.29,0.0,0.0,0.0,14.71,1.0,0.0,0.0,0.0,0.0,61.0,0.0,0.0,0.0,38.0,0.0,0.0,0.0,0.0,0.0,89.8,0.0,0.0,0.0,10.2,0.0,0.0,0.0,0.0,0.0,79.8,0.0,0.0,0.0,20.2,0.0,0.0,0.0,0.0,0.0,78.57,0.0,0.0,0.0,21.43,0.0,0.0,0.0,0.0,0.0,100.0,0.0,0.0,0.0,0.0,0.0,0.0,0.0,0.0,0.0,58.59,0.0,0.0,0.0,41.41,0.0,0.0,0.0,0.0,0.0,13.86,0.0,0.0,0.0,86.14,0.0,0.0,0.0,0.0,0.0,35.35,0.0,0.0,0.0,64.65,0.0,0.0,0.0,0.0,0.0,55.67,0.0,0.0,0.0,44.33,1.02,0.0,0.0,0.0,0.0,28.57,0.0,0.0,0.0,70.41,0.0,0.0,0.0,0.0,0.0,37.37,0.0,0.0,0.0,62.63,0.0,0.0,1.0,0.0,0.0,49.0,0.0,0.0,0.0,50.0,0.0,0.0,0.0,0.0,0.0,45.56,0.0,0.0,0.0,54.44,0.0,0.0,1.01,0.0,0.0,0.0,0.0,0.0,0.0,98.99,0.0,0.0,0.0,0.0,0.0,0.0,0.0,0.0,0.0,100.0,1.0,0.0,1.0,0.0,0.0,0.0,0.0,0.0,0.0,98.0,0.0,0.0,0.98,18.63,0.0,0.0,0.0,0.0,0.0,80.39,1.0,0.0,0.0,0.0,0.0,0.0,0.0,0.0,0.0,99.0,0.0,0.0,0.0,0.0,0.0,0.0,0.0,0.0,0.0,100.0,0.0,0.0,0.0,0.0,0.0,0.0,0.0,0.0,0.0,100.0,0.0,0.0,0.0,0.0,0.0,0.0,0.0,0.0,0.0,100.0
342,0.0,0.0,0.0,0.0,0.0,93.0,0.0,0.0,0.0,7.0,0.0,0.0,0.0,0.0,0.0,100.0,0.0,0.0,0.0,0.0,0.0,0.0,0.0,0.0,0.0,90.82,0.0,0.0,0.0,9.18,0.0,0.0,0.0,0.0,0.0,64.95,0.0,0.0,0.0,35.05,0.0,0.0,0.0,0.0,0.0,95.96,0.0,0.0,0.0,4.04,0.0,0.0,0.0,0.0,0.0,83.67,0.0,0.0,0.0,16.33,0.0,0.0,0.0,0.0,0.0,81.82,0.0,0.0,0.0,18.18,0.0,0.0,0.0,0.0,0.0,100.0,0.0,0.0,0.0,0.0,2.97,0.0,1.98,0.0,0.0,62.38,0.0,0.0,0.0,32.67,0.0,0.0,0.0,0.0,0.0,14.29,0.0,0.0,0.0,85.71,2.02,0.0,2.02,0.0,0.0,38.38,0.0,0.0,0.0,57.58,0.0,0.0,0.0,0.0,0.0,56.84,0.0,0.0,0.0,43.16,18.0,0.0,6.0,0.0,0.0,32.0,0.0,0.0,0.0,44.0,0.0,0.0,0.0,0.0,0.0,43.0,0.0,0.0,0.0,57.0,1.0,0.0,0.0,0.0,0.0,54.0,0.0,0.0,0.0,45.0,0.0,0.0,0.0,0.0,0.0,32.35,0.0,0.0,0.0,67.65,5.94,0.0,6.93,0.0,0.0,0.0,0.0,0.0,0.0,87.13,5.05,0.0,2.02,0.0,0.0,0.0,0.0,0.0,0.0,92.93,2.04,0.0,1.02,0.0,0.0,0.0,0.0,0.0,0.0,96.94,2.04,0.0,1.02,3.06,0.0,0.0,0.0,0.0,0.0,93.88,3.06,0.0,4.08,4.08,0.0,0.0,0.0,0.0,0.0,88.78,1.0,0.0,2.0,10.0,0.0,0.0,0.0,0.0,0.0,87.0,3.03,0.0,3.03,0.0,0.0,0.0,0.0,0.0,0.0,93.94,1.01,0.0,2.02,0.0,0.0,0.0,0.0,0.0,0.0,96.97
343,0.0,0.0,0.0,0.0,0.0,88.89,0.0,0.0,0.0,11.11,0.0,0.0,0.0,0.0,0.0,100.0,0.0,0.0,0.0,0.0,0.0,0.0,0.0,0.0,0.0,86.0,0.0,0.0,0.0,14.0,0.0,0.0,0.0,0.0,0.0,61.62,0.0,0.0,0.0,38.38,0.97,0.0,0.97,0.0,0.0,89.32,0.0,0.0,0.0,8.74,0.0,0.0,0.0,0.0,0.0,80.2,0.0,0.0,0.0,19.8,0.0,0.0,0.0,0.0,0.0,77.32,0.0,0.0,0.0,22.68,0.0,0.0,0.0,0.0,0.0,100.0,0.0,0.0,0.0,0.0,0.0,0.0,0.0,0.0,0.0,60.2,0.0,0.0,0.0,39.8,0.0,0.0,0.0,0.0,0.0,14.14,0.0,0.0,0.0,85.86,1.01,0.0,1.01,0.0,0.0,35.35,0.0,0.0,0.0,62.63,0.0,0.0,0.0,0.0,0.0,56.7,0.0,0.0,0.0,43.3,0.0,0.0,0.0,0.0,0.0,33.66,0.0,0.0,0.0,66.34,0.0,0.0,0.0,0.0,0.0,41.41,0.0,0.0,0.0,58.59,2.17,0.0,1.09,0.0,0.0,45.65,0.0,0.0,0.0,51.09,0.0,0.0,0.0,0.0,0.0,39.51,0.0,0.0,0.0,60.49,0.0,0.0,0.0,0.0,0.0,0.0,0.0,0.0,0.0,100.0,1.0,0.0,0.0,0.0,0.0,0.0,0.0,0.0,0.0,99.0,0.0,0.0,0.0,0.0,0.0,0.0,0.0,0.0,0.0,100.0,1.01,0.0,0.0,0.0,0.0,0.0,0.0,0.0,0.0,98.99,0.0,0.0,0.99,15.84,0.0,0.0,0.0,0.0,0.0,83.17,0.0,0.0,0.99,2.97,0.0,0.0,0.0,0.0,0.0,96.04,0.99,0.0,0.0,0.0,0.0,0.0,0.0,0.0,0.0,99.01,2.0,0.0,1.0,0.0,0.0,0.0,0.0,0.0,0.0,97.0
344,0.0,0.0,0.0,0.0,0.0,85.86,0.0,0.0,0.0,14.14,0.0,0.0,0.0,0.0,0.0,100.0,0.0,0.0,0.0,0.0,0.0,0.0,0.0,0.0,0.0,85.0,0.0,0.0,0.0,15.0,0.0,0.0,0.0,0.0,0.0,61.39,0.0,0.0,0.0,38.61,0.0,0.0,0.0,0.0,0.0,90.91,0.0,0.0,0.0,9.09,0.0,0.0,0.0,0.0,0.0,79.0,0.0,0.0,0.0,21.0,0.0,0.0,0.0,0.0,0.0,78.0,0.0,0.0,0.0,22.0,0.0,0.0,0.0,0.0,0.0,100.0,0.0,0.0,0.0,0.0,1.02,0.0,0.0,0.0,0.0,57.14,0.0,0.0,0.0,41.84,1.0,0.0,0.0,0.0,0.0,13.0,0.0,0.0,0.0,86.0,1.0,0.0,0.0,0.0,0.0,35.0,0.0,0.0,0.0,64.0,0.0,0.0,0.0,0.0,0.0,56.57,0.0,0.0,0.0,43.43,0.0,0.0,0.0,0.0,0.0,31.63,0.0,0.0,0.0,68.37,0.0,0.0,0.0,0.0,0.0,41.84,0.0,0.0,0.0,58.16,1.03,0.0,0.0,0.0,0.0,48.45,0.0,0.0,0.0,50.52,0.0,0.0,0.0,0.0,0.0,50.51,0.0,0.0,0.0,49.49,1.01,0.0,0.0,0.0,0.0,0.0,0.0,0.0,0.0,98.99,0.0,0.0,1.0,0.0,0.0,0.0,0.0,0.0,0.0,99.0,0.0,0.0,0.0,0.0,0.0,0.0,0.0,0.0,0.0,100.0,0.0,0.0,1.0,0.0,0.0,0.0,0.0,0.0,0.0,99.0,1.0,0.0,1.0,13.0,0.0,0.0,0.0,0.0,0.0,85.0,0.0,0.0,0.0,5.05,0.0,0.0,0.0,0.0,0.0,94.95,0.0,0.0,0.0,0.0,0.0,0.0,0.0,0.0,0.0,100.0,0.0,0.0,1.02,0.0,0.0,0.0,0.0,0.0,0.0,98.98
345,0.0,0.0,0.0,0.0,0.0,82.0,0.0,0.0,0.0,18.0,0.0,0.0,0.0,0.0,0.0,100.0,0.0,0.0,0.0,0.0,0.0,0.0,0.0,0.0,0.0,83.67,0.0,0.0,0.0,16.33,0.0,0.0,0.0,0.0,0.0,60.4,0.0,0.0,0.0,39.6,0.0,0.0,0.0,0.0,0.0,87.76,0.0,0.0,0.0,12.24,0.0,0.0,0.0,0.0,0.0,78.0,0.0,0.0,0.0,22.0,0.0,0.0,0.0,0.0,0.0,76.0,0.0,0.0,0.0,24.0,0.0,0.0,0.0,0.0,0.0,100.0,0.0,0.0,0.0,0.0,0.0,0.0,0.0,0.0,0.0,59.0,0.0,0.0,0.0,41.0,0.0,0.0,0.99,0.0,0.0,14.85,0.0,0.0,0.0,84.16,0.0,0.0,0.0,0.0,0.0,34.34,0.0,0.0,0.0,65.66,0.0,0.0,0.0,0.0,0.0,42.31,0.0,0.0,0.0,57.69,0.0,0.0,1.0,0.0,0.0,30.0,0.0,0.0,0.0,69.0,0.0,0.0,0.0,0.0,0.0,41.58,0.0,0.0,0.0,58.42,0.0,0.0,0.0,0.0,0.0,48.0,0.0,0.0,0.0,52.0,0.0,0.0,0.0,0.0,0.0,49.0,0.0,0.0,0.0,51.0,1.0,0.0,1.0,0.0,0.0,0.0,0.0,0.0,0.0,98.0,0.0,0.0,0.0,0.0,0.0,0.0,0.0,0.0,0.0,100.0,0.0,0.0,1.0,0.0,0.0,0.0,0.0,0.0,0.0,99.0,0.0,0.0,0.0,0.0,0.0,0.0,0.0,0.0,0.0,100.0,1.0,0.0,0.0,0.0,0.0,0.0,0.0,0.0,0.0,99.0,0.0,0.0,0.0,7.07,0.0,0.0,0.0,0.0,0.0,92.93,0.0,0.0,0.0,11.11,0.0,0.0,0.0,0.0,0.0,88.89,0.99,0.0,0.99,0.99,0.0,0.0,0.0,0.0,0.0,97.03
346,0.0,0.0,0.0,0.0,0.0,87.88,0.0,0.0,0.0,12.12,0.0,0.0,0.0,0.0,0.0,100.0,0.0,0.0,0.0,0.0,0.0,0.0,0.0,0.0,0.0,85.0,0.0,0.0,0.0,15.0,0.0,0.0,0.0,0.0,0.0,60.61,0.0,0.0,0.0,39.39,0.0,0.0,0.0,0.0,0.0,90.91,0.0,0.0,0.0,9.09,0.0,0.0,0.0,0.0,0.0,79.0,0.0,0.0,0.0,21.0,0.0,0.0,0.0,0.0,0.0,78.35,0.0,0.0,0.0,21.65,0.0,0.0,0.0,0.0,0.0,100.0,0.0,0.0,0.0,0.0,0.0,0.0,0.0,0.0,0.0,57.0,0.0,0.0,0.0,43.0,0.0,0.0,0.0,0.0,0.0,16.0,0.0,0.0,0.0,84.0,0.0,0.0,0.0,0.0,0.0,34.65,0.0,0.0,0.0,65.35,0.0,0.0,0.0,0.0,0.0,45.78,0.0,0.0,0.0,54.22,0.99,0.0,0.0,0.0,0.0,29.7,0.0,0.0,0.0,69.31,0.0,0.0,0.0,0.0,0.0,37.62,0.0,0.0,0.0,62.38,1.01,0.0,0.0,0.0,0.0,46.46,0.0,0.0,0.0,52.53,0.0,0.0,0.0,0.0,0.0,49.0,0.0,0.0,0.0,51.0,1.01,0.0,0.0,0.0,0.0,0.0,0.0,0.0,0.0,98.99,0.0,0.0,0.0,0.0,0.0,0.0,0.0,0.0,0.0,100.0,0.0,0.0,0.0,0.0,0.0,0.0,0.0,0.0,0.0,100.0,0.0,0.0,0.0,0.0,0.0,0.0,0.0,0.0,0.0,100.0,0.0,0.0,0.0,0.0,0.0,0.0,0.0,0.0,0.0,100.0,0.0,0.0,0.0,7.07,0.0,0.0,0.0,0.0,0.0,92.93,0.0,0.0,0.0,10.89,0.0,0.0,0.0,0.0,0.0,89.11,1.01,0.0,1.01,0.0,0.0,0.0,0.0,0.0,0.0,97.98
347,0.0,0.0,0.0,0.0,0.0,85.86,0.0,0.0,0.0,14.14,0.0,0.0,0.0,0.0,0.0,100.0,0.0,0.0,0.0,0.0,0.0,0.0,0.0,0.0,0.0,86.0,0.0,0.0,0.0,14.0,0.0,0.0,0.0,0.0,0.0,59.6,0.0,0.0,0.0,40.4,0.0,0.0,0.0,0.0,0.0,90.0,0.0,0.0,0.0,10.0,0.0,0.0,0.0,0.0,0.0,78.79,0.0,0.0,0.0,21.21,0.0,0.0,0.0,0.0,0.0,77.55,0.0,0.0,0.0,22.45,0.0,0.0,0.0,0.0,0.0,100.0,0.0,0.0,0.0,0.0,0.0,0.0,0.0,0.0,0.0,57.58,0.0,0.0,0.0,42.42,0.0,0.0,0.0,0.0,0.0,14.29,0.0,0.0,0.0,85.71,0.0,0.0,0.0,0.0,0.0,34.34,0.0,0.0,0.0,65.66,0.0,0.0,0.0,0.0,0.0,52.08,0.0,0.0,0.0,47.92,0.0,0.0,0.0,0.0,0.0,28.28,0.0,0.0,0.0,71.72,0.0,0.0,0.0,0.0,0.0,32.65,0.0,0.0,0.0,67.35,0.0,0.0,0.0,0.0,0.0,48.51,0.0,0.0,0.0,51.49,0.0,0.0,0.0,0.0,0.0,47.96,0.0,0.0,0.0,52.04,1.01,0.0,0.0,0.0,0.0,0.0,0.0,0.0,0.0,98.99,0.99,0.0,0.99,0.0,0.0,0.0,0.0,0.0,0.0,98.02,1.0,0.0,0.0,0.0,0.0,0.0,0.0,0.0,0.0,99.0,0.0,0.0,0.0,0.0,0.0,0.0,0.0,0.0,0.0,100.0,1.0,0.0,1.0,1.0,0.0,0.0,0.0,0.0,0.0,97.0,1.0,0.0,0.0,6.0,0.0,0.0,0.0,0.0,0.0,93.0,0.0,0.0,1.01,12.12,0.0,0.0,0.0,0.0,0.0,86.87,0.0,0.0,0.0,0.0,0.0,0.0,0.0,0.0,0.0,100.0
348,0.0,0.0,0.0,0.0,0.0,83.17,0.0,0.0,0.0,16.83,0.0,0.0,0.0,0.0,0.0,100.0,0.0,0.0,0.0,0.0,0.0,0.0,0.0,0.0,0.0,85.15,0.0,0.0,0.0,14.85,0.0,0.0,0.0,0.0,0.0,60.0,0.0,0.0,0.0,40.0,0.0,0.0,0.0,0.0,0.0,90.0,0.0,0.0,0.0,10.0,0.0,0.0,0.0,0.0,0.0,78.57,0.0,0.0,0.0,21.43,0.0,0.0,0.0,0.0,0.0,78.22,0.0,0.0,0.0,21.78,0.0,0.0,0.0,0.0,0.0,100.0,0.0,0.0,0.0,0.0,0.0,0.0,0.99,0.0,0.0,56.44,0.0,0.0,0.0,42.57,0.0,0.0,0.0,0.0,0.0,15.84,0.0,0.0,0.0,84.16,1.0,0.0,0.0,0.0,0.0,34.0,0.0,0.0,0.0,65.0,0.0,0.0,0.0,0.0,0.0,52.08,0.0,0.0,0.0,47.92,0.0,0.0,0.0,0.0,0.0,28.57,0.0,0.0,0.0,71.43,0.0,0.0,0.0,0.0,0.0,34.65,0.0,0.0,0.0,65.35,0.0,0.0,0.0,0.0,0.0,46.94,0.0,0.0,0.0,53.06,1.0,0.0,0.0,0.0,0.0,47.0,0.0,0.0,0.0,52.0,0.0,0.0,0.99,0.0,0.0,0.0,0.0,0.0,0.0,99.01,0.99,0.0,0.0,0.0,0.0,0.0,0.0,0.0,0.0,99.01,1.0,0.0,0.0,0.0,0.0,0.0,0.0,0.0,0.0,99.0,0.0,0.0,0.0,0.0,0.0,0.0,0.0,0.0,0.0,100.0,0.0,0.0,1.0,0.0,0.0,0.0,0.0,0.0,0.0,99.0,0.0,0.0,0.0,0.0,0.0,0.0,0.0,0.0,0.0,100.0,0.99,0.0,0.0,17.82,0.0,0.0,0.0,0.0,0.0,81.19,0.99,0.0,0.99,0.0,0.0,0.0,0.0,0.0,0.0,98.02
349,0.0,0.0,0.0,0.0,0.0,84.85,0.0,0.0,0.0,15.15,0.0,0.0,0.0,0.0,0.0,100.0,0.0,0.0,0.0,0.0,0.0,0.0,0.0,0.0,0.0,85.86,0.0,0.0,0.0,14.14,0.0,0.0,0.0,0.0,0.0,60.0,0.0,0.0,0.0,40.0,0.0,0.0,0.0,0.0,0.0,90.1,0.0,0.0,0.0,9.9,0.0,0.0,0.0,0.0,0.0,79.0,0.0,0.0,0.0,21.0,0.0,0.0,0.0,0.0,0.0,77.08,0.0,0.0,0.0,22.92,0.0,0.0,0.0,0.0,0.0,100.0,0.0,0.0,0.0,0.0,0.0,0.0,0.0,0.0,0.0,57.58,0.0,0.0,0.0,42.42,0.0,0.0,0.0,0.0,0.0,16.0,0.0,0.0,0.0,84.0,0.97,0.0,0.97,0.0,0.0,33.98,0.0,0.0,0.0,64.08,0.0,0.0,0.0,0.0,0.0,53.54,0.0,0.0,0.0,46.46,0.98,0.0,0.0,0.0,0.0,30.39,0.0,0.0,0.0,68.63,0.0,0.0,0.0,0.0,0.0,36.27,0.0,0.0,0.0,63.73,0.0,0.0,1.02,0.0,0.0,46.94,0.0,0.0,0.0,52.04,0.0,0.0,0.0,0.0,0.0,48.48,0.0,0.0,0.0,51.52,0.0,0.0,0.0,0.0,0.0,0.0,0.0,0.0,0.0,100.0,0.0,0.0,0.0,0.0,0.0,0.0,0.0,0.0,0.0,100.0,0.0,0.0,0.0,0.0,0.0,0.0,0.0,0.0,0.0,100.0,0.0,0.0,0.0,0.0,0.0,0.0,0.0,0.0,0.0,100.0,0.0,0.0,0.0,0.0,0.0,0.0,0.0,0.0,0.0,100.0,0.0,0.0,0.99,0.0,0.0,0.0,0.0,0.0,0.0,99.01,0.0,0.0,0.99,18.81,0.0,0.0,0.0,0.0,0.0,80.2,0.0,0.0,0.0,0.0,0.0,0.0,0.0,0.0,0.0,100.0
350,0.0,0.0,0.0,0.0,0.0,88.89,0.0,0.0,0.0,11.11,0.0,0.0,0.0,0.0,0.0,100.0,0.0,0.0,0.0,0.0,0.0,0.0,0.0,0.0,0.0,88.12,0.0,0.0,0.0,11.88,0.0,0.0,0.0,0.0,0.0,61.62,0.0,0.0,0.0,38.38,0.0,0.0,0.0,0.0,0.0,92.0,0.0,0.0,0.0,8.0,0.0,0.0,0.0,0.0,0.0,81.37,0.0,0.0,0.0,18.63,0.0,0.0,0.0,0.0,0.0,80.39,0.0,0.0,0.0,19.61,0.0,0.0,0.0,0.0,0.0,100.0,0.0,0.0,0.0,0.0,0.0,0.0,0.0,0.0,0.0,59.0,0.0,0.0,0.0,41.0,1.02,0.0,0.0,0.0,0.0,16.33,0.0,0.0,0.0,82.65,0.0,0.0,0.0,0.0,0.0,34.69,0.0,0.0,0.0,65.31,0.0,0.0,0.0,0.0,0.0,53.19,0.0,0.0,0.0,46.81,0.0,0.0,0.0,0.0,0.0,30.3,0.0,0.0,0.0,69.7,0.0,0.0,0.0,0.0,0.0,36.63,0.0,0.0,0.0,63.37,1.0,0.0,0.0,0.0,0.0,48.0,0.0,0.0,0.0,51.0,1.02,0.0,0.0,0.0,0.0,48.98,0.0,0.0,0.0,50.0,1.0,0.0,0.0,0.0,0.0,0.0,0.0,0.0,0.0,99.0,1.0,0.0,0.0,0.0,0.0,0.0,0.0,0.0,0.0,99.0,0.0,0.0,0.0,0.0,0.0,0.0,0.0,0.0,0.0,100.0,0.0,0.0,0.0,0.0,0.0,0.0,0.0,0.0,0.0,100.0,0.0,0.0,1.0,0.0,0.0,0.0,0.0,0.0,0.0,99.0,0.0,0.0,0.0,11.0,0.0,0.0,0.0,0.0,0.0,89.0,0.0,0.0,0.0,7.0,0.0,0.0,0.0,0.0,0.0,93.0,0.0,0.0,0.0,0.0,0.0,0.0,0.0,0.0,0.0,100.0
351,0.0,0.0,0.0,0.0,0.0,90.91,0.0,0.0,0.0,9.09,0.0,0.0,0.0,0.0,0.0,100.0,0.0,0.0,0.0,0.0,0.0,0.0,0.0,0.0,0.0,90.1,0.0,0.0,0.0,9.9,0.0,0.0,0.0,0.0,0.0,63.0,0.0,0.0,0.0,37.0,0.0,0.0,0.0,0.0,0.0,96.0,0.0,0.0,0.0,4.0,0.0,0.0,0.0,0.0,0.0,83.84,0.0,0.0,0.0,16.16,0.0,0.0,0.0,0.0,0.0,82.18,0.0,0.0,0.0,17.82,0.0,0.0,0.0,0.0,0.0,100.0,0.0,0.0,0.0,0.0,0.0,0.0,0.0,0.0,0.0,60.0,0.0,0.0,0.0,40.0,0.98,0.0,1.96,0.98,0.0,18.63,0.0,0.0,0.0,77.45,0.0,0.0,0.0,0.0,0.0,37.0,0.0,0.0,0.0,63.0,0.0,0.0,0.0,0.0,0.0,55.21,0.0,0.0,0.0,44.79,1.0,0.0,0.0,0.0,0.0,30.0,0.0,0.0,0.0,69.0,0.0,0.0,0.0,0.0,0.0,35.35,0.0,0.0,0.0,64.65,0.0,0.0,0.0,0.0,0.0,51.49,0.0,0.0,0.0,48.51,0.0,0.0,0.0,0.0,0.0,51.0,0.0,0.0,0.0,49.0,0.0,0.0,0.0,0.0,0.0,0.0,0.0,0.0,0.0,100.0,0.0,0.0,1.01,0.0,0.0,0.0,0.0,0.0,0.0,98.99,0.0,0.0,0.99,0.0,0.0,0.0,0.0,0.0,0.0,99.01,0.0,0.0,0.0,0.0,0.0,0.0,0.0,0.0,0.0,100.0,0.0,0.0,0.0,0.0,0.0,0.0,0.0,0.0,0.0,100.0,0.0,0.0,0.0,16.16,0.0,0.0,0.0,0.0,0.0,83.84,0.0,0.0,0.0,1.01,0.0,0.0,0.0,0.0,0.0,98.99,0.0,0.0,0.0,0.0,0.0,0.0,0.0,0.0,0.0,100.0
352,0.0,0.0,0.0,0.0,0.0,90.91,0.0,0.0,0.0,9.09,0.0,0.0,0.0,0.0,0.0,100.0,0.0,0.0,0.0,0.0,0.0,0.0,0.0,0.0,0.0,91.0,0.0,0.0,0.0,9.0,0.0,0.0,0.0,0.0,0.0,63.37,0.0,0.0,0.0,36.63,0.0,0.0,0.0,0.0,0.0,95.0,0.0,0.0,0.0,5.0,0.0,0.0,0.0,0.0,0.0,83.0,0.0,0.0,0.0,17.0,0.0,0.0,0.0,0.0,0.0,82.0,0.0,0.0,0.0,18.0,0.0,0.0,0.0,0.0,0.0,100.0,0.0,0.0,0.0,0.0,1.0,0.0,0.0,0.0,0.0,59.0,0.0,0.0,0.0,40.0,1.01,0.0,1.01,0.0,0.0,17.17,0.0,0.0,0.0,80.81,1.01,0.0,0.0,0.0,0.0,34.34,0.0,0.0,0.0,64.65,0.0,0.0,0.0,0.0,0.0,50.59,0.0,0.0,0.0,49.41,1.0,0.0,1.0,0.0,0.0,29.0,0.0,0.0,0.0,69.0,0.0,0.0,0.0,0.0,0.0,35.64,0.0,0.0,0.0,64.36,0.0,0.0,0.0,0.0,0.0,49.48,0.0,0.0,0.0,50.52,0.0,0.0,0.0,0.0,0.0,51.0,0.0,0.0,0.0,49.0,0.99,0.0,0.99,0.0,0.0,0.0,0.0,0.0,0.0,98.02,1.01,0.0,0.0,0.0,0.0,0.0,0.0,0.0,0.0,98.99,0.0,0.0,0.0,0.0,0.0,0.0,0.0,0.0,0.0,100.0,0.0,0.0,0.0,0.0,0.0,0.0,0.0,0.0,0.0,100.0,0.99,0.0,0.0,0.0,0.0,0.0,0.0,0.0,0.0,99.01,0.0,0.0,0.99,8.91,0.0,0.0,0.0,0.0,0.0,90.1,0.0,0.0,0.0,9.0,0.0,0.0,0.0,0.0,0.0,91.0,0.0,0.0,0.0,0.0,0.0,0.0,0.0,0.0,0.0,100.0
353,0.0,0.0,0.0,0.0,0.0,93.0,0.0,0.0,0.0,7.0,0.0,0.0,0.0,0.0,0.0,100.0,0.0,0.0,0.0,0.0,0.0,0.0,0.0,0.0,0.0,90.1,0.0,0.0,0.0,9.9,0.0,0.0,0.0,0.0,0.0,64.0,0.0,0.0,0.0,36.0,0.0,0.0,0.0,0.0,0.0,96.0,0.0,0.0,0.0,4.0,0.0,0.0,0.0,0.0,0.0,84.16,0.0,0.0,0.0,15.84,0.0,0.0,0.0,0.0,0.0,82.83,0.0,0.0,0.0,17.17,0.0,0.0,0.0,0.0,0.0,100.0,0.0,0.0,0.0,0.0,0.0,0.0,0.0,0.0,0.0,61.39,0.0,0.0,0.0,38.61,0.99,0.0,0.99,0.0,0.0,18.81,0.0,0.0,0.0,79.21,0.0,0.0,0.0,0.0,0.0,37.0,0.0,0.0,0.0,63.0,0.0,0.0,0.0,0.0,0.0,54.74,0.0,0.0,0.0,45.26,0.0,0.0,0.0,0.0,0.0,31.0,0.0,0.0,0.0,69.0,0.0,0.0,0.0,0.0,0.0,34.69,0.0,0.0,0.0,65.31,0.0,0.0,0.0,0.0,0.0,51.0,0.0,0.0,0.0,49.0,0.0,0.0,0.0,0.0,0.0,52.53,0.0,0.0,0.0,47.47,1.02,0.0,0.0,0.0,0.0,0.0,0.0,0.0,0.0,98.98,0.99,0.0,0.99,0.0,0.0,0.0,0.0,0.0,0.0,98.02,0.0,0.0,0.0,0.0,0.0,0.0,0.0,0.0,0.0,100.0,0.99,0.0,0.0,0.0,0.0,0.0,0.0,0.0,0.0,99.01,0.0,0.0,0.0,0.0,0.0,0.0,0.0,0.0,0.0,100.0,0.0,0.0,0.0,0.0,0.0,0.0,0.0,0.0,0.0,100.0,0.0,0.0,1.0,18.0,0.0,0.0,0.0,0.0,0.0,81.0,0.0,0.0,0.99,0.0,0.0,0.0,0.0,0.0,0.0,99.01
354,0.0,0.0,0.0,0.0,0.0,91.84,0.0,0.0,0.0,8.16,0.0,0.0,0.0,0.0,0.0,100.0,0.0,0.0,0.0,0.0,0.0,0.0,0.98,0.0,0.0,90.2,0.0,0.0,0.0,8.82,0.0,0.0,0.0,0.0,0.0,64.0,0.0,0.0,0.0,36.0,0.0,0.0,0.0,0.0,0.0,95.1,0.0,0.0,0.0,4.9,0.0,0.0,0.0,0.0,0.0,83.84,0.0,0.0,0.0,16.16,0.0,0.0,0.0,0.0,0.0,81.82,0.0,0.0,0.0,18.18,0.0,0.0,0.0,0.0,0.0,100.0,0.0,0.0,0.0,0.0,0.0,0.0,1.01,0.0,0.0,60.61,0.0,0.0,0.0,38.38,1.01,0.0,1.01,0.0,0.0,17.17,0.0,0.0,0.0,80.81,0.0,0.0,0.0,0.0,0.0,36.0,0.0,0.0,0.0,64.0,0.0,0.0,0.0,0.0,0.0,55.21,0.0,0.0,0.0,44.79,1.0,0.0,0.0,0.0,0.0,30.0,0.0,0.0,0.0,69.0,0.0,0.0,0.0,0.0,0.0,35.0,0.0,0.0,0.0,65.0,0.99,0.0,0.0,0.0,0.0,50.5,0.0,0.0,0.0,48.51,0.0,0.0,0.0,0.0,0.0,52.48,0.0,0.0,0.0,47.52,1.0,0.0,0.0,0.0,0.0,0.0,0.0,0.0,0.0,99.0,1.01,0.0,0.0,0.0,0.0,0.0,0.0,0.0,0.0,98.99,1.0,0.0,0.0,0.0,0.0,0.0,0.0,0.0,0.0,99.0,0.0,0.0,0.0,0.0,0.0,0.0,0.0,0.0,0.0,100.0,0.0,0.0,0.0,0.0,0.0,0.0,0.0,0.0,0.0,100.0,0.0,0.0,1.01,9.09,0.0,0.0,0.0,0.0,0.0,89.9,0.0,0.0,0.0,8.08,0.0,0.0,0.0,0.0,0.0,91.92,0.0,0.0,0.0,0.0,0.0,0.0,0.0,0.0,0.0,100.0
355,0.0,0.0,0.0,0.0,0.0,94.06,0.0,0.0,0.0,5.94,0.0,0.0,0.0,0.0,0.0,100.0,0.0,0.0,0.0,0.0,0.0,0.0,0.0,0.0,0.0,91.09,0.0,0.0,0.0,8.91,0.0,0.0,0.0,0.0,0.0,63.64,0.0,0.0,0.0,36.36,0.0,0.0,0.0,0.0,0.0,97.0,0.0,0.0,0.0,3.0,0.0,0.0,0.0,0.0,0.0,84.85,0.0,0.0,0.0,15.15,0.0,0.0,0.0,0.0,0.0,82.65,0.0,0.0,0.0,17.35,0.0,0.0,0.0,0.0,0.0,100.0,0.0,0.0,0.0,0.0,0.0,0.0,0.0,0.0,0.0,62.14,0.0,0.0,0.0,37.86,0.99,0.0,0.99,0.0,0.0,17.82,0.0,0.0,0.0,80.2,0.0,0.0,0.0,0.0,0.0,36.63,0.0,0.0,0.0,63.37,0.0,0.0,0.0,0.0,0.0,54.35,0.0,0.0,0.0,45.65,0.0,0.0,0.0,0.0,0.0,31.31,0.0,0.0,0.0,68.69,0.0,0.0,0.98,0.0,0.0,35.29,0.0,0.0,0.0,63.73,0.0,0.0,0.0,0.0,0.0,51.49,0.0,0.0,0.0,48.51,0.0,0.0,0.0,0.0,0.0,51.52,0.0,0.0,0.0,48.48,0.0,0.0,1.01,0.0,0.0,0.0,0.0,0.0,0.0,98.99,0.0,0.0,1.0,0.0,0.0,0.0,0.0,0.0,0.0,99.0,0.0,0.0,0.0,0.0,0.0,0.0,0.0,0.0,0.0,100.0,0.0,0.0,0.0,0.0,0.0,0.0,0.0,0.0,0.0,100.0,0.0,0.0,0.0,0.0,0.0,0.0,0.0,0.0,0.0,100.0,0.0,0.0,1.0,18.0,0.0,0.0,0.0,0.0,0.0,81.0,0.0,0.0,0.99,0.0,0.0,0.0,0.0,0.0,0.0,99.01,0.0,0.0,0.0,0.0,0.0,0.0,0.0,0.0,0.0,100.0
356,0.0,0.0,0.0,0.0,0.0,93.0,0.0,0.0,0.0,7.0,0.0,0.0,0.0,0.0,0.0,100.0,0.0,0.0,0.0,0.0,0.0,0.0,0.0,0.0,0.0,91.0,0.0,0.0,0.0,9.0,0.97,0.0,0.97,0.0,0.0,63.11,0.0,0.0,0.0,34.95,0.0,0.0,0.0,0.0,0.0,96.0,0.0,0.0,0.0,4.0,0.0,0.0,0.0,0.0,0.0,84.0,0.0,0.0,0.0,16.0,0.0,0.0,0.0,0.0,0.0,82.18,0.0,0.0,0.0,17.82,0.0,0.0,0.0,0.0,0.0,100.0,0.0,0.0,0.0,0.0,0.0,0.0,0.0,0.0,0.0,60.61,0.0,0.0,0.0,39.39,1.0,0.0,2.0,0.0,0.0,17.0,0.0,0.0,0.0,80.0,0.0,0.0,1.01,0.0,0.0,35.35,0.0,0.0,0.0,63.64,0.0,0.0,0.0,0.0,0.0,55.21,0.0,0.0,0.0,44.79,0.99,0.0,0.0,0.0,0.0,30.69,0.0,0.0,0.0,68.32,0.0,0.0,0.0,0.0,0.0,34.69,0.0,0.0,0.0,65.31,1.01,0.0,0.0,0.0,0.0,50.51,0.0,0.0,0.0,48.48,0.0,0.0,0.0,0.0,0.0,51.02,0.0,0.0,0.0,48.98,1.0,0.0,0.0,0.0,0.0,0.0,0.0,0.0,0.0,99.0,0.0,0.0,0.0,0.0,0.0,0.0,0.0,0.0,0.0,100.0,0.0,0.0,0.0,0.0,0.0,0.0,0.0,0.0,0.0,100.0,0.0,0.0,1.0,0.0,0.0,0.0,0.0,0.0,0.0,99.0,0.0,0.0,0.0,0.0,0.0,0.0,0.0,0.0,0.0,100.0,0.0,0.0,0.0,18.0,0.0,0.0,0.0,0.0,0.0,82.0,0.0,0.0,0.0,0.0,0.0,0.0,0.0,0.0,0.0,100.0,0.0,0.0,0.0,0.0,0.0,0.0,0.0,0.0,0.0,100.0
357,0.0,0.0,0.0,0.0,0.0,90.1,0.0,0.0,0.0,9.9,0.0,0.0,0.0,0.0,0.0,100.0,0.0,0.0,0.0,0.0,0.0,0.0,0.0,0.0,0.0,90.0,0.0,0.0,0.0,10.0,0.0,0.0,0.0,0.0,0.0,63.27,0.0,0.0,0.0,36.73,0.0,0.0,0.0,0.0,0.0,94.12,0.0,0.0,0.0,5.88,0.0,0.0,0.0,0.0,0.0,83.0,0.0,0.0,0.0,17.0,0.0,0.0,0.0,0.0,0.0,82.0,0.0,0.0,0.0,18.0,0.0,0.0,0.0,0.0,0.0,100.0,0.0,0.0,0.0,0.0,0.0,0.0,0.0,0.0,0.0,59.8,0.0,0.0,0.0,40.2,0.0,0.0,0.0,0.0,0.0,17.0,0.0,0.0,0.0,83.0,1.0,0.0,0.0,0.0,0.0,35.0,0.0,0.0,0.0,64.0,0.0,0.0,0.0,0.0,0.0,55.67,0.0,0.0,0.0,44.33,1.01,0.0,0.0,0.0,0.0,29.29,0.0,0.0,0.0,69.7,0.0,0.0,0.0,0.0,0.0,34.34,0.0,0.0,0.0,65.66,0.0,0.0,0.0,0.0,0.0,50.0,0.0,0.0,0.0,50.0,0.0,0.0,0.0,0.0,0.0,51.49,0.0,0.0,0.0,48.51,1.01,0.0,0.0,0.0,0.0,0.0,0.0,0.0,0.0,98.99,1.0,0.0,0.0,0.0,0.0,0.0,0.0,0.0,0.0,99.0,0.99,0.0,1.98,0.0,0.0,0.0,0.0,0.0,0.0,97.03,0.0,0.0,0.0,0.0,0.0,0.0,0.0,0.0,0.0,100.0,0.0,0.0,0.0,0.0,0.0,0.0,0.0,0.0,0.0,100.0,1.0,0.0,0.0,2.0,0.0,0.0,0.0,0.0,0.0,97.0,0.0,0.0,0.0,15.15,0.0,0.0,0.0,0.0,0.0,84.85,0.0,0.0,0.0,0.0,0.0,0.0,0.0,0.0,0.0,100.0
358,0.0,0.0,0.0,0.0,0.0,88.89,0.0,0.0,0.0,11.11,0.0,0.0,0.0,0.0,0.0,100.0,0.0,0.0,0.0,0.0,0.0,0.0,0.0,0.0,0.0,90.1,0.0,0.0,0.0,9.9,0.0,0.0,0.0,0.0,0.0,63.73,0.0,0.0,0.0,36.27,0.0,0.0,0.0,0.0,0.0,94.06,0.0,0.0,0.0,5.94,0.0,0.0,0.0,0.0,0.0,83.0,0.0,0.0,0.0,17.0,0.0,0.0,0.0,0.0,0.0,81.82,0.0,0.0,0.0,18.18,0.0,0.0,0.0,0.0,0.0,100.0,0.0,0.0,0.0,0.0,0.0,0.0,0.0,0.0,0.0,60.0,0.0,0.0,0.0,40.0,0.0,0.0,0.0,0.0,0.0,17.0,0.0,0.0,0.0,83.0,0.0,0.0,0.0,0.0,0.0,36.0,0.0,0.0,0.0,64.0,0.0,0.0,0.0,0.0,0.0,53.26,0.0,0.0,0.0,46.74,0.0,0.0,1.02,0.0,0.0,29.59,0.0,0.0,0.0,69.39,0.0,0.0,0.0,0.0,0.0,35.0,0.0,0.0,0.0,65.0,0.0,0.0,0.99,0.0,0.0,49.5,0.0,0.0,0.0,49.5,0.0,0.0,1.0,0.0,0.0,50.0,0.0,0.0,0.0,49.0,0.0,0.0,1.0,0.0,0.0,0.0,0.0,0.0,0.0,99.0,0.99,0.0,0.99,0.0,0.0,0.0,0.0,0.0,0.0,98.02,1.01,0.0,1.01,1.01,0.0,0.0,0.0,0.0,0.0,96.97,0.0,0.0,0.0,0.0,0.0,0.0,0.0,0.0,0.0,100.0,0.0,0.0,0.99,0.0,0.0,0.0,0.0,0.0,0.0,99.01,0.0,0.0,1.0,0.0,0.0,0.0,0.0,0.0,0.0,99.0,0.0,0.0,0.0,18.18,0.0,0.0,0.0,0.0,0.0,81.82,0.0,0.0,1.0,0.0,0.0,0.0,0.0,0.0,0.0,99.0
359,0.0,0.0,0.0,0.0,0.0,87.76,0.0,0.0,0.0,12.24,0.0,0.0,0.0,0.0,0.0,100.0,0.0,0.0,0.0,0.0,0.0,0.0,0.0,0.0,0.0,89.22,0.0,0.0,0.0,10.78,0.0,0.0,0.0,0.0,0.0,63.37,0.0,0.0,0.0,36.63,0.0,0.0,0.0,0.0,0.0,93.14,0.0,0.0,0.0,6.86,0.0,0.0,0.0,0.0,0.0,82.83,0.0,0.0,0.0,17.17,0.0,0.0,0.0,0.0,0.0,81.0,0.0,0.0,0.0,19.0,0.0,0.0,0.0,0.0,0.0,100.0,0.0,0.0,0.0,0.0,0.0,0.0,0.0,0.0,0.0,59.41,0.0,0.0,0.0,40.59,0.99,0.0,0.0,0.0,0.0,16.83,0.0,0.0,0.0,82.18,1.0,0.0,0.0,0.0,0.0,34.0,0.0,0.0,0.0,65.0,0.0,0.0,0.0,0.0,0.0,51.65,0.0,0.0,0.0,48.35,1.0,0.0,0.0,0.0,0.0,29.0,0.0,0.0,0.0,70.0,0.0,0.0,0.0,0.0,0.0,35.0,0.0,0.0,0.0,65.0,0.0,0.0,0.0,0.0,0.0,50.51,0.0,0.0,0.0,49.49,0.0,0.0,0.0,0.0,0.0,51.0,0.0,0.0,0.0,49.0,0.0,0.0,0.0,0.0,0.0,0.0,0.0,0.0,0.0,100.0,0.0,0.0,0.0,0.0,0.0,0.0,0.0,0.0,0.0,100.0,1.01,0.0,1.01,0.0,0.0,0.0,0.0,0.0,0.0,97.98,0.0,0.0,0.0,0.0,0.0,0.0,0.0,0.0,0.0,100.0,0.0,0.0,0.0,0.0,0.0,0.0,0.0,0.0,0.0,100.0,0.0,0.0,0.0,0.0,0.0,0.0,0.0,0.0,0.0,100.0,0.0,0.0,0.99,18.81,0.0,0.0,0.0,0.0,0.0,80.2,0.0,0.0,0.0,0.0,0.0,0.0,0.0,0.0,0.0,100.0
360,0.0,0.0,0.0,0.0,0.0,89.0,0.0,0.0,0.0,11.0,0.0,0.0,0.0,0.0,0.0,100.0,0.0,0.0,0.0,0.0,0.0,0.0,0.0,0.0,0.0,89.11,0.0,0.0,0.0,10.89,0.0,0.0,0.0,0.0,0.0,62.63,0.0,0.0,0.0,37.37,0.0,0.0,0.0,0.0,0.0,94.0,0.0,0.0,0.0,6.0,0.0,0.0,0.0,0.0,0.0,82.35,0.0,0.0,0.0,17.65,0.0,0.0,0.0,0.0,0.0,81.0,0.0,0.0,0.0,19.0,0.0,0.0,0.0,0.0,0.0,100.0,0.0,0.0,0.0,0.0,0.0,0.0,0.0,0.0,0.0,60.78,0.0,0.0,0.0,39.22,1.01,0.0,0.0,0.0,0.0,17.17,0.0,0.0,0.0,81.82,0.0,0.0,0.0,0.0,0.0,36.0,0.0,0.0,0.0,64.0,0.0,0.0,0.0,0.0,0.0,54.64,0.0,0.0,0.0,45.36,0.0,0.0,0.0,0.0,0.0,29.0,0.0,0.0,0.0,71.0,0.98,0.0,0.0,0.0,0.0,36.27,0.0,0.0,0.0,62.75,0.98,0.0,0.0,0.0,0.0,50.0,0.0,0.0,0.0,49.02,1.0,0.0,0.0,0.0,0.0,51.0,0.0,0.0,0.0,48.0,0.0,0.0,0.0,0.0,0.0,0.0,0.0,0.0,0.0,100.0,0.0,0.0,0.0,0.0,0.0,0.0,0.0,0.0,0.0,100.0,0.0,0.0,0.0,0.0,0.0,0.0,0.0,0.0,0.0,100.0,0.99,0.0,0.99,0.0,0.0,0.0,0.0,0.0,0.0,98.02,0.0,0.0,0.0,0.0,0.0,0.0,0.0,0.0,0.0,100.0,0.0,0.0,0.0,0.0,0.0,0.0,0.0,0.0,0.0,100.0,0.0,0.0,0.0,18.0,0.0,0.0,0.0,0.0,0.0,82.0,0.0,0.0,0.0,0.0,0.0,0.0,0.0,0.0,0.0,100.0
361,0.0,0.0,0.0,0.0,0.0,92.93,0.0,0.0,0.0,7.07,0.0,0.0,0.0,0.0,0.0,100.0,0.0,0.0,0.0,0.0,0.0,0.0,0.0,0.0,0.0,87.25,0.0,0.0,0.0,12.75,0.0,0.0,0.0,0.0,0.0,64.36,0.0,0.0,0.0,35.64,0.0,0.0,0.0,0.0,0.0,94.06,0.0,0.0,0.0,5.94,0.0,0.0,0.0,0.0,0.0,84.0,0.0,0.0,0.0,16.0,0.0,0.0,0.0,0.0,0.0,81.82,0.0,0.0,0.0,18.18,0.0,0.0,0.0,0.0,0.0,100.0,0.0,0.0,0.0,0.0,0.97,0.0,0.97,0.0,0.0,60.19,0.0,0.0,0.0,37.86,0.99,0.0,0.99,0.0,0.0,16.83,0.0,0.0,0.0,81.19,0.0,0.0,0.98,0.0,0.0,36.27,0.0,0.0,0.0,62.75,0.0,0.0,0.0,0.0,0.0,55.1,0.0,0.0,0.0,44.9,0.0,0.0,0.0,0.0,0.0,28.0,0.0,0.0,0.0,72.0,0.0,0.0,0.0,0.0,0.0,36.36,0.0,0.0,0.0,63.64,0.0,0.0,0.0,0.0,0.0,50.51,0.0,0.0,0.0,49.49,0.0,0.0,0.0,0.0,0.0,51.04,0.0,0.0,0.0,48.96,0.0,0.0,0.0,0.0,0.0,0.0,0.0,0.0,0.0,100.0,0.0,0.0,0.0,0.0,0.0,0.0,0.0,0.0,0.0,100.0,0.99,0.0,0.99,0.0,0.0,0.0,0.0,0.0,0.0,98.02,0.0,0.0,0.0,0.0,0.0,0.0,0.0,0.0,0.0,100.0,0.0,0.0,0.0,0.0,0.0,0.0,0.0,0.0,0.0,100.0,0.0,0.0,1.0,4.0,0.0,0.0,0.0,0.0,0.0,95.0,0.0,0.0,0.0,6.06,0.0,0.0,0.0,0.0,0.0,93.94,0.99,0.0,0.0,7.92,0.0,0.0,0.0,0.0,0.0,91.09
362,0.0,0.0,0.0,0.0,0.0,88.89,0.0,0.0,0.0,11.11,0.0,0.0,0.0,0.0,0.0,100.0,0.0,0.0,0.0,0.0,0.0,0.0,0.0,0.0,0.0,86.41,0.0,0.0,0.0,13.59,0.0,0.0,0.0,0.0,0.0,62.0,0.0,0.0,0.0,38.0,0.0,0.0,0.0,0.0,0.0,93.07,0.0,0.0,0.0,6.93,0.0,0.0,0.0,0.0,0.0,83.0,0.0,0.0,0.0,17.0,0.0,0.0,0.0,0.0,0.0,81.19,0.0,0.0,0.0,18.81,0.0,0.0,0.0,0.0,0.0,100.0,0.0,0.0,0.0,0.0,0.0,0.0,0.0,0.0,0.0,60.0,0.0,0.0,0.0,40.0,1.03,0.0,0.0,0.0,0.0,15.46,0.0,0.0,0.0,83.51,0.0,0.0,0.0,0.0,0.0,36.0,0.0,0.0,0.0,64.0,0.0,0.0,0.0,0.0,0.0,54.17,0.0,0.0,0.0,45.83,0.0,0.0,1.0,0.0,0.0,28.0,0.0,0.0,0.0,71.0,0.0,0.0,0.0,0.0,0.0,35.71,0.0,0.0,0.0,64.29,0.97,0.0,0.0,0.0,0.0,50.49,0.0,0.0,0.0,48.54,0.0,0.0,0.0,0.0,0.0,51.96,0.0,0.0,0.0,48.04,0.0,0.0,0.0,0.0,0.0,0.0,0.0,0.0,0.0,100.0,0.0,0.0,0.0,0.0,0.0,0.0,0.0,0.0,0.0,100.0,0.0,0.0,0.0,0.0,0.0,0.0,0.0,0.0,0.0,100.0,0.99,0.0,0.99,0.0,0.0,0.0,0.0,0.0,0.0,98.02,0.0,0.0,0.0,0.0,0.0,0.0,0.0,0.0,0.0,100.0,0.0,0.0,0.0,0.0,0.0,0.0,0.0,0.0,0.0,100.0,0.0,0.0,0.0,0.0,0.0,0.0,0.0,0.0,0.0,100.0,0.0,0.0,1.0,18.0,0.0,0.0,0.0,0.0,0.0,81.0
363,0.0,0.0,0.0,0.0,0.0,87.0,0.0,0.0,0.0,13.0,0.0,0.0,0.0,0.0,0.0,100.0,0.0,0.0,0.0,0.0,0.0,0.0,0.0,0.0,0.0,85.86,0.0,0.0,0.0,14.14,0.0,0.0,0.0,0.0,0.0,62.38,0.0,0.0,0.0,37.62,0.0,0.0,0.0,0.0,0.0,93.07,0.0,0.0,0.0,6.93,0.0,0.0,0.0,0.0,0.0,81.82,0.0,0.0,0.0,18.18,0.0,0.0,0.0,0.0,0.0,80.61,0.0,0.0,0.0,19.39,0.0,0.0,0.0,0.0,0.0,100.0,0.0,0.0,0.0,0.0,0.0,0.0,0.0,0.0,0.0,59.6,0.0,0.0,0.0,40.4,1.98,0.0,0.99,0.0,0.0,15.84,0.0,0.0,0.0,81.19,1.0,0.0,0.0,0.0,0.0,35.0,0.0,0.0,0.0,64.0,0.0,0.0,0.0,0.0,0.0,53.61,0.0,0.0,0.0,46.39,0.99,0.0,0.0,0.0,0.0,28.71,0.0,0.0,0.0,70.3,0.98,0.0,0.98,0.0,0.0,35.29,0.0,0.0,0.0,62.75,0.0,0.0,0.0,0.0,0.0,48.45,0.0,0.0,0.0,51.55,1.02,0.0,0.0,0.0,0.0,48.98,0.0,0.0,0.0,50.0,0.99,0.0,0.99,0.0,0.0,0.0,0.0,0.0,0.0,98.02,0.0,0.0,0.0,0.0,0.0,0.0,0.0,0.0,0.0,100.0,0.0,0.0,0.0,0.0,0.0,0.0,0.0,0.0,0.0,100.0,0.0,0.0,0.0,0.0,0.0,0.0,0.0,0.0,0.0,100.0,0.0,0.0,1.0,0.0,0.0,0.0,0.0,0.0,0.0,99.0,1.0,0.0,0.0,0.0,0.0,0.0,0.0,0.0,0.0,99.0,0.0,0.0,1.0,0.0,0.0,0.0,0.0,0.0,0.0,99.0,0.0,0.0,0.0,19.19,0.0,0.0,0.0,0.0,0.0,80.81
364,0.0,0.0,0.0,0.0,0.0,87.0,0.0,0.0,0.0,13.0,0.0,0.0,0.0,0.0,0.0,100.0,0.0,0.0,0.0,0.0,0.99,0.0,0.0,0.0,0.0,86.14,0.0,0.0,0.0,12.87,0.0,0.0,0.0,0.0,0.0,61.62,0.0,0.0,0.0,38.38,0.0,0.0,0.0,0.0,0.0,93.14,0.0,0.0,0.0,6.86,0.0,0.0,0.0,0.0,0.0,81.63,0.0,0.0,0.0,18.37,0.0,0.0,0.0,0.0,0.0,81.55,0.0,0.0,0.0,18.45,0.0,0.0,0.0,0.0,0.0,100.0,0.0,0.0,0.0,0.0,0.0,0.0,0.0,0.0,0.0,60.2,0.0,0.0,0.0,39.8,0.0,0.0,0.99,0.0,0.0,16.83,0.0,0.0,0.0,82.18,0.0,0.0,1.0,0.0,0.0,34.0,0.0,0.0,0.0,65.0,0.0,0.0,0.0,0.0,0.0,53.68,0.0,0.0,0.0,46.32,0.0,0.0,0.0,0.0,0.0,27.55,0.0,0.0,0.0,72.45,1.01,0.0,0.0,0.0,0.0,36.36,0.0,0.0,0.0,62.63,0.0,0.0,0.0,0.0,0.0,51.0,0.0,0.0,0.0,49.0,0.0,0.0,0.0,0.0,0.0,51.0,0.0,0.0,0.0,49.0,0.0,0.0,1.01,0.0,0.0,0.0,0.0,0.0,0.0,98.99,1.0,0.0,0.0,0.0,0.0,0.0,0.0,0.0,0.0,99.0,1.0,0.0,1.0,0.0,0.0,0.0,0.0,0.0,0.0,98.0,0.0,0.0,0.0,0.0,0.0,0.0,0.0,0.0,0.0,100.0,0.0,0.0,0.0,0.0,0.0,0.0,0.0,0.0,0.0,100.0,0.0,0.0,0.0,0.0,0.0,0.0,0.0,0.0,0.0,100.0,0.0,0.0,0.0,0.0,0.0,0.0,0.0,0.0,0.0,100.0,0.0,0.0,1.0,18.0,0.0,0.0,0.0,0.0,0.0,81.0
365,0.0,0.0,0.0,0.0,0.0,91.92,0.0,0.0,0.0,8.08,0.0,0.0,0.0,0.0,0.0,100.0,0.0,0.0,0.0,0.0,0.0,0.0,0.0,0.0,0.0,87.25,0.0,0.0,0.0,12.75,0.0,0.0,0.0,0.0,0.0,63.64,0.0,0.0,0.0,36.36,0.0,0.0,0.0,0.0,0.0,96.0,0.0,0.0,0.0,4.0,0.0,0.0,0.0,0.0,0.0,84.0,0.0,0.0,0.0,16.0,0.0,0.0,0.0,0.0,0.0,82.83,0.0,0.0,0.0,17.17,0.0,0.0,0.0,0.0,0.0,100.0,0.0,0.0,0.0,0.0,0.0,0.0,0.0,0.0,0.0,61.76,0.0,0.0,0.0,38.24,1.02,0.0,0.0,0.0,0.0,15.31,0.0,0.0,0.0,83.67,0.0,0.0,0.0,0.0,0.0,35.0,0.0,0.0,0.0,65.0,0.0,0.0,0.0,0.0,0.0,55.56,0.0,0.0,0.0,44.44,5.94,0.0,0.0,0.0,0.0,28.71,0.0,0.0,0.0,65.35,0.0,0.0,0.0,0.0,0.0,40.59,0.0,0.0,0.0,59.41,0.99,0.0,0.0,0.0,0.0,49.5,0.0,0.0,0.0,49.5,0.0,0.0,0.0,0.0,0.0,51.52,0.0,0.0,0.0,48.48,1.01,0.0,1.01,0.0,0.0,0.0,0.0,0.0,0.0,97.98,1.0,0.0,0.0,0.0,0.0,0.0,0.0,0.0,0.0,99.0,0.0,0.0,0.0,0.0,0.0,0.0,0.0,0.0,0.0,100.0,0.0,0.0,0.0,0.0,0.0,0.0,0.0,0.0,0.0,100.0,0.0,0.0,0.0,0.0,0.0,0.0,0.0,0.0,0.0,100.0,0.0,0.0,0.0,0.0,0.0,0.0,0.0,0.0,0.0,100.0,0.0,0.0,0.0,0.0,0.0,0.0,0.0,0.0,0.0,100.0,0.0,0.0,0.0,18.18,0.0,0.0,0.0,0.0,0.0,81.82
366,0.0,0.0,0.0,0.0,0.0,90.0,0.0,0.0,0.0,10.0,0.0,0.0,0.0,0.0,0.0,100.0,0.0,0.0,0.0,0.0,0.0,0.0,0.0,0.0,0.0,86.73,0.0,0.0,0.0,13.27,0.0,0.0,0.0,0.0,0.0,63.0,0.0,0.0,0.0,37.0,0.0,0.0,0.0,0.0,0.0,94.95,0.0,0.0,0.0,5.05,0.0,0.0,0.0,0.0,0.0,83.0,0.0,0.0,0.0,17.0,0.0,0.0,0.0,0.0,0.0,82.0,0.0,0.0,0.0,18.0,0.0,0.0,0.0,0.0,0.0,100.0,0.0,0.0,0.0,0.0,0.0,0.0,0.0,0.0,0.0,60.78,0.0,0.0,0.0,39.22,0.0,0.0,0.0,0.0,0.0,16.16,0.0,0.0,0.0,83.84,0.99,0.0,0.0,0.0,0.0,36.63,0.0,0.0,0.0,62.38,0.0,0.0,0.0,0.0,0.0,56.0,0.0,0.0,0.0,44.0,0.0,0.0,0.0,0.0,0.0,28.28,0.0,0.0,0.0,71.72,1.0,0.0,0.0,0.0,0.0,38.0,0.0,0.0,0.0,61.0,0.0,0.0,0.0,0.0,0.0,46.46,0.0,0.0,0.0,53.54,0.0,0.0,0.0,0.0,0.0,47.96,0.0,0.0,0.0,52.04,1.98,0.0,0.99,0.0,0.0,0.0,0.0,0.0,0.0,97.03,0.0,0.0,1.01,0.0,0.0,0.0,0.0,0.0,0.0,98.99,0.0,0.0,0.0,7.07,0.0,0.0,0.0,0.0,0.0,92.93,0.0,0.0,0.0,0.0,0.0,0.0,0.0,0.0,0.0,100.0,0.0,0.0,0.0,0.0,0.0,0.0,0.0,0.0,0.0,100.0,0.0,0.0,1.0,0.0,0.0,0.0,0.0,0.0,0.0,99.0,0.0,0.0,0.0,0.0,0.0,0.0,0.0,0.0,0.0,100.0,0.0,0.0,0.99,9.9,0.0,0.0,0.0,0.0,0.0,89.11
367,0.0,0.0,0.0,0.0,0.0,93.94,0.0,0.0,0.0,6.06,0.0,0.0,0.0,0.0,0.0,100.0,0.0,0.0,0.0,0.0,0.0,0.0,0.0,0.0,0.0,89.0,0.0,0.0,0.0,11.0,0.0,0.0,0.0,0.0,0.0,65.31,0.0,0.0,0.0,34.69,0.0,0.0,0.97,0.0,0.0,95.15,0.0,0.0,0.0,3.88,0.0,0.0,0.0,0.0,0.0,84.85,0.0,0.0,0.0,15.15,0.0,0.0,0.0,0.0,0.0,82.65,0.0,0.0,0.0,17.35,0.0,0.0,0.99,0.0,0.0,99.01,0.0,0.0,0.0,0.0,0.0,0.0,0.99,0.0,0.0,61.39,0.0,0.0,0.0,37.62,0.0,0.0,0.99,0.0,0.0,16.83,0.0,0.0,0.0,82.18,0.0,0.0,0.0,0.0,0.0,36.73,0.0,0.0,0.0,63.27,0.0,0.0,0.0,0.0,0.0,57.14,0.0,0.0,0.0,42.86,1.0,0.0,1.0,0.0,0.0,28.0,0.0,0.0,0.0,70.0,0.0,0.0,0.0,0.0,0.0,39.0,0.0,0.0,0.0,61.0,0.98,0.0,0.0,0.0,0.0,45.1,0.0,0.0,0.0,53.92,0.0,0.0,0.0,0.0,0.0,49.49,0.0,0.0,0.0,50.51,1.01,0.0,0.0,0.0,0.0,0.0,0.0,0.0,0.0,98.99,0.0,0.0,0.0,0.0,0.0,0.0,0.0,0.0,0.0,100.0,0.0,0.0,0.0,18.0,0.0,0.0,0.0,0.0,0.0,82.0,0.0,0.0,0.0,0.0,0.0,0.0,0.0,0.0,0.0,100.0,0.0,0.0,0.0,0.0,0.0,0.0,0.0,0.0,0.0,100.0,1.0,0.0,0.0,0.0,0.0,0.0,0.0,0.0,0.0,99.0,0.0,0.0,0.0,0.0,0.0,0.0,0.0,0.0,0.0,100.0,0.0,0.0,0.0,0.0,0.0,0.0,0.0,0.0,0.0,100.0
368,0.0,0.0,0.0,0.0,0.0,89.8,0.0,0.0,0.0,10.2,0.0,0.0,0.0,0.0,0.0,100.0,0.0,0.0,0.0,0.0,0.0,0.0,0.0,0.0,0.0,87.38,0.0,0.0,0.0,12.62,0.0,0.0,0.0,0.0,0.0,63.0,0.0,0.0,0.0,37.0,0.0,0.0,0.0,0.0,0.0,95.0,0.0,0.0,0.0,5.0,0.0,0.0,0.0,0.0,0.0,82.83,0.0,0.0,0.0,17.17,0.0,0.0,0.0,0.0,0.0,80.81,0.0,0.0,0.0,19.19,0.0,0.0,0.0,0.0,0.0,100.0,0.0,0.0,0.0,0.0,0.0,0.0,0.0,0.0,0.0,61.22,0.0,0.0,0.0,38.78,0.0,0.0,0.0,0.0,0.0,16.33,0.0,0.0,0.0,83.67,0.0,0.0,1.0,0.0,0.0,36.0,0.0,0.0,0.0,63.0,0.0,0.0,0.0,0.0,0.0,56.57,0.0,0.0,0.0,43.43,1.01,0.0,0.0,0.0,0.0,27.27,0.0,0.0,0.0,71.72,0.0,0.0,0.0,0.0,0.0,38.0,0.0,0.0,0.0,62.0,0.0,0.0,0.0,0.0,0.0,44.55,0.0,0.0,0.0,55.45,0.0,0.0,0.0,0.0,0.0,47.96,0.0,0.0,0.0,52.04,1.98,0.0,0.99,0.0,0.0,0.0,0.0,0.0,0.0,97.03,1.0,0.0,0.0,0.0,0.0,0.0,0.0,0.0,0.0,99.0,0.0,0.0,0.0,18.18,0.0,0.0,0.0,0.0,0.0,81.82,0.0,0.0,0.0,0.0,0.0,0.0,0.0,0.0,0.0,100.0,1.01,0.0,0.0,0.0,0.0,0.0,0.0,0.0,0.0,98.99,0.0,0.0,0.0,0.0,0.0,0.0,0.0,0.0,0.0,100.0,0.0,0.0,0.0,0.0,0.0,0.0,0.0,0.0,0.0,100.0,0.0,0.0,0.0,0.0,0.0,0.0,0.0,0.0,0.0,100.0
369,0.0,0.0,0.0,0.0,0.0,91.09,0.0,0.0,0.0,8.91,0.0,0.0,0.0,0.0,0.0,100.0,0.0,0.0,0.0,0.0,0.0,0.0,0.0,0.0,0.0,89.0,0.0,0.0,0.0,11.0,0.0,0.0,0.0,0.0,0.0,65.0,0.0,0.0,0.0,35.0,0.0,0.0,0.0,0.0,0.0,95.1,0.0,0.0,0.0,4.9,0.0,0.0,0.0,0.0,0.0,83.0,0.0,0.0,0.0,17.0,0.0,0.0,0.0,0.0,0.0,81.44,0.0,0.0,0.0,18.56,0.0,0.0,0.0,0.0,0.0,100.0,0.0,0.0,0.0,0.0,0.0,0.0,0.0,0.0,0.0,61.0,0.0,0.0,0.0,39.0,2.0,0.0,0.0,0.0,0.0,17.0,0.0,0.0,0.0,81.0,1.0,0.0,0.0,0.0,0.0,36.0,0.0,0.0,0.0,63.0,0.0,0.0,0.0,0.0,0.0,57.0,0.0,0.0,0.0,43.0,0.0,0.0,0.0,0.0,0.0,28.0,0.0,0.0,0.0,72.0,0.0,0.0,0.0,0.0,0.0,36.36,0.0,0.0,0.0,63.64,0.0,0.0,1.0,0.0,0.0,44.0,0.0,0.0,0.0,55.0,0.0,0.0,0.0,0.0,0.0,49.0,0.0,0.0,0.0,51.0,0.0,0.0,0.0,0.0,0.0,0.0,0.0,0.0,0.0,100.0,0.0,0.0,1.0,0.0,0.0,0.0,0.0,0.0,0.0,99.0,0.0,0.0,0.0,11.11,0.0,0.0,0.0,0.0,0.0,88.89,0.0,0.0,0.0,6.0,0.0,0.0,0.0,0.0,0.0,94.0,0.0,0.0,0.99,0.0,0.0,0.0,0.0,0.0,0.0,99.01,0.0,0.0,0.0,0.0,0.0,0.0,0.0,0.0,0.0,100.0,0.0,0.0,0.0,0.0,0.0,0.0,0.0,0.0,0.0,100.0,0.0,0.0,0.0,0.0,0.0,0.0,0.0,0.0,0.0,100.0
370,0.0,0.0,0.0,0.0,0.0,87.13,0.0,0.0,0.0,12.87,0.0,0.0,0.0,0.0,0.0,100.0,0.0,0.0,0.0,0.0,0.0,0.0,0.0,0.0,0.0,86.27,0.0,0.0,0.0,13.73,0.0,0.0,0.0,0.0,0.0,63.37,0.0,0.0,0.0,36.63,0.0,0.0,0.0,0.0,0.0,94.06,0.0,0.0,0.0,5.94,0.0,0.0,0.0,0.0,0.0,83.17,0.0,0.0,0.0,16.83,0.0,0.0,0.0,0.0,0.0,80.2,0.0,0.0,0.0,19.8,0.0,0.0,0.0,0.0,0.0,100.0,0.0,0.0,0.0,0.0,0.0,0.0,0.0,0.0,0.0,62.0,0.0,0.0,0.0,38.0,0.99,0.0,0.99,0.0,0.0,16.83,0.0,0.0,0.0,81.19,0.0,0.0,0.0,0.0,0.0,36.0,0.0,0.0,0.0,64.0,0.0,0.0,0.0,0.0,0.0,55.0,0.0,0.0,0.0,45.0,1.01,0.0,0.0,0.0,0.0,28.28,0.0,0.0,0.0,70.71,0.0,0.0,0.0,0.0,0.0,33.66,0.0,0.0,0.0,66.34,1.0,0.0,0.0,0.0,0.0,42.0,0.0,0.0,0.0,57.0,0.0,0.0,0.0,0.0,0.0,46.94,0.0,0.0,0.0,53.06,1.01,0.0,0.0,0.0,0.0,0.0,0.0,0.0,0.0,98.99,0.0,0.0,0.0,0.0,0.0,0.0,0.0,0.0,0.0,100.0,0.0,0.0,1.0,0.0,0.0,0.0,0.0,0.0,0.0,99.0,0.98,0.0,0.98,17.65,0.0,0.0,0.0,0.0,0.0,80.39,0.0,0.0,0.0,0.0,0.0,0.0,0.0,0.0,0.0,100.0,0.0,0.0,1.0,0.0,0.0,0.0,0.0,0.0,0.0,99.0,0.0,0.0,0.0,0.0,0.0,0.0,0.0,0.0,0.0,100.0,0.0,0.0,0.0,0.0,0.0,0.0,0.0,0.0,0.0,100.0
371,0.0,0.0,0.0,0.0,0.0,92.0,0.0,0.0,0.0,8.0,0.0,0.0,0.0,0.0,0.0,100.0,0.0,0.0,0.0,0.0,0.0,0.0,0.0,0.0,0.0,87.0,0.0,0.0,0.0,13.0,0.0,0.0,0.0,0.0,0.0,64.36,0.0,0.0,0.0,35.64,0.0,0.0,0.0,0.0,0.0,96.0,0.0,0.0,0.0,4.0,0.0,0.0,0.0,0.0,0.0,83.0,0.0,0.0,0.0,17.0,0.0,0.0,0.0,0.0,0.0,82.18,0.0,0.0,0.0,17.82,0.0,0.0,0.0,0.0,0.0,100.0,0.0,0.0,0.0,0.0,0.99,0.0,0.0,0.0,0.0,62.38,0.0,0.0,0.0,36.63,0.99,0.0,0.0,0.0,0.0,16.83,0.0,0.0,0.0,82.18,1.01,0.0,0.0,0.0,0.0,35.35,0.0,0.0,0.0,63.64,0.0,0.0,0.0,0.0,0.0,55.21,0.0,0.0,0.0,44.79,0.0,0.0,0.0,0.0,0.0,28.28,0.0,0.0,0.0,71.72,0.0,0.0,0.0,0.0,0.0,35.35,0.0,0.0,0.0,64.65,0.0,0.0,0.0,0.0,0.0,44.0,0.0,0.0,0.0,56.0,0.0,0.0,0.0,0.0,0.0,48.51,0.0,0.0,0.0,51.49,1.98,0.0,0.99,0.0,0.0,0.0,0.0,0.0,0.0,97.03,0.0,0.0,0.0,0.0,0.0,0.0,0.0,0.0,0.0,100.0,0.99,0.0,0.0,0.0,0.0,0.0,0.0,0.0,0.0,99.01,0.0,0.0,0.0,17.17,0.0,0.0,0.0,0.0,0.0,82.83,0.0,0.0,0.0,0.0,0.0,0.0,0.0,0.0,0.0,100.0,0.99,0.0,0.0,0.0,0.0,0.0,0.0,0.0,0.0,99.01,0.0,0.0,0.0,0.0,0.0,0.0,0.0,0.0,0.0,100.0,0.0,0.0,0.0,0.0,0.0,0.0,0.0,0.0,0.0,100.0
372,0.0,0.0,0.0,0.0,0.0,91.92,0.0,0.0,0.0,8.08,0.0,0.0,0.0,0.0,0.0,100.0,0.0,0.0,0.0,0.0,0.0,0.0,0.0,0.0,0.0,86.27,0.0,0.0,0.0,13.73,0.0,0.0,0.98,0.0,0.0,63.73,0.0,0.0,0.0,35.29,0.0,0.0,0.0,0.0,0.0,95.0,0.0,0.0,0.0,5.0,0.0,0.0,0.0,0.0,0.0,83.33,0.0,0.0,0.0,16.67,0.0,0.0,1.02,0.0,0.0,80.61,0.0,0.0,0.0,18.37,0.0,0.0,0.0,0.0,0.0,100.0,0.0,0.0,0.0,0.0,0.0,0.0,0.98,0.0,0.0,63.73,0.0,0.0,0.0,35.29,1.02,0.0,1.02,0.0,0.0,15.31,0.0,0.0,0.0,82.65,0.0,0.0,0.99,0.0,0.0,36.63,0.0,0.0,0.0,62.38,0.0,0.0,0.0,0.0,0.0,57.0,0.0,0.0,0.0,43.0,0.0,0.0,0.99,0.0,0.0,28.71,0.0,0.0,0.0,70.3,0.0,0.0,0.0,0.0,0.0,37.37,0.0,0.0,0.0,62.63,1.01,0.0,0.0,0.0,0.0,43.43,0.0,0.0,0.0,55.56,0.98,0.0,0.98,0.0,0.0,48.04,0.0,0.0,0.0,50.0,0.0,0.0,0.0,0.0,0.0,0.0,0.0,0.0,0.0,100.0,1.0,0.0,0.0,0.0,0.0,0.0,0.0,0.0,0.0,99.0,0.0,0.0,0.0,0.0,0.0,0.0,0.0,0.0,0.0,100.0,0.0,0.0,0.0,18.18,0.0,0.0,0.0,0.0,0.0,81.82,0.0,0.0,0.0,0.0,0.0,0.0,0.0,0.0,0.0,100.0,0.0,0.0,0.0,0.0,0.0,0.0,0.0,0.0,0.0,100.0,1.0,0.0,0.0,0.0,0.0,0.0,0.0,0.0,0.0,99.0,1.0,0.0,0.0,0.0,0.0,0.0,0.0,0.0,0.0,99.0
373,0.0,0.0,0.0,0.0,0.0,88.12,0.0,0.0,0.0,11.88,0.0,0.0,0.0,0.0,0.0,100.0,0.0,0.0,0.0,0.0,0.0,0.0,0.0,0.0,0.0,85.71,0.0,0.0,0.0,14.29,0.0,0.0,0.0,0.0,0.0,63.0,0.0,0.0,0.0,37.0,0.0,0.0,0.0,0.0,0.0,94.0,0.0,0.0,0.0,6.0,0.0,0.0,0.0,0.0,0.0,81.82,0.0,0.0,0.0,18.18,0.0,0.0,0.0,0.0,0.0,79.59,0.0,0.0,0.0,20.41,0.0,0.0,0.0,0.0,0.0,100.0,0.0,0.0,0.0,0.0,0.0,0.0,0.0,0.0,0.0,63.0,0.0,0.0,0.0,37.0,0.0,0.0,1.01,0.0,0.0,16.16,0.0,0.0,0.0,82.83,0.0,0.0,0.0,0.0,0.0,35.64,0.0,0.0,0.0,64.36,0.0,0.0,0.0,0.0,0.0,54.17,0.0,0.0,0.0,45.83,1.02,0.0,0.0,0.0,0.0,26.53,0.0,0.0,0.0,72.45,1.0,0.0,0.0,0.0,0.0,36.0,0.0,0.0,0.0,63.0,0.0,0.0,0.0,0.0,0.0,43.43,0.0,0.0,0.0,56.57,0.98,0.0,0.0,0.0,0.0,49.02,0.0,0.0,0.0,50.0,0.0,0.0,0.0,0.0,0.0,1.0,0.0,0.0,0.0,99.0,0.0,0.0,1.0,0.0,0.0,0.0,0.0,0.0,0.0,99.0,0.0,0.0,0.0,0.0,0.0,0.0,0.0,0.0,0.0,100.0,0.0,0.0,0.99,17.82,0.0,0.0,0.0,0.0,0.0,81.19,0.0,0.0,0.0,0.0,0.0,0.0,0.0,0.0,0.0,100.0,0.0,0.0,0.0,0.0,0.0,0.0,0.0,0.0,0.0,100.0,0.0,0.0,1.0,0.0,0.0,0.0,0.0,0.0,0.0,99.0,0.0,0.0,0.0,0.0,0.0,0.0,0.0,0.0,0.0,100.0
374,0.0,0.0,0.0,0.0,0.0,92.93,0.0,0.0,0.0,7.07,0.0,0.0,0.0,0.0,0.0,100.0,0.0,0.0,0.0,0.0,0.0,0.0,0.0,0.0,0.0,86.87,0.0,0.0,0.0,13.13,0.0,0.0,0.0,0.0,0.0,64.36,0.0,0.0,0.0,35.64,0.0,0.0,0.0,0.0,0.0,96.0,0.0,0.0,0.0,4.0,0.0,0.0,0.0,0.0,0.0,83.67,0.0,0.0,0.0,16.33,0.0,0.0,0.0,0.0,0.0,81.63,0.0,0.0,0.0,18.37,0.0,0.0,0.0,0.0,0.0,100.0,0.0,0.0,0.0,0.0,0.0,0.0,0.0,0.0,0.0,63.37,0.0,0.0,0.0,36.63,1.0,0.0,1.0,0.0,0.0,17.0,0.0,0.0,0.0,81.0,0.0,0.0,0.0,0.0,0.0,35.71,0.0,0.0,0.0,64.29,0.0,0.0,0.0,0.0,0.0,56.0,0.0,0.0,0.0,44.0,1.01,0.0,0.0,0.0,0.0,28.28,0.0,0.0,0.0,70.71,0.0,0.0,0.0,0.0,0.0,38.0,0.0,0.0,0.0,62.0,0.99,0.0,0.0,0.0,0.0,45.54,0.0,0.0,0.0,53.47,0.0,0.0,0.0,0.0,0.0,47.96,0.0,0.0,0.0,52.04,0.0,0.0,0.0,0.0,0.0,0.0,0.0,0.0,0.0,100.0,0.0,0.0,0.0,0.0,0.0,0.0,0.0,0.0,0.0,100.0,0.0,0.0,0.0,0.0,0.0,0.0,0.0,0.0,0.0,100.0,0.0,0.0,0.0,18.18,0.0,0.0,0.0,0.0,0.0,81.82,0.0,0.0,0.0,0.0,0.0,0.0,0.0,0.0,0.0,100.0,0.0,0.0,0.0,0.0,0.0,0.0,0.0,0.0,0.0,100.0,0.0,0.0,0.0,0.0,0.0,0.0,0.0,0.0,0.0,100.0,0.0,0.0,1.0,0.0,0.0,0.0,0.0,0.0,0.0,99.0
375,0.0,0.0,0.0,0.0,0.0,90.1,0.0,0.0,0.0,9.9,0.0,0.0,0.0,0.0,0.0,100.0,0.0,0.0,0.0,0.0,0.0,0.0,0.0,0.0,0.0,87.13,0.0,0.0,0.0,12.87,0.0,0.0,0.0,0.0,0.0,62.5,0.0,0.0,0.0,37.5,0.0,0.0,0.0,0.0,0.0,95.05,0.0,0.0,0.0,4.95,0.0,0.0,0.0,0.0,0.0,83.17,0.0,0.0,0.0,16.83,0.0,0.0,0.0,0.0,0.0,81.19,0.0,0.0,0.0,18.81,0.0,0.0,0.0,0.0,0.0,100.0,0.0,0.0,0.0,0.0,0.0,0.0,0.99,0.0,0.0,62.38,0.0,0.0,0.0,36.63,0.0,0.0,0.98,0.0,0.0,16.67,0.0,0.0,0.0,82.35,0.99,0.0,1.98,0.0,0.0,33.66,0.0,0.0,0.0,63.37,0.0,0.0,0.0,0.0,0.0,53.68,0.0,0.0,0.0,46.32,0.0,0.0,0.0,0.0,0.0,28.28,0.0,0.0,0.0,71.72,0.0,0.0,0.0,0.0,0.0,39.0,0.0,0.0,0.0,61.0,0.0,0.0,0.0,0.0,0.0,43.88,0.0,0.0,0.0,56.12,0.99,0.0,0.0,0.0,0.0,47.52,0.0,0.0,0.0,51.49,1.01,0.0,0.0,0.0,0.0,0.0,0.0,0.0,0.0,98.99,0.0,0.0,0.0,0.0,0.0,0.0,0.0,0.0,0.0,100.0,0.0,0.0,0.99,0.0,0.0,0.0,0.0,0.0,0.0,99.01,0.0,0.0,1.0,17.0,0.0,0.0,0.0,0.0,0.0,82.0,0.0,0.0,0.0,0.0,0.0,0.0,0.0,0.0,0.0,100.0,0.0,0.0,0.0,0.0,0.0,0.0,0.0,0.0,0.0,100.0,0.0,0.0,0.0,0.0,0.0,0.0,0.0,0.0,0.0,100.0,0.0,0.0,0.0,0.0,0.0,0.0,0.0,0.0,0.0,100.0
376,0.0,0.0,0.0,0.0,0.0,91.0,0.0,0.0,0.0,9.0,0.0,0.0,0.0,0.0,0.0,100.0,0.0,0.0,0.0,0.0,0.0,0.0,0.0,0.0,0.0,87.0,0.0,0.0,0.0,13.0,0.0,0.0,0.0,0.0,0.0,64.08,0.0,0.0,0.0,35.92,0.0,0.0,0.0,0.0,0.0,95.0,0.0,0.0,0.0,5.0,0.0,0.0,0.0,0.0,0.0,83.17,0.0,0.0,0.0,16.83,0.0,0.0,0.0,0.0,0.0,82.0,0.0,0.0,0.0,18.0,0.0,0.0,0.0,0.0,0.0,100.0,0.0,0.0,0.0,0.0,0.0,0.0,0.0,0.0,0.0,63.37,0.0,0.0,0.0,36.63,2.0,0.0,0.0,0.0,0.0,17.0,0.0,0.0,0.0,81.0,0.0,0.0,1.03,0.0,0.0,31.96,0.0,0.0,0.0,67.01,0.0,0.0,0.0,0.0,0.0,52.58,0.0,0.0,0.0,47.42,1.98,0.0,0.0,0.0,0.0,27.72,0.0,0.0,0.0,70.3,0.0,0.0,0.0,0.0,0.0,39.6,0.0,0.0,0.0,60.4,2.0,0.0,0.0,0.0,0.0,43.0,0.0,0.0,0.0,55.0,0.0,0.0,0.0,0.0,0.0,48.45,0.0,0.0,0.0,51.55,1.0,0.0,0.0,0.0,0.0,0.0,0.0,0.0,0.0,99.0,0.99,0.0,0.99,0.0,0.0,0.0,0.0,0.0,0.0,98.02,0.0,0.0,0.0,0.0,0.0,0.0,0.0,0.0,0.0,100.0,0.0,0.0,0.0,18.0,0.0,0.0,0.0,0.0,0.0,82.0,0.0,0.0,0.0,0.0,0.0,0.0,0.0,0.0,0.0,100.0,0.0,0.0,1.0,0.0,0.0,0.0,0.0,0.0,0.0,99.0,0.0,0.0,0.0,0.0,0.0,0.0,0.0,0.0,0.0,100.0,0.0,0.0,0.99,0.0,0.0,0.0,0.0,0.0,0.0,99.01
377,0.0,0.0,0.0,0.0,0.0,90.0,0.0,0.0,0.0,10.0,0.0,0.0,0.0,0.0,0.0,100.0,0.0,0.0,0.0,0.0,0.0,0.0,0.0,0.0,0.0,86.87,0.0,0.0,0.0,13.13,0.0,0.0,0.0,0.0,0.0,63.27,0.0,0.0,0.0,36.73,0.0,0.0,0.0,0.0,0.0,95.05,0.0,0.0,0.0,4.95,0.0,0.0,0.0,0.0,0.0,82.83,0.0,0.0,0.0,17.17,0.0,0.0,0.0,0.0,0.0,80.81,0.0,0.0,0.0,19.19,0.0,0.0,0.0,0.0,0.0,100.0,0.0,0.0,0.0,0.0,0.0,0.0,0.0,0.0,0.0,64.0,0.0,0.0,0.0,36.0,0.0,0.0,0.0,0.0,0.0,17.35,0.0,0.0,0.0,82.65,0.99,0.0,0.0,0.0,0.0,32.67,0.0,0.0,0.0,66.34,0.0,0.0,0.0,0.0,0.0,52.58,0.0,0.0,0.0,47.42,1.0,0.0,0.0,0.0,0.0,28.0,0.0,0.0,0.0,71.0,0.0,0.0,0.0,0.0,0.0,38.38,0.0,0.0,0.0,61.62,0.0,0.0,0.0,0.0,0.0,42.42,0.0,0.0,0.0,57.58,0.0,0.0,0.0,0.0,0.0,47.96,0.0,0.0,0.0,52.04,0.99,0.0,0.99,0.0,0.0,0.0,0.0,0.0,0.0,98.02,1.01,0.0,0.0,0.0,0.0,0.0,0.0,0.0,0.0,98.99,1.0,0.0,0.0,0.0,0.0,0.0,0.0,0.0,0.0,99.0,0.0,0.0,1.0,18.0,0.0,0.0,0.0,0.0,0.0,81.0,0.98,0.0,0.98,0.0,0.0,0.0,0.0,0.0,0.0,98.04,0.0,0.0,0.0,0.0,0.0,0.0,0.0,0.0,0.0,100.0,0.0,0.0,0.0,0.0,0.0,0.0,0.0,0.0,0.0,100.0,0.0,0.0,0.0,0.0,0.0,0.0,0.0,0.0,0.0,100.0
378,0.0,0.0,0.0,0.0,0.0,94.0,0.0,0.0,0.0,6.0,0.0,0.0,0.0,0.0,0.0,100.0,0.0,0.0,0.0,0.0,0.0,0.0,0.0,0.0,0.0,88.0,0.0,0.0,0.0,12.0,0.0,0.0,0.0,0.0,0.0,66.99,0.0,0.0,0.0,33.01,0.0,0.0,0.0,0.0,0.0,97.0,0.0,0.0,0.0,3.0,0.0,0.0,0.0,0.0,0.0,84.85,0.0,0.0,0.0,15.15,0.0,0.0,0.0,0.0,0.0,83.67,0.0,0.0,0.0,16.33,0.0,0.0,0.0,0.0,0.0,100.0,0.0,0.0,0.0,0.0,0.0,0.0,0.0,0.0,0.0,63.0,0.0,0.0,0.0,37.0,0.0,0.0,0.0,0.0,0.0,16.16,0.0,0.0,0.0,83.84,0.0,0.0,0.0,0.0,0.0,35.0,0.0,0.0,0.0,65.0,0.0,0.0,0.0,0.0,0.0,56.44,0.0,0.0,0.0,43.56,0.99,0.0,1.98,0.0,0.0,29.7,0.0,0.0,0.0,67.33,0.0,0.0,0.0,0.0,0.0,39.6,0.0,0.0,0.0,60.4,4.0,0.0,1.0,0.0,0.0,46.0,0.0,0.0,0.0,49.0,0.0,0.0,0.0,0.0,0.0,49.0,0.0,0.0,0.0,51.0,0.0,0.0,0.0,0.0,0.0,0.0,0.0,0.0,0.0,100.0,0.0,0.0,0.0,0.0,0.0,0.0,0.0,0.0,0.0,100.0,0.0,0.0,0.99,4.95,0.0,0.0,0.0,0.0,0.0,94.06,1.01,0.0,0.0,13.13,0.0,0.0,0.0,0.0,0.0,85.86,0.0,0.0,0.0,0.0,0.0,0.0,0.0,0.0,0.0,100.0,1.0,0.0,0.0,0.0,0.0,0.0,0.0,0.0,0.0,99.0,1.0,0.0,0.0,0.0,0.0,0.0,0.0,0.0,0.0,99.0,0.0,0.0,0.0,0.0,0.0,0.0,0.0,0.0,0.0,100.0
379,0.0,0.0,0.0,0.0,0.0,88.78,0.0,0.0,0.0,11.22,0.0,0.0,0.0,0.0,0.0,100.0,0.0,0.0,0.0,0.0,0.0,0.0,0.0,0.0,0.0,89.0,0.0,0.0,0.0,11.0,0.0,0.0,0.0,0.0,0.0,65.0,0.0,0.0,0.0,35.0,0.0,0.0,0.0,0.0,0.0,95.15,0.0,0.0,0.0,4.85,0.0,0.0,0.0,0.0,0.0,83.33,0.0,0.0,0.0,16.67,0.0,0.0,0.0,0.0,0.0,82.18,0.0,0.0,0.0,17.82,0.0,0.0,0.0,0.0,0.0,100.0,0.0,0.0,0.0,0.0,0.0,0.0,0.0,0.0,0.0,62.63,0.0,0.0,0.0,37.37,0.0,0.0,0.0,0.0,0.0,17.0,0.0,0.0,0.0,83.0,0.0,0.0,0.99,0.0,0.0,33.66,0.0,0.0,0.0,65.35,0.0,0.0,0.0,0.0,0.0,52.13,0.0,0.0,0.0,47.87,0.0,0.0,0.0,0.0,0.0,29.59,0.0,0.0,0.0,70.41,0.0,0.0,0.0,0.0,0.0,39.0,0.0,0.0,0.0,61.0,2.94,0.0,0.98,0.0,0.0,49.02,0.0,0.0,0.0,47.06,0.0,0.0,0.0,0.0,0.0,50.0,0.0,0.0,0.0,50.0,0.0,0.0,1.02,0.0,0.0,0.0,0.0,0.0,0.0,98.98,1.0,0.0,1.0,0.0,0.0,0.0,0.0,0.0,0.0,98.0,0.0,0.0,0.0,17.53,0.0,0.0,0.0,0.0,0.0,82.47,1.02,0.0,0.0,0.0,0.0,0.0,0.0,0.0,0.0,98.98,0.0,0.0,0.0,0.0,0.0,0.0,0.0,0.0,0.0,100.0,0.0,0.0,0.0,0.0,0.0,0.0,0.0,0.0,0.0,100.0,0.0,0.0,0.0,0.0,0.0,0.0,0.0,0.0,0.0,100.0,1.0,0.0,0.0,0.0,0.0,0.0,0.0,0.0,0.0,99.0
380,0.0,0.0,0.0,0.0,0.0,90.91,0.0,0.0,0.0,9.09,0.0,0.0,0.0,0.0,0.0,100.0,0.0,0.0,0.0,0.0,0.0,0.0,0.0,0.0,0.0,90.0,0.0,0.0,0.0,10.0,0.0,0.0,0.0,0.0,0.0,65.35,0.0,0.0,0.0,34.65,0.0,0.0,0.0,0.0,0.0,96.0,0.0,0.0,0.0,4.0,0.0,0.0,0.0,0.0,0.0,83.0,0.0,0.0,0.0,17.0,0.0,0.0,0.0,0.0,0.0,82.83,0.0,0.0,0.0,17.17,0.0,0.0,0.0,0.0,0.0,100.0,0.0,0.0,0.0,0.0,0.96,0.0,0.0,0.0,0.0,62.5,0.0,0.0,0.0,36.54,0.98,0.0,0.0,0.0,0.0,17.65,0.0,0.0,0.0,81.37,0.0,0.0,0.0,0.0,0.0,32.32,0.0,0.0,0.0,67.68,0.0,0.0,0.0,0.0,0.0,53.61,0.0,0.0,0.0,46.39,0.99,0.0,0.0,0.99,0.0,29.7,0.0,0.0,0.0,68.32,0.0,0.0,0.0,0.0,0.0,38.38,0.0,0.0,0.0,61.62,1.0,0.0,0.0,0.0,0.0,53.0,0.0,0.0,0.0,46.0,1.01,0.0,0.0,0.0,0.0,52.53,0.0,0.0,0.0,46.46,1.94,0.0,1.94,11.65,0.0,0.0,0.0,0.0,0.0,84.47,0.0,0.0,0.0,0.0,0.0,0.0,0.0,0.0,0.0,100.0,1.0,0.0,1.0,5.0,0.0,0.0,0.0,0.0,0.0,93.0,0.0,0.0,0.0,0.0,0.0,0.0,0.0,0.0,0.0,100.0,0.0,0.0,0.0,0.0,0.0,0.0,0.0,0.0,0.0,100.0,0.0,0.0,0.0,0.0,0.0,0.0,0.0,0.0,0.0,100.0,0.0,0.0,0.0,0.0,0.0,0.0,0.0,0.0,0.0,100.0,0.0,0.0,0.0,0.0,0.0,0.0,0.0,0.0,0.0,100.0
381,0.0,0.0,0.0,0.0,0.0,92.0,0.0,0.0,0.0,8.0,0.0,0.0,0.0,0.0,0.0,100.0,0.0,0.0,0.0,0.0,0.0,0.0,0.0,0.0,0.0,89.0,0.0,0.0,0.0,11.0,0.0,0.0,0.0,0.0,0.0,66.34,0.0,0.0,0.0,33.66,0.0,0.0,0.0,0.0,0.0,95.05,0.0,0.0,0.0,4.95,0.0,0.0,0.0,0.0,0.0,84.0,0.0,0.0,0.0,16.0,0.0,0.0,0.0,0.0,0.0,83.0,0.0,0.0,0.0,17.0,0.0,0.0,0.0,0.0,0.0,100.0,0.0,0.0,0.0,0.0,0.0,0.0,0.0,0.0,0.0,63.64,0.0,0.0,0.0,36.36,0.0,0.0,0.0,0.0,0.0,16.83,0.0,0.0,0.0,83.17,0.98,0.0,0.0,0.0,0.0,34.31,0.0,0.0,0.0,64.71,0.0,0.0,0.0,0.0,0.0,55.1,0.0,0.0,0.0,44.9,0.0,0.0,1.0,0.0,0.0,30.0,0.0,0.0,0.0,69.0,0.0,0.0,0.0,0.0,0.0,40.0,0.0,0.0,0.0,60.0,0.0,0.0,0.97,0.0,0.0,53.4,0.0,0.0,0.0,45.63,0.0,0.0,0.0,0.0,0.0,53.54,0.0,0.0,0.0,46.46,1.01,0.0,0.0,12.12,0.0,0.0,0.0,0.0,0.0,86.87,0.0,0.0,0.0,6.0,0.0,0.0,0.0,0.0,0.0,94.0,1.01,0.0,0.0,0.0,0.0,0.0,0.0,0.0,0.0,98.99,1.0,0.0,0.0,0.0,0.0,0.0,0.0,0.0,0.0,99.0,0.99,0.0,0.0,0.0,0.0,0.0,0.0,0.0,0.0,99.01,0.0,0.0,1.0,0.0,0.0,0.0,0.0,0.0,0.0,99.0,0.0,0.0,1.0,0.0,0.0,0.0,0.0,0.0,0.0,99.0,0.0,0.0,0.0,0.0,0.0,0.0,0.0,0.0,0.0,100.0
382,0.0,0.0,0.0,0.0,0.0,87.63,0.0,0.0,0.0,12.37,0.0,0.0,0.0,0.0,0.0,100.0,0.0,0.0,0.0,0.0,0.0,0.0,0.0,0.0,0.0,89.11,0.0,0.0,0.0,10.89,0.0,0.0,0.0,0.0,0.0,63.64,0.0,0.0,0.0,36.36,0.0,0.0,0.0,0.0,0.0,94.06,0.0,0.0,0.0,5.94,0.0,0.0,0.0,0.0,0.0,81.63,0.0,0.0,0.0,18.37,0.0,0.0,0.0,0.0,0.0,81.19,0.0,0.0,0.0,18.81,0.0,0.0,0.0,0.0,0.0,100.0,0.0,0.0,0.0,0.0,0.0,0.0,0.0,0.0,0.0,63.0,0.0,0.0,0.0,37.0,0.0,0.0,0.0,0.0,0.0,17.0,0.0,0.0,0.0,83.0,0.0,0.0,0.0,0.0,0.0,32.65,0.0,0.0,0.0,67.35,0.0,0.0,0.0,0.0,0.0,34.33,0.0,0.0,0.0,65.67,1.0,0.0,1.0,0.0,0.0,29.0,0.0,0.0,0.0,69.0,0.0,0.0,0.0,0.0,0.0,40.0,0.0,0.0,0.0,60.0,0.0,0.0,0.0,0.0,0.0,53.0,0.0,0.0,0.0,47.0,0.0,0.0,0.0,0.0,0.0,52.58,0.0,0.0,0.0,47.42,0.0,0.0,0.0,0.0,0.0,0.0,0.0,0.0,0.0,100.0,0.0,0.0,0.0,18.18,0.0,0.0,0.0,0.0,0.0,81.82,1.01,0.0,0.0,0.0,0.0,0.0,0.0,0.0,0.0,98.99,1.0,0.0,1.0,0.0,0.0,0.0,0.0,0.0,0.0,98.0,0.0,0.0,1.0,0.0,0.0,0.0,0.0,0.0,0.0,99.0,0.0,0.0,0.0,0.0,0.0,0.0,0.0,0.0,0.0,100.0,0.0,0.0,0.0,0.0,0.0,0.0,0.0,0.0,0.0,100.0,0.99,0.0,0.0,0.0,0.0,0.0,0.0,0.0,0.0,99.01
383,0.0,0.0,0.0,0.0,0.0,88.66,0.0,0.0,0.0,11.34,0.0,0.0,0.0,0.0,0.0,100.0,0.0,0.0,0.0,0.0,0.0,0.0,0.0,0.0,0.0,89.8,0.0,0.0,0.0,10.2,0.0,0.0,0.0,0.0,0.0,65.0,0.0,0.0,0.0,35.0,0.0,0.0,0.0,0.0,0.0,93.14,0.0,0.0,0.0,6.86,0.0,0.0,0.0,0.0,0.0,83.0,0.0,0.0,0.0,17.0,0.0,0.0,0.0,0.0,0.0,81.44,0.0,0.0,0.0,18.56,0.0,0.0,0.0,0.0,0.0,100.0,0.0,0.0,0.0,0.0,0.0,0.0,0.0,0.0,0.0,62.63,0.0,0.0,0.0,37.37,0.99,0.0,0.99,0.0,0.0,16.83,0.0,0.0,0.0,81.19,0.0,0.0,1.0,0.0,0.0,33.0,0.0,0.0,0.0,66.0,0.0,0.0,0.0,0.0,0.0,51.55,0.0,0.0,0.0,48.45,0.99,0.0,0.99,0.0,0.0,28.71,0.0,0.0,0.0,69.31,0.0,0.0,0.0,0.0,0.0,40.0,0.0,0.0,0.0,60.0,1.0,0.0,1.0,0.0,0.0,51.0,0.0,0.0,0.0,47.0,0.99,0.0,0.0,0.0,0.0,52.48,0.0,0.0,0.0,46.53,0.0,0.0,1.01,0.0,0.0,0.0,0.0,0.0,0.0,98.99,0.0,0.0,1.01,18.18,0.0,0.0,0.0,0.0,0.0,80.81,0.0,0.0,0.0,0.0,0.0,0.0,0.0,0.0,0.0,100.0,0.99,0.0,0.0,0.0,0.0,0.0,0.0,0.0,0.0,99.01,0.0,0.0,0.0,0.0,0.0,0.0,0.0,0.0,0.0,100.0,0.0,0.0,0.0,0.0,0.0,0.0,0.0,0.0,0.0,100.0,0.0,0.0,0.0,0.0,0.0,0.0,0.0,0.0,0.0,100.0,0.0,0.0,0.0,0.0,0.0,0.0,0.0,0.0,0.0,100.0
384,0.0,0.0,0.0,0.0,0.0,90.53,0.0,0.0,0.0,9.47,0.0,0.0,0.0,0.0,0.0,100.0,0.0,0.0,0.0,0.0,0.0,0.0,0.0,0.0,0.0,89.22,0.0,0.0,0.0,10.78,1.0,0.0,0.0,0.0,0.0,65.0,0.0,0.0,0.0,34.0,0.0,0.0,0.0,0.0,0.0,95.05,0.0,0.0,0.0,4.95,0.0,0.0,0.0,0.0,0.0,82.65,0.0,0.0,0.0,17.35,0.0,0.0,0.0,0.0,0.0,82.65,0.0,0.0,0.0,17.35,0.0,0.0,0.0,0.0,0.0,100.0,0.0,0.0,0.0,0.0,0.0,0.0,0.0,0.0,0.0,64.71,0.0,0.0,0.0,35.29,0.0,0.0,0.0,0.0,0.0,17.17,0.0,0.0,0.0,82.83,0.0,0.0,1.0,0.0,0.0,34.0,0.0,0.0,0.0,65.0,0.0,0.0,0.0,0.0,0.0,53.06,0.0,0.0,0.0,46.94,0.0,0.0,0.0,0.0,0.0,27.55,0.0,0.0,0.0,72.45,1.0,0.0,0.0,0.0,0.0,39.0,0.0,0.0,0.0,60.0,0.0,0.0,0.0,0.0,0.0,52.58,0.0,0.0,0.0,47.42,0.0,0.0,0.0,0.0,0.0,51.58,0.0,0.0,0.0,48.42,1.0,0.0,0.0,0.0,0.0,0.0,0.0,0.0,0.0,99.0,0.0,0.0,0.0,19.0,0.0,0.0,0.0,0.0,0.0,81.0,0.0,0.0,0.0,0.0,0.0,0.0,0.0,0.0,0.0,100.0,0.0,0.0,0.0,0.0,0.0,0.0,0.0,0.0,0.0,100.0,0.0,0.0,0.0,0.0,0.0,0.0,0.0,0.0,0.0,100.0,0.0,0.0,0.0,0.0,0.0,0.0,0.0,0.0,0.0,100.0,0.0,0.0,0.0,0.0,0.0,0.0,0.0,0.0,0.0,100.0,0.0,0.0,1.0,0.0,0.0,0.0,0.0,0.0,0.0,99.0
385,0.0,0.0,0.0,0.0,0.0,89.8,0.0,0.0,0.0,10.2,0.0,0.0,0.0,0.0,0.0,100.0,0.0,0.0,0.0,0.0,0.0,0.0,0.0,0.0,0.0,88.12,0.0,0.0,0.0,11.88,0.0,0.0,0.0,0.0,0.0,65.35,0.0,0.0,0.0,34.65,0.0,0.0,0.0,0.0,0.0,94.06,0.0,0.0,0.0,5.94,0.0,0.0,0.0,0.0,0.0,82.83,0.0,0.0,0.0,17.17,0.0,0.0,0.0,0.0,0.0,82.0,0.0,0.0,0.0,18.0,0.0,0.0,0.0,0.0,0.0,100.0,0.0,0.0,0.0,0.0,0.0,0.0,0.0,0.0,0.0,63.37,0.0,0.0,0.0,36.63,0.0,0.0,0.0,0.0,0.0,16.33,0.0,0.0,0.0,83.67,0.99,0.0,0.0,0.0,0.0,34.65,0.0,0.0,0.0,64.36,0.0,0.0,0.0,0.0,0.0,53.54,0.0,0.0,0.0,46.46,1.96,0.0,0.98,0.0,0.0,27.45,0.0,0.0,0.0,69.61,0.0,0.0,0.0,0.0,0.0,40.0,0.0,0.0,0.0,60.0,0.97,0.0,0.97,0.0,0.0,52.43,0.0,0.0,0.0,45.63,0.0,0.0,0.0,0.0,0.0,54.46,0.0,0.0,0.0,45.54,0.0,0.0,0.0,0.0,0.0,0.0,0.0,0.0,0.0,100.0,0.0,0.0,0.0,17.17,0.0,0.0,0.0,0.0,0.0,82.83,0.0,0.0,1.01,0.0,0.0,0.0,0.0,0.0,0.0,98.99,0.0,0.0,0.0,0.0,0.0,0.0,0.0,0.0,0.0,100.0,0.0,0.0,0.0,0.0,0.0,0.0,0.0,0.0,0.0,100.0,0.0,0.0,0.0,0.0,0.0,0.0,0.0,0.0,0.0,100.0,0.0,0.0,1.0,0.0,0.0,0.0,0.0,0.0,0.0,99.0,0.0,0.0,0.0,0.0,0.0,0.0,0.0,0.0,0.0,100.0
386,0.0,0.0,0.99,0.0,0.0,89.11,0.0,0.0,0.0,9.9,0.0,0.0,0.0,0.0,0.0,100.0,0.0,0.0,0.0,0.0,0.0,0.0,0.98,0.0,0.0,88.24,0.0,0.0,0.0,10.78,0.0,0.0,0.0,0.0,0.0,64.65,0.0,0.0,0.0,35.35,0.0,0.0,0.0,0.0,0.0,94.06,0.0,0.0,0.0,5.94,0.0,0.0,0.0,0.0,0.0,83.33,0.0,0.0,0.0,16.67,0.0,0.0,0.0,0.0,0.0,82.35,0.0,0.0,0.0,17.65,0.0,0.0,0.0,0.0,0.0,100.0,0.0,0.0,0.0,0.0,0.0,0.0,0.0,0.0,0.0,64.36,0.0,0.0,0.0,35.64,1.0,0.0,0.0,0.0,0.0,16.0,0.0,0.0,0.0,83.0,0.0,0.0,0.99,0.0,0.0,32.67,0.0,0.0,0.0,66.34,0.0,0.0,0.0,0.0,0.0,54.64,0.0,0.0,0.0,45.36,0.98,0.0,0.98,0.98,0.0,28.43,0.0,0.0,0.0,68.63,0.0,0.0,0.0,0.0,0.0,39.0,0.0,0.0,0.0,61.0,0.0,0.0,0.0,0.0,0.0,52.0,0.0,0.0,0.0,48.0,0.0,0.0,0.0,0.0,0.0,54.0,0.0,0.0,0.0,46.0,0.0,0.0,1.0,0.0,0.0,0.0,0.0,0.0,0.0,99.0,1.0,0.0,0.0,18.0,0.0,0.0,0.0,0.0,0.0,81.0,1.0,0.0,0.0,0.0,0.0,0.0,0.0,0.0,0.0,99.0,0.0,0.0,1.01,0.0,0.0,0.0,0.0,0.0,0.0,98.99,1.0,0.0,0.0,0.0,0.0,0.0,0.0,0.0,0.0,99.0,0.0,0.0,0.0,0.0,0.0,0.0,0.0,0.0,0.0,100.0,0.0,0.0,0.0,0.0,0.0,0.0,0.0,0.0,0.0,100.0,0.0,0.0,0.0,0.0,0.0,0.0,0.0,0.0,0.0,100.0
387,0.0,0.0,0.0,0.0,0.0,91.84,0.0,0.0,0.0,8.16,0.0,0.0,0.0,0.0,0.0,100.0,0.0,0.0,0.0,0.0,0.0,0.0,0.0,0.0,0.0,89.11,0.0,0.0,0.0,10.89,0.0,0.0,0.0,0.0,0.0,66.99,0.0,0.0,0.0,33.01,0.0,0.0,0.98,0.0,0.0,94.12,0.0,0.0,0.0,4.9,0.0,0.0,0.0,0.0,0.0,82.65,0.0,0.0,0.0,17.35,0.0,0.0,0.0,0.0,0.0,82.18,0.0,0.0,0.0,17.82,0.0,0.0,0.0,0.0,0.0,100.0,0.0,0.0,0.0,0.0,0.0,0.0,0.0,0.0,0.0,64.08,0.0,0.0,0.0,35.92,0.0,0.0,0.0,0.0,0.0,16.16,0.0,0.0,0.0,83.84,1.02,0.0,0.0,0.0,0.0,31.63,0.0,0.0,0.0,67.35,0.0,0.0,0.0,0.0,0.0,54.26,0.0,0.0,0.0,45.74,1.01,0.0,0.0,0.0,0.0,28.28,0.0,0.0,0.0,70.71,0.0,0.0,0.99,0.0,0.0,40.59,0.0,0.0,0.0,58.42,0.0,0.0,0.0,0.0,0.0,54.37,0.0,0.0,0.0,45.63,0.0,0.0,0.0,0.0,0.0,55.77,0.0,0.0,0.0,44.23,1.01,0.0,1.01,4.04,0.0,0.0,0.0,0.0,0.0,93.94,0.0,0.0,1.0,9.0,0.0,0.0,0.0,0.0,0.0,90.0,0.0,0.0,0.0,0.0,0.0,0.0,0.0,0.0,0.0,100.0,0.99,0.0,0.0,3.96,0.0,0.0,0.0,0.0,0.0,95.05,0.0,0.0,0.0,0.0,0.0,0.0,0.0,0.0,0.0,100.0,0.0,0.0,0.0,0.0,0.0,0.0,0.0,0.0,0.0,100.0,0.99,0.0,0.0,0.0,0.0,0.0,0.0,0.0,0.0,99.01,0.0,0.0,0.0,0.0,0.0,0.0,0.0,0.0,0.0,100.0
388,0.0,0.0,0.0,0.0,0.0,95.0,0.0,0.0,0.0,5.0,0.0,0.0,0.0,0.0,0.0,100.0,0.0,0.0,0.0,0.0,0.0,0.0,0.0,0.0,0.0,91.09,0.0,0.0,0.0,8.91,0.0,0.0,0.0,0.0,0.0,68.0,0.0,0.0,0.0,32.0,0.0,0.0,0.0,0.0,0.0,96.04,0.0,0.0,0.0,3.96,0.0,0.0,0.0,0.0,0.0,85.15,0.0,0.0,0.0,14.85,0.0,0.0,0.0,0.0,0.0,83.67,0.0,0.0,0.0,16.33,0.0,0.0,0.0,0.0,0.0,100.0,0.0,0.0,0.0,0.0,1.96,0.0,0.0,0.0,0.0,64.71,0.0,0.0,0.0,33.33,0.0,0.0,1.0,0.0,0.0,17.0,0.0,0.0,0.0,82.0,0.0,0.0,0.0,0.0,0.0,32.65,0.0,0.0,0.0,67.35,0.0,0.0,0.0,0.0,0.0,54.64,0.0,0.0,0.0,45.36,0.0,0.0,0.0,0.0,0.0,28.57,0.0,0.0,0.0,71.43,0.0,0.0,0.0,0.0,0.0,41.0,0.0,0.0,0.0,59.0,0.0,0.0,0.0,0.0,0.0,52.53,0.0,0.0,0.0,47.47,0.0,0.0,0.0,0.0,0.0,52.58,0.0,0.0,0.0,47.42,1.01,0.0,0.0,0.0,0.0,0.0,0.0,0.0,0.0,98.99,0.0,0.0,1.0,3.0,0.0,0.0,0.0,0.0,0.0,96.0,1.0,0.0,0.0,0.0,0.0,0.0,0.0,0.0,0.0,99.0,0.0,0.0,0.0,15.15,0.0,0.0,0.0,0.0,0.0,84.85,0.0,0.0,0.99,0.0,0.0,0.0,0.0,0.0,0.0,99.01,0.0,0.0,1.01,0.0,0.0,0.0,0.0,0.0,0.0,98.99,0.0,0.0,0.0,0.0,0.0,0.0,0.0,0.0,0.0,100.0,0.0,0.0,0.0,0.0,0.0,0.0,0.0,0.0,0.0,100.0
389,0.0,0.0,0.0,0.0,0.0,91.0,0.0,0.0,0.0,9.0,0.0,0.0,0.0,0.0,0.0,100.0,0.0,0.0,0.0,0.0,0.0,0.0,0.0,0.0,0.0,90.0,0.0,0.0,0.0,10.0,0.0,0.0,0.0,0.0,0.0,67.0,0.0,0.0,0.0,33.0,0.0,0.0,0.0,0.0,0.0,94.06,0.0,0.0,0.0,5.94,0.0,0.0,0.0,0.0,0.0,83.0,0.0,0.0,0.0,17.0,0.0,0.0,0.0,0.0,0.0,81.82,0.0,0.0,0.0,18.18,0.0,0.0,0.0,0.0,0.0,100.0,0.0,0.0,0.0,0.0,0.99,0.0,0.0,0.0,0.0,63.37,0.0,0.0,0.0,35.64,1.01,0.0,0.0,0.0,0.0,16.16,0.0,0.0,0.0,82.83,0.0,0.0,0.0,0.0,0.0,34.31,0.0,0.0,0.0,65.69,0.0,0.0,0.0,0.0,0.0,53.92,0.0,0.0,0.0,46.08,0.99,0.0,0.99,0.0,0.0,26.73,0.0,0.0,0.0,71.29,0.0,0.0,0.0,0.0,0.0,39.39,0.0,0.0,0.0,60.61,0.0,0.0,0.0,0.0,0.0,52.0,0.0,0.0,0.0,48.0,0.0,0.0,0.0,0.0,0.0,53.0,0.0,0.0,0.0,47.0,0.0,0.0,1.01,0.0,0.0,0.0,0.0,0.0,0.0,98.99,0.0,0.0,0.0,18.18,0.0,0.0,0.0,0.0,0.0,81.82,0.0,0.0,0.0,0.0,0.0,0.0,0.0,0.0,0.0,100.0,0.0,0.0,0.0,0.0,0.0,0.0,0.0,0.0,0.0,100.0,0.0,0.0,0.0,0.0,0.0,0.0,0.0,0.0,0.0,100.0,1.0,0.0,1.0,0.0,0.0,0.0,0.0,0.0,0.0,98.0,0.0,0.0,0.0,0.0,0.0,0.0,0.0,0.0,0.0,100.0,0.0,0.0,0.0,0.0,0.0,0.0,0.0,0.0,0.0,100.0
390,0.0,0.0,0.0,0.0,0.0,89.0,0.0,0.0,0.0,11.0,0.0,0.0,0.0,0.0,0.0,100.0,0.0,0.0,0.0,0.0,0.0,0.0,0.0,0.0,0.0,90.0,0.0,0.0,0.0,10.0,0.0,0.0,0.0,0.0,0.0,67.33,0.0,0.0,0.0,32.67,0.0,0.0,0.0,0.0,0.0,93.07,0.0,0.0,0.0,6.93,0.0,0.0,0.0,0.0,0.0,82.18,0.0,0.0,0.0,17.82,0.0,0.0,0.0,0.0,0.0,82.0,0.0,0.0,0.0,18.0,0.0,0.0,0.0,0.0,0.0,100.0,0.0,0.0,0.0,0.0,0.0,0.0,1.01,0.0,0.0,62.63,0.0,0.0,0.0,36.36,0.0,0.0,0.0,0.0,0.0,16.33,0.0,0.0,0.0,83.67,0.99,0.0,0.0,0.0,0.0,32.67,0.0,0.0,0.0,66.34,0.0,0.0,0.0,0.0,0.0,54.0,0.0,0.0,0.0,46.0,1.01,0.0,0.0,0.0,0.0,26.26,0.0,0.0,0.0,72.73,0.99,0.0,0.0,0.0,0.0,39.6,0.0,0.0,0.0,59.41,0.0,0.0,0.0,0.0,0.0,50.52,0.0,0.0,0.0,49.48,0.0,0.0,0.0,0.0,0.0,50.53,0.0,0.0,0.0,49.47,0.0,0.0,0.0,0.0,0.0,0.0,0.0,0.0,0.0,100.0,1.0,0.0,0.0,17.0,0.0,0.0,0.0,0.0,0.0,82.0,0.0,0.0,1.01,0.0,0.0,0.0,0.0,0.0,0.0,98.99,0.0,0.0,0.0,0.0,0.0,0.0,0.0,0.0,0.0,100.0,0.0,0.0,0.0,0.0,0.0,0.0,0.0,0.0,0.0,100.0,0.0,0.0,0.0,0.0,0.0,0.0,0.0,0.0,0.0,100.0,0.0,0.0,0.0,0.0,0.0,0.0,0.0,0.0,0.0,100.0,0.0,0.0,0.0,0.0,0.0,0.0,0.0,0.0,0.0,100.0
391,0.0,0.0,0.0,0.0,0.0,91.92,0.0,0.0,0.0,8.08,0.0,0.0,0.0,0.0,0.0,100.0,0.0,0.0,0.0,0.0,0.0,0.0,0.0,0.0,0.0,89.25,0.0,0.0,0.0,10.75,0.0,0.0,0.0,0.0,0.0,66.33,0.0,0.0,0.0,33.67,0.0,0.0,0.0,0.0,0.0,95.05,0.0,0.0,0.0,4.95,0.0,0.0,0.0,0.0,0.0,82.83,0.0,0.0,0.0,17.17,0.0,0.0,0.0,0.0,0.0,83.17,0.0,0.0,0.0,16.83,0.0,0.0,0.0,0.0,0.0,100.0,0.0,0.0,0.0,0.0,0.99,0.0,0.0,0.0,0.0,63.37,0.0,0.0,0.0,35.64,0.99,0.0,0.0,0.0,0.0,16.83,0.0,0.0,0.0,82.18,0.0,0.0,0.0,0.0,0.0,31.31,0.0,0.0,0.0,68.69,0.0,0.0,0.0,0.0,0.0,50.0,0.0,0.0,0.0,50.0,0.99,0.0,0.99,0.0,0.0,28.71,0.0,0.0,0.0,69.31,0.0,0.0,0.0,0.0,0.0,37.37,0.0,0.0,0.0,62.63,0.0,0.0,0.99,0.0,0.0,52.48,0.0,0.0,0.0,46.53,0.0,0.0,0.0,0.0,0.0,49.46,0.0,0.0,0.0,50.54,0.0,0.0,1.0,0.0,0.0,0.0,0.0,0.0,0.0,99.0,0.0,0.0,1.0,18.0,0.0,0.0,0.0,0.0,0.0,81.0,1.0,0.0,0.0,0.0,0.0,0.0,0.0,0.0,0.0,99.0,0.0,0.0,0.0,0.0,0.0,0.0,0.0,0.0,0.0,100.0,0.0,0.0,0.0,0.0,0.0,0.0,0.0,0.0,0.0,100.0,0.0,0.0,0.0,0.0,0.0,0.0,0.0,0.0,0.0,100.0,0.0,0.0,0.0,0.0,0.0,0.0,0.0,0.0,0.0,100.0,1.0,0.0,0.0,0.0,0.0,0.0,0.0,0.0,0.0,99.0
392,0.0,0.0,0.0,0.0,0.0,91.0,0.0,0.0,0.0,9.0,0.0,0.0,0.0,0.0,0.0,100.0,0.0,0.0,0.0,0.0,0.0,0.0,0.0,0.0,0.0,87.78,0.0,0.0,0.0,12.22,0.0,0.0,0.0,0.0,0.0,67.68,0.0,0.0,0.0,32.32,0.0,0.0,0.0,0.0,0.0,93.14,0.0,0.0,0.0,6.86,0.0,0.0,0.0,0.0,0.0,81.82,0.0,0.0,0.0,18.18,0.0,0.0,0.0,0.0,0.0,82.18,0.0,0.0,0.0,17.82,0.0,0.0,0.0,0.0,0.0,100.0,0.0,0.0,0.0,0.0,0.0,0.0,0.0,0.0,0.0,63.64,0.0,0.0,0.0,36.36,0.0,0.0,0.0,0.0,0.0,16.49,0.0,0.0,0.0,83.51,0.0,0.0,0.0,0.0,0.0,31.68,0.0,0.0,0.0,68.32,0.0,0.0,0.0,0.0,0.0,49.0,0.0,0.0,0.0,51.0,0.0,0.0,1.0,0.0,0.0,28.0,0.0,0.0,0.0,71.0,0.0,0.0,0.0,0.0,0.0,39.39,0.0,0.0,0.0,60.61,0.0,0.0,0.0,0.0,0.0,52.53,0.0,0.0,0.0,47.47,0.0,0.0,0.0,0.0,0.0,51.55,0.0,0.0,0.0,48.45,1.0,0.0,0.0,0.0,0.0,0.0,0.0,0.0,0.0,99.0,0.0,0.0,0.99,17.82,0.0,0.0,0.0,0.0,0.0,81.19,0.0,0.0,0.0,0.0,0.0,0.0,0.0,0.0,0.0,100.0,0.0,0.0,0.0,0.0,0.0,0.0,0.0,0.0,0.0,100.0,0.0,0.0,0.0,0.0,0.0,0.0,0.0,0.0,0.0,100.0,0.0,0.0,0.0,0.0,0.0,0.0,0.0,0.0,0.0,100.0,0.0,0.0,0.99,0.0,0.0,0.0,0.0,0.0,0.0,99.01,0.0,0.0,0.0,0.0,0.0,0.0,0.0,0.0,0.0,100.0
393,0.0,0.0,0.0,0.0,0.0,89.8,0.0,0.0,0.0,10.2,0.0,0.0,0.0,0.0,0.0,100.0,0.0,0.0,0.0,0.0,0.0,0.0,0.0,0.0,0.0,87.5,0.0,0.0,0.0,12.5,0.0,0.0,0.0,0.0,0.0,66.34,0.0,0.0,0.0,33.66,0.0,0.0,0.0,0.0,0.0,92.31,0.0,0.0,0.0,7.69,0.0,0.0,0.0,0.0,0.0,82.18,0.0,0.0,0.0,17.82,0.0,0.0,0.0,0.0,0.0,81.63,0.0,0.0,0.0,18.37,0.0,0.0,0.0,0.0,0.0,100.0,0.0,0.0,0.0,0.0,0.0,0.0,1.0,0.0,0.0,61.0,0.0,0.0,0.0,38.0,1.0,0.0,0.0,0.0,0.0,15.0,0.0,0.0,0.0,84.0,1.0,0.0,1.0,0.0,0.0,29.0,0.0,0.0,0.0,69.0,0.0,0.0,0.0,0.0,0.0,48.51,0.0,0.0,0.0,51.49,1.98,0.0,0.99,0.0,0.0,25.74,0.0,0.0,0.0,71.29,0.0,0.0,0.0,0.0,0.0,40.0,0.0,0.0,0.0,60.0,1.01,0.0,0.0,0.0,0.0,50.51,0.0,0.0,0.0,48.48,0.98,0.0,0.98,0.0,0.0,51.96,0.0,0.0,0.0,46.08,0.0,0.0,0.0,0.0,0.0,0.0,0.0,0.0,0.0,100.0,0.0,0.0,0.0,15.15,0.0,0.0,0.0,0.0,0.0,84.85,0.0,0.0,0.0,0.0,0.0,0.0,0.0,0.0,0.0,100.0,0.99,0.0,0.0,2.97,0.0,0.0,0.0,0.0,0.0,96.04,0.99,0.0,0.99,0.0,0.0,0.0,0.0,0.0,0.0,98.02,0.99,0.0,0.0,0.0,0.0,0.0,0.0,0.0,0.0,99.01,0.0,0.0,0.0,0.0,0.0,0.0,0.0,0.0,0.0,100.0,0.0,0.0,0.0,0.0,0.0,0.0,0.0,0.0,0.0,100.0
394,0.0,0.0,0.0,0.0,0.0,85.86,0.0,0.0,0.0,14.14,0.0,0.0,0.0,0.0,0.0,100.0,0.0,0.0,0.0,0.0,0.0,0.0,0.0,0.0,0.0,86.05,0.0,0.0,0.0,13.95,0.0,0.0,0.0,0.0,0.0,66.33,0.0,0.0,0.0,33.67,0.0,0.0,0.0,0.0,0.0,92.08,0.0,0.0,0.0,7.92,0.0,0.0,0.0,0.0,0.0,80.81,0.0,0.0,0.0,19.19,0.0,0.0,0.0,0.0,0.0,81.37,0.0,0.0,0.0,18.63,0.0,0.0,0.0,0.0,0.0,100.0,0.0,0.0,0.0,0.0,0.98,0.0,0.0,0.0,0.0,60.78,0.0,0.0,0.0,38.24,0.0,0.0,0.0,0.0,0.0,17.0,0.0,0.0,0.0,83.0,0.0,0.0,0.0,0.0,0.0,28.28,0.0,0.0,0.0,71.72,0.0,0.0,0.0,0.0,0.0,46.46,0.0,0.0,0.0,53.54,0.0,0.0,0.0,0.0,0.0,25.77,0.0,0.0,0.0,74.23,0.0,0.0,0.0,0.0,0.0,40.4,0.0,0.0,0.0,59.6,0.0,0.0,0.0,0.0,0.0,48.94,0.0,0.0,0.0,51.06,1.03,0.0,0.0,0.0,0.0,50.52,0.0,0.0,0.0,48.45,0.0,0.0,1.0,0.0,0.0,0.0,0.0,0.0,0.0,99.0,0.0,0.0,0.0,0.0,0.0,0.0,0.0,0.0,0.0,100.0,0.0,0.0,0.99,0.0,0.0,0.0,0.0,0.0,0.0,99.01,0.0,0.0,1.0,18.0,0.0,0.0,0.0,0.0,0.0,81.0,0.0,0.0,0.0,0.0,0.0,0.0,0.0,0.0,0.0,100.0,0.0,0.0,0.0,0.0,0.0,0.0,0.0,0.0,0.0,100.0,0.0,0.0,0.0,0.0,0.0,0.0,0.0,0.0,0.0,100.0,0.0,0.0,0.0,0.0,0.0,0.0,0.0,0.0,0.0,100.0
395,0.0,0.0,0.0,0.0,0.0,91.09,0.0,0.0,0.0,8.91,0.0,0.0,0.0,0.0,0.0,100.0,0.0,0.0,0.0,0.0,0.0,0.0,0.0,0.0,0.0,88.66,0.0,0.0,0.0,11.34,0.0,0.0,0.0,0.0,0.0,67.33,0.0,0.0,0.0,32.67,0.0,0.0,0.0,0.0,0.0,93.0,0.0,0.0,0.0,7.0,0.0,0.0,0.0,0.0,0.0,82.35,0.0,0.0,0.0,17.65,0.0,0.0,0.0,0.0,0.0,82.0,0.0,0.0,0.0,18.0,0.0,0.0,0.0,0.0,0.0,100.0,0.0,0.0,0.0,0.0,0.0,0.0,0.0,0.0,0.0,63.0,0.0,0.0,0.0,37.0,0.0,0.0,0.0,0.0,0.0,16.16,0.0,0.0,0.0,83.84,0.0,0.0,0.0,0.0,0.0,29.7,0.0,0.0,0.0,70.3,0.0,0.0,0.0,0.0,0.0,48.04,0.0,0.0,0.0,51.96,0.99,0.0,0.99,0.0,0.0,26.73,0.0,0.0,0.0,71.29,0.0,0.0,0.0,0.0,0.0,41.41,0.0,0.0,0.0,58.59,1.03,0.0,0.0,0.0,0.0,50.52,0.0,0.0,0.0,48.45,0.0,0.0,0.0,0.0,0.0,45.45,0.0,0.0,0.0,54.55,0.0,0.0,1.0,0.0,0.0,0.0,0.0,0.0,0.0,99.0,1.0,0.0,0.0,0.0,0.0,0.0,0.0,0.0,0.0,99.0,1.0,0.0,0.0,0.0,0.0,0.0,0.0,0.0,0.0,99.0,0.0,0.0,0.0,17.17,0.0,0.0,0.0,0.0,0.0,82.83,0.0,0.0,0.0,0.0,0.0,0.0,0.0,0.0,0.0,100.0,0.0,0.0,0.0,0.0,0.0,0.0,0.0,0.0,0.0,100.0,0.0,0.0,0.0,0.0,0.0,0.0,0.0,0.0,0.0,100.0,0.0,0.0,0.0,0.0,0.0,0.0,0.0,0.0,0.0,100.0
396,0.0,0.0,0.0,0.0,0.0,88.89,0.0,0.0,0.0,11.11,0.0,0.0,0.0,0.0,0.0,100.0,0.0,0.0,0.0,0.0,0.0,0.0,0.0,0.0,0.0,89.22,0.0,0.0,0.0,10.78,0.0,0.0,0.0,0.0,0.0,66.67,0.0,0.0,0.0,33.33,0.0,0.0,0.0,0.0,0.0,93.14,0.0,0.0,0.0,6.86,0.0,0.0,0.0,0.0,0.0,81.82,0.0,0.0,0.0,18.18,0.0,0.0,0.0,0.0,0.0,81.63,0.0,0.0,0.0,18.37,0.0,0.0,0.0,0.0,0.0,100.0,0.0,0.0,0.0,0.0,0.0,0.0,0.0,0.0,0.0,62.75,0.0,0.0,0.0,37.25,0.0,0.0,1.0,0.0,0.0,16.0,0.0,0.0,0.0,83.0,1.02,0.0,0.0,0.0,0.0,28.57,0.0,0.0,0.0,70.41,0.0,0.0,0.0,0.0,0.0,51.52,0.0,0.0,0.0,48.48,1.01,0.0,1.01,0.0,0.0,27.27,0.0,0.0,0.0,70.71,0.0,0.0,0.0,0.0,0.0,39.8,0.0,0.0,0.0,60.2,0.0,0.0,0.0,0.0,0.0,53.92,0.0,0.0,0.0,46.08,0.0,0.0,0.0,0.0,0.0,53.0,0.0,0.0,0.0,47.0,0.0,0.0,1.01,0.0,0.0,0.0,0.0,0.0,0.0,98.99,0.0,0.0,0.0,0.0,0.0,0.0,0.0,0.0,0.0,100.0,0.0,0.0,0.0,0.0,0.0,0.0,0.0,0.0,0.0,100.0,0.0,0.0,0.0,18.18,0.0,0.0,0.0,0.0,0.0,81.82,0.0,0.0,0.0,0.0,0.0,0.0,0.0,0.0,0.0,100.0,0.0,0.0,0.0,0.0,0.0,0.0,0.0,0.0,0.0,100.0,0.0,0.0,0.0,0.0,0.0,0.0,0.0,0.0,0.0,100.0,0.0,0.0,0.0,0.0,0.0,0.0,0.0,0.0,0.0,100.0
397,0.0,0.0,0.0,0.0,0.0,92.71,0.0,0.0,0.0,7.29,0.0,0.0,0.99,0.0,0.0,99.01,0.0,0.0,0.0,0.0,0.0,0.0,0.0,0.0,0.0,90.1,0.0,0.0,0.0,9.9,0.0,0.0,0.0,0.0,0.0,68.32,0.0,0.0,0.0,31.68,0.0,0.0,0.0,0.0,0.0,94.12,0.0,0.0,0.0,5.88,0.0,0.0,0.0,0.0,0.0,83.17,0.0,0.0,0.0,16.83,0.0,0.0,0.0,0.0,0.0,82.83,0.0,0.0,0.0,17.17,0.0,0.0,0.0,0.0,0.0,100.0,0.0,0.0,0.0,0.0,0.0,0.0,0.0,0.0,0.0,63.0,0.0,0.0,0.0,37.0,0.99,0.0,0.0,0.0,0.0,16.83,0.0,0.0,0.0,82.18,0.0,0.0,0.0,0.0,0.0,29.29,0.0,0.0,0.0,70.71,0.0,0.0,0.0,0.0,0.0,53.0,0.0,0.0,0.0,47.0,0.0,0.0,0.0,0.0,0.0,29.0,0.0,0.0,0.0,71.0,0.99,0.0,0.0,0.0,0.0,40.59,0.0,0.0,0.0,58.42,0.0,0.0,0.0,0.0,0.0,51.55,0.0,0.0,0.0,48.45,0.0,0.0,0.0,0.0,0.0,52.04,0.0,0.0,0.0,47.96,1.01,0.0,0.0,0.0,0.0,0.0,0.0,0.0,0.0,98.99,1.01,0.0,0.0,0.0,0.0,0.0,0.0,0.0,0.0,98.99,0.99,0.0,0.99,0.0,0.0,0.0,0.0,0.0,0.0,98.02,0.0,0.0,0.99,17.82,0.0,0.0,0.0,0.0,0.0,81.19,0.0,0.0,0.0,0.0,0.0,0.0,0.0,0.0,0.0,100.0,0.0,0.0,0.0,0.0,0.0,0.0,0.0,0.0,0.0,100.0,0.0,0.0,0.0,0.0,0.0,0.0,0.0,0.0,0.0,100.0,0.0,0.0,0.0,0.0,0.0,0.0,0.0,0.0,0.0,100.0
398,0.0,0.0,0.0,0.0,0.0,89.32,0.0,0.0,0.0,10.68,0.0,0.0,0.0,0.0,0.0,100.0,0.0,0.0,0.0,0.0,0.0,0.0,0.0,0.0,0.0,90.0,0.0,0.0,0.0,10.0,0.0,0.0,0.0,0.0,0.0,67.0,0.0,0.0,0.0,33.0,0.0,0.0,0.0,0.0,0.0,94.0,0.0,0.0,0.0,6.0,0.0,0.0,0.0,0.0,0.0,82.65,0.0,0.0,0.0,17.35,0.0,0.0,0.0,0.0,0.0,82.0,0.0,0.0,0.0,18.0,0.0,0.0,0.0,0.0,0.0,100.0,0.0,0.0,0.0,0.0,0.0,0.0,0.0,0.0,0.0,63.37,0.0,0.0,0.0,36.63,0.0,0.0,0.0,0.0,0.0,16.33,0.0,0.0,0.0,83.67,0.0,0.0,0.0,0.0,0.0,30.3,0.0,0.0,0.0,69.7,0.0,0.0,0.0,0.0,0.0,51.49,0.0,0.0,0.0,48.51,0.0,0.0,0.0,0.0,0.0,28.28,0.0,0.0,0.0,71.72,0.0,0.0,0.0,0.0,0.0,40.4,0.0,0.0,0.0,59.6,0.0,0.0,0.0,0.0,0.0,50.52,0.0,0.0,0.0,49.48,0.0,0.0,0.0,0.0,0.0,51.04,0.0,0.0,0.0,48.96,0.0,0.0,0.0,0.0,0.0,0.0,0.0,0.0,0.0,100.0,1.0,0.0,1.0,0.0,0.0,0.0,0.0,0.0,0.0,98.0,0.0,0.0,1.01,0.0,0.0,0.0,0.0,0.0,0.0,98.99,0.0,0.0,0.0,18.18,0.0,0.0,0.0,0.0,0.0,81.82,0.0,0.0,0.99,0.0,0.0,0.0,0.0,0.0,0.0,99.01,0.0,0.0,0.0,0.0,0.0,0.0,0.0,0.0,0.0,100.0,0.0,0.0,0.0,0.0,0.0,0.0,0.0,0.0,0.0,100.0,0.0,0.0,0.99,0.0,0.0,0.0,0.0,0.0,0.0,99.01
399,0.0,0.0,0.0,0.0,0.0,87.0,0.0,0.0,0.0,13.0,0.0,0.0,0.0,0.0,0.0,100.0,0.0,0.0,0.0,0.0,0.0,0.0,0.0,0.0,0.0,89.32,0.0,0.0,0.0,10.68,0.0,0.0,0.0,0.0,0.0,66.67,0.0,0.0,0.0,33.33,0.0,0.0,0.0,0.0,0.0,92.23,0.0,0.0,0.0,7.77,0.0,0.0,0.0,0.0,0.0,82.18,0.0,0.0,0.0,17.82,0.0,0.0,0.0,0.0,0.0,81.82,0.0,0.0,0.0,18.18,0.0,0.0,0.0,0.0,0.0,100.0,0.0,0.0,0.0,0.0,0.0,0.0,0.0,0.0,0.0,61.22,0.0,0.0,0.0,38.78,0.99,0.0,0.0,0.0,0.0,16.83,0.0,0.0,0.0,82.18,0.99,0.0,0.0,0.0,0.0,30.69,0.0,0.0,0.0,68.32,0.0,0.0,0.0,0.0,0.0,51.0,0.0,0.0,0.0,49.0,0.0,0.0,0.0,0.0,0.0,28.43,0.0,0.0,0.0,71.57,0.0,0.0,0.0,0.0,0.0,38.61,0.0,0.0,0.0,61.39,0.0,0.0,0.0,0.0,0.0,52.04,0.0,0.0,0.0,47.96,0.0,0.0,0.0,0.0,0.0,50.53,0.0,0.0,0.0,49.47,1.0,0.0,1.0,0.0,0.0,0.0,0.0,0.0,0.0,98.0,0.0,0.0,0.0,0.0,0.0,0.0,0.0,0.0,0.0,100.0,0.0,0.0,0.0,0.0,0.0,0.0,0.0,0.0,0.0,100.0,0.0,0.0,0.0,18.18,0.0,0.0,0.0,0.0,0.0,81.82,1.0,0.0,0.0,0.0,0.0,0.0,0.0,0.0,0.0,99.0,0.0,0.0,0.0,0.0,0.0,0.0,0.0,0.0,0.0,100.0,0.0,0.0,0.0,0.0,0.0,0.0,0.0,0.0,0.0,100.0,0.0,0.0,0.0,0.0,0.0,0.0,0.0,0.0,0.0,100.0
400,0.0,0.0,0.0,0.0,0.0,93.07,0.0,0.0,0.0,6.93,0.0,0.0,0.0,0.0,0.0,100.0,0.0,0.0,0.0,0.0,0.0,0.0,0.0,0.0,0.0,91.0,0.0,0.0,0.0,9.0,0.0,0.0,0.0,0.0,0.0,67.33,0.0,0.0,0.0,32.67,0.0,0.0,0.0,0.0,0.0,96.04,0.0,0.0,0.0,3.96,0.0,0.0,0.0,0.0,0.0,84.0,0.0,0.0,0.0,16.0,1.01,0.0,0.0,0.0,0.0,82.83,0.0,0.0,0.0,16.16,0.0,0.0,0.0,0.0,0.0,100.0,0.0,0.0,0.0,0.0,0.0,0.0,0.0,0.0,0.0,64.0,0.0,0.0,0.0,36.0,0.0,0.0,0.0,0.0,0.0,16.49,0.0,0.0,0.0,83.51,0.0,0.0,0.0,0.0,0.0,34.0,0.0,0.0,0.0,66.0,0.0,0.0,0.0,0.0,0.0,52.53,0.0,0.0,0.0,47.47,0.0,0.0,0.0,0.0,0.0,30.3,0.0,0.0,0.0,69.7,0.0,0.0,0.0,0.0,0.0,37.37,0.0,0.0,0.0,62.63,0.99,0.0,0.0,0.0,0.0,52.48,0.0,0.0,0.0,46.53,0.0,0.0,0.0,0.0,0.0,53.61,0.0,0.0,0.0,46.39,0.0,0.0,0.0,0.0,0.0,0.0,0.0,0.0,0.0,100.0,0.0,0.0,0.0,0.0,0.0,0.0,0.0,0.0,0.0,100.0,0.99,0.0,0.99,0.0,0.0,0.0,0.0,0.0,0.0,98.02,0.0,0.0,1.0,18.0,0.0,0.0,0.0,0.0,0.0,81.0,0.0,0.0,0.0,0.0,0.0,0.0,0.0,0.0,0.0,100.0,0.0,0.0,0.99,0.0,0.0,0.0,0.0,0.0,0.0,99.01,0.98,0.0,0.98,0.98,0.0,0.0,0.0,0.0,0.0,97.06,0.99,0.0,0.99,0.0,0.0,0.0,0.0,0.0,0.0,98.02
401,0.0,0.0,0.0,0.0,0.0,90.72,0.0,0.0,0.0,9.28,0.0,0.0,0.0,0.0,0.0,100.0,0.0,0.0,0.0,0.0,0.0,0.0,0.0,0.0,0.0,90.2,0.0,0.0,0.0,9.8,0.0,0.0,0.0,0.0,0.0,66.67,0.0,0.0,0.0,33.33,0.0,0.0,0.0,0.0,0.0,94.0,0.0,0.0,0.0,6.0,0.0,0.0,0.0,0.0,0.0,83.84,0.0,0.0,0.0,16.16,0.0,0.0,0.0,0.0,0.0,84.85,0.0,0.0,0.0,15.15,0.0,0.0,0.0,0.0,0.0,100.0,0.0,0.0,0.0,0.0,1.0,0.0,0.0,0.0,0.0,62.0,0.0,0.0,0.0,37.0,1.0,0.0,0.0,0.0,0.0,17.0,0.0,0.0,0.0,82.0,0.0,0.0,0.0,0.0,0.0,32.65,0.0,0.0,0.0,67.35,0.0,0.0,0.0,0.0,0.0,50.0,0.0,0.0,0.0,50.0,0.0,0.0,0.0,0.0,0.0,29.7,0.0,0.0,0.0,70.3,0.0,0.0,0.0,0.0,0.0,36.63,0.0,0.0,0.0,63.37,0.0,0.0,0.0,0.0,0.0,54.46,0.0,0.0,0.0,45.54,0.0,0.0,0.0,0.0,0.0,50.54,0.0,0.0,0.0,49.46,0.0,0.0,0.0,0.0,0.0,0.0,0.0,0.0,0.0,100.0,0.98,0.0,0.98,0.0,0.0,0.0,0.0,0.0,0.0,98.04,0.0,0.0,0.0,0.0,0.0,0.0,0.0,0.0,0.0,100.0,1.0,0.0,0.0,18.0,0.0,0.0,0.0,0.0,0.0,81.0,0.0,0.0,0.0,0.0,0.0,0.0,0.0,0.0,0.0,100.0,0.0,0.0,0.0,0.0,0.0,0.0,0.0,0.0,0.0,100.0,0.0,0.0,0.0,0.0,0.0,0.0,0.0,0.0,0.0,100.0,1.02,0.0,1.02,0.0,0.0,0.0,0.0,0.0,0.0,97.96
402,0.0,0.0,0.0,0.0,0.0,94.0,0.0,0.0,0.0,6.0,0.0,0.0,0.0,0.0,0.0,100.0,0.0,0.0,0.0,0.0,0.0,0.0,0.0,0.0,0.0,91.09,0.0,0.0,0.0,8.91,0.0,0.0,0.0,0.0,0.0,67.0,0.0,0.0,0.0,33.0,0.0,0.0,0.0,0.0,0.0,95.1,0.0,0.0,0.0,4.9,0.0,0.0,0.0,0.0,0.0,84.16,0.0,0.0,0.0,15.84,0.0,0.0,0.0,0.0,0.0,84.0,0.0,0.0,0.0,16.0,0.0,0.0,0.0,0.0,0.0,100.0,0.0,0.0,0.0,0.0,0.0,0.0,0.0,0.0,0.0,63.64,0.0,0.0,0.0,36.36,0.0,0.0,0.0,0.0,0.0,17.0,0.0,0.0,0.0,83.0,0.0,0.0,0.99,0.0,0.0,31.68,0.0,0.0,0.0,67.33,0.0,0.0,0.0,0.0,0.0,49.48,0.0,0.0,0.0,50.52,1.01,0.0,0.0,0.0,0.0,27.27,0.0,0.0,0.0,71.72,0.0,0.0,0.0,0.0,0.0,38.61,0.0,0.0,0.0,61.39,0.0,0.0,0.0,0.0,0.0,53.54,0.0,0.0,0.0,46.46,0.0,0.0,0.0,0.0,0.0,54.55,0.0,0.0,0.0,45.45,0.0,0.0,0.0,0.0,0.0,0.0,0.0,0.0,0.0,100.0,0.0,0.0,0.0,0.0,0.0,0.0,0.0,0.0,0.0,100.0,1.0,0.0,1.0,0.0,0.0,0.0,0.0,0.0,0.0,98.0,0.0,0.0,1.01,17.17,0.0,0.0,0.0,0.0,0.0,81.82,0.0,0.0,0.0,0.0,0.0,0.0,0.0,0.0,0.0,100.0,1.0,0.0,0.0,0.0,0.0,0.0,0.0,0.0,0.0,99.0,0.99,0.0,0.0,0.0,0.0,0.0,0.0,0.0,0.0,99.01,1.01,0.0,1.01,0.0,0.0,0.0,0.0,0.0,0.0,97.98
403,0.0,0.0,0.0,0.0,0.0,91.09,0.0,0.0,0.0,8.91,0.0,0.0,0.0,0.0,0.0,100.0,0.0,0.0,0.0,0.0,0.0,0.0,0.0,0.0,0.0,90.1,0.0,0.0,0.0,9.9,0.0,0.0,0.0,0.0,0.0,67.33,0.0,0.0,0.0,32.67,0.0,0.0,0.0,0.0,0.0,94.06,0.0,0.0,0.0,5.94,0.0,0.0,0.0,0.0,0.0,82.83,0.0,0.0,0.0,17.17,0.0,0.0,0.0,0.0,0.0,84.38,0.0,0.0,0.0,15.62,0.0,0.0,0.0,0.0,0.0,100.0,0.0,0.0,0.0,0.0,0.0,0.0,0.0,0.0,0.0,64.95,0.0,0.0,0.0,35.05,1.01,0.0,0.0,0.0,0.0,16.16,0.0,0.0,0.0,82.83,1.0,0.0,0.0,0.0,0.0,31.0,0.0,0.0,0.0,68.0,0.0,0.0,0.0,0.0,0.0,50.0,0.0,0.0,0.0,50.0,0.0,0.0,0.0,0.0,0.0,27.72,0.0,0.0,0.0,72.28,0.0,0.0,0.0,0.0,0.0,38.0,0.0,0.0,0.0,62.0,0.0,0.0,0.0,0.0,0.0,53.47,0.0,0.0,0.0,46.53,0.0,0.0,0.0,0.0,0.0,55.0,0.0,0.0,0.0,45.0,0.0,0.0,0.0,0.0,0.0,0.0,0.0,0.0,0.0,100.0,1.0,0.0,1.0,0.0,0.0,0.0,0.0,0.0,0.0,98.0,0.0,0.0,0.0,0.0,0.0,0.0,0.0,0.0,0.0,100.0,0.0,0.0,0.0,18.0,0.0,0.0,0.0,0.0,0.0,82.0,0.99,0.0,0.0,0.0,0.0,0.0,0.0,0.0,0.0,99.01,0.0,0.0,0.0,0.0,0.0,0.0,0.0,0.0,0.0,100.0,0.0,0.0,0.0,0.0,0.0,0.0,0.0,0.0,0.0,100.0,0.0,0.0,1.01,0.0,0.0,0.0,0.0,0.0,0.0,98.99
404,0.0,0.0,0.0,0.0,0.0,90.72,0.0,0.0,0.0,9.28,0.0,0.0,0.0,0.0,0.0,100.0,0.0,0.0,0.0,0.0,0.0,0.0,0.0,0.0,0.0,90.1,0.0,0.0,0.0,9.9,1.0,0.0,0.0,0.0,0.0,66.0,0.0,0.0,0.0,33.0,0.0,0.0,0.0,0.0,0.0,93.14,0.0,0.0,0.0,6.86,0.0,0.0,0.0,0.0,0.0,83.0,0.0,0.0,0.0,17.0,0.0,0.0,0.0,0.0,0.0,83.84,0.0,0.0,0.0,16.16,0.0,0.0,0.0,0.0,0.0,100.0,0.0,0.0,0.0,0.0,0.98,0.0,0.98,0.0,0.0,62.75,0.0,0.0,0.0,35.29,0.99,0.0,0.99,0.0,0.0,15.84,0.0,0.0,0.0,82.18,0.0,0.0,0.0,0.0,0.0,31.0,0.0,0.0,0.0,69.0,0.0,0.0,0.0,0.0,0.0,49.49,0.0,0.0,0.0,50.51,0.0,0.0,0.0,0.0,0.0,27.0,0.0,0.0,0.0,73.0,0.0,0.0,0.0,0.0,0.0,36.36,0.0,0.0,0.0,63.64,1.01,0.0,1.01,0.0,0.0,51.52,0.0,0.0,0.0,46.46,0.0,0.0,0.0,0.0,0.0,53.61,0.0,0.0,0.0,46.39,0.99,0.0,0.99,0.0,0.0,0.99,0.0,0.0,0.0,97.03,0.0,0.0,0.0,0.0,0.0,0.0,0.0,0.0,0.0,100.0,0.0,0.0,1.0,0.0,0.0,0.0,0.0,0.0,0.0,99.0,0.0,0.0,0.0,18.18,0.0,0.0,0.0,0.0,0.0,81.82,0.0,0.0,0.0,0.0,0.0,0.0,0.0,0.0,0.0,100.0,0.0,0.0,0.0,0.0,0.0,0.0,0.0,0.0,0.0,100.0,0.0,0.0,0.99,0.0,0.0,0.0,0.0,0.0,0.0,99.01,0.99,0.0,0.0,0.0,0.0,0.0,0.0,0.0,0.0,99.01
405,0.0,0.0,0.0,0.0,0.0,89.9,0.0,0.0,0.0,10.1,0.0,0.0,0.0,0.0,0.0,100.0,0.0,0.0,0.0,0.0,0.0,0.0,0.0,0.0,0.0,89.11,0.0,0.0,0.0,10.89,0.0,0.0,0.0,0.0,0.0,65.66,0.0,0.0,0.0,34.34,0.0,0.0,0.0,0.0,0.0,93.2,0.0,0.0,0.0,6.8,0.0,0.0,0.0,0.0,0.0,82.35,0.0,0.0,0.0,17.65,0.0,0.0,0.0,0.0,0.0,83.17,0.0,0.0,0.0,16.83,0.0,0.0,0.0,0.0,0.0,100.0,0.0,0.0,0.0,0.0,0.0,0.0,0.0,0.0,0.0,63.0,0.0,0.0,0.0,37.0,0.0,0.0,0.0,0.0,0.0,18.18,0.0,0.0,0.0,81.82,0.0,0.0,0.0,0.0,0.0,31.68,0.0,0.0,0.0,68.32,0.0,0.0,0.0,0.0,0.0,48.98,0.0,0.0,0.0,51.02,0.0,0.0,0.0,0.0,0.0,27.0,0.0,0.0,0.0,73.0,0.0,0.0,0.0,0.0,0.0,37.62,0.0,0.0,0.0,62.38,1.0,0.0,1.0,1.0,0.0,52.0,0.0,0.0,0.0,45.0,1.01,0.0,0.0,0.0,0.0,52.53,0.0,0.0,0.0,46.46,0.0,0.0,0.0,0.0,0.0,0.0,0.0,0.0,0.0,100.0,0.0,0.0,0.0,0.0,0.0,0.0,0.0,0.0,0.0,100.0,0.0,0.0,0.0,0.0,0.0,0.0,0.0,0.0,0.0,100.0,0.0,0.0,0.0,17.0,0.0,0.0,0.0,0.0,0.0,83.0,0.0,0.0,0.0,0.0,0.0,0.0,0.0,0.0,0.0,100.0,0.0,0.0,0.0,0.0,0.0,0.0,0.0,0.0,0.0,100.0,0.0,0.0,0.0,0.0,0.0,0.0,0.0,0.0,0.0,100.0,0.0,0.0,0.0,0.0,0.0,0.0,0.0,0.0,0.0,100.0
406,0.0,0.0,0.0,0.0,0.0,89.58,0.0,0.0,0.0,10.42,0.0,0.0,0.0,0.0,0.0,100.0,0.0,0.0,0.0,0.0,0.0,0.0,0.0,0.0,0.0,90.0,0.0,0.0,0.0,10.0,0.0,0.0,0.0,0.0,0.0,66.34,0.0,0.0,0.0,33.66,0.0,0.0,0.0,0.0,0.0,93.07,0.0,0.0,0.0,6.93,0.0,0.0,0.0,0.0,0.0,82.65,0.0,0.0,0.0,17.35,0.0,0.0,0.0,0.0,0.0,82.83,0.0,0.0,0.0,17.17,0.0,0.0,0.0,0.0,0.0,100.0,0.0,0.0,0.0,0.0,0.0,0.0,0.0,0.0,0.0,60.42,0.0,0.0,0.0,39.58,1.01,0.0,0.0,0.0,0.0,17.17,0.0,0.0,0.0,81.82,0.0,0.0,0.0,0.0,0.0,30.61,0.0,0.0,0.0,69.39,0.0,0.0,0.0,0.0,0.0,49.0,0.0,0.0,0.0,51.0,0.0,0.0,0.0,0.0,0.0,26.26,0.0,0.0,0.0,73.74,0.0,0.0,0.0,0.0,0.0,37.0,0.0,0.0,0.0,63.0,0.0,0.0,0.0,1.01,0.0,52.53,0.0,0.0,0.0,46.46,0.0,0.0,0.0,0.0,0.0,54.08,0.0,0.0,0.0,45.92,0.99,0.0,0.99,15.84,0.0,0.0,0.0,0.0,0.0,82.18,1.0,0.0,2.0,0.0,0.0,0.0,0.0,0.0,0.0,97.0,0.0,0.0,0.0,0.0,0.0,0.0,0.0,0.0,0.0,100.0,1.01,0.0,0.0,0.0,0.0,0.0,0.0,0.0,0.0,98.99,0.0,0.0,0.0,0.0,0.0,0.0,0.0,0.0,0.0,100.0,0.0,0.0,0.0,0.0,0.0,0.0,0.0,0.0,0.0,100.0,0.0,0.0,0.0,0.0,0.0,0.0,0.0,0.0,0.0,100.0,0.0,0.0,0.0,0.0,0.0,0.0,0.0,0.0,0.0,100.0
407,0.0,0.0,0.0,0.0,0.0,94.0,0.0,0.0,0.0,6.0,0.0,0.0,0.0,0.0,0.0,100.0,0.0,0.0,0.0,0.0,0.0,0.0,0.0,0.0,0.0,90.91,0.0,0.0,0.0,9.09,0.97,0.0,0.0,0.0,0.0,66.99,0.0,0.0,0.0,32.04,0.0,0.0,0.0,0.0,0.0,96.04,0.0,0.0,0.0,3.96,0.0,0.0,0.0,0.0,0.0,83.84,0.0,0.0,0.0,16.16,0.0,0.0,0.0,0.0,0.0,85.0,0.0,0.0,0.0,15.0,0.0,0.0,0.0,0.0,0.0,100.0,0.0,0.0,0.0,0.0,1.1,0.0,0.0,0.0,0.0,59.34,0.0,0.0,0.0,39.56,0.99,0.0,0.0,0.0,0.0,17.82,0.0,0.0,0.0,81.19,0.0,0.0,0.0,0.0,0.0,33.0,0.0,0.0,0.0,67.0,0.0,0.0,0.0,0.0,0.0,49.49,0.0,0.0,0.0,50.51,0.0,0.0,0.0,0.0,0.0,29.0,0.0,0.0,0.0,71.0,0.0,0.0,0.0,0.0,0.0,38.0,0.0,0.0,0.0,62.0,0.0,0.0,0.0,0.0,0.0,53.47,0.0,0.0,0.0,46.53,0.0,0.0,0.0,0.0,0.0,54.0,0.0,0.0,0.0,46.0,0.0,0.0,0.0,18.18,0.0,0.0,0.0,0.0,0.0,81.82,2.0,0.0,0.0,0.0,0.0,0.0,0.0,0.0,0.0,98.0,5.0,0.0,1.0,0.0,0.0,0.0,0.0,0.0,0.0,94.0,0.0,0.0,0.0,0.0,0.0,0.0,0.0,0.0,0.0,100.0,0.0,0.0,0.0,0.0,0.0,0.0,0.0,0.0,0.0,100.0,0.0,0.0,0.99,0.0,0.0,0.0,0.0,0.0,0.0,99.01,0.0,0.0,0.0,0.0,0.0,0.0,0.0,0.0,0.0,100.0,1.0,0.0,1.0,1.0,0.0,0.0,0.0,0.0,0.0,97.0
408,0.0,0.0,0.0,0.0,0.0,89.0,0.0,0.0,0.0,11.0,0.0,0.0,0.0,0.0,0.0,100.0,0.0,0.0,0.0,0.0,0.0,0.0,0.0,0.0,0.0,90.2,0.0,0.0,0.0,9.8,0.0,0.0,0.0,0.0,0.0,67.0,0.0,0.0,0.0,33.0,0.0,0.0,0.0,0.0,0.0,93.14,0.0,0.0,0.0,6.86,0.0,0.0,0.0,0.0,0.0,82.83,0.0,0.0,0.0,17.17,0.0,0.0,0.0,0.0,0.0,84.0,0.0,0.0,0.0,16.0,0.0,0.0,0.0,0.0,0.0,100.0,0.0,0.0,0.0,0.0,0.0,0.0,0.0,0.0,0.0,61.7,0.0,0.0,0.0,38.3,1.0,0.0,0.0,0.0,0.0,17.0,0.0,0.0,0.0,82.0,0.0,0.0,0.98,0.0,0.0,32.35,0.0,0.0,0.0,66.67,0.0,0.0,0.0,0.0,0.0,50.0,0.0,0.0,0.0,50.0,0.0,0.0,0.0,0.0,0.0,28.0,0.0,0.0,0.0,72.0,0.0,0.0,0.0,0.0,0.0,36.63,0.0,0.0,0.0,63.37,0.0,0.0,0.0,0.0,0.0,53.0,0.0,0.0,0.0,47.0,0.0,0.0,0.0,0.0,0.0,53.54,0.0,0.0,0.0,46.46,0.0,0.0,1.01,18.18,0.0,0.0,0.0,0.0,0.0,80.81,0.0,0.0,0.0,0.0,0.0,0.0,0.0,0.0,0.0,100.0,1.0,0.0,1.0,0.0,0.0,0.0,0.0,0.0,0.0,98.0,0.0,0.0,0.0,0.0,0.0,0.0,0.0,0.0,0.0,100.0,0.0,0.0,1.0,0.0,0.0,0.0,0.0,0.0,0.0,99.0,0.0,0.0,0.0,0.0,0.0,0.0,0.0,0.0,0.0,100.0,0.0,0.0,0.0,0.0,0.0,0.0,0.0,0.0,0.0,100.0,1.01,0.0,1.01,0.0,0.0,0.0,0.0,0.0,0.0,97.98
409,0.0,0.0,0.0,0.0,0.0,89.8,0.0,0.0,0.0,10.2,0.0,0.0,0.0,0.0,0.0,100.0,0.0,0.0,0.0,0.0,0.0,0.0,0.0,0.0,0.0,90.91,0.0,0.0,0.0,9.09,0.96,0.0,0.96,0.0,0.0,65.38,0.0,0.0,0.0,32.69,0.0,0.0,0.0,0.0,0.0,94.0,0.0,0.0,0.0,6.0,0.0,0.0,0.0,0.0,0.0,82.83,0.0,0.0,0.0,17.17,0.0,0.0,0.0,0.0,0.0,83.51,0.0,0.0,0.0,16.49,0.0,0.0,0.0,0.0,0.0,100.0,0.0,0.0,0.0,0.0,0.0,0.0,0.0,0.0,0.0,61.22,0.0,0.0,0.0,38.78,0.0,0.0,0.0,0.0,0.0,18.0,0.0,0.0,0.0,82.0,1.0,0.0,0.0,0.0,0.0,31.0,0.0,0.0,0.0,68.0,0.0,0.0,0.0,0.0,0.0,50.51,0.0,0.0,0.0,49.49,0.0,0.0,0.0,0.0,0.0,30.0,0.0,0.0,0.0,70.0,0.0,0.0,0.0,0.0,0.0,37.62,0.0,0.0,0.0,62.38,0.0,0.0,0.0,0.0,0.0,52.48,0.0,0.0,0.0,47.52,1.0,0.0,0.0,0.0,0.0,52.0,0.0,0.0,0.0,47.0,0.0,0.0,0.0,18.0,0.0,0.0,0.0,0.0,0.0,82.0,0.0,0.0,0.0,0.0,0.0,0.0,0.0,0.0,0.0,100.0,0.0,0.0,0.0,0.0,0.0,0.0,0.0,0.0,0.0,100.0,0.0,0.0,0.0,0.0,0.0,0.0,0.0,0.0,0.0,100.0,1.01,0.0,0.0,0.0,0.0,0.0,0.0,0.0,0.0,98.99,0.0,0.0,0.0,0.0,0.0,0.0,0.0,0.0,0.0,100.0,0.0,0.0,0.0,0.0,0.0,0.0,0.0,0.0,0.0,100.0,2.0,0.0,1.0,0.0,0.0,0.0,0.0,0.0,0.0,97.0
410,0.0,0.0,0.0,0.0,0.0,90.91,0.0,0.0,0.0,9.09,0.0,0.0,0.0,0.0,0.0,100.0,0.0,0.0,0.0,0.0,0.0,0.0,0.0,0.0,0.0,90.29,0.0,0.0,0.0,9.71,0.99,0.0,0.0,0.0,0.0,66.34,0.0,0.0,0.0,32.67,0.0,0.0,0.99,0.0,0.0,93.07,0.0,0.0,0.0,5.94,0.0,0.0,0.0,0.0,0.0,83.17,0.0,0.0,0.0,16.83,0.0,0.0,0.0,0.0,0.0,84.0,0.0,0.0,0.0,16.0,0.0,0.0,0.0,0.0,0.0,100.0,0.0,0.0,0.0,0.0,0.0,0.0,0.0,0.0,0.0,62.63,0.0,0.0,0.0,37.37,1.01,0.0,0.0,0.0,0.0,16.16,0.0,0.0,0.0,82.83,0.0,0.0,0.0,0.0,0.0,33.66,0.0,0.0,0.0,66.34,0.0,0.0,0.0,0.0,0.0,51.0,0.0,0.0,0.0,49.0,0.0,0.0,0.0,0.0,0.0,30.3,0.0,0.0,0.0,69.7,0.0,0.0,0.0,0.0,0.0,36.36,0.0,0.0,0.0,63.64,0.0,0.0,0.0,0.0,0.0,52.53,0.0,0.0,0.0,47.47,0.0,0.0,0.0,0.0,0.0,54.0,0.0,0.0,0.0,46.0,0.0,0.0,1.01,17.17,0.0,0.0,0.0,0.0,0.0,81.82,0.0,0.0,0.99,0.0,0.0,0.0,0.0,0.0,0.0,99.01,0.0,0.0,0.0,0.0,0.0,0.0,0.0,0.0,0.0,100.0,0.0,0.0,0.0,0.0,0.0,0.0,0.0,0.0,0.0,100.0,0.0,0.0,0.0,0.0,0.0,0.0,0.0,0.0,0.0,100.0,0.99,0.0,1.98,0.99,0.0,0.0,0.0,0.0,0.0,96.04,0.0,0.0,0.0,0.0,0.0,0.0,0.0,0.0,0.0,100.0,0.0,0.0,0.0,0.0,0.0,0.0,0.0,0.0,0.0,100.0
411,0.0,0.0,0.0,0.0,0.0,84.69,0.0,0.0,0.0,15.31,0.0,0.0,0.0,0.0,0.0,100.0,0.0,0.0,0.0,0.0,0.0,0.0,0.0,0.0,0.0,89.0,0.0,0.0,0.0,11.0,0.0,0.0,0.0,0.0,0.0,65.69,0.0,0.0,0.0,34.31,0.0,0.0,0.0,0.0,0.0,92.16,0.0,0.0,0.0,7.84,0.0,0.0,0.0,0.0,0.0,82.0,0.0,0.0,0.0,18.0,0.0,0.0,0.0,0.0,0.0,82.18,0.0,0.0,0.0,17.82,0.0,0.0,0.0,0.0,0.0,100.0,0.0,0.0,0.0,0.0,0.0,0.0,0.0,0.0,0.0,60.82,0.0,0.0,0.0,39.18,1.0,0.0,1.0,0.0,0.0,16.0,0.0,0.0,0.0,82.0,0.99,0.0,0.0,0.0,0.0,30.69,0.0,0.0,0.0,68.32,0.99,0.0,0.0,0.0,0.0,49.5,0.0,0.0,0.0,49.5,0.0,0.0,1.0,0.0,0.0,29.0,0.0,0.0,0.0,70.0,0.0,0.0,0.0,0.0,0.0,36.0,0.0,0.0,0.0,64.0,0.0,0.0,0.0,0.0,0.0,52.48,0.0,0.0,0.0,47.52,0.0,0.0,0.0,0.0,0.0,53.47,0.0,0.0,0.0,46.53,0.0,0.0,0.0,18.18,0.0,0.0,0.0,0.0,0.0,81.82,1.0,0.0,0.0,0.0,0.0,0.0,0.0,0.0,0.0,99.0,0.99,0.0,0.0,0.0,0.0,0.0,0.0,0.0,0.0,99.01,0.0,0.0,0.0,0.0,0.0,0.0,0.0,0.0,0.0,100.0,0.0,0.0,1.01,0.0,0.0,0.0,0.0,0.0,0.0,98.99,2.02,0.0,0.0,0.0,0.0,0.0,0.0,0.0,0.0,97.98,0.0,0.0,0.0,0.0,0.0,0.0,0.0,0.0,0.0,100.0,0.0,0.0,0.0,0.0,0.0,0.0,0.0,0.0,0.0,100.0
412,0.0,0.0,0.0,0.0,0.0,90.72,0.0,0.0,0.0,9.28,0.0,0.0,0.0,0.0,0.0,100.0,0.0,0.0,0.0,0.0,0.0,0.0,0.99,0.0,0.0,90.1,0.0,0.0,0.0,8.91,0.0,0.0,0.0,0.0,0.0,66.33,0.0,0.0,0.0,33.67,0.0,0.0,0.0,0.0,0.0,95.05,0.0,0.0,0.0,4.95,0.0,0.0,0.0,0.0,0.0,83.17,0.0,0.0,0.0,16.83,0.0,0.0,0.0,0.0,0.0,84.0,0.0,0.0,0.0,16.0,0.0,0.0,0.0,0.0,0.0,100.0,0.0,0.0,0.0,0.0,0.98,0.0,0.98,0.0,0.0,62.75,0.0,0.0,0.0,35.29,1.0,0.0,0.0,0.0,0.0,17.0,0.0,0.0,0.0,82.0,0.0,0.0,0.0,0.0,0.0,32.0,0.0,0.0,0.0,68.0,0.0,0.0,0.0,0.0,0.0,50.5,0.0,0.0,0.0,49.5,0.99,0.0,0.99,0.0,0.0,28.71,0.0,0.0,0.0,69.31,0.0,0.0,0.0,0.0,0.0,36.36,0.0,0.0,0.0,63.64,1.02,0.0,0.0,0.0,0.0,52.04,0.0,0.0,0.0,46.94,1.0,0.0,0.0,0.0,0.0,53.0,0.0,0.0,0.0,46.0,1.0,0.0,1.0,18.0,0.0,0.0,0.0,0.0,0.0,80.0,1.0,0.0,0.0,0.0,0.0,0.0,0.0,0.0,0.0,99.0,0.0,0.0,1.0,0.0,0.0,0.0,0.0,0.0,0.0,99.0,0.0,0.0,0.0,0.0,0.0,0.0,0.0,0.0,0.0,100.0,0.0,0.0,0.0,0.0,0.0,0.0,0.0,0.0,0.0,100.0,0.0,0.0,0.0,0.0,0.0,0.0,0.0,0.0,0.0,100.0,0.0,0.0,0.0,0.0,0.0,0.0,0.0,0.0,0.0,100.0,0.0,0.0,0.0,0.0,0.0,0.0,0.0,0.0,0.0,100.0
413,0.0,0.0,0.0,0.0,0.0,91.84,0.0,0.0,0.0,8.16,0.0,0.0,0.0,0.0,0.0,100.0,0.0,0.0,0.0,0.0,0.0,0.0,0.0,0.0,0.0,91.0,0.0,0.0,0.0,9.0,0.0,0.0,0.0,0.0,0.0,67.33,0.0,0.0,0.0,32.67,0.0,0.0,0.0,0.0,0.0,95.0,0.0,0.0,0.0,5.0,0.0,0.0,0.0,0.0,0.0,84.0,0.0,0.0,0.0,16.0,0.0,0.0,0.0,0.0,0.0,85.0,0.0,0.0,0.0,15.0,0.0,0.0,0.0,0.0,0.0,100.0,0.0,0.0,0.0,0.0,0.0,0.0,0.0,0.0,0.0,64.0,0.0,0.0,0.0,36.0,0.99,0.0,0.0,0.0,0.0,17.82,0.0,0.0,0.0,81.19,0.0,0.0,1.0,0.0,0.0,32.0,0.0,0.0,0.0,67.0,0.0,0.0,0.0,0.0,0.0,50.0,0.0,0.0,0.0,50.0,1.0,0.0,1.0,0.0,0.0,28.0,0.0,0.0,0.0,70.0,0.0,0.0,0.0,0.0,0.0,37.62,0.0,0.0,0.0,62.38,0.0,0.0,1.0,0.0,0.0,52.0,0.0,0.0,0.0,47.0,0.0,0.0,0.0,0.0,0.0,53.54,0.0,0.0,0.0,46.46,0.0,0.0,1.02,17.35,0.0,0.0,0.0,0.0,0.0,81.63,0.0,0.0,0.0,0.0,0.0,0.0,0.0,0.0,0.0,100.0,0.0,0.0,0.0,0.0,0.0,0.0,0.0,0.0,0.0,100.0,0.98,0.0,0.98,0.0,0.0,0.0,0.0,0.0,0.0,98.04,0.0,0.0,0.0,0.0,0.0,0.0,0.0,0.0,0.0,100.0,0.0,0.0,0.0,0.0,0.0,0.0,0.0,0.0,0.0,100.0,0.99,0.0,0.99,0.0,0.0,0.0,0.0,0.0,0.0,98.02,0.0,0.0,0.0,0.0,0.0,0.0,0.0,0.0,0.0,100.0
414,0.0,0.0,0.0,0.0,0.0,91.84,0.0,0.0,0.0,8.16,0.0,0.0,0.0,0.0,0.0,100.0,0.0,0.0,0.0,0.0,0.0,0.0,0.0,0.0,0.0,90.2,0.0,0.0,0.0,9.8,0.0,0.0,0.0,0.0,0.0,66.33,0.0,0.0,0.0,33.67,0.0,0.0,0.0,0.0,0.0,94.06,0.0,0.0,0.0,5.94,0.0,0.0,0.0,0.0,0.0,83.17,0.0,0.0,0.0,16.83,0.0,0.0,0.0,0.0,0.0,83.84,0.0,0.0,0.0,16.16,0.0,0.0,0.0,0.0,0.0,100.0,0.0,0.0,0.0,0.0,0.0,0.0,0.0,0.0,0.0,63.0,0.0,0.0,0.0,37.0,1.0,0.0,0.0,0.0,0.0,17.0,0.0,0.0,0.0,82.0,0.0,0.0,0.0,0.0,0.0,30.61,0.0,0.0,0.0,69.39,0.0,0.0,0.0,0.0,0.0,48.48,0.0,0.0,0.0,51.52,0.0,0.0,0.0,0.0,0.0,28.0,0.0,0.0,0.0,72.0,0.0,0.0,0.0,0.0,0.0,37.0,0.0,0.0,0.0,63.0,1.01,0.0,0.0,0.0,0.0,52.53,0.0,0.0,0.0,46.46,0.0,0.0,0.0,0.0,0.0,54.55,0.0,0.0,0.0,45.45,0.0,0.0,2.0,13.0,0.0,0.0,0.0,0.0,0.0,85.0,1.0,0.0,1.0,5.0,0.0,0.0,0.0,0.0,0.0,93.0,1.0,0.0,1.0,1.0,0.0,0.0,0.0,0.0,0.0,97.0,0.0,0.0,0.0,0.0,0.0,0.0,0.0,0.0,0.0,100.0,0.0,0.0,0.0,0.0,0.0,0.0,0.0,0.0,0.0,100.0,0.0,0.0,0.0,0.0,0.0,0.0,0.0,0.0,0.0,100.0,0.0,0.0,0.0,0.0,0.0,0.0,0.0,0.0,0.0,100.0,0.0,0.0,0.0,0.0,0.0,0.0,0.0,0.0,0.0,100.0
415,0.0,0.0,0.0,0.0,0.0,91.84,0.0,0.0,0.0,8.16,0.0,0.0,0.0,0.0,0.0,100.0,0.0,0.0,0.0,0.0,0.0,0.0,0.0,0.0,0.0,91.09,0.0,0.0,0.0,8.91,0.0,0.0,0.0,0.0,0.0,67.0,0.0,0.0,0.0,33.0,0.0,0.0,0.0,0.0,0.0,95.0,0.0,0.0,0.0,5.0,0.0,0.0,0.0,0.0,0.0,84.0,0.0,0.0,0.0,16.0,0.0,0.0,0.0,0.0,0.0,83.33,0.0,0.0,0.0,16.67,0.0,0.0,0.0,0.0,0.0,100.0,0.0,0.0,0.0,0.0,0.0,0.0,0.0,0.0,0.0,61.62,0.0,0.0,0.0,38.38,0.0,0.0,0.0,0.0,0.0,18.18,0.0,0.0,0.0,81.82,0.99,0.0,0.0,0.0,0.0,32.67,0.0,0.0,0.0,66.34,0.0,0.0,0.0,0.0,0.0,48.48,0.0,0.0,0.0,51.52,0.0,0.0,0.0,0.0,0.0,27.27,0.0,0.0,0.0,72.73,0.0,0.0,0.0,0.0,0.0,37.37,0.0,0.0,0.0,62.63,0.0,0.0,0.0,0.0,0.0,52.53,0.0,0.0,0.0,47.47,0.0,0.0,0.0,0.0,0.0,53.47,0.0,0.0,0.0,46.53,1.01,0.0,0.0,18.18,0.0,0.0,0.0,0.0,0.0,80.81,0.0,0.0,0.0,0.0,0.0,0.0,0.0,0.0,0.0,100.0,1.0,0.0,0.0,0.0,0.0,0.0,0.0,0.0,0.0,99.0,0.0,0.0,0.0,0.0,0.0,0.0,0.0,0.0,0.0,100.0,0.0,0.0,0.0,0.0,0.0,0.0,0.0,0.0,0.0,100.0,0.0,0.0,0.0,0.0,0.0,0.0,0.0,0.0,0.0,100.0,0.0,0.0,0.0,0.0,0.0,0.0,0.0,0.0,0.0,100.0,2.0,0.0,1.0,0.0,0.0,0.0,0.0,0.0,0.0,97.0
416,0.0,0.0,0.0,0.0,0.0,93.07,0.0,0.0,0.0,6.93,0.0,0.0,0.0,0.0,0.0,100.0,0.0,0.0,0.0,0.0,0.0,0.0,0.0,0.0,0.0,91.0,0.0,0.0,0.0,9.0,0.99,0.0,0.0,0.0,0.0,67.33,0.0,0.0,0.0,31.68,0.0,0.0,0.0,0.0,0.0,95.05,0.0,0.0,0.0,4.95,0.0,0.0,0.0,0.0,0.0,83.0,0.0,0.0,0.0,17.0,0.0,0.0,0.0,0.0,0.0,84.16,0.0,0.0,0.0,15.84,0.0,0.0,0.0,0.0,0.0,100.0,0.0,0.0,0.0,0.0,0.0,0.0,0.0,0.0,0.0,63.37,0.0,0.0,0.0,36.63,1.0,0.0,0.0,0.0,0.0,17.0,0.0,0.0,0.0,82.0,0.0,0.0,0.0,0.0,0.0,33.33,0.0,0.0,0.0,66.67,0.0,0.0,0.0,0.0,0.0,51.52,0.0,0.0,0.0,48.48,1.0,0.0,0.0,0.0,0.0,29.0,0.0,0.0,0.0,70.0,0.0,0.0,0.0,0.0,0.0,38.38,0.0,0.0,0.0,61.62,1.01,0.0,0.0,0.0,0.0,51.52,0.0,0.0,0.0,47.47,0.0,0.0,0.0,0.0,0.0,53.61,0.0,0.0,0.0,46.39,0.0,0.0,1.01,17.17,0.0,0.0,0.0,0.0,0.0,81.82,1.0,0.0,0.0,0.0,0.0,0.0,0.0,0.0,0.0,99.0,0.0,0.0,0.0,0.0,0.0,0.0,0.0,0.0,0.0,100.0,0.0,0.0,0.0,0.0,0.0,0.0,0.0,0.0,0.0,100.0,0.99,0.0,0.0,0.0,0.0,0.0,0.0,0.0,0.0,99.01,0.99,0.0,0.0,0.0,0.0,0.0,0.0,0.0,0.0,99.01,0.0,0.0,0.99,0.0,0.0,0.0,0.0,0.0,0.0,99.01,0.0,0.0,0.0,0.0,0.0,0.0,0.0,0.0,0.0,100.0
417,0.0,0.0,0.0,0.0,0.0,91.92,0.0,0.0,0.0,8.08,0.0,0.0,0.0,0.0,0.0,100.0,0.0,0.0,0.0,0.0,0.0,0.0,0.0,0.0,0.0,91.0,0.0,0.0,0.0,9.0,0.99,0.0,0.0,0.0,0.0,66.34,0.0,0.0,0.0,32.67,0.0,0.0,0.0,0.0,0.0,94.06,0.0,0.0,0.0,5.94,0.0,0.0,0.0,0.0,0.0,84.0,0.0,0.0,0.0,16.0,0.0,0.0,0.0,0.0,0.0,84.69,0.0,0.0,0.0,15.31,0.0,0.0,0.0,0.0,0.0,100.0,0.0,0.0,0.0,0.0,0.0,0.0,0.0,0.0,0.0,62.24,0.0,0.0,0.0,37.76,0.0,0.0,0.0,0.0,0.0,18.0,0.0,0.0,0.0,82.0,0.0,0.0,0.99,0.0,0.0,33.66,0.0,0.0,0.0,65.35,0.0,0.0,0.0,0.0,0.0,53.0,0.0,0.0,0.0,47.0,0.0,0.0,0.0,0.0,0.0,28.28,0.0,0.0,0.0,71.72,0.0,0.0,0.0,0.0,0.0,40.2,0.0,0.0,0.0,59.8,0.0,0.0,0.0,0.0,0.0,53.06,0.0,0.0,0.0,46.94,0.98,0.0,0.98,0.0,0.0,52.94,0.0,0.0,0.0,45.1,0.0,0.0,1.01,18.18,0.0,0.0,0.0,0.0,0.0,80.81,0.0,0.0,1.0,0.0,0.0,0.0,0.0,0.0,0.0,99.0,0.0,0.0,1.0,0.0,0.0,0.0,0.0,0.0,0.0,99.0,0.0,0.0,0.0,0.0,0.0,0.0,0.0,0.0,0.0,100.0,0.0,0.0,0.0,0.0,0.0,0.0,0.0,0.0,0.0,100.0,0.0,0.0,0.0,0.0,0.0,0.0,0.0,0.0,0.0,100.0,1.02,0.0,1.02,0.0,0.0,0.0,0.0,0.0,0.0,97.96,0.0,0.0,0.0,0.0,0.0,0.0,0.0,0.0,0.0,100.0
418,0.0,0.0,0.0,0.0,0.0,89.0,0.0,0.0,0.0,11.0,0.0,0.0,0.0,0.0,0.0,100.0,0.0,0.0,0.0,0.0,0.0,0.0,0.0,0.0,0.0,90.1,0.0,0.0,0.0,9.9,0.98,0.0,0.98,0.0,0.0,65.69,0.0,0.0,0.0,32.35,0.0,0.0,0.0,0.0,0.0,94.06,0.0,0.0,0.0,5.94,0.0,0.0,0.0,0.0,0.0,82.47,0.0,0.0,0.0,17.53,0.0,0.0,0.0,0.0,0.0,83.17,0.0,0.0,0.0,16.83,0.0,0.0,0.0,0.0,0.0,100.0,0.0,0.0,0.0,0.0,0.99,0.0,0.99,0.0,0.0,60.4,0.0,0.0,0.0,37.62,0.99,0.0,0.0,0.0,0.0,17.82,0.0,0.0,0.0,81.19,0.0,0.0,0.0,0.0,0.0,34.34,0.0,0.0,0.0,65.66,0.0,0.0,0.0,0.0,0.0,53.47,0.0,0.0,0.0,46.53,1.0,0.0,0.0,0.0,0.0,28.0,0.0,0.0,0.0,71.0,0.0,0.0,0.0,0.0,0.0,38.38,0.0,0.0,0.0,61.62,0.0,0.0,0.0,0.0,0.0,52.0,0.0,0.0,0.0,48.0,0.0,0.0,0.0,0.0,0.0,53.06,0.0,0.0,0.0,46.94,0.0,0.0,0.0,17.35,0.0,0.0,0.0,0.0,0.0,82.65,0.0,0.0,1.0,0.0,0.0,0.0,0.0,0.0,0.0,99.0,1.0,0.0,0.0,0.0,0.0,0.0,0.0,0.0,0.0,99.0,0.0,0.0,0.0,0.0,0.0,0.0,0.0,0.0,0.0,100.0,0.0,0.0,1.0,0.0,0.0,0.0,0.0,0.0,0.0,99.0,0.0,0.0,1.0,0.0,0.0,0.0,0.0,0.0,0.0,99.0,0.0,0.0,1.0,0.0,0.0,0.0,0.0,0.0,0.0,99.0,0.0,0.0,0.99,0.0,0.0,0.0,0.0,0.0,0.0,99.01
419,0.0,0.0,0.0,0.0,0.0,91.92,0.0,0.0,0.0,8.08,0.0,0.0,0.0,0.0,0.0,100.0,0.0,0.0,0.0,0.0,0.0,0.0,0.0,0.0,0.0,90.2,0.0,0.0,0.0,9.8,0.0,0.0,0.0,0.0,0.0,65.35,0.0,0.0,0.0,34.65,0.0,0.0,0.0,0.0,0.0,94.06,0.0,0.0,0.0,5.94,0.0,0.0,0.0,0.0,0.0,83.17,0.0,0.0,0.0,16.83,0.0,0.0,0.0,0.0,0.0,85.0,0.0,0.0,0.0,15.0,0.0,0.0,0.0,0.0,0.0,100.0,0.0,0.0,0.0,0.0,0.0,0.0,0.0,0.0,0.0,61.62,0.0,0.0,0.0,38.38,1.0,0.0,0.0,0.0,0.0,17.0,0.0,0.0,0.0,82.0,1.0,0.0,0.0,0.0,0.0,34.0,0.0,0.0,0.0,65.0,0.0,0.0,0.0,0.0,0.0,52.0,0.0,0.0,0.0,48.0,1.0,0.0,1.0,5.0,0.0,28.0,0.0,0.0,0.0,65.0,0.0,0.0,0.0,0.0,0.0,39.0,0.0,0.0,0.0,61.0,0.0,0.0,0.0,1.0,0.0,54.0,0.0,0.0,0.0,45.0,0.0,0.0,0.0,0.0,0.0,54.55,0.0,0.0,0.0,45.45,0.0,0.0,1.01,2.02,0.0,0.0,0.0,0.0,0.0,96.97,0.99,0.0,0.0,4.95,0.0,0.0,0.0,0.0,0.0,94.06,0.0,0.0,0.0,0.0,0.0,0.0,0.0,0.0,0.0,100.0,0.0,0.0,0.0,0.0,0.0,0.0,0.0,0.0,0.0,100.0,0.0,0.0,0.0,0.0,0.0,0.0,0.0,0.0,0.0,100.0,0.0,0.0,0.0,0.0,0.0,0.0,0.0,0.0,0.0,100.0,0.0,0.0,0.0,0.0,0.0,0.0,0.0,0.0,0.0,100.0,0.0,0.0,0.0,0.0,0.0,0.0,0.0,0.0,0.0,100.0
420,0.0,0.0,0.0,0.0,0.0,89.36,0.0,0.0,0.0,10.64,0.0,0.0,0.0,0.0,0.0,100.0,0.0,0.0,0.0,0.0,0.0,0.0,0.0,0.0,0.0,90.82,0.0,0.0,0.0,9.18,0.0,0.0,0.0,0.0,0.0,66.0,0.0,0.0,0.0,34.0,0.0,0.0,0.0,0.0,0.0,93.14,0.0,0.0,0.0,6.86,0.0,0.0,0.0,0.0,0.0,83.84,0.0,0.0,0.0,16.16,0.0,0.0,0.99,0.0,0.0,82.18,0.0,0.0,0.0,16.83,0.0,0.0,0.0,0.0,0.0,100.0,0.0,0.0,0.0,0.0,0.0,0.0,0.0,0.0,0.0,61.62,0.0,0.0,0.0,38.38,0.99,0.0,0.0,0.0,0.0,16.83,0.0,0.0,0.0,82.18,0.0,0.0,0.0,0.0,0.0,33.66,0.0,0.0,0.0,66.34,0.0,0.0,0.0,0.0,0.0,51.49,0.0,0.0,0.0,48.51,0.0,0.0,0.0,2.04,0.0,27.55,0.0,0.0,0.0,70.41,1.01,0.0,0.0,0.0,0.0,37.37,0.0,0.0,0.0,61.62,0.0,0.0,0.0,0.0,0.0,49.0,0.0,0.0,0.0,51.0,0.0,0.0,0.0,0.0,0.0,52.53,0.0,0.0,0.0,47.47,0.0,0.0,1.0,0.0,0.0,0.0,0.0,0.0,0.0,99.0,0.0,0.0,0.0,0.0,0.0,0.0,0.0,0.0,0.0,100.0,0.0,0.0,0.0,0.0,0.0,0.0,0.0,0.0,0.0,100.0,0.0,0.0,0.0,0.0,0.0,0.0,0.0,0.0,0.0,100.0,0.0,0.0,0.0,0.0,0.0,0.0,0.0,0.0,0.0,100.0,0.0,0.0,0.0,0.0,0.0,0.0,0.0,0.0,0.0,100.0,2.0,0.0,1.0,0.0,0.0,0.0,0.0,0.0,0.0,97.0,0.0,0.0,0.0,14.14,0.0,0.0,0.0,0.0,0.0,85.86
421,0.0,0.0,0.0,0.0,0.0,91.0,0.0,0.0,0.0,9.0,0.0,0.0,0.0,0.0,0.0,100.0,0.0,0.0,0.0,0.0,0.0,0.0,0.0,0.0,0.0,90.0,0.0,0.0,0.0,10.0,0.0,0.0,0.0,0.0,0.0,66.02,0.0,0.0,0.0,33.98,0.0,0.0,0.0,0.0,0.0,95.05,0.0,0.0,0.0,4.95,0.0,0.0,0.0,0.0,0.0,83.0,0.0,0.0,0.0,17.0,0.0,0.0,0.0,0.0,0.0,84.0,0.0,0.0,0.0,16.0,0.0,0.0,0.0,0.0,0.0,100.0,0.0,0.0,0.0,0.0,0.0,0.0,0.0,0.0,0.0,62.24,0.0,0.0,0.0,37.76,0.0,0.0,0.0,0.0,0.0,17.82,0.0,0.0,0.0,82.18,0.0,0.0,1.01,0.0,0.0,32.32,0.0,0.0,0.0,66.67,0.0,0.0,0.0,0.0,0.0,51.0,0.0,0.0,0.0,49.0,0.0,0.0,0.0,0.0,0.0,29.7,0.0,0.0,0.0,70.3,0.0,0.0,0.0,0.0,0.0,38.0,0.0,0.0,0.0,62.0,0.0,0.0,0.0,0.0,0.0,47.0,0.0,0.0,0.0,53.0,0.98,0.0,0.98,0.0,0.0,50.0,0.0,0.0,0.0,48.04,0.0,0.0,0.0,0.0,0.0,0.0,0.0,0.0,0.0,100.0,0.0,0.0,0.0,0.0,0.0,0.0,0.0,0.0,0.0,100.0,0.99,0.0,0.0,0.0,0.0,0.0,0.0,0.0,0.0,99.01,0.99,0.0,0.0,0.0,0.0,0.0,0.0,0.0,0.0,99.01,0.0,0.0,0.99,0.0,0.0,0.0,0.0,0.0,0.0,99.01,0.0,0.0,0.0,0.0,0.0,0.0,0.0,0.0,0.0,100.0,1.01,0.0,0.0,0.0,0.0,0.0,0.0,0.0,0.0,98.99,0.0,0.0,0.0,18.0,0.0,0.0,0.0,0.0,0.0,82.0
422,0.0,0.0,0.0,0.0,0.0,92.78,0.0,0.0,0.0,7.22,0.0,0.0,0.0,0.0,0.0,100.0,0.0,0.0,0.0,0.0,0.0,0.0,0.0,0.0,0.0,91.0,0.0,0.0,0.0,9.0,1.01,0.0,0.0,0.0,0.0,65.66,0.0,0.0,0.0,33.33,0.0,0.0,0.0,0.0,0.0,95.05,0.0,0.0,0.0,4.95,0.0,0.0,0.0,0.0,0.0,84.0,0.0,0.0,0.0,16.0,0.0,0.0,0.0,0.0,0.0,84.0,0.0,0.0,0.0,16.0,0.0,0.0,0.0,0.0,0.0,100.0,0.0,0.0,0.0,0.0,0.0,0.0,0.0,0.0,0.0,62.24,0.0,0.0,0.0,37.76,0.98,0.0,0.98,0.0,0.0,16.67,0.0,0.0,0.0,81.37,0.0,0.0,0.0,0.0,0.0,33.33,0.0,0.0,0.0,66.67,0.0,0.0,0.0,0.0,0.0,51.02,0.0,0.0,0.0,48.98,1.02,0.0,0.0,0.0,0.0,27.55,0.0,0.0,0.0,71.43,0.0,0.0,0.0,0.0,0.0,39.0,0.0,0.0,0.0,61.0,0.98,0.0,0.0,0.0,0.0,47.06,0.0,0.0,0.0,51.96,0.0,0.0,0.0,0.0,0.0,51.52,0.0,0.0,0.0,48.48,0.0,0.0,0.99,0.0,0.0,0.0,0.0,0.0,0.0,99.01,0.0,0.0,1.0,0.0,0.0,0.0,0.0,0.0,0.0,99.0,0.99,0.0,0.99,0.0,0.0,0.0,0.0,0.0,0.0,98.02,0.0,0.0,0.0,0.0,0.0,0.0,0.0,0.0,0.0,100.0,0.0,0.0,0.0,0.0,0.0,0.0,0.0,0.0,0.0,100.0,0.99,0.0,0.0,0.0,0.0,0.0,0.0,0.0,0.0,99.01,1.01,0.0,2.02,0.0,0.0,0.0,0.0,0.0,0.0,96.97,0.0,0.0,0.0,17.35,0.0,0.0,0.0,0.0,0.0,82.65
423,0.0,0.0,0.0,0.0,0.0,92.0,0.0,0.0,0.0,8.0,0.0,0.0,0.0,0.0,0.0,100.0,0.0,0.0,0.0,0.0,0.0,0.0,0.0,0.0,0.0,90.91,0.0,0.0,0.0,9.09,0.0,0.0,0.0,0.0,0.0,66.0,0.0,0.0,0.0,34.0,0.0,0.0,0.99,0.0,0.0,95.05,0.0,0.0,0.0,3.96,0.0,0.0,0.0,0.0,0.0,85.0,0.0,0.0,0.0,15.0,0.0,0.0,0.0,0.0,0.0,83.17,0.0,0.0,0.0,16.83,0.0,0.0,0.0,0.0,0.0,100.0,0.0,0.0,0.0,0.0,1.02,0.0,1.02,0.0,0.0,61.22,0.0,0.0,0.0,36.73,0.0,0.0,0.0,0.0,0.0,16.33,0.0,0.0,0.0,83.67,1.0,0.0,0.0,0.0,0.0,33.0,0.0,0.0,0.0,66.0,0.0,0.0,0.0,0.0,0.0,52.04,0.0,0.0,0.0,47.96,1.0,0.0,0.0,0.0,0.0,29.0,0.0,0.0,0.0,70.0,0.0,0.0,0.0,0.0,0.0,38.78,0.0,0.0,0.0,61.22,1.98,0.0,0.99,0.0,0.0,50.5,0.0,0.0,0.0,46.53,0.99,0.0,0.99,0.0,0.0,54.46,0.0,0.0,0.0,43.56,1.01,0.0,0.0,0.0,0.0,0.0,0.0,0.0,0.0,98.99,0.0,0.0,0.0,0.0,0.0,0.0,0.0,0.0,0.0,100.0,0.0,0.0,0.0,0.0,0.0,0.0,0.0,0.0,0.0,100.0,0.0,0.0,1.0,0.0,0.0,0.0,0.0,0.0,0.0,99.0,0.0,0.0,0.0,0.0,0.0,0.0,0.0,0.0,0.0,100.0,0.0,0.0,0.0,0.0,0.0,0.0,0.0,0.0,0.0,100.0,0.0,0.0,0.0,0.0,0.0,0.0,0.0,0.0,0.0,100.0,0.99,0.0,0.99,17.82,0.0,0.0,0.0,0.0,0.0,80.2
424,0.0,0.0,0.0,0.0,0.0,91.84,0.0,0.0,0.0,8.16,0.0,0.0,0.0,0.0,0.0,100.0,0.0,0.0,0.0,0.0,0.0,0.0,0.0,0.0,0.0,88.24,0.0,0.0,0.0,11.76,0.0,0.0,0.0,0.0,0.0,65.35,0.0,0.0,0.0,34.65,0.0,0.0,0.0,0.0,0.0,96.04,0.0,0.0,0.0,3.96,0.0,0.0,0.0,0.0,0.0,85.0,0.0,0.0,0.0,15.0,0.0,0.0,0.0,0.0,0.0,83.17,0.0,0.0,0.0,16.83,0.0,0.0,0.0,0.0,0.0,100.0,0.0,0.0,0.0,0.0,0.0,0.0,0.0,0.0,0.0,63.64,0.0,0.0,0.0,36.36,0.99,0.0,0.0,0.0,0.0,17.82,0.0,0.0,0.0,81.19,1.01,0.0,0.0,0.0,0.0,33.33,0.0,0.0,0.0,65.66,0.0,0.0,0.0,0.0,0.0,53.0,0.0,0.0,0.0,47.0,1.0,0.0,1.0,0.0,0.0,29.0,0.0,0.0,0.0,69.0,0.0,0.0,0.99,0.0,0.0,36.63,0.0,0.0,0.0,62.38,0.0,0.0,0.0,0.0,0.0,52.53,0.0,0.0,0.0,47.47,2.0,0.0,0.0,0.0,0.0,53.0,0.0,0.0,0.0,45.0,3.03,0.0,1.01,0.0,0.0,0.0,0.0,0.0,0.0,95.96,0.99,0.0,0.99,0.0,0.0,0.0,0.0,0.0,0.0,98.02,0.0,0.0,0.0,0.0,0.0,0.0,0.0,0.0,0.0,100.0,1.0,0.0,0.0,0.0,0.0,0.0,0.0,0.0,0.0,99.0,0.99,0.0,0.99,0.0,0.0,0.0,0.0,0.0,0.0,98.02,0.0,0.0,0.0,0.0,0.0,0.0,0.0,0.0,0.0,100.0,0.0,0.0,0.0,0.0,0.0,0.0,0.0,0.0,0.0,100.0,0.0,0.0,0.99,18.81,0.0,0.0,0.0,0.0,0.0,80.2
425,0.0,0.0,0.0,0.0,0.0,90.82,0.0,0.0,0.0,9.18,0.0,0.0,0.0,0.0,0.0,100.0,0.0,0.0,0.0,0.0,0.0,0.0,0.0,0.0,0.0,89.0,0.0,0.0,0.0,11.0,0.0,0.0,0.0,0.0,0.0,65.0,0.0,0.0,0.0,35.0,0.0,0.0,0.0,0.0,0.0,94.12,0.0,0.0,0.0,5.88,0.0,0.0,0.0,0.0,0.0,83.84,0.0,0.0,0.0,16.16,0.0,0.0,0.0,0.0,0.0,82.0,0.0,0.0,0.0,18.0,0.0,0.0,0.0,0.0,0.0,100.0,0.0,0.0,0.0,0.0,0.99,0.0,0.0,0.0,0.0,62.38,0.0,0.0,0.0,36.63,0.99,0.0,0.0,0.0,0.0,17.82,0.0,0.0,0.0,81.19,0.99,0.0,1.98,0.0,0.0,32.67,0.0,0.0,0.0,64.36,0.0,0.0,0.0,0.0,0.0,51.52,0.0,0.0,0.0,48.48,0.0,0.0,0.0,0.0,0.0,28.28,0.0,0.0,0.0,71.72,0.0,0.0,0.0,0.0,0.0,39.0,0.0,0.0,0.0,61.0,0.0,0.0,0.0,0.0,0.0,51.52,0.0,0.0,0.0,48.48,0.0,0.0,0.0,0.0,0.0,52.53,0.0,0.0,0.0,47.47,0.0,0.0,0.0,0.0,0.0,0.0,0.0,0.0,0.0,100.0,0.0,0.0,1.0,0.0,0.0,0.0,0.0,0.0,0.0,99.0,0.0,0.0,0.0,0.0,0.0,0.0,0.0,0.0,0.0,100.0,0.0,0.0,0.0,0.0,0.0,0.0,0.0,0.0,0.0,100.0,0.0,0.0,0.0,0.0,0.0,0.0,0.0,0.0,0.0,100.0,0.0,0.0,0.0,0.0,0.0,0.0,0.0,0.0,0.0,100.0,0.99,0.0,0.0,0.0,0.0,0.0,0.0,0.0,0.0,99.01,0.0,0.0,0.0,18.18,0.0,0.0,0.0,0.0,0.0,81.82
426,0.0,0.0,0.0,0.0,0.0,91.0,0.0,0.0,0.0,9.0,0.0,0.0,0.0,0.0,0.0,100.0,0.0,0.0,0.0,0.0,0.0,0.0,0.0,0.0,0.0,87.88,0.0,0.0,0.0,12.12,0.98,0.0,0.0,0.0,0.0,63.73,0.0,0.0,0.0,35.29,0.0,0.0,0.0,0.0,0.0,95.1,0.0,0.0,0.0,4.9,0.0,0.0,0.0,0.0,0.0,84.16,0.0,0.0,0.0,15.84,0.0,0.0,0.0,0.0,0.0,81.63,0.0,0.0,0.0,18.37,0.0,0.0,0.0,0.0,0.0,100.0,0.0,0.0,0.0,0.0,0.0,0.0,1.01,0.0,0.0,61.62,0.0,0.0,0.0,37.37,0.0,0.0,0.0,0.0,0.0,15.46,0.0,0.0,0.0,84.54,1.0,0.0,0.0,0.0,0.0,34.0,0.0,0.0,0.0,65.0,0.0,0.0,0.0,0.0,0.0,53.0,0.0,0.0,0.0,47.0,1.0,0.0,0.0,0.0,0.0,29.0,0.0,0.0,0.0,70.0,0.0,0.0,0.0,0.0,0.0,39.39,0.0,0.0,0.0,60.61,0.0,0.0,0.0,0.0,0.0,51.52,0.0,0.0,0.0,48.48,0.0,0.0,0.0,0.0,0.0,53.06,0.0,0.0,0.0,46.94,1.0,0.0,0.0,0.0,0.0,0.0,0.0,0.0,0.0,99.0,1.0,0.0,0.0,0.0,0.0,0.0,0.0,0.0,0.0,99.0,0.0,0.0,0.99,0.0,0.0,0.0,0.0,0.0,0.0,99.01,0.0,0.0,0.0,0.0,0.0,0.0,0.0,0.0,0.0,100.0,0.0,0.0,0.0,0.0,0.0,0.0,0.0,0.0,0.0,100.0,0.0,0.0,1.0,5.0,0.0,0.0,0.0,0.0,0.0,94.0,0.0,0.0,0.0,0.0,0.0,0.0,0.0,0.0,0.0,100.0,0.0,0.0,1.0,13.0,0.0,0.0,0.0,0.0,0.0,86.0
427,0.0,0.0,0.0,0.0,0.0,89.0,0.0,0.0,0.0,11.0,0.0,0.0,0.0,0.0,0.0,100.0,0.0,0.0,0.0,0.0,0.0,0.0,0.0,0.0,0.0,88.12,0.0,0.0,0.0,11.88,0.0,0.0,0.0,0.0,0.0,64.65,0.0,0.0,0.0,35.35,0.0,0.0,0.0,0.0,0.0,94.95,0.0,0.0,0.0,5.05,0.0,0.0,0.0,0.0,0.0,82.98,0.0,0.0,0.0,17.02,0.0,0.0,0.0,0.0,0.0,81.82,0.0,0.0,0.0,18.18,0.0,0.0,0.0,0.0,0.0,100.0,0.0,0.0,0.0,0.0,0.0,0.0,0.0,0.0,0.0,61.62,0.0,0.0,0.0,38.38,0.0,0.0,0.0,0.0,0.0,16.16,0.0,0.0,0.0,83.84,0.98,0.0,0.0,0.0,0.0,34.31,0.0,0.0,0.0,64.71,0.0,0.0,0.0,0.0,0.0,52.94,0.0,0.0,0.0,47.06,1.0,0.0,1.0,0.0,0.0,29.0,0.0,0.0,0.0,69.0,1.0,0.0,0.0,0.0,0.0,39.0,0.0,0.0,0.0,60.0,0.99,0.0,0.0,0.0,0.0,51.49,0.0,0.0,0.0,47.52,0.0,0.0,0.0,0.0,0.0,52.53,0.0,0.0,0.0,47.47,0.0,0.0,0.0,0.0,0.0,0.99,0.0,0.0,0.0,99.01,0.0,0.0,0.0,0.0,0.0,0.0,0.0,0.0,0.0,100.0,1.0,0.0,0.0,0.0,0.0,0.0,0.0,0.0,0.0,99.0,0.99,0.0,0.99,0.0,0.0,0.0,0.0,0.0,0.0,98.02,0.0,0.0,1.0,0.0,0.0,0.0,0.0,0.0,0.0,99.0,0.99,0.0,0.0,5.94,0.0,0.0,0.0,0.0,0.0,93.07,0.0,0.0,1.0,0.0,0.0,0.0,0.0,0.0,0.0,99.0,0.0,0.0,0.0,13.13,0.0,0.0,0.0,0.0,0.0,86.87
428,0.0,0.0,0.0,0.0,0.0,88.89,0.0,0.0,0.0,11.11,0.0,0.0,0.0,0.0,0.0,100.0,0.0,0.0,0.0,0.0,0.0,0.0,0.0,0.0,0.0,88.24,0.0,0.0,0.0,11.76,0.0,0.0,0.0,0.0,0.0,65.69,0.0,0.0,0.0,34.31,0.0,0.0,0.0,0.0,0.0,95.1,0.0,0.0,0.0,4.9,0.0,0.0,0.0,0.0,0.0,84.31,0.0,0.0,0.0,15.69,0.0,0.0,0.0,0.0,0.0,82.0,0.0,0.0,0.0,18.0,0.0,0.0,0.0,0.0,0.0,100.0,0.0,0.0,0.0,0.0,0.0,0.0,0.0,0.0,0.0,62.0,0.0,0.0,0.0,38.0,0.98,0.0,0.98,0.0,0.0,17.65,0.0,0.0,0.0,80.39,0.0,0.0,1.02,0.0,0.0,33.67,0.0,0.0,0.0,65.31,1.0,0.0,0.0,0.0,0.0,52.0,0.0,0.0,0.0,47.0,0.0,0.0,0.0,0.0,0.0,28.28,0.0,0.0,0.0,71.72,0.0,0.0,0.0,0.0,0.0,36.0,0.0,0.0,0.0,64.0,0.0,0.0,0.0,0.0,0.0,52.0,0.0,0.0,0.0,48.0,0.0,0.0,0.0,0.0,0.0,52.53,0.0,0.0,0.0,47.47,0.0,0.0,0.0,0.0,0.0,0.0,0.0,0.0,0.0,100.0,0.0,0.0,0.0,0.0,0.0,0.0,0.0,0.0,0.0,100.0,0.0,0.0,1.0,0.0,0.0,0.0,0.0,0.0,0.0,99.0,0.0,0.0,0.0,0.0,0.0,0.0,0.0,0.0,0.0,100.0,0.0,0.0,0.0,0.0,0.0,0.0,0.0,0.0,0.0,100.0,0.0,0.0,1.0,0.0,0.0,0.0,0.0,0.0,0.0,99.0,1.0,0.0,0.0,0.0,0.0,0.0,0.0,0.0,0.0,99.0,0.0,0.0,1.0,18.0,0.0,0.0,0.0,0.0,0.0,81.0
429,0.0,0.0,0.0,0.0,0.0,87.76,0.0,0.0,0.0,12.24,0.0,0.0,0.0,0.0,0.0,100.0,0.0,0.0,0.0,0.0,0.0,0.0,0.0,0.0,0.0,89.0,0.0,0.0,0.0,11.0,0.0,0.0,0.0,0.0,0.0,61.76,0.0,0.0,0.0,38.24,0.0,0.0,0.0,0.0,0.0,93.2,0.0,0.0,0.0,6.8,0.0,0.0,0.0,0.0,0.0,82.65,0.0,0.0,0.0,17.35,0.0,0.0,0.0,0.0,0.0,80.81,0.0,0.0,0.0,19.19,0.0,0.0,0.99,0.0,0.0,99.01,0.0,0.0,0.0,0.0,0.98,0.0,0.0,0.0,0.0,60.78,0.0,0.0,0.0,38.24,0.0,0.0,0.0,0.0,0.0,16.16,0.0,0.0,0.0,83.84,0.97,0.0,1.94,0.0,0.0,33.01,0.0,0.0,0.0,64.08,0.0,0.0,0.0,0.0,0.0,52.48,0.0,0.0,0.0,47.52,1.01,0.0,0.0,0.0,0.0,27.27,0.0,0.0,0.0,71.72,0.0,0.0,0.0,0.0,0.0,39.0,0.0,0.0,0.0,61.0,0.96,0.0,0.0,0.0,0.0,51.92,0.0,0.0,0.0,47.12,0.0,0.0,1.0,0.0,0.0,52.0,0.0,0.0,0.0,47.0,1.0,0.0,0.0,0.0,0.0,0.0,0.0,0.0,0.0,99.0,0.0,0.0,0.0,0.0,0.0,0.0,0.0,0.0,0.0,100.0,0.0,0.0,0.0,0.0,0.0,0.0,0.0,0.0,0.0,100.0,0.0,0.0,1.0,0.0,0.0,0.0,0.0,0.0,0.0,99.0,0.0,0.0,0.0,0.0,0.0,0.0,0.0,0.0,0.0,100.0,0.0,0.0,0.0,0.0,0.0,0.0,0.0,0.0,0.0,100.0,0.0,0.0,0.0,0.0,0.0,0.0,0.0,0.0,0.0,100.0,0.0,0.0,0.0,18.0,0.0,0.0,0.0,0.0,0.0,82.0
430,0.0,0.0,0.0,0.0,0.0,93.94,0.0,0.0,0.0,6.06,0.0,0.0,0.99,0.0,0.0,99.01,0.0,0.0,0.0,0.0,0.0,0.0,0.0,0.0,0.0,90.1,0.0,0.0,0.0,9.9,0.0,0.0,0.0,0.0,0.0,62.63,0.0,0.0,0.0,37.37,0.0,0.0,0.0,0.0,0.0,95.1,0.0,0.0,0.0,4.9,0.0,0.0,0.0,0.0,0.0,84.21,0.0,0.0,0.0,15.79,0.0,0.0,0.0,0.0,0.0,82.0,0.0,0.0,0.0,18.0,0.0,0.0,0.0,0.0,0.0,100.0,0.0,0.0,0.0,0.0,0.0,0.0,1.0,0.0,0.0,62.0,0.0,0.0,0.0,37.0,1.02,0.0,0.0,0.0,0.0,15.31,0.0,0.0,0.0,83.67,0.0,0.0,0.0,0.0,0.0,34.34,0.0,0.0,0.0,65.66,0.0,0.0,0.0,0.0,0.0,53.54,0.0,0.0,0.0,46.46,0.0,0.0,0.99,0.0,0.0,28.71,0.0,0.0,0.0,70.3,0.0,0.0,0.0,0.0,0.0,40.59,0.0,0.0,0.0,59.41,0.0,0.0,0.0,0.0,0.0,52.04,0.0,0.0,0.0,47.96,0.0,0.0,0.0,0.0,0.0,53.92,0.0,0.0,0.0,46.08,0.0,0.0,0.0,0.0,0.0,0.0,0.0,0.0,0.0,100.0,0.0,0.0,0.0,0.0,0.0,0.0,0.0,0.0,0.0,100.0,0.0,0.0,0.0,0.0,0.0,0.0,0.0,0.0,0.0,100.0,0.0,0.0,0.0,0.0,0.0,0.0,0.0,0.0,0.0,100.0,0.0,0.0,0.0,0.0,0.0,0.0,0.0,0.0,0.0,100.0,0.0,0.0,0.0,0.0,0.0,0.0,0.0,0.0,0.0,100.0,0.0,0.0,1.0,0.0,0.0,0.0,0.0,0.0,0.0,99.0,0.0,0.0,1.0,18.0,0.0,0.0,0.0,0.0,0.0,81.0
431,0.0,0.0,0.0,0.0,0.0,92.16,0.0,0.0,0.0,7.84,0.0,0.0,0.0,0.0,0.0,100.0,0.0,0.0,0.0,0.0,0.0,0.0,0.0,0.0,0.0,90.1,0.0,0.0,0.0,9.9,0.0,0.0,0.0,0.0,0.0,63.37,0.0,0.0,0.0,36.63,0.0,0.0,0.0,0.0,0.0,95.1,0.0,0.0,0.0,4.9,0.0,0.0,0.0,0.0,0.0,83.67,0.0,0.0,0.0,16.33,0.0,0.0,0.0,0.0,0.0,82.18,0.0,0.0,0.0,17.82,0.0,0.0,0.0,0.0,0.0,100.0,0.0,0.0,0.0,0.0,0.0,0.0,0.0,0.0,0.0,61.22,0.0,0.0,0.0,38.78,0.0,0.0,0.0,0.0,0.0,16.16,0.0,0.0,0.0,83.84,0.99,0.0,0.99,0.99,0.0,33.66,0.0,0.0,0.0,63.37,0.0,0.0,0.0,0.0,0.0,54.0,0.0,0.0,0.0,46.0,1.0,0.0,0.0,0.0,0.0,28.0,0.0,0.0,0.0,71.0,0.0,0.0,0.0,0.0,0.0,39.39,0.0,0.0,0.0,60.61,1.0,0.0,0.0,0.0,0.0,51.0,0.0,0.0,0.0,48.0,1.0,0.0,0.0,1.0,0.0,53.0,0.0,0.0,0.0,45.0,0.0,0.0,1.0,5.0,0.0,0.0,0.0,0.0,0.0,94.0,0.99,0.0,0.99,0.0,0.0,0.0,0.0,0.0,0.0,98.02,0.0,0.0,0.99,0.0,0.0,0.0,0.0,0.0,0.0,99.01,0.0,0.0,0.0,0.0,0.0,0.0,0.0,0.0,0.0,100.0,0.0,0.0,0.0,0.0,0.0,0.0,0.0,0.0,0.0,100.0,0.0,0.0,0.0,0.0,0.0,0.0,0.0,0.0,0.0,100.0,0.0,0.0,0.0,0.0,0.0,0.0,0.0,0.0,0.0,100.0,0.0,0.0,0.0,10.1,0.0,0.0,0.0,0.0,0.0,89.9
432,0.0,0.0,0.0,0.0,0.0,92.71,0.0,0.0,0.0,7.29,0.0,0.0,0.0,0.0,0.0,100.0,0.0,0.0,0.0,0.0,0.0,0.0,0.0,0.0,0.0,89.8,0.0,0.0,0.0,10.2,0.0,0.0,0.0,0.0,0.0,65.35,0.0,0.0,0.0,34.65,0.0,0.0,0.0,0.0,0.0,96.04,0.0,0.0,0.0,3.96,0.0,0.0,0.0,0.0,0.0,84.54,0.0,0.0,0.0,15.46,0.0,0.0,0.0,0.0,0.0,82.83,0.0,0.0,0.0,17.17,0.0,0.0,0.0,0.0,0.0,100.0,0.0,0.0,0.0,0.0,0.0,0.0,0.0,0.0,0.0,63.37,0.0,0.0,0.0,36.63,0.99,0.0,0.0,0.0,0.0,16.83,0.0,0.0,0.0,82.18,1.0,0.0,0.0,0.0,0.0,32.0,0.0,0.0,0.0,67.0,0.0,0.0,0.0,0.0,0.0,50.0,0.0,0.0,0.0,50.0,0.0,0.0,0.0,0.0,0.0,28.57,0.0,0.0,0.0,71.43,0.0,0.0,0.0,0.0,0.0,40.0,0.0,0.0,0.0,60.0,0.0,0.0,0.0,0.0,0.0,51.52,0.0,0.0,0.0,48.48,0.0,0.0,0.0,0.0,0.0,53.54,0.0,0.0,0.0,46.46,0.0,0.0,0.0,9.09,0.0,0.0,0.0,0.0,0.0,90.91,0.0,0.0,0.0,8.08,0.0,0.0,0.0,0.0,0.0,91.92,0.0,0.0,0.0,0.0,0.0,0.0,0.0,0.0,0.0,100.0,1.01,0.0,1.01,0.0,0.0,0.0,0.0,0.0,0.0,97.98,0.0,0.0,0.99,0.0,0.0,0.0,0.0,0.0,0.0,99.01,0.0,0.0,0.0,0.0,0.0,0.0,0.0,0.0,0.0,100.0,0.0,0.0,0.99,0.0,0.0,0.0,0.0,0.0,0.0,99.01,0.0,0.0,0.0,0.0,0.0,0.0,0.0,0.0,0.0,100.0
433,0.0,0.0,0.0,0.0,0.0,93.0,0.0,0.0,0.0,7.0,0.0,0.0,0.0,0.0,0.0,100.0,0.0,0.0,0.0,0.0,0.0,0.0,0.0,0.0,0.0,90.0,0.0,0.0,0.0,10.0,0.0,0.0,0.0,0.0,0.0,65.66,0.0,0.0,0.0,34.34,0.0,0.0,0.0,0.0,0.0,95.1,0.0,0.0,0.0,4.9,0.0,0.0,0.0,0.0,0.0,83.84,0.0,0.0,0.0,16.16,0.0,0.0,0.0,0.0,0.0,81.05,0.0,0.0,0.0,18.95,0.0,0.0,0.0,0.0,0.0,100.0,0.0,0.0,0.0,0.0,0.0,0.0,0.0,0.0,0.0,63.0,0.0,0.0,0.0,37.0,0.0,0.0,0.0,0.0,0.0,16.33,0.0,0.0,0.0,83.67,1.0,0.0,1.0,0.0,0.0,32.0,0.0,0.0,0.0,66.0,0.0,0.0,0.0,0.0,0.0,52.53,0.0,0.0,0.0,47.47,1.0,0.0,0.0,0.0,0.0,29.0,0.0,0.0,0.0,70.0,0.0,0.0,0.0,0.0,0.0,38.78,0.0,0.0,0.0,61.22,0.98,0.0,0.98,0.0,0.0,51.96,0.0,0.0,0.0,46.08,1.02,0.0,0.0,0.0,0.0,52.04,0.0,0.0,0.0,46.94,3.0,0.0,1.0,0.0,0.0,0.0,0.0,0.0,0.0,96.0,0.0,0.0,0.0,18.0,0.0,0.0,0.0,0.0,0.0,82.0,0.0,0.0,0.0,0.0,0.0,0.0,0.0,0.0,0.0,100.0,0.0,0.0,0.0,0.0,0.0,0.0,0.0,0.0,0.0,100.0,0.0,0.0,0.0,0.0,0.0,0.0,0.0,0.0,0.0,100.0,0.0,0.0,1.0,0.0,0.0,0.0,0.0,0.0,0.0,99.0,0.0,0.0,0.0,0.0,0.0,0.0,0.0,0.0,0.0,100.0,0.99,0.0,0.0,0.0,0.0,0.0,0.0,0.0,0.0,99.01
434,0.0,0.0,0.0,0.0,0.0,90.82,0.0,0.0,0.0,9.18,0.0,0.0,0.0,0.0,0.0,100.0,0.0,0.0,0.0,0.0,0.0,0.0,0.0,0.0,0.0,88.12,0.0,0.0,0.0,11.88,0.0,0.0,1.0,0.0,0.0,64.0,0.0,0.0,0.0,35.0,0.0,0.0,0.0,0.0,0.0,94.12,0.0,0.0,0.0,5.88,0.0,0.0,0.0,0.0,0.0,83.51,0.0,0.0,0.0,16.49,0.0,0.0,0.0,0.0,0.0,81.91,0.0,0.0,0.0,18.09,0.0,0.0,0.0,0.0,0.0,100.0,0.0,0.0,0.0,0.0,0.0,0.0,0.0,0.0,0.0,62.63,0.0,0.0,0.0,37.37,0.98,0.0,0.98,0.0,0.0,16.67,0.0,0.0,0.0,81.37,1.0,0.0,0.0,0.0,0.0,33.0,0.0,0.0,0.0,66.0,0.0,0.0,0.0,0.0,0.0,45.98,0.0,0.0,0.0,54.02,0.0,0.0,1.0,0.0,0.0,29.0,0.0,0.0,0.0,70.0,0.0,0.0,0.0,0.0,0.0,39.6,0.0,0.0,0.0,60.4,0.0,0.0,0.0,1.01,0.0,51.52,0.0,0.0,0.0,47.47,0.0,0.0,0.99,0.0,0.0,54.46,0.0,0.0,0.0,44.55,0.0,0.0,1.01,2.02,0.0,0.0,0.0,0.0,0.0,96.97,1.01,0.0,0.0,13.13,0.0,0.0,0.0,0.0,0.0,85.86,0.0,0.0,0.0,0.0,0.0,0.0,0.0,0.0,0.0,100.0,0.0,0.0,0.0,0.0,0.0,0.0,0.0,0.0,0.0,100.0,0.99,0.0,0.0,0.0,0.0,0.0,0.0,0.0,0.0,99.01,0.0,0.0,0.0,0.0,0.0,0.0,0.0,0.0,0.0,100.0,0.0,0.0,0.0,0.0,0.0,0.0,0.0,0.0,0.0,100.0,0.0,0.0,0.0,0.0,0.0,0.0,0.0,0.0,0.0,100.0
435,0.0,0.0,0.0,0.0,0.0,87.0,0.0,0.0,0.0,13.0,0.0,0.0,0.0,0.0,0.0,100.0,0.0,0.0,0.0,0.0,0.0,0.0,0.0,0.0,0.0,88.12,0.0,0.0,0.0,11.88,0.0,0.0,0.0,0.0,0.0,63.64,0.0,0.0,0.0,36.36,0.0,0.0,0.0,0.0,0.0,94.06,0.0,0.0,0.0,5.94,0.0,0.0,0.0,0.0,0.0,82.65,0.0,0.0,0.0,17.35,0.0,0.0,0.0,0.0,0.0,71.64,0.0,0.0,0.0,28.36,0.0,0.0,0.0,0.0,0.0,100.0,0.0,0.0,0.0,0.0,0.0,0.0,0.0,0.0,0.0,59.79,0.0,0.0,0.0,40.21,1.0,0.0,0.0,0.0,0.0,16.0,0.0,0.0,0.0,83.0,0.0,0.0,0.99,0.0,0.0,31.68,0.0,0.0,0.0,67.33,0.0,0.0,0.0,0.0,0.0,50.51,0.0,0.0,0.0,49.49,1.0,0.0,0.0,0.0,0.0,28.0,0.0,0.0,0.0,71.0,0.0,0.0,0.0,0.0,0.0,38.38,0.0,0.0,0.0,61.62,0.0,0.0,1.01,0.0,0.0,50.51,0.0,0.0,0.0,48.48,0.0,0.0,0.0,0.0,0.0,43.21,0.0,0.0,0.0,56.79,1.0,0.0,0.0,12.0,0.0,0.0,0.0,0.0,0.0,87.0,0.0,0.0,0.99,5.94,0.0,0.0,0.0,0.0,0.0,93.07,0.0,0.0,0.0,0.0,0.0,0.0,0.0,0.0,0.0,100.0,0.0,0.0,0.0,0.0,0.0,0.0,0.0,0.0,0.0,100.0,0.0,0.0,0.0,0.0,0.0,0.0,0.0,0.0,0.0,100.0,0.0,0.0,0.0,0.0,0.0,0.0,0.0,0.0,0.0,100.0,0.0,0.0,0.0,0.0,0.0,0.0,0.0,0.0,0.0,100.0,0.0,0.0,0.0,0.0,0.0,0.0,0.0,0.0,0.0,100.0
436,0.0,0.0,0.0,0.0,0.0,87.76,0.0,0.0,0.0,12.24,0.0,0.0,0.0,0.0,0.0,100.0,0.0,0.0,0.0,0.0,0.0,0.0,0.0,0.0,0.0,89.11,0.0,0.0,0.0,10.89,0.0,0.0,0.0,0.0,0.0,65.0,0.0,0.0,0.0,35.0,0.0,0.0,0.0,0.0,0.0,94.0,0.0,0.0,0.0,6.0,0.0,0.0,0.0,0.0,0.0,82.47,0.0,0.0,0.0,17.53,0.0,0.0,0.0,0.0,0.0,81.25,0.0,0.0,0.0,18.75,0.0,0.0,0.0,0.0,0.0,100.0,0.0,0.0,0.0,0.0,0.0,0.0,0.0,0.0,0.0,61.0,0.0,0.0,0.0,39.0,1.01,0.0,0.0,0.0,0.0,15.15,0.0,0.0,0.0,83.84,0.0,0.0,0.0,0.0,0.0,31.68,0.0,0.0,0.0,68.32,0.0,0.0,0.0,0.0,0.0,50.5,0.0,0.0,0.0,49.5,1.0,0.0,0.0,0.0,0.0,29.0,0.0,0.0,0.0,70.0,0.0,0.0,0.0,0.0,0.0,39.0,0.0,0.0,0.0,61.0,1.01,0.0,0.0,0.0,0.0,51.52,0.0,0.0,0.0,47.47,1.01,0.0,0.0,0.0,0.0,52.53,0.0,0.0,0.0,46.46,0.0,0.0,1.01,0.0,0.0,0.0,0.0,0.0,0.0,98.99,0.0,0.0,0.0,17.35,0.0,0.0,0.0,0.0,0.0,82.65,0.99,0.0,0.99,0.0,0.0,0.0,0.0,0.0,0.0,98.02,0.0,0.0,0.0,0.0,0.0,0.0,0.0,0.0,0.0,100.0,0.0,0.0,0.99,0.0,0.0,0.0,0.0,0.0,0.0,99.01,0.0,0.0,0.0,0.0,0.0,0.0,0.0,0.0,0.0,100.0,0.0,0.0,1.0,0.0,0.0,0.0,0.0,0.0,0.0,99.0,0.0,0.0,0.0,0.0,0.0,0.0,0.0,0.0,0.0,100.0
437,0.0,0.0,0.0,0.0,0.0,93.0,0.0,0.0,0.0,7.0,0.0,0.0,0.0,0.0,0.0,100.0,0.0,0.0,0.0,0.0,0.0,0.0,0.0,0.0,0.0,90.0,0.0,0.0,0.0,10.0,1.0,0.0,0.0,0.0,0.0,65.0,0.0,0.0,0.0,34.0,0.0,0.0,0.0,0.0,0.0,96.08,0.0,0.0,0.0,3.92,0.0,0.0,0.0,0.0,0.0,84.85,0.0,0.0,0.0,15.15,0.0,0.0,0.0,0.0,0.0,81.32,0.0,0.0,0.0,18.68,0.0,0.0,0.0,0.0,0.0,100.0,0.0,0.0,0.0,0.0,0.0,0.0,0.0,0.0,0.0,61.46,0.0,0.0,0.0,38.54,0.99,0.0,0.0,0.0,0.0,15.84,0.0,0.0,0.0,83.17,0.0,0.0,0.0,0.0,0.0,31.31,0.0,0.0,0.0,68.69,0.0,0.0,0.0,0.0,0.0,50.0,0.0,0.0,0.0,50.0,0.0,0.0,0.0,0.0,0.0,30.0,0.0,0.0,0.0,70.0,0.0,0.0,0.0,0.0,0.0,39.39,0.0,0.0,0.0,60.61,1.01,0.0,0.0,0.0,0.0,43.43,0.0,0.0,0.0,55.56,0.0,0.0,0.0,0.0,0.0,48.48,0.0,0.0,0.0,51.52,0.0,0.0,0.0,0.0,0.0,0.0,0.0,0.0,0.0,100.0,0.0,0.0,1.0,7.0,0.0,0.0,0.0,0.0,0.0,92.0,0.0,0.0,1.01,10.1,0.0,0.0,0.0,0.0,0.0,88.89,0.99,0.0,0.0,0.0,0.0,0.0,0.0,0.0,0.0,99.01,0.0,0.0,0.0,0.0,0.0,0.0,0.0,0.0,0.0,100.0,0.99,0.0,0.0,0.0,0.0,0.0,0.0,0.0,0.0,99.01,0.0,0.0,0.0,0.0,0.0,0.0,0.0,0.0,0.0,100.0,0.0,0.0,0.0,0.0,0.0,0.0,0.0,0.0,0.0,100.0
438,0.0,0.0,0.99,0.0,0.0,88.12,0.0,0.0,0.0,10.89,0.0,0.0,0.0,0.0,0.0,100.0,0.0,0.0,0.0,0.0,0.0,0.0,0.0,0.0,0.0,88.89,0.0,0.0,0.0,11.11,0.0,0.0,0.0,0.0,0.0,64.65,0.0,0.0,0.0,35.35,0.0,0.0,0.0,0.0,0.0,95.0,0.0,0.0,0.0,5.0,0.0,0.0,0.0,0.0,0.0,83.0,0.0,0.0,0.0,17.0,0.0,0.0,0.0,0.0,0.0,79.57,0.0,0.0,0.0,20.43,0.0,0.0,0.0,0.0,0.0,100.0,0.0,0.0,0.0,0.0,0.0,0.0,0.0,0.0,0.0,60.61,0.0,0.0,0.0,39.39,1.0,0.0,1.0,0.0,0.0,15.0,0.0,0.0,0.0,83.0,0.99,0.0,0.99,0.0,0.0,30.69,0.0,0.0,0.0,67.33,0.0,0.0,0.0,0.0,0.0,47.47,0.0,0.0,0.0,52.53,0.0,0.0,0.0,0.0,0.0,27.55,0.0,0.0,0.0,72.45,0.0,0.0,0.0,0.0,0.0,38.38,0.0,0.0,0.0,61.62,1.0,0.0,1.0,0.0,0.0,42.0,0.0,0.0,0.0,56.0,0.0,0.0,0.0,0.0,0.0,45.54,0.0,0.0,0.0,54.46,1.0,0.0,0.0,0.0,0.0,0.0,0.0,0.0,0.0,99.0,0.0,0.0,0.0,0.0,0.0,0.0,0.0,0.0,0.0,100.0,0.0,0.0,0.0,18.0,0.0,0.0,0.0,0.0,0.0,82.0,0.0,0.0,0.0,0.0,0.0,0.0,0.0,0.0,0.0,100.0,0.0,0.0,0.0,0.0,0.0,0.0,0.0,0.0,0.0,100.0,0.0,0.0,0.0,0.0,0.0,0.0,0.0,0.0,0.0,100.0,0.0,0.0,0.0,0.0,0.0,0.0,0.0,0.0,0.0,100.0,0.0,0.0,0.99,0.0,0.0,0.0,0.0,0.0,0.0,99.01
439,0.0,0.0,0.0,0.0,0.0,88.89,0.0,0.0,0.0,11.11,0.0,0.0,0.0,0.0,0.0,100.0,0.0,0.0,0.0,0.0,0.0,0.0,0.0,0.0,0.0,89.22,0.0,0.0,0.0,10.78,0.0,0.0,0.0,0.0,0.0,65.35,0.0,0.0,0.0,34.65,0.0,0.0,0.0,0.0,0.0,94.12,0.0,0.0,0.0,5.88,0.0,0.0,0.0,0.0,0.0,84.0,0.0,0.0,0.0,16.0,0.0,0.0,0.0,0.0,0.0,80.41,0.0,0.0,0.0,19.59,0.0,0.0,0.0,0.0,0.0,100.0,0.0,0.0,0.0,0.0,0.0,0.0,0.0,0.0,0.0,63.0,0.0,0.0,0.0,37.0,0.0,0.0,0.0,0.0,0.0,15.15,0.0,0.0,0.0,84.85,0.0,0.0,1.0,0.0,0.0,31.0,0.0,0.0,0.0,68.0,0.0,0.0,0.0,0.0,0.0,52.94,0.0,0.0,0.0,47.06,0.0,0.0,0.0,0.0,0.0,28.71,0.0,0.0,0.0,71.29,0.0,0.0,0.0,0.0,0.0,39.0,0.0,0.0,0.0,61.0,0.0,0.0,0.0,0.0,0.0,41.58,0.0,0.0,0.0,58.42,0.0,0.0,0.0,0.0,0.0,43.88,0.0,0.0,0.0,56.12,0.0,0.0,0.0,0.0,0.0,0.0,0.0,0.0,0.0,100.0,0.0,0.0,0.0,0.0,0.0,0.0,0.0,0.0,0.0,100.0,0.0,0.0,1.01,17.17,0.0,0.0,0.0,0.0,0.0,81.82,0.0,0.0,0.0,0.0,0.0,0.0,0.0,0.0,0.0,100.0,0.0,0.0,0.0,0.0,0.0,0.0,0.0,0.0,0.0,100.0,1.0,0.0,2.0,0.0,0.0,0.0,0.0,0.0,0.0,97.0,0.0,0.0,0.0,0.0,0.0,0.0,0.0,0.0,0.0,100.0,0.0,0.0,0.0,0.0,0.0,0.0,0.0,0.0,0.0,100.0
440,0.0,0.0,0.0,0.0,0.0,90.1,0.0,0.0,0.0,9.9,0.0,0.0,0.0,0.0,0.0,100.0,0.0,0.0,0.0,0.0,0.97,0.0,0.97,0.0,0.0,88.35,0.0,0.0,0.0,9.71,0.0,0.0,0.0,0.0,0.0,63.16,0.0,0.0,0.0,36.84,0.0,0.0,0.0,0.0,0.0,96.04,0.0,0.0,0.0,3.96,0.0,0.0,0.0,0.0,0.0,84.16,0.0,0.0,0.0,15.84,0.0,0.0,0.0,0.0,0.0,80.22,0.0,0.0,0.0,19.78,0.0,0.0,0.0,0.0,0.0,100.0,0.0,0.0,0.0,0.0,0.99,0.0,0.0,0.0,0.0,62.38,0.0,0.0,0.0,36.63,1.01,0.0,0.0,0.0,0.0,16.16,0.0,0.0,0.0,82.83,0.0,0.0,0.0,0.0,0.0,34.0,0.0,0.0,0.0,66.0,0.0,0.0,0.0,0.0,0.0,52.53,0.0,0.0,0.0,47.47,0.0,0.0,1.0,0.0,0.0,28.0,0.0,0.0,0.0,71.0,0.0,0.0,0.0,0.0,0.0,37.37,0.0,0.0,0.0,62.63,0.0,0.0,0.0,0.0,0.0,43.0,0.0,0.0,0.0,57.0,0.98,0.0,0.0,0.0,0.0,46.08,0.0,0.0,0.0,52.94,0.0,0.0,0.0,0.0,0.0,0.0,0.0,0.0,0.0,100.0,1.0,0.0,0.0,0.0,0.0,0.0,0.0,0.0,0.0,99.0,0.98,0.0,0.98,18.63,0.0,0.0,0.0,0.0,0.0,79.41,0.0,0.0,0.0,0.0,0.0,0.0,0.0,0.0,0.0,100.0,0.0,0.0,0.0,0.0,0.0,0.0,0.0,0.0,0.0,100.0,0.0,0.0,1.01,0.0,0.0,0.0,0.0,0.0,0.0,98.99,0.0,0.0,0.0,0.0,0.0,0.0,0.0,0.0,0.0,100.0,0.0,0.0,0.0,0.0,0.0,0.0,0.0,0.0,0.0,100.0
441,0.0,0.0,0.0,0.0,0.0,89.22,0.0,0.0,0.0,10.78,0.0,0.0,0.0,0.0,0.0,100.0,0.0,0.0,0.0,0.0,0.0,0.0,0.0,0.0,0.0,89.11,0.0,0.0,0.0,10.89,0.0,0.0,0.0,0.0,0.0,64.65,0.0,0.0,0.0,35.35,0.0,0.0,0.97,0.0,0.0,93.2,0.0,0.0,0.0,5.83,0.0,0.0,0.0,0.0,0.0,84.0,0.0,0.0,0.0,16.0,0.0,0.0,0.0,0.0,0.0,77.5,0.0,0.0,0.0,22.5,0.0,0.0,0.0,0.0,0.0,100.0,0.0,0.0,0.0,0.0,0.0,0.0,0.0,0.0,0.0,62.24,0.0,0.0,0.0,37.76,1.0,0.0,1.0,0.0,0.0,15.0,0.0,0.0,0.0,83.0,0.0,0.0,0.0,1.01,0.0,31.31,0.0,0.0,0.0,67.68,0.0,0.0,0.0,0.0,0.0,48.48,0.0,0.0,0.0,51.52,1.01,0.0,0.0,6.06,0.0,27.27,0.0,0.0,0.0,65.66,0.0,0.0,0.0,0.0,0.0,35.35,0.0,0.0,0.0,64.65,0.0,0.0,0.0,0.0,0.0,41.58,0.0,0.0,0.0,58.42,0.0,0.0,0.0,0.0,0.0,46.0,0.0,0.0,0.0,54.0,0.0,0.0,0.0,0.0,0.0,0.0,0.0,0.0,0.0,100.0,0.0,0.0,0.0,0.0,0.0,0.0,0.0,0.0,0.0,100.0,0.0,0.0,0.0,11.22,0.0,0.0,0.0,0.0,0.0,88.78,0.0,0.0,1.0,0.0,0.0,0.0,0.0,0.0,0.0,99.0,0.0,0.0,0.0,0.0,0.0,0.0,0.0,0.0,0.0,100.0,0.0,0.0,0.0,0.0,0.0,0.0,0.0,0.0,0.0,100.0,0.0,0.0,0.0,0.0,0.0,0.0,0.0,0.0,0.0,100.0,0.0,0.0,0.0,0.0,0.0,0.0,0.0,0.0,0.0,100.0
442,0.0,0.0,0.0,0.0,0.0,90.0,0.0,0.0,0.0,10.0,0.0,0.0,0.0,0.0,0.0,100.0,0.0,0.0,0.0,0.0,0.0,0.0,0.0,0.0,0.0,89.22,0.0,0.0,0.0,10.78,0.0,0.0,0.0,0.0,0.0,64.95,0.0,0.0,0.0,35.05,0.0,0.0,0.0,0.0,0.0,95.1,0.0,0.0,0.0,4.9,0.0,0.0,0.0,0.0,0.0,84.0,0.0,0.0,0.0,16.0,0.0,0.0,0.0,0.0,0.0,77.22,0.0,0.0,0.0,22.78,0.0,0.0,0.0,0.0,0.0,100.0,0.0,0.0,0.0,0.0,0.0,0.0,1.03,0.0,0.0,61.86,0.0,0.0,0.0,37.11,0.0,0.0,1.01,0.0,0.0,15.15,0.0,0.0,0.0,83.84,0.0,0.0,0.0,2.02,0.0,32.32,0.0,0.0,0.0,65.66,0.0,0.0,0.0,0.0,0.0,48.0,0.0,0.0,0.0,52.0,0.0,0.0,0.0,11.0,0.0,29.0,0.0,0.0,0.0,60.0,0.98,0.0,0.0,0.0,0.0,35.29,0.0,0.0,0.0,63.73,0.0,0.0,0.0,0.0,0.0,41.84,0.0,0.0,0.0,58.16,0.0,0.0,0.0,0.0,0.0,46.0,0.0,0.0,0.0,54.0,0.0,0.0,0.0,0.0,0.0,0.0,0.0,0.0,0.0,100.0,0.0,0.0,0.0,0.0,0.0,0.0,0.0,0.0,0.0,100.0,1.01,0.0,0.0,0.0,0.0,0.0,0.0,0.0,0.0,98.99,1.01,0.0,0.0,0.0,0.0,0.0,0.0,0.0,0.0,98.99,0.0,0.0,0.99,0.0,0.0,0.0,0.0,0.0,0.0,99.01,0.0,0.0,1.0,0.0,0.0,0.0,0.0,0.0,0.0,99.0,0.0,0.0,0.0,0.0,0.0,0.0,0.0,0.0,0.0,100.0,0.0,0.0,0.0,0.0,0.0,0.0,0.0,0.0,0.0,100.0
443,0.0,0.0,0.0,0.0,0.0,86.87,0.0,0.0,0.0,13.13,0.0,0.0,0.0,0.0,0.0,100.0,0.0,0.0,0.0,0.0,0.0,0.0,0.0,0.0,0.0,89.0,0.0,0.0,0.0,11.0,0.0,0.0,0.0,0.0,0.0,64.36,0.0,0.0,0.0,35.64,0.0,0.0,0.0,0.0,0.0,92.16,0.0,0.0,0.0,7.84,0.0,0.0,0.0,0.0,0.0,82.18,0.0,0.0,0.0,17.82,1.03,0.0,0.0,0.0,0.0,79.38,0.0,0.0,0.0,19.59,0.0,0.0,0.0,0.0,0.0,100.0,0.0,0.0,0.0,0.0,0.0,0.0,0.0,0.0,0.0,61.22,0.0,0.0,0.0,38.78,1.0,0.0,0.0,0.0,0.0,15.0,0.0,0.0,0.0,84.0,0.99,0.0,0.0,0.0,0.0,31.68,0.0,0.0,0.0,67.33,0.0,0.0,0.0,0.0,0.0,45.45,0.0,0.0,0.0,54.55,1.0,0.0,0.0,5.0,0.0,29.0,0.0,0.0,0.0,65.0,0.0,0.0,0.0,0.0,0.0,35.35,0.0,0.0,0.0,64.65,0.0,0.0,0.0,0.0,0.0,42.0,0.0,0.0,0.0,58.0,0.0,0.0,0.0,0.0,0.0,44.9,0.0,0.0,0.0,55.1,0.99,0.0,0.99,10.89,0.0,0.0,0.0,0.0,0.0,87.13,0.0,0.0,0.0,0.0,0.0,0.0,0.0,0.0,0.0,100.0,0.0,0.0,1.0,0.0,0.0,0.0,0.0,0.0,0.0,99.0,1.0,0.0,1.0,0.0,0.0,0.0,0.0,0.0,0.0,98.0,0.0,0.0,0.0,0.0,0.0,0.0,0.0,0.0,0.0,100.0,0.0,0.0,0.0,0.0,0.0,0.0,0.0,0.0,0.0,100.0,0.99,0.0,0.99,0.0,0.0,0.0,0.0,0.0,0.0,98.02,0.0,0.0,0.0,0.0,0.0,0.0,0.0,0.0,0.0,100.0
444,0.0,0.0,0.0,0.0,0.0,91.84,0.0,0.0,0.0,8.16,0.0,0.0,0.0,0.0,0.0,100.0,0.0,0.0,0.0,0.0,0.0,0.0,0.0,0.0,0.0,89.11,0.0,0.0,0.0,10.89,0.0,0.0,0.0,0.0,0.0,64.65,0.0,0.0,0.0,35.35,0.0,0.0,0.0,0.0,0.0,95.1,0.0,0.0,0.0,4.9,0.0,0.0,0.0,0.0,0.0,84.31,0.0,0.0,0.0,15.69,0.0,0.0,0.0,0.0,0.0,81.05,0.0,0.0,0.0,18.95,0.0,0.0,0.0,0.0,0.0,100.0,0.0,0.0,0.0,0.0,0.0,0.0,0.0,0.0,0.0,63.0,0.0,0.0,0.0,37.0,1.0,0.0,0.0,0.0,0.0,15.0,0.0,0.0,0.0,84.0,0.0,0.0,0.99,0.0,0.0,30.69,0.0,0.0,0.0,68.32,0.0,0.0,0.0,0.0,0.0,48.0,0.0,0.0,0.0,52.0,0.0,0.0,0.0,0.0,0.0,27.55,0.0,0.0,0.0,72.45,0.0,0.0,0.0,0.0,0.0,36.0,0.0,0.0,0.0,64.0,0.0,0.0,0.0,0.0,0.0,42.57,0.0,0.0,0.0,57.43,1.0,0.0,0.0,0.0,0.0,46.0,0.0,0.0,0.0,53.0,0.0,0.0,0.0,18.18,0.0,0.0,0.0,0.0,0.0,81.82,0.0,0.0,1.0,0.0,0.0,0.0,0.0,0.0,0.0,99.0,1.0,0.0,2.0,1.0,0.0,0.0,0.0,0.0,0.0,96.0,0.0,0.0,1.0,0.0,0.0,0.0,0.0,0.0,0.0,99.0,0.0,0.0,0.0,0.0,0.0,0.0,0.0,0.0,0.0,100.0,0.0,0.0,0.0,0.0,0.0,0.0,0.0,0.0,0.0,100.0,0.0,0.0,0.0,0.0,0.0,0.0,0.0,0.0,0.0,100.0,0.0,0.0,0.0,0.0,0.0,0.0,0.0,0.0,0.0,100.0
445,0.98,0.0,0.0,0.0,0.0,90.2,0.0,0.0,0.0,8.82,0.0,0.0,0.0,0.0,0.0,100.0,0.0,0.0,0.0,0.0,0.0,0.0,0.0,0.0,0.0,89.0,0.0,0.0,0.0,11.0,0.0,0.0,0.0,0.0,0.0,64.36,0.0,0.0,0.0,35.64,0.0,0.0,0.0,0.0,0.0,94.12,0.0,0.0,0.0,5.88,0.0,0.0,0.0,0.0,0.0,83.84,0.0,0.0,0.0,16.16,0.0,0.0,0.0,0.0,0.0,80.65,0.0,0.0,0.0,19.35,0.0,0.0,0.0,0.0,0.0,100.0,0.0,0.0,0.0,0.0,0.0,0.0,0.0,0.0,0.0,62.24,0.0,0.0,0.0,37.76,0.99,0.0,0.99,0.99,0.0,15.84,0.0,0.0,0.0,81.19,0.0,0.0,0.0,0.0,0.0,31.63,0.0,0.0,0.0,68.37,0.0,0.0,0.0,0.0,0.0,49.0,0.0,0.0,0.0,51.0,0.0,0.0,0.0,0.0,0.0,28.28,0.0,0.0,0.0,71.72,0.0,0.0,0.0,0.0,0.0,40.0,0.0,0.0,0.0,60.0,0.0,0.0,0.0,0.0,0.0,41.84,0.0,0.0,0.0,58.16,0.0,0.0,0.0,0.0,0.0,46.46,0.0,0.0,0.0,53.54,0.0,0.0,0.0,17.17,0.0,0.0,0.0,0.0,0.0,82.83,1.0,0.0,0.0,0.0,0.0,0.0,0.0,0.0,0.0,99.0,0.99,0.0,0.0,0.0,0.0,0.0,0.0,0.0,0.0,99.01,0.0,0.0,0.0,0.0,0.0,0.0,0.0,0.0,0.0,100.0,0.99,0.0,0.0,0.0,0.0,0.0,0.0,0.0,0.0,99.01,1.0,0.0,0.0,0.0,0.0,0.0,0.0,0.0,0.0,99.0,0.0,0.0,0.0,0.0,0.0,0.0,0.0,0.0,0.0,100.0,1.0,0.0,0.0,0.0,0.0,0.0,0.0,0.0,0.0,99.0
446,0.0,0.0,0.0,0.0,0.0,91.0,0.0,0.0,0.0,9.0,0.0,0.0,0.0,0.0,0.0,100.0,0.0,0.0,0.0,0.0,0.0,0.0,0.0,0.0,0.0,89.0,0.0,0.0,0.0,11.0,0.0,0.0,0.0,0.0,0.0,65.0,0.0,0.0,0.0,35.0,0.0,0.0,0.0,0.0,0.0,94.12,0.0,0.0,0.0,5.88,0.0,0.0,0.0,0.0,0.0,83.67,0.0,0.0,0.0,16.33,0.0,0.0,0.0,0.0,0.0,82.65,0.0,0.0,0.0,17.35,0.0,0.0,0.0,0.0,0.0,100.0,0.0,0.0,0.0,0.0,0.0,0.0,0.0,0.0,0.0,61.22,0.0,0.0,0.0,38.78,1.0,0.0,1.0,0.0,0.0,15.0,0.0,0.0,0.0,83.0,0.98,0.0,0.98,0.0,0.0,33.33,0.0,0.0,0.0,64.71,0.0,0.0,0.0,0.0,0.0,53.54,0.0,0.0,0.0,46.46,1.01,0.0,0.0,0.0,0.0,29.29,0.0,0.0,0.0,69.7,0.0,0.0,0.0,0.0,0.0,40.0,0.0,0.0,0.0,60.0,0.99,0.0,1.98,0.0,0.0,42.57,0.0,0.0,0.0,54.46,0.0,0.0,0.0,0.0,0.0,45.0,0.0,0.0,0.0,55.0,0.0,0.0,0.0,9.0,0.0,1.0,0.0,0.0,0.0,90.0,0.0,0.0,1.0,0.0,0.0,0.0,0.0,0.0,0.0,99.0,0.0,0.0,0.0,8.16,0.0,0.0,0.0,0.0,0.0,91.84,0.0,0.0,0.0,0.0,0.0,0.0,0.0,0.0,0.0,100.0,0.0,0.0,0.0,0.0,0.0,0.0,0.0,0.0,0.0,100.0,0.0,0.0,0.0,0.0,0.0,0.0,0.0,0.0,0.0,100.0,0.0,0.0,0.0,0.0,0.0,0.0,0.0,0.0,0.0,100.0,0.0,0.0,0.0,0.0,0.0,0.0,0.0,0.0,0.0,100.0
447,0.0,0.0,0.0,0.0,0.0,89.9,0.0,0.0,0.0,10.1,0.0,0.0,0.0,0.0,0.0,100.0,0.0,0.0,0.0,0.0,0.0,0.0,0.0,0.0,0.0,88.89,0.0,0.0,0.0,11.11,0.0,0.0,0.0,0.0,0.0,64.0,0.0,0.0,0.0,36.0,0.0,0.0,0.0,0.0,0.0,94.12,0.0,0.0,0.0,5.88,0.0,0.0,0.0,0.0,0.0,83.17,0.0,0.0,0.0,16.83,0.0,0.0,0.0,0.0,0.0,75.0,0.0,0.0,0.0,25.0,0.0,0.0,0.0,0.0,0.0,100.0,0.0,0.0,0.0,0.0,0.0,0.0,0.0,0.0,0.0,62.63,0.0,0.0,0.0,37.37,0.99,0.0,0.0,0.0,0.0,15.84,0.0,0.0,0.0,83.17,0.0,0.0,0.0,0.0,0.0,32.65,0.0,0.0,0.0,67.35,0.0,0.0,0.0,0.0,0.0,48.51,0.0,0.0,0.0,51.49,1.0,0.0,0.0,4.0,0.0,28.0,0.0,0.0,0.0,67.0,0.0,0.0,0.0,0.0,0.0,40.59,0.0,0.0,0.0,59.41,1.01,0.0,1.01,2.02,0.0,41.41,0.0,0.0,0.0,54.55,0.0,0.0,0.0,0.0,0.0,45.36,0.0,0.0,0.0,54.64,0.0,0.0,0.0,0.0,0.0,0.0,0.0,0.0,0.0,100.0,0.0,0.0,0.0,9.09,0.0,0.0,0.0,0.0,0.0,90.91,0.0,0.0,0.0,0.0,0.0,0.0,0.0,0.0,0.0,100.0,0.0,0.0,0.0,0.0,0.0,0.0,0.0,0.0,0.0,100.0,0.0,0.0,0.0,0.0,0.0,0.0,0.0,0.0,0.0,100.0,0.0,0.0,0.0,0.0,0.0,0.0,0.0,0.0,0.0,100.0,0.0,0.0,0.99,0.0,0.0,0.0,0.0,0.0,0.0,99.01,0.0,0.0,0.0,0.0,0.0,0.0,0.0,0.0,0.0,100.0
448,0.0,0.0,0.0,0.0,0.0,88.12,0.0,0.0,0.0,11.88,0.0,0.0,0.0,0.0,0.0,100.0,0.0,0.0,0.0,0.0,0.0,0.0,0.0,0.0,0.0,89.22,0.0,0.0,0.0,10.78,0.0,0.0,1.0,0.0,0.0,63.0,0.0,0.0,0.0,36.0,0.0,0.0,0.0,0.0,0.0,92.23,0.0,0.0,0.0,7.77,0.0,0.0,0.0,0.0,0.0,82.83,0.0,0.0,0.0,17.17,0.0,0.0,0.0,0.0,0.0,81.44,0.0,0.0,0.0,18.56,0.0,0.0,0.0,0.0,0.0,100.0,0.0,0.0,0.0,0.0,0.0,0.0,0.0,0.0,0.0,62.0,0.0,0.0,0.0,38.0,1.03,0.0,1.03,0.0,0.0,13.4,0.0,0.0,0.0,84.54,1.01,0.0,0.0,0.0,0.0,30.3,0.0,0.0,0.0,68.69,0.0,0.0,0.0,0.0,0.0,49.0,0.0,0.0,0.0,51.0,1.0,0.0,1.0,9.0,0.0,28.0,0.0,0.0,0.0,61.0,0.0,0.0,0.0,0.0,0.0,40.0,0.0,0.0,0.0,60.0,0.0,0.0,0.0,3.0,0.0,42.0,0.0,0.0,0.0,55.0,0.99,0.0,0.99,0.0,0.0,43.56,0.0,0.0,0.0,54.46,0.0,0.0,1.0,0.0,0.0,0.0,0.0,0.0,0.0,99.0,0.0,0.0,0.99,0.0,0.0,0.0,0.0,0.0,0.0,99.01,0.0,0.0,1.0,0.0,0.0,0.0,0.0,0.0,0.0,99.0,0.99,0.0,0.99,0.0,0.0,0.0,0.0,0.0,0.0,98.02,0.0,0.0,0.0,0.0,0.0,0.0,0.0,0.0,0.0,100.0,0.0,0.0,0.0,0.0,0.0,0.0,0.0,0.0,0.0,100.0,0.0,0.0,0.0,0.0,0.0,0.0,0.0,0.0,0.0,100.0,0.0,0.0,0.0,0.0,0.0,0.0,0.0,0.0,0.0,100.0
449,0.0,0.0,0.0,0.0,0.0,91.92,0.0,0.0,0.0,8.08,0.0,0.0,0.0,0.0,0.0,100.0,0.0,0.0,0.0,0.0,0.0,0.0,0.0,0.0,0.0,89.0,0.0,0.0,0.0,11.0,0.0,0.0,0.0,0.0,0.0,65.0,0.0,0.0,0.0,35.0,0.0,0.0,0.0,0.0,0.0,94.12,0.0,0.0,0.0,5.88,0.0,0.0,0.98,0.0,0.0,83.33,0.0,0.0,0.0,15.69,0.0,0.0,0.0,0.0,0.0,80.65,0.0,0.0,0.0,19.35,0.0,0.0,0.0,0.0,0.0,100.0,0.0,0.0,0.0,0.0,0.0,0.0,0.0,0.0,0.0,63.37,0.0,0.0,0.0,36.63,0.99,0.0,0.99,0.0,0.0,15.84,0.0,0.0,0.0,82.18,0.0,0.0,1.0,0.0,0.0,32.0,0.0,0.0,0.0,67.0,0.0,0.0,0.0,0.0,0.0,50.98,0.0,0.0,0.0,49.02,0.0,0.0,0.0,0.0,0.0,28.28,0.0,0.0,0.0,71.72,0.0,0.0,0.0,0.0,0.0,40.59,0.0,0.0,0.0,59.41,0.99,0.0,0.99,10.89,0.0,41.58,0.0,0.0,0.0,45.54,0.0,0.0,0.0,0.0,0.0,46.46,0.0,0.0,0.0,53.54,1.0,0.0,0.0,0.0,0.0,0.0,0.0,0.0,0.0,99.0,0.0,0.0,0.0,0.0,0.0,0.0,0.0,0.0,0.0,100.0,0.99,0.0,0.0,0.0,0.0,0.0,0.0,0.0,0.0,99.01,0.0,0.0,0.0,0.0,0.0,0.0,0.0,0.0,0.0,100.0,0.0,0.0,0.0,0.0,0.0,0.0,0.0,0.0,0.0,100.0,0.0,0.0,1.0,0.0,0.0,0.0,0.0,0.0,0.0,99.0,0.0,0.0,0.0,0.0,0.0,0.0,0.0,0.0,0.0,100.0,0.0,0.0,0.0,0.0,0.0,0.0,0.0,0.0,0.0,100.0
450,0.0,0.0,0.0,0.0,0.0,89.11,0.0,0.0,0.0,10.89,0.0,0.0,0.0,0.0,0.0,100.0,0.0,0.0,0.0,0.0,0.0,0.0,0.0,0.0,0.0,88.66,0.0,0.0,0.0,11.34,0.0,0.0,0.0,0.0,0.0,63.64,0.0,0.0,0.0,36.36,0.0,0.0,0.0,0.0,0.0,94.06,0.0,0.0,0.0,5.94,0.0,0.0,0.0,0.0,0.0,82.65,0.0,0.0,0.0,17.35,0.0,0.0,0.0,0.0,0.0,79.31,0.0,0.0,0.0,20.69,0.0,0.0,0.0,0.0,0.0,100.0,0.0,0.0,0.0,0.0,0.0,0.0,0.0,0.0,0.0,61.22,0.0,0.0,0.0,38.78,1.0,0.0,1.0,0.0,0.0,15.0,0.0,0.0,0.0,83.0,0.0,0.0,0.0,0.0,0.0,32.32,0.0,0.0,0.0,67.68,0.0,0.0,0.0,0.0,0.0,50.5,0.0,0.0,0.0,49.5,1.0,0.0,0.0,5.0,0.0,28.0,0.0,0.0,0.0,66.0,0.0,0.0,0.0,0.0,0.0,40.4,0.0,0.0,0.0,59.6,0.0,0.0,0.0,6.12,0.0,41.84,0.0,0.0,0.0,52.04,0.0,0.0,0.0,0.0,0.0,45.0,0.0,0.0,0.0,55.0,0.0,0.0,1.0,0.0,0.0,0.0,0.0,0.0,0.0,99.0,0.0,0.0,0.0,0.0,0.0,0.0,0.0,0.0,0.0,100.0,0.0,0.0,0.0,0.0,0.0,0.0,0.0,0.0,0.0,100.0,0.0,0.0,0.0,0.0,0.0,0.0,0.0,0.0,0.0,100.0,0.0,0.0,0.0,0.0,0.0,0.0,0.0,0.0,0.0,100.0,0.0,0.0,0.0,0.0,0.0,0.0,0.0,0.0,0.0,100.0,0.0,0.0,0.99,0.0,0.0,0.0,0.0,0.0,0.0,99.01,0.0,0.0,0.0,0.0,0.0,0.0,0.0,0.0,0.0,100.0
451,0.0,0.0,0.0,0.0,0.0,89.9,0.0,0.0,0.0,10.1,0.0,0.0,0.0,0.0,0.0,100.0,0.0,0.0,0.0,0.0,0.0,0.0,0.0,0.0,0.0,88.89,0.0,0.0,0.0,11.11,1.0,0.0,0.0,0.0,0.0,64.0,0.0,0.0,0.0,35.0,0.0,0.0,0.0,0.0,0.0,95.0,0.0,0.0,0.0,5.0,0.0,0.0,0.0,0.0,0.0,83.17,0.0,0.0,0.0,16.83,0.0,0.0,0.0,0.0,0.0,82.18,0.0,0.0,0.0,17.82,0.0,0.0,0.0,0.0,0.0,100.0,0.0,0.0,0.0,0.0,0.0,0.0,0.0,0.0,0.0,61.86,0.0,0.0,0.0,38.14,0.0,0.0,0.0,0.0,0.0,15.84,0.0,0.0,0.0,84.16,1.0,0.0,0.0,0.0,0.0,33.0,0.0,0.0,0.0,66.0,0.0,0.0,0.98,0.0,0.0,53.92,0.0,0.0,0.0,45.1,0.0,0.0,0.0,4.04,0.0,29.29,0.0,0.0,0.0,66.67,1.0,0.0,0.0,0.0,0.0,38.0,0.0,0.0,0.0,61.0,0.99,0.0,0.0,0.0,0.0,43.56,0.0,0.0,0.0,55.45,0.0,0.0,0.0,0.0,0.0,45.0,0.0,0.0,0.0,55.0,1.01,0.0,0.0,5.05,0.0,0.0,0.0,0.0,0.0,93.94,1.0,0.0,1.0,6.0,0.0,0.0,0.0,0.0,0.0,92.0,0.0,0.0,0.0,0.0,0.0,1.0,0.0,0.0,0.0,99.0,0.0,0.0,0.0,0.0,0.0,0.0,0.0,0.0,0.0,100.0,0.0,0.0,0.0,0.0,0.0,0.0,0.0,0.0,0.0,100.0,0.98,0.0,0.98,0.0,0.0,0.0,0.0,0.0,0.0,98.04,0.0,0.0,0.0,0.0,0.0,0.0,0.0,0.0,0.0,100.0,0.0,0.0,0.0,0.0,0.0,0.0,0.0,0.0,0.0,100.0
452,0.0,0.0,0.0,0.0,0.0,90.1,0.0,0.0,0.0,9.9,0.0,0.0,0.0,0.0,0.0,100.0,0.0,0.0,0.0,0.0,0.0,0.0,0.0,0.0,0.0,89.11,0.0,0.0,0.0,10.89,0.0,0.0,0.0,0.0,0.0,64.36,0.0,0.0,0.0,35.64,0.0,0.0,0.0,0.0,0.0,95.1,0.0,0.0,0.0,4.9,0.0,0.0,0.0,0.0,0.0,84.16,0.0,0.0,0.0,15.84,0.0,0.0,0.0,0.0,0.0,82.65,0.0,0.0,0.0,17.35,0.0,0.0,0.0,0.0,0.0,100.0,0.0,0.0,0.0,0.0,0.0,0.0,0.0,0.0,0.0,62.63,0.0,0.0,0.0,37.37,0.0,0.0,0.0,0.0,0.0,15.15,0.0,0.0,0.0,84.85,0.0,0.0,0.99,0.0,0.0,33.66,0.0,0.0,0.0,65.35,0.0,0.0,0.0,0.0,0.0,52.04,0.0,0.0,0.0,47.96,1.01,0.0,1.01,0.0,0.0,29.29,0.0,0.0,0.0,68.69,0.0,0.0,0.0,0.0,0.0,38.0,0.0,0.0,0.0,62.0,1.02,0.0,0.0,0.0,0.0,42.86,0.0,0.0,0.0,56.12,0.99,0.0,0.0,0.0,0.0,45.54,0.0,0.0,0.0,53.47,1.01,0.0,0.0,10.1,0.0,0.0,0.0,0.0,0.0,88.89,0.0,0.0,0.0,8.0,0.0,0.0,0.0,0.0,0.0,92.0,0.0,0.0,0.0,0.0,0.0,0.0,0.0,0.0,0.0,100.0,0.0,0.0,0.0,0.0,0.0,0.0,0.0,0.0,0.0,100.0,0.0,0.0,0.0,0.0,0.0,0.0,0.0,0.0,0.0,100.0,0.0,0.0,0.0,0.0,0.0,0.0,0.0,0.0,0.0,100.0,0.0,0.0,0.0,0.0,0.0,0.0,0.0,0.0,0.0,100.0,0.0,0.0,0.0,0.0,0.0,0.0,0.0,0.0,0.0,100.0
453,0.0,0.0,0.0,0.0,0.0,92.93,0.0,0.0,0.0,7.07,0.0,0.0,0.0,0.0,0.0,100.0,0.0,0.0,0.0,0.0,0.0,0.0,0.0,0.0,0.0,89.0,0.0,0.0,0.0,11.0,0.0,0.0,0.0,0.0,0.0,65.66,0.0,0.0,0.0,34.34,0.0,0.0,0.0,0.0,0.0,96.0,0.0,0.0,0.0,4.0,0.0,0.0,0.0,0.0,0.0,84.69,0.0,0.0,0.0,15.31,0.0,0.0,0.0,0.0,0.0,83.0,0.0,0.0,0.0,17.0,0.0,0.0,0.0,0.0,0.0,100.0,0.0,0.0,0.0,0.0,0.0,0.0,0.0,0.0,0.0,63.37,0.0,0.0,0.0,36.63,1.0,0.0,0.0,0.0,0.0,16.0,0.0,0.0,0.0,83.0,0.0,0.0,0.0,4.08,0.0,32.65,0.0,0.0,0.0,63.27,0.0,0.0,0.0,0.0,0.0,53.0,0.0,0.0,0.0,47.0,0.0,0.0,1.0,3.0,0.0,30.0,0.0,0.0,0.0,66.0,0.0,0.0,0.0,0.0,0.0,37.37,0.0,0.0,0.0,62.63,0.0,0.0,1.0,2.0,0.0,43.0,0.0,0.0,0.0,54.0,0.0,0.0,0.0,0.0,0.0,45.92,0.0,0.0,0.0,54.08,0.0,0.0,0.0,4.04,0.0,0.0,0.0,0.0,0.0,95.96,1.01,0.0,0.0,0.0,0.0,0.0,0.0,0.0,0.0,98.99,0.99,0.0,0.99,0.0,0.0,0.0,0.0,0.0,0.0,98.02,0.99,0.0,0.99,0.0,0.0,0.0,0.0,0.0,0.0,98.02,0.0,0.0,0.99,0.0,0.0,0.0,0.0,0.0,0.0,99.01,0.0,0.0,0.0,0.0,0.0,0.0,0.0,0.0,0.0,100.0,1.0,0.0,0.0,0.0,0.0,0.0,0.0,0.0,0.0,99.0,0.0,0.0,0.0,0.0,0.0,0.0,0.0,0.0,0.0,100.0
454,0.0,0.0,0.0,0.0,0.0,83.84,0.0,0.0,0.0,16.16,0.0,0.0,0.0,0.0,0.0,100.0,0.0,0.0,0.0,0.0,0.0,0.0,0.0,0.0,0.0,88.0,0.0,0.0,0.0,12.0,0.0,0.0,0.0,0.0,0.0,63.37,0.0,0.0,0.0,36.63,0.0,0.0,0.0,0.0,0.0,93.2,0.0,0.0,0.0,6.8,0.0,0.0,0.0,0.0,0.0,82.18,0.0,0.0,0.0,17.82,0.0,0.0,0.0,0.0,0.0,80.61,0.0,0.0,0.0,19.39,0.0,0.0,0.0,0.0,0.0,100.0,0.0,0.0,0.0,0.0,0.0,0.0,0.0,0.0,0.0,60.42,0.0,0.0,0.0,39.58,0.98,0.0,0.98,0.0,0.0,15.69,0.0,0.0,0.0,82.35,1.0,0.0,0.0,10.0,0.0,31.0,0.0,0.0,0.0,58.0,0.0,0.0,0.0,0.0,0.0,50.5,0.0,0.0,0.0,49.5,0.0,0.0,0.0,2.0,0.0,28.0,0.0,0.0,0.0,70.0,0.0,0.0,0.0,0.0,0.0,36.0,0.0,0.0,0.0,64.0,1.0,0.0,1.0,0.0,0.0,42.0,0.0,0.0,0.0,56.0,1.02,0.0,0.0,0.0,0.0,43.88,0.0,0.0,0.0,55.1,1.0,0.0,1.0,0.0,0.0,0.0,0.0,0.0,0.0,98.0,0.0,0.0,0.0,0.0,0.0,0.0,0.0,0.0,0.0,100.0,0.0,0.0,0.0,0.0,0.0,0.0,0.0,0.0,0.0,100.0,0.0,0.0,0.0,0.0,0.0,0.0,0.0,0.0,0.0,100.0,0.99,0.0,0.99,0.0,0.0,0.0,0.0,0.0,0.0,98.02,0.0,0.0,0.0,0.0,0.0,0.0,0.0,0.0,0.0,100.0,0.0,0.0,0.0,0.0,0.0,0.0,0.0,0.0,0.0,100.0,0.0,0.0,0.0,0.0,0.0,0.0,0.0,0.0,0.0,100.0
455,0.0,0.0,0.0,0.0,0.0,89.9,0.0,0.0,0.0,10.1,0.0,0.0,0.0,0.0,0.0,100.0,0.0,0.0,0.0,0.0,0.0,0.0,0.0,0.0,0.0,88.89,0.0,0.0,0.0,11.11,0.0,0.0,0.0,0.0,0.0,63.92,0.0,0.0,0.0,36.08,0.0,0.0,0.0,0.0,0.0,95.05,0.0,0.0,0.0,4.95,0.0,0.0,0.0,0.0,0.0,83.67,0.0,0.0,0.0,16.33,0.0,0.0,0.0,0.0,0.0,82.0,0.0,0.0,0.0,18.0,0.0,0.0,0.0,0.0,0.0,100.0,0.0,0.0,0.0,0.0,0.0,0.0,0.0,0.0,0.0,62.63,0.0,0.0,0.0,37.37,0.0,0.0,0.0,0.0,0.0,15.15,0.0,0.0,0.0,84.85,0.0,0.0,0.0,8.0,0.0,32.0,0.0,0.0,0.0,60.0,0.0,0.0,0.0,0.0,0.0,48.51,0.0,0.0,0.0,51.49,0.98,0.0,0.0,3.92,0.0,28.43,0.0,0.0,0.0,66.67,0.0,0.0,0.0,0.0,0.0,35.35,0.0,0.0,0.0,64.65,0.0,0.0,1.0,0.0,0.0,44.0,0.0,0.0,0.0,55.0,1.0,0.0,0.0,0.0,0.0,46.0,0.0,0.0,0.0,53.0,2.02,0.0,0.0,0.0,0.0,0.0,0.0,0.0,0.0,97.98,1.0,0.0,0.0,0.0,0.0,0.0,0.0,0.0,0.0,99.0,1.01,0.0,0.0,0.0,0.0,0.0,0.0,0.0,0.0,98.99,0.0,0.0,0.0,0.0,0.0,0.0,0.0,0.0,0.0,100.0,0.0,0.0,0.0,0.0,0.0,0.0,0.0,0.0,0.0,100.0,0.0,0.0,0.0,0.0,0.0,0.0,0.0,0.0,0.0,100.0,0.0,0.0,0.0,0.0,0.0,0.0,0.0,0.0,0.0,100.0,0.0,0.0,0.0,0.0,0.0,0.0,0.0,0.0,0.0,100.0
456,0.0,0.0,0.0,0.0,0.0,90.2,0.0,0.0,0.0,9.8,0.0,0.0,0.0,0.0,0.0,100.0,0.0,0.0,0.0,0.0,0.0,0.0,0.0,0.0,0.0,89.11,0.0,0.0,0.0,10.89,0.0,0.0,0.0,0.0,0.0,65.35,0.0,0.0,0.0,34.65,0.0,0.0,0.0,0.0,0.0,96.04,0.0,0.0,0.0,3.96,0.0,0.0,0.0,0.0,0.0,83.84,0.0,0.0,0.0,16.16,0.0,0.0,0.0,0.0,0.0,82.83,0.0,0.0,0.0,17.17,0.0,0.0,0.0,0.0,0.0,100.0,0.0,0.0,0.0,0.0,1.0,0.0,0.0,0.0,0.0,62.0,0.0,0.0,0.0,37.0,0.99,0.0,0.0,0.0,0.0,15.84,0.0,0.0,0.0,83.17,0.0,0.0,0.0,0.0,0.0,33.0,0.0,0.0,0.0,67.0,0.0,0.0,0.0,0.0,0.0,51.52,0.0,0.0,0.0,48.48,0.0,0.0,0.0,12.24,0.0,27.55,0.0,0.0,0.0,60.2,0.0,0.0,0.0,0.0,0.0,39.0,0.0,0.0,0.0,61.0,1.01,0.0,0.0,0.0,0.0,43.43,0.0,0.0,0.0,55.56,0.0,0.0,0.0,0.0,0.0,47.0,0.0,0.0,0.0,53.0,0.0,0.0,0.0,0.0,0.0,0.0,0.0,0.0,0.0,100.0,0.0,0.0,1.0,0.0,0.0,0.0,0.0,0.0,0.0,99.0,0.0,0.0,0.0,0.0,0.0,0.0,0.0,0.0,0.0,100.0,0.0,0.0,0.0,0.0,0.0,0.0,0.0,0.0,0.0,100.0,0.0,0.0,0.0,0.0,0.0,0.0,0.0,0.0,0.0,100.0,0.0,0.0,1.0,0.0,0.0,0.0,0.0,0.0,0.0,99.0,0.0,0.0,0.0,0.0,0.0,0.0,0.0,0.0,0.0,100.0,0.0,0.0,1.0,0.0,0.0,0.0,0.0,0.0,0.0,99.0
457,0.0,0.0,0.0,0.0,0.0,88.89,0.0,0.0,0.0,11.11,0.0,0.0,0.0,0.0,0.0,100.0,0.0,0.0,0.0,0.0,0.0,0.0,0.0,0.0,0.0,90.1,0.0,0.0,0.0,9.9,0.0,0.0,0.0,0.0,0.0,64.0,0.0,0.0,0.0,36.0,0.0,0.0,0.0,0.0,0.0,94.12,0.0,0.0,0.0,5.88,0.0,0.0,0.0,0.0,0.0,83.84,0.0,0.0,0.0,16.16,0.0,0.0,0.0,0.0,0.0,81.82,0.0,0.0,0.0,18.18,0.0,0.0,0.0,0.0,0.0,100.0,0.0,0.0,0.0,0.0,0.0,0.0,1.02,0.0,0.0,60.2,0.0,0.0,0.0,38.78,0.0,0.0,0.0,0.0,0.0,16.0,0.0,0.0,0.0,84.0,1.0,0.0,0.0,0.0,0.0,32.0,0.0,0.0,0.0,67.0,0.0,0.0,0.0,0.0,0.0,52.0,0.0,0.0,0.0,48.0,0.0,0.0,0.0,13.0,0.0,29.0,0.0,0.0,0.0,58.0,0.0,0.0,0.0,0.0,0.0,37.37,0.0,0.0,0.0,62.63,1.0,0.0,1.0,0.0,0.0,40.0,0.0,0.0,0.0,58.0,0.0,0.0,0.0,0.0,0.0,44.9,0.0,0.0,0.0,55.1,1.01,0.0,0.0,0.0,0.0,0.0,0.0,0.0,0.0,98.99,0.0,0.0,0.0,0.0,0.0,0.0,0.0,0.0,0.0,100.0,2.0,0.0,0.0,0.0,0.0,0.0,0.0,0.0,0.0,98.0,0.99,0.0,0.99,0.0,0.0,0.0,0.0,0.0,0.0,98.02,0.0,0.0,0.0,0.0,0.0,0.0,0.0,0.0,0.0,100.0,0.0,0.0,0.0,0.0,0.0,0.0,0.0,0.0,0.0,100.0,0.0,0.0,0.0,0.0,0.0,0.0,0.0,0.0,0.0,100.0,0.0,0.0,0.0,0.0,0.0,0.0,0.0,0.0,0.0,100.0
458,0.0,0.0,0.0,0.0,0.0,83.17,0.0,0.0,0.0,16.83,0.0,0.0,0.0,0.0,0.0,100.0,0.0,0.0,0.0,0.0,0.0,0.0,0.0,0.0,0.0,89.0,0.0,0.0,0.0,11.0,0.0,0.0,0.0,0.0,0.0,64.0,0.0,0.0,0.0,36.0,0.0,0.0,0.0,0.0,0.0,92.23,0.0,0.0,0.0,7.77,0.0,0.0,0.0,0.0,0.0,82.0,0.0,0.0,0.0,18.0,0.0,0.0,0.0,0.0,0.0,80.39,0.0,0.0,0.0,19.61,0.0,0.0,0.0,0.0,0.0,100.0,0.0,0.0,0.0,0.0,0.0,0.0,0.0,0.0,0.0,59.79,0.0,0.0,0.0,40.21,0.98,0.0,0.98,0.0,0.0,14.71,0.0,0.0,0.0,83.33,0.98,0.0,0.98,8.82,0.0,31.37,0.0,0.0,0.0,57.84,0.0,0.0,0.0,0.0,0.0,51.49,0.0,0.0,0.0,48.51,0.0,0.0,0.0,2.04,0.0,27.55,0.0,0.0,0.0,70.41,0.0,0.0,0.0,0.0,0.0,39.0,0.0,0.0,0.0,61.0,1.0,0.0,1.0,1.0,0.0,40.0,0.0,0.0,0.0,57.0,0.0,0.0,0.0,0.0,0.0,44.0,0.0,0.0,0.0,56.0,0.99,0.0,0.99,0.0,0.0,0.0,0.0,0.0,0.0,98.02,0.0,0.0,0.0,0.0,0.0,0.0,0.0,0.0,0.0,100.0,0.0,0.0,1.0,0.0,0.0,0.0,0.0,0.0,0.0,99.0,0.0,0.0,0.0,0.0,0.0,0.0,0.0,0.0,0.0,100.0,0.0,0.0,0.0,0.0,0.0,0.0,0.0,0.0,0.0,100.0,0.0,0.0,0.0,0.0,0.0,0.0,0.0,0.0,0.0,100.0,0.0,0.0,0.0,0.0,0.0,0.0,0.0,0.0,0.0,100.0,0.0,0.0,0.0,0.0,0.0,0.0,0.0,0.0,0.0,100.0
459,0.0,0.0,0.0,0.0,0.0,91.92,0.0,0.0,0.0,8.08,0.0,0.0,0.0,0.0,0.0,100.0,0.0,0.0,0.0,0.0,0.0,0.0,0.0,0.0,0.0,91.0,0.0,0.0,0.0,9.0,0.0,0.0,0.0,0.0,0.0,65.0,0.0,0.0,0.0,35.0,0.0,0.0,0.0,0.0,0.0,95.05,0.0,0.0,0.0,4.95,0.0,0.0,0.0,0.0,0.0,84.16,0.0,0.0,0.0,15.84,0.0,0.0,0.0,0.0,0.0,82.65,0.0,0.0,0.0,17.35,0.0,0.0,0.0,0.0,0.0,100.0,0.0,0.0,0.0,0.0,0.0,0.0,0.0,0.0,0.0,61.86,0.0,0.0,0.0,38.14,0.0,0.0,0.0,0.0,0.0,14.29,0.0,0.0,0.0,85.71,0.0,0.0,0.0,5.0,0.0,33.0,0.0,0.0,0.0,62.0,0.0,0.0,0.0,0.0,0.0,53.0,0.0,0.0,0.0,47.0,1.0,0.0,0.0,0.0,0.0,29.0,0.0,0.0,0.0,70.0,0.0,0.0,0.0,0.0,0.0,40.0,0.0,0.0,0.0,60.0,0.0,0.0,0.0,6.06,0.0,41.41,0.0,0.0,0.0,52.53,0.0,0.0,0.0,0.0,0.0,47.0,0.0,0.0,0.0,53.0,0.0,0.0,0.0,0.0,0.0,0.0,0.0,0.0,0.0,100.0,0.0,0.0,0.0,0.0,0.0,0.0,0.0,0.0,0.0,100.0,1.01,0.0,0.0,0.0,0.0,0.0,0.0,0.0,0.0,98.99,0.0,0.0,1.0,0.0,0.0,0.0,0.0,0.0,0.0,99.0,0.0,0.0,0.0,0.0,0.0,0.0,0.0,0.0,0.0,100.0,0.0,0.0,1.0,0.0,0.0,0.0,0.0,0.0,0.0,99.0,0.0,0.0,0.0,0.0,0.0,0.0,0.0,0.0,0.0,100.0,0.0,0.0,0.0,0.0,0.0,0.0,0.0,0.0,0.0,100.0
460,0.0,0.0,0.0,0.0,0.0,86.27,0.0,0.0,0.0,13.73,0.0,0.0,0.0,0.0,0.0,100.0,0.0,0.0,0.0,0.0,0.0,0.0,0.0,0.0,0.0,89.9,0.0,0.0,0.0,10.1,0.0,0.0,0.99,0.0,0.0,64.36,0.0,0.0,0.0,34.65,0.0,0.0,0.97,0.0,0.0,92.23,0.0,0.0,0.0,6.8,0.0,0.0,0.0,0.0,0.0,83.33,0.0,0.0,0.0,16.67,0.0,0.0,0.0,0.0,0.0,80.81,0.0,0.0,0.0,19.19,0.0,0.0,0.0,0.0,0.0,100.0,0.0,0.0,0.0,0.0,1.05,0.0,0.0,0.0,0.0,57.89,0.0,0.0,0.0,41.05,0.0,0.0,0.0,0.0,0.0,15.84,0.0,0.0,0.0,84.16,0.0,0.0,0.99,3.96,0.0,30.69,0.0,0.0,0.0,64.36,0.98,0.0,0.0,0.0,0.0,48.04,0.0,0.0,0.0,50.98,1.0,0.0,1.0,0.0,0.0,29.0,0.0,0.0,0.0,69.0,0.0,0.0,0.0,0.0,0.0,35.35,0.0,0.0,0.0,64.65,0.0,0.0,0.0,7.14,0.0,40.82,0.0,0.0,0.0,52.04,0.0,0.0,0.0,0.0,0.0,44.0,0.0,0.0,0.0,56.0,0.0,0.0,0.0,0.0,0.0,0.0,0.0,0.0,0.0,100.0,0.99,0.0,0.99,0.0,0.0,0.0,0.0,0.0,0.0,98.02,2.0,0.0,0.0,0.0,0.0,0.0,0.0,0.0,0.0,98.0,0.0,0.0,0.0,0.0,0.0,0.0,0.0,0.0,0.0,100.0,0.0,0.0,0.0,0.0,0.0,0.0,0.0,0.0,0.0,100.0,0.99,0.0,0.0,0.0,0.0,0.0,0.0,0.0,0.0,99.01,0.0,0.0,0.0,0.0,0.0,0.0,0.0,0.0,0.0,100.0,0.0,0.0,0.0,0.0,0.0,0.0,0.0,0.0,0.0,100.0
461,0.0,0.0,0.0,0.0,0.0,93.0,0.0,0.0,0.0,7.0,0.0,0.0,0.0,0.0,0.0,100.0,0.0,0.0,0.0,0.0,0.0,0.0,0.0,0.0,0.0,91.0,0.0,0.0,0.0,9.0,0.0,0.0,0.98,0.0,0.0,65.69,0.0,0.0,0.0,33.33,0.0,0.0,0.0,0.0,0.0,96.08,0.0,0.0,0.0,3.92,0.0,0.0,0.0,0.0,0.0,84.69,0.0,0.0,0.0,15.31,0.0,0.0,0.0,0.0,0.0,82.83,0.0,0.0,0.0,17.17,0.0,0.0,0.0,0.0,0.0,100.0,0.0,0.0,0.0,0.0,0.0,0.0,1.02,0.0,0.0,61.22,0.0,0.0,0.0,37.76,0.0,0.0,0.0,0.0,0.0,16.0,0.0,0.0,0.0,84.0,1.0,0.0,0.0,4.0,0.0,32.0,0.0,0.0,0.0,63.0,0.0,0.0,0.0,0.0,0.0,50.5,0.0,0.0,0.0,49.5,0.0,0.0,0.0,0.0,0.0,32.0,0.0,0.0,0.0,68.0,0.0,0.0,0.0,0.0,0.0,36.0,0.0,0.0,0.0,64.0,0.0,0.0,0.99,6.93,0.0,42.57,0.0,0.0,0.0,49.5,0.0,0.0,0.0,0.0,0.0,46.53,0.0,0.0,0.0,53.47,1.01,0.0,0.0,0.0,0.0,0.0,0.0,0.0,0.0,98.99,0.0,0.0,0.0,0.0,0.0,0.0,0.0,0.0,0.0,100.0,0.0,0.0,0.0,0.0,0.0,0.0,0.0,0.0,0.0,100.0,0.0,0.0,0.0,0.0,0.0,0.0,0.0,0.0,0.0,100.0,0.0,0.0,0.0,0.0,0.0,0.0,0.0,0.0,0.0,100.0,0.0,0.0,1.0,0.0,0.0,0.0,0.0,0.0,0.0,99.0,0.0,0.0,0.0,0.0,0.0,0.0,0.0,0.0,0.0,100.0,0.0,0.0,0.0,0.0,0.0,0.0,0.0,0.0,0.0,100.0
462,0.0,0.0,0.0,0.0,0.0,91.09,0.0,0.0,0.0,8.91,0.0,0.0,0.0,0.0,0.0,100.0,0.0,0.0,0.0,0.0,0.0,0.0,0.0,0.0,0.0,91.0,0.0,0.0,0.0,9.0,0.0,0.0,0.0,0.0,0.0,64.36,0.0,0.0,0.0,35.64,0.0,0.0,0.0,0.0,0.0,95.05,0.0,0.0,0.0,4.95,0.0,0.0,0.0,0.0,0.0,83.67,0.0,0.0,0.0,16.33,0.0,0.0,0.0,0.0,0.0,82.0,0.0,0.0,0.0,18.0,0.0,0.0,0.0,0.0,0.0,100.0,0.0,0.0,0.0,0.0,0.0,0.0,0.0,0.0,0.0,62.38,0.0,0.0,0.0,37.62,1.0,0.0,0.0,0.0,0.0,14.0,0.0,0.0,0.0,85.0,1.0,0.0,1.0,0.0,0.0,32.0,0.0,0.0,0.0,66.0,1.02,0.0,0.0,0.0,0.0,46.94,0.0,0.0,0.0,52.04,1.0,0.0,1.0,7.0,0.0,30.0,0.0,0.0,0.0,61.0,0.0,0.0,0.0,0.0,0.0,37.0,0.0,0.0,0.0,63.0,1.01,0.0,0.0,1.01,0.0,41.41,0.0,0.0,0.0,56.57,0.0,0.0,0.0,0.0,0.0,46.0,0.0,0.0,0.0,54.0,0.0,0.0,0.0,6.12,0.0,0.0,0.0,0.0,0.0,93.88,1.0,0.0,0.0,0.0,0.0,0.0,0.0,0.0,0.0,99.0,0.0,0.0,0.0,0.0,0.0,0.0,0.0,0.0,0.0,100.0,1.0,0.0,0.0,0.0,0.0,0.0,0.0,0.0,0.0,99.0,0.0,0.0,0.0,0.0,0.0,0.0,0.0,0.0,0.0,100.0,0.0,0.0,0.0,0.0,0.0,0.0,0.0,0.0,0.0,100.0,0.0,0.0,0.0,0.0,0.0,0.0,0.0,0.0,0.0,100.0,0.0,0.0,0.0,0.0,0.0,0.0,0.0,0.0,0.0,100.0
463,0.0,0.0,0.0,0.0,0.0,91.92,0.0,0.0,0.0,8.08,0.0,0.0,0.0,0.0,0.0,100.0,0.0,0.0,0.0,0.0,0.0,0.0,0.0,0.0,0.0,89.8,0.0,0.0,0.0,10.2,0.0,0.0,0.0,0.0,0.0,65.35,0.0,0.0,0.0,34.65,0.0,0.0,0.0,0.0,0.0,96.0,0.0,0.0,0.0,4.0,0.0,0.0,0.0,0.0,0.0,83.51,0.0,0.0,0.0,16.49,0.0,0.0,0.0,0.0,0.0,82.0,0.0,0.0,0.0,18.0,0.0,0.0,0.0,0.0,0.0,100.0,0.0,0.0,0.0,0.0,0.0,0.0,0.0,0.0,0.0,61.62,0.0,0.0,0.0,38.38,0.0,0.0,0.0,0.0,0.0,15.0,0.0,0.0,0.0,85.0,1.01,0.0,0.0,0.0,0.0,32.32,0.0,0.0,0.0,66.67,0.0,0.0,0.0,0.0,0.0,48.0,0.0,0.0,0.0,52.0,0.99,0.0,0.99,0.0,0.0,30.69,0.0,0.0,0.0,67.33,0.0,0.0,0.0,0.0,0.0,35.64,0.0,0.0,0.0,64.36,0.0,0.0,0.0,0.0,0.0,42.42,0.0,0.0,0.0,57.58,0.0,0.0,0.0,0.0,0.0,45.54,0.0,0.0,0.0,54.46,0.99,0.0,0.99,17.82,0.0,0.0,0.0,0.0,0.0,80.2,0.0,0.0,1.01,0.0,0.0,0.0,0.0,0.0,0.0,98.99,0.0,0.0,0.0,0.0,0.0,0.0,0.0,0.0,0.0,100.0,0.0,0.0,0.0,0.0,0.0,0.0,0.0,0.0,0.0,100.0,0.0,0.0,0.0,0.0,0.0,0.0,0.0,0.0,0.0,100.0,0.0,0.0,1.0,0.0,0.0,0.0,0.0,0.0,0.0,99.0,0.99,0.0,0.0,0.0,0.0,0.0,0.0,0.0,0.0,99.01,0.0,0.0,0.0,0.0,0.0,0.0,0.0,0.0,0.0,100.0
464,0.0,0.0,0.0,0.0,0.0,91.92,0.0,0.0,0.0,8.08,0.0,0.0,0.0,0.0,0.0,100.0,0.0,0.0,0.0,0.0,0.0,0.0,0.0,0.0,0.0,90.0,0.0,0.0,0.0,10.0,0.0,0.0,0.0,0.0,0.0,65.35,0.0,0.0,0.0,34.65,0.0,0.0,0.0,0.0,0.0,95.1,0.0,0.0,0.0,4.9,0.0,0.0,0.0,0.0,0.0,85.0,0.0,0.0,0.0,15.0,0.0,0.0,0.0,0.0,0.0,82.52,0.0,0.0,0.0,17.48,0.0,0.0,0.0,0.0,0.0,100.0,0.0,0.0,0.0,0.0,0.0,0.0,0.0,0.0,0.0,61.86,0.0,0.0,0.0,38.14,0.0,0.0,0.0,0.0,0.0,15.15,0.0,0.0,0.0,84.85,1.0,0.0,1.0,0.0,0.0,32.0,0.0,0.0,0.0,66.0,0.0,0.0,1.0,0.0,0.0,48.0,0.0,0.0,0.0,51.0,0.99,0.0,0.0,0.0,0.0,30.69,0.0,0.0,0.0,68.32,0.0,0.0,0.0,0.0,0.0,36.63,0.0,0.0,0.0,63.37,0.0,0.0,0.0,0.0,0.0,42.42,0.0,0.0,0.0,57.58,0.0,0.0,0.0,0.0,0.0,45.45,0.0,0.0,0.0,54.55,0.0,0.0,0.0,0.0,0.0,0.0,0.0,0.0,0.0,100.0,0.0,0.0,1.01,6.06,0.0,0.0,0.0,0.0,0.0,92.93,0.0,0.0,0.0,11.11,0.0,0.0,0.0,0.0,0.0,88.89,0.0,0.0,0.99,0.0,0.0,0.0,0.0,0.0,0.0,99.01,0.0,0.0,0.0,0.0,0.0,0.0,0.0,0.0,0.0,100.0,0.0,0.0,1.0,0.0,0.0,0.0,0.0,0.0,0.0,99.0,0.0,0.0,0.0,0.0,0.0,0.0,0.0,0.0,0.0,100.0,0.0,0.0,0.0,0.0,0.0,0.0,0.0,0.0,0.0,100.0
465,0.0,0.0,0.0,0.0,0.0,91.18,0.0,0.0,0.0,8.82,0.0,0.0,0.0,0.0,0.0,100.0,0.0,0.0,0.0,0.0,0.0,0.0,0.0,0.0,0.0,90.82,0.0,0.0,0.0,9.18,0.0,0.0,0.0,0.0,0.0,65.66,0.0,0.0,0.0,34.34,0.0,0.0,0.0,0.0,0.0,96.04,0.0,0.0,0.0,3.96,0.0,0.0,0.0,0.0,0.0,84.0,0.0,0.0,0.0,16.0,0.0,0.0,0.0,0.0,0.0,82.18,0.0,0.0,0.0,17.82,0.0,0.0,0.0,0.0,0.0,100.0,0.0,0.0,0.0,0.0,0.0,0.0,0.0,0.0,0.0,61.22,0.0,0.0,0.0,38.78,0.0,0.0,0.0,0.0,0.0,15.0,0.0,0.0,0.0,85.0,0.0,0.0,1.0,0.0,0.0,32.0,0.0,0.0,0.0,67.0,0.0,0.0,0.0,0.0,0.0,48.0,0.0,0.0,0.0,52.0,0.0,0.0,0.0,0.0,0.0,31.63,0.0,0.0,0.0,68.37,0.0,0.0,0.0,0.0,0.0,36.0,0.0,0.0,0.0,64.0,0.0,0.0,1.0,0.0,0.0,42.0,0.0,0.0,0.0,57.0,0.0,0.0,0.0,0.0,0.0,47.0,0.0,0.0,0.0,53.0,3.0,0.0,0.0,0.0,0.0,0.0,0.0,0.0,0.0,97.0,1.01,0.0,0.0,0.0,0.0,0.0,0.0,0.0,0.0,98.99,2.0,0.0,1.0,17.0,0.0,0.0,0.0,0.0,0.0,80.0,0.0,0.0,0.0,0.0,0.0,0.0,0.0,0.0,0.0,100.0,0.0,0.0,0.99,0.0,0.0,0.0,0.0,0.0,0.0,99.01,0.0,0.0,0.0,0.0,0.0,0.0,0.0,0.0,0.0,100.0,0.0,0.0,0.0,0.0,0.0,0.0,0.0,0.0,0.0,100.0,0.0,0.0,0.0,0.0,0.0,0.0,0.0,0.0,0.0,100.0
466,0.0,0.0,0.0,0.0,0.0,92.93,0.0,0.0,0.0,7.07,0.0,0.0,0.0,0.0,0.0,100.0,0.0,0.0,0.0,0.0,0.0,0.0,0.0,0.0,0.0,89.9,0.0,0.0,0.0,10.1,0.99,0.0,0.0,0.0,0.0,64.36,0.0,0.0,0.0,34.65,0.0,0.0,0.0,0.0,0.0,96.08,0.0,0.0,0.0,3.92,0.0,0.0,0.0,0.0,0.0,85.0,0.0,0.0,0.0,15.0,0.0,0.0,0.0,0.0,0.0,82.35,0.0,0.0,0.0,17.65,0.0,0.0,0.0,0.0,0.0,100.0,0.0,0.0,0.0,0.0,0.0,0.0,0.0,0.0,0.0,60.64,0.0,0.0,0.0,39.36,0.0,0.0,0.0,0.0,0.0,15.15,0.0,0.0,0.0,84.85,0.99,0.0,0.99,0.0,0.0,32.67,0.0,0.0,0.0,65.35,0.0,0.0,0.0,0.0,0.0,49.0,0.0,0.0,0.0,51.0,0.0,0.0,0.0,0.0,0.0,30.3,0.0,0.0,0.0,69.7,0.0,0.0,0.0,0.0,0.0,39.0,0.0,0.0,0.0,61.0,0.99,0.0,0.0,0.0,0.0,41.58,0.0,0.0,0.0,57.43,0.0,0.0,0.0,0.0,0.0,47.06,0.0,0.0,0.0,52.94,0.0,0.0,0.0,6.06,0.0,0.0,0.0,0.0,0.0,93.94,0.0,0.0,1.0,8.0,0.0,0.0,0.0,0.0,0.0,91.0,0.0,0.0,1.0,4.0,0.0,0.0,0.0,0.0,0.0,95.0,1.01,0.0,0.0,0.0,0.0,0.0,0.0,0.0,0.0,98.99,1.0,0.0,0.0,0.0,0.0,0.0,0.0,0.0,0.0,99.0,0.99,0.0,0.0,0.0,0.0,0.0,0.0,0.0,0.0,99.01,0.0,0.0,0.0,0.0,0.0,0.0,0.0,0.0,0.0,100.0,0.0,0.0,0.0,0.0,0.0,0.0,0.0,0.0,0.0,100.0
467,0.0,0.0,0.0,0.0,0.0,90.91,0.0,0.0,0.0,9.09,0.0,0.0,0.0,0.0,0.0,100.0,0.0,0.0,0.0,0.0,0.0,0.0,0.0,0.0,0.0,89.58,0.0,0.0,0.0,10.42,0.0,0.0,0.0,0.0,0.0,65.69,0.0,0.0,0.0,34.31,0.0,0.0,0.0,0.0,0.0,96.0,0.0,0.0,0.0,4.0,0.0,0.0,0.0,0.0,0.0,84.38,0.0,0.0,0.0,15.62,0.0,0.0,0.0,0.0,0.0,81.37,0.0,0.0,0.0,18.63,0.0,0.0,0.0,0.0,0.0,100.0,0.0,0.0,0.0,0.0,0.0,0.0,1.0,0.0,0.0,61.0,0.0,0.0,0.0,38.0,0.0,0.0,0.0,0.0,0.0,14.14,0.0,0.0,0.0,85.86,1.0,0.0,1.0,0.0,0.0,33.0,0.0,0.0,0.0,65.0,0.0,0.0,0.0,0.0,0.0,49.5,0.0,0.0,0.0,50.5,0.99,0.0,0.0,0.0,0.0,28.71,0.0,0.0,0.0,70.3,0.0,0.0,0.0,0.0,0.0,39.0,0.0,0.0,0.0,61.0,0.0,0.0,0.0,0.0,0.0,41.41,0.0,0.0,0.0,58.59,0.0,0.0,0.0,0.0,0.0,47.0,0.0,0.0,0.0,53.0,1.0,0.0,0.0,5.0,0.0,0.0,0.0,0.0,0.0,94.0,1.01,0.0,0.0,0.0,0.0,0.0,0.0,0.0,0.0,98.99,0.0,0.0,0.0,12.24,0.0,0.0,0.0,0.0,0.0,87.76,1.0,0.0,0.0,0.0,0.0,0.0,0.0,0.0,0.0,99.0,0.0,0.0,0.0,0.0,0.0,0.0,0.0,0.0,0.0,100.0,0.0,0.0,0.0,0.0,0.0,0.0,0.0,0.0,0.0,100.0,0.0,0.0,0.0,0.0,0.0,0.0,0.0,0.0,0.0,100.0,0.0,0.0,0.0,0.0,0.0,0.0,0.0,0.0,0.0,100.0
468,0.0,0.0,0.0,0.0,0.0,92.0,0.0,0.0,0.0,8.0,0.0,0.0,0.0,0.0,0.0,100.0,0.0,0.0,0.0,0.0,0.0,0.0,0.0,0.0,0.0,91.0,0.0,0.0,0.0,9.0,0.0,0.0,0.0,0.0,0.0,65.35,0.0,0.0,0.0,34.65,0.0,0.0,0.0,0.0,0.0,95.05,0.0,0.0,0.0,4.95,0.0,0.0,0.0,0.0,0.0,84.16,0.0,0.0,0.0,15.84,0.0,0.0,0.0,0.0,0.0,81.63,0.0,0.0,0.0,18.37,0.0,0.0,0.0,0.0,0.0,100.0,0.0,0.0,0.0,0.0,1.0,0.0,1.0,0.0,0.0,62.0,0.0,0.0,0.0,36.0,0.0,0.0,0.0,0.0,0.0,15.0,0.0,0.0,0.0,85.0,0.0,0.0,0.0,0.0,0.0,33.66,0.0,0.0,0.0,66.34,0.98,0.0,0.0,0.0,0.0,54.9,0.0,0.0,0.0,44.12,0.0,0.0,1.02,0.0,0.0,31.63,0.0,0.0,0.0,67.35,0.0,0.0,0.0,0.0,0.0,41.41,0.0,0.0,0.0,58.59,0.0,0.0,0.0,0.0,0.0,42.86,0.0,0.0,0.0,57.14,0.0,0.0,0.0,0.0,0.0,46.53,0.0,0.0,0.0,53.47,0.0,0.0,0.0,4.08,0.0,0.0,0.0,0.0,0.0,95.92,0.0,0.0,0.0,0.0,0.0,0.0,0.0,0.0,0.0,100.0,1.01,0.0,0.0,13.13,0.0,0.0,0.0,0.0,0.0,85.86,0.0,0.0,0.0,0.0,0.0,0.0,0.0,0.0,0.0,100.0,0.0,0.0,0.0,0.0,0.0,0.0,0.0,0.0,0.0,100.0,0.0,0.0,1.01,0.0,0.0,0.0,0.0,0.0,0.0,98.99,0.0,0.0,0.0,0.0,0.0,0.0,0.0,0.0,0.0,100.0,3.96,0.0,1.98,0.0,0.0,0.0,0.0,0.0,0.0,94.06
469,0.0,0.0,0.0,0.0,0.0,91.92,0.0,0.0,0.0,8.08,0.0,0.0,0.0,0.0,0.0,100.0,0.0,0.0,0.0,0.0,0.0,0.0,0.0,0.0,0.0,90.0,0.0,0.0,0.0,10.0,0.0,0.0,0.0,0.0,0.0,65.35,0.0,0.0,0.0,34.65,0.97,0.0,0.97,0.0,0.0,92.23,0.0,0.0,0.0,5.83,0.0,0.0,0.0,0.0,0.0,84.0,0.0,0.0,0.0,16.0,0.0,0.0,0.0,0.0,0.0,83.0,0.0,0.0,0.0,17.0,0.0,0.0,0.0,0.0,0.0,100.0,0.0,0.0,0.0,0.0,0.0,0.0,0.0,0.0,0.0,61.22,0.0,0.0,0.0,38.78,0.0,0.0,0.0,0.0,0.0,15.15,0.0,0.0,0.0,84.85,0.0,0.0,0.0,0.0,0.0,31.63,0.0,0.0,0.0,68.37,0.0,0.0,0.0,0.0,0.0,50.0,0.0,0.0,0.0,50.0,1.0,0.0,0.0,0.0,0.0,36.0,0.0,0.0,0.0,63.0,0.0,0.0,0.0,0.0,0.0,42.42,0.0,0.0,0.0,57.58,0.0,0.0,1.01,0.0,0.0,41.41,0.0,0.0,0.0,57.58,0.0,0.0,0.0,0.0,0.0,42.42,0.0,0.0,0.0,57.58,0.0,0.0,1.01,0.0,0.0,0.0,0.0,0.0,0.0,98.99,0.0,0.0,0.0,0.0,0.0,0.0,0.0,0.0,0.0,100.0,0.99,0.0,0.99,18.81,0.0,0.0,0.0,0.0,0.0,79.21,0.0,0.0,0.0,0.0,0.0,0.0,0.0,0.0,0.0,100.0,0.0,0.0,1.0,0.0,0.0,0.0,0.0,0.0,0.0,99.0,0.0,0.0,0.0,0.0,0.0,0.0,0.0,0.0,0.0,100.0,0.0,0.0,0.0,0.0,0.0,0.0,0.0,0.0,0.0,100.0,4.0,0.0,1.0,0.0,0.0,0.0,0.0,0.0,0.0,95.0
470,0.0,0.0,0.0,0.0,0.0,88.12,0.0,0.0,0.0,11.88,0.0,0.0,0.0,0.0,0.0,100.0,0.0,0.0,0.0,0.0,0.0,0.0,0.0,0.0,0.0,87.25,0.0,0.0,0.0,12.75,0.0,0.0,0.99,0.0,0.0,64.36,0.0,0.0,0.0,34.65,0.0,0.0,0.0,0.0,0.0,92.16,0.0,0.0,0.0,7.84,0.0,0.0,0.0,0.0,0.0,81.63,0.0,0.0,0.0,18.37,0.0,0.0,0.0,0.0,0.0,81.19,0.0,0.0,0.0,18.81,0.0,0.0,0.0,0.0,0.0,100.0,0.0,0.0,0.0,0.0,0.0,0.0,0.0,0.0,0.0,62.38,0.0,0.0,0.0,37.62,1.0,0.0,0.0,0.0,0.0,14.0,0.0,0.0,0.0,85.0,1.0,0.0,1.0,0.0,0.0,30.0,0.0,0.0,0.0,68.0,0.0,0.0,0.0,0.0,0.0,52.53,0.0,0.0,0.0,47.47,1.02,0.0,0.0,0.0,0.0,34.69,0.0,0.0,0.0,64.29,0.0,0.0,0.0,0.0,0.0,43.0,0.0,0.0,0.0,57.0,1.01,0.0,0.0,0.0,0.0,41.41,0.0,0.0,0.0,57.58,0.0,0.0,0.0,0.0,0.0,43.56,0.0,0.0,0.0,56.44,0.0,0.0,0.0,0.0,0.0,0.0,0.0,0.0,0.0,100.0,0.98,0.0,0.98,0.0,0.0,0.0,0.0,0.0,0.0,98.04,0.0,0.0,0.0,17.35,0.0,0.0,0.0,0.0,0.0,82.65,0.0,0.0,0.0,0.0,0.0,0.0,0.0,0.0,0.0,100.0,0.0,0.0,0.0,0.0,0.0,0.0,0.0,0.0,0.0,100.0,0.0,0.0,0.0,0.0,0.0,0.0,0.0,0.0,0.0,100.0,0.0,0.0,1.0,0.0,0.0,0.0,0.0,0.0,0.0,99.0,0.0,0.0,0.0,0.0,0.0,0.0,0.0,0.0,0.0,100.0
471,0.0,0.0,0.0,0.0,0.0,88.89,0.0,0.0,0.0,11.11,0.0,0.0,0.0,0.0,0.0,100.0,0.0,0.0,0.0,0.0,0.0,0.0,0.0,0.0,0.0,86.0,0.0,0.0,0.0,14.0,0.0,0.0,0.0,0.0,0.0,65.66,0.0,0.0,0.0,34.34,0.0,0.0,0.0,0.0,0.0,92.23,0.0,0.0,0.0,7.77,0.0,0.0,0.0,0.0,0.0,79.57,0.0,0.0,0.0,20.43,0.0,0.0,0.0,0.0,0.0,79.8,0.0,0.0,0.0,20.2,0.0,0.0,0.0,0.0,0.0,100.0,0.0,0.0,0.0,0.0,0.0,0.0,0.0,0.0,0.0,60.61,0.0,0.0,0.0,39.39,0.0,0.0,0.98,0.0,0.0,15.69,0.0,0.0,0.0,83.33,1.01,0.0,0.0,0.0,0.0,31.31,0.0,0.0,0.0,67.68,0.99,0.0,0.0,0.0,0.0,51.49,0.0,0.0,0.0,47.52,0.0,0.0,1.0,0.0,0.0,35.0,0.0,0.0,0.0,64.0,0.0,0.0,0.0,0.0,0.0,42.42,0.0,0.0,0.0,57.58,0.0,0.0,0.0,0.0,0.0,42.27,0.0,0.0,0.0,57.73,0.0,0.0,0.0,0.0,0.0,45.54,0.0,0.0,0.0,54.46,1.0,0.0,0.0,9.0,0.0,0.0,0.0,0.0,0.0,90.0,0.0,0.0,0.0,0.0,0.0,0.0,0.0,0.0,0.0,100.0,0.0,0.0,1.0,9.0,0.0,0.0,0.0,0.0,0.0,90.0,0.0,0.0,0.0,0.0,0.0,0.0,0.0,0.0,0.0,100.0,0.0,0.0,0.0,0.0,0.0,0.0,0.0,0.0,0.0,100.0,0.0,0.0,0.0,0.0,0.0,0.0,0.0,0.0,0.0,100.0,1.0,0.0,0.0,0.0,0.0,0.0,0.0,0.0,0.0,99.0,0.0,0.0,0.0,0.0,0.0,0.0,0.0,0.0,0.0,100.0
472,0.0,0.0,0.0,0.0,0.0,91.09,0.0,0.0,0.0,8.91,0.0,0.0,0.0,0.0,0.0,100.0,0.0,0.0,0.0,0.0,0.0,0.0,0.0,0.0,0.0,88.0,0.0,0.0,0.0,12.0,0.0,0.0,0.0,0.0,0.0,64.29,0.0,0.0,0.0,35.71,0.0,0.0,0.0,0.0,0.0,93.14,0.0,0.0,0.0,6.86,0.0,0.0,0.0,0.0,0.0,82.83,0.0,0.0,0.0,17.17,0.0,0.0,0.0,0.0,0.0,81.0,0.0,0.0,0.0,19.0,0.0,0.0,0.0,0.0,0.0,100.0,0.0,0.0,0.0,0.0,0.0,0.0,0.0,0.0,0.0,62.0,0.0,0.0,0.0,38.0,0.0,0.0,0.0,0.0,0.0,15.15,0.0,0.0,0.0,84.85,0.0,0.0,0.0,0.0,0.0,29.59,0.0,0.0,0.0,70.41,0.0,0.0,0.0,0.0,0.0,50.0,0.0,0.0,0.0,50.0,1.0,0.0,0.0,0.0,0.0,35.0,0.0,0.0,0.0,64.0,0.99,0.0,0.0,0.0,0.0,42.57,0.0,0.0,0.0,56.44,0.0,0.0,0.0,0.0,0.0,43.43,0.0,0.0,0.0,56.57,0.99,0.0,0.0,0.0,0.0,45.54,0.0,0.0,0.0,53.47,0.0,0.0,0.0,17.17,0.0,0.0,0.0,0.0,0.0,82.83,0.0,0.0,0.0,0.0,0.0,0.0,0.0,0.0,0.0,100.0,0.0,0.0,0.0,0.0,0.0,0.0,0.0,0.0,0.0,100.0,0.0,0.0,1.0,0.0,0.0,0.0,0.0,0.0,0.0,99.0,0.0,0.0,0.0,0.0,0.0,0.0,0.0,0.0,0.0,100.0,0.99,0.0,0.0,0.0,0.0,0.0,0.0,0.0,0.0,99.01,0.0,0.0,1.0,0.0,0.0,0.0,0.0,0.0,0.0,99.0,0.0,0.0,0.0,0.0,0.0,0.0,0.0,0.0,0.0,100.0
473,0.0,0.0,0.0,0.0,0.0,90.91,0.0,0.0,0.0,9.09,0.0,0.0,0.0,0.0,0.0,100.0,0.0,0.0,0.0,0.0,0.0,0.0,0.0,0.0,0.0,87.0,0.0,0.0,0.0,13.0,0.0,0.0,0.0,0.0,0.0,65.0,0.0,0.0,0.0,35.0,0.0,0.0,0.0,0.0,0.0,93.07,0.0,0.0,0.0,6.93,0.0,0.0,0.0,0.0,0.0,82.47,0.0,0.0,0.0,17.53,0.0,0.0,0.0,0.0,0.0,81.82,0.0,0.0,0.0,18.18,0.0,0.0,0.0,0.0,0.0,100.0,0.0,0.0,0.0,0.0,1.0,0.0,0.0,0.0,0.0,62.0,0.0,0.0,0.0,37.0,0.0,0.0,0.0,0.0,0.0,15.0,0.0,0.0,0.0,85.0,1.0,0.0,1.0,0.0,0.0,30.0,0.0,0.0,0.0,68.0,0.0,0.0,0.0,0.0,0.0,51.96,0.0,0.0,0.0,48.04,1.0,0.0,0.0,0.0,0.0,35.0,0.0,0.0,0.0,64.0,0.0,0.0,0.0,0.0,0.0,43.43,0.0,0.0,0.0,56.57,1.0,0.0,1.0,0.0,0.0,43.0,0.0,0.0,0.0,55.0,0.0,0.0,0.0,0.0,0.0,45.45,0.0,0.0,0.0,54.55,0.99,0.0,0.99,17.82,0.0,0.0,0.0,0.0,0.0,80.2,0.0,0.0,0.0,0.0,0.0,0.0,0.0,0.0,0.0,100.0,0.99,0.0,0.0,0.0,0.0,0.0,0.0,0.0,0.0,99.01,0.0,0.0,0.0,0.0,0.0,0.0,0.0,0.0,0.0,100.0,0.0,0.0,0.0,0.0,0.0,0.0,0.0,0.0,0.0,100.0,0.0,0.0,0.0,0.0,0.0,0.0,0.0,0.0,0.0,100.0,0.0,0.0,0.0,0.0,0.0,0.0,0.0,0.0,0.0,100.0,0.0,0.0,0.0,0.0,0.0,0.0,0.0,0.0,0.0,100.0
474,0.0,0.0,0.0,0.0,0.0,88.0,0.0,0.0,0.0,12.0,0.0,0.0,0.99,0.0,0.0,99.01,0.0,0.0,0.0,0.0,0.0,0.0,1.01,0.0,0.0,85.86,0.0,0.0,0.0,13.13,0.0,0.0,0.0,0.0,0.0,65.05,0.0,0.0,0.0,34.95,0.0,0.0,0.0,0.0,0.0,90.48,0.0,0.0,0.0,9.52,0.0,0.0,0.0,0.0,0.0,80.61,0.0,0.0,0.0,19.39,0.0,0.0,0.0,0.0,0.0,80.2,0.0,0.0,0.0,19.8,0.0,0.0,0.0,0.0,0.0,100.0,0.0,0.0,0.0,0.0,0.0,0.0,0.0,0.0,0.0,59.38,0.0,0.0,0.0,40.62,0.0,0.0,0.0,0.0,0.0,15.0,0.0,0.0,0.0,85.0,0.0,0.0,0.0,0.0,0.0,31.31,0.0,0.0,0.0,68.69,0.0,0.0,0.0,0.0,0.0,52.53,0.0,0.0,0.0,47.47,0.0,0.0,1.0,0.0,0.0,34.0,0.0,0.0,0.0,65.0,0.0,0.0,0.0,0.0,0.0,43.43,0.0,0.0,0.0,56.57,0.99,0.0,0.0,0.0,0.0,42.57,0.0,0.0,0.0,56.44,0.0,0.0,0.0,0.0,0.0,44.0,0.0,0.0,0.0,56.0,0.0,0.0,0.0,17.35,0.0,0.0,0.0,0.0,0.0,82.65,0.0,0.0,0.0,0.0,0.0,0.0,0.0,0.0,0.0,100.0,1.01,0.0,0.0,0.0,0.0,0.0,0.0,0.0,0.0,98.99,0.0,0.0,0.0,0.0,0.0,0.0,0.0,0.0,0.0,100.0,0.0,0.0,0.0,0.0,0.0,0.0,0.0,0.0,0.0,100.0,0.0,0.0,0.0,0.0,0.0,0.0,0.0,0.0,0.0,100.0,0.99,0.0,0.99,0.0,0.0,0.0,0.0,0.0,0.0,98.02,0.0,0.0,0.0,0.0,0.0,0.0,0.0,0.0,0.0,100.0
475,0.0,0.0,0.0,0.0,0.0,94.06,0.0,0.0,0.0,5.94,0.0,0.0,0.0,0.0,0.0,100.0,0.0,0.0,0.0,0.0,0.0,0.0,0.0,0.0,0.0,89.11,0.0,0.0,0.0,10.89,0.0,0.0,0.0,0.0,0.0,65.66,0.0,0.0,0.0,34.34,0.0,0.0,0.0,0.0,0.0,95.05,0.0,0.0,0.0,4.95,0.0,0.0,0.0,0.0,0.0,84.38,0.0,0.0,0.0,15.62,0.0,0.0,0.0,0.0,0.0,82.83,0.0,0.0,0.0,17.17,0.0,0.0,0.0,0.0,0.0,100.0,0.0,0.0,0.0,0.0,0.0,0.0,0.98,0.0,0.0,62.75,0.0,0.0,0.0,36.27,0.0,0.0,0.0,0.0,0.0,15.15,0.0,0.0,0.0,84.85,0.0,0.0,0.98,0.0,0.0,33.33,0.0,0.0,0.0,65.69,0.0,0.0,0.0,0.0,0.0,53.47,0.0,0.0,0.0,46.53,1.0,0.0,0.0,0.0,0.0,35.0,0.0,0.0,0.0,64.0,0.0,0.0,0.0,0.0,0.0,43.0,0.0,0.0,0.0,57.0,0.99,0.0,0.99,0.0,0.0,43.56,0.0,0.0,0.0,54.46,0.0,0.0,0.0,0.0,0.0,46.53,0.0,0.0,0.0,53.47,0.0,0.0,0.0,14.14,0.0,0.0,0.0,0.0,0.0,85.86,0.99,0.0,0.99,3.96,0.0,0.0,0.0,0.0,0.0,94.06,1.98,0.0,0.99,0.0,0.0,0.0,0.0,0.0,0.0,97.03,0.0,0.0,1.0,0.0,0.0,0.0,0.0,0.0,0.0,99.0,0.0,0.0,0.0,0.0,0.0,0.0,0.0,0.0,0.0,100.0,0.0,0.0,0.99,0.0,0.0,0.0,0.0,0.0,0.0,99.01,0.0,0.0,0.0,0.0,0.0,0.0,0.0,0.0,0.0,100.0,0.0,0.0,0.0,0.0,0.0,0.0,0.0,0.0,0.0,100.0
476,0.0,0.0,0.0,0.0,0.0,88.0,0.0,0.0,0.0,12.0,0.0,0.0,0.0,0.0,0.0,100.0,0.0,0.0,0.0,0.0,0.0,0.0,0.0,0.0,0.0,88.0,0.0,0.0,0.0,12.0,0.0,0.0,0.0,0.0,0.0,65.35,0.0,0.0,0.0,34.65,0.0,0.0,0.0,0.0,0.0,91.35,0.0,0.0,0.0,8.65,0.0,0.0,0.0,0.0,0.0,81.05,0.0,0.0,0.0,18.95,0.0,0.0,0.0,0.0,0.0,81.19,0.0,0.0,0.0,18.81,0.0,0.0,0.0,0.0,0.0,100.0,0.0,0.0,0.0,0.0,0.0,0.0,0.0,0.0,0.0,62.0,0.0,0.0,0.0,38.0,0.0,0.0,0.0,0.0,0.0,14.14,0.0,0.0,0.0,85.86,1.0,0.0,0.0,0.0,0.0,30.0,0.0,0.0,0.0,69.0,0.98,0.0,0.98,0.0,0.0,47.06,0.0,0.0,0.0,50.98,0.0,0.0,0.0,0.0,0.0,33.33,0.0,0.0,0.0,66.67,0.0,0.0,0.0,0.0,0.0,42.42,0.0,0.0,0.0,57.58,0.0,0.0,0.0,0.0,0.0,42.42,0.0,0.0,0.0,57.58,0.0,0.0,0.0,0.0,0.0,46.53,0.0,0.0,0.0,53.47,0.0,0.0,0.0,4.0,0.0,0.0,0.0,0.0,0.0,96.0,0.0,0.0,0.0,13.27,0.0,0.0,0.0,0.0,0.0,86.73,1.0,0.0,0.0,0.0,0.0,0.0,0.0,0.0,0.0,99.0,1.0,0.0,0.0,0.0,0.0,0.0,0.0,0.0,0.0,99.0,0.0,0.0,0.0,0.0,0.0,0.0,0.0,0.0,0.0,100.0,0.0,0.0,0.0,0.0,0.0,0.0,0.0,0.0,0.0,100.0,0.99,0.0,0.99,0.0,0.0,0.0,0.0,0.0,0.0,98.02,0.0,0.0,0.0,0.0,0.0,0.0,0.0,0.0,0.0,100.0
477,0.0,0.0,0.0,0.0,0.0,92.0,0.0,0.0,0.0,8.0,0.0,0.0,0.0,0.0,0.0,100.0,0.0,0.0,0.0,0.0,0.0,0.0,0.0,0.0,0.0,88.35,0.0,0.0,0.0,11.65,0.0,0.0,0.0,0.0,0.0,65.0,0.0,0.0,0.0,35.0,0.0,0.0,0.0,0.0,0.0,94.12,0.0,0.0,0.0,5.88,0.0,0.0,0.0,0.0,0.0,82.11,0.0,0.0,0.0,17.89,0.0,0.0,0.0,0.0,0.0,82.18,0.0,0.0,0.0,17.82,0.0,0.0,0.0,0.0,0.0,100.0,0.0,0.0,0.0,0.0,0.0,0.0,0.0,0.0,0.0,62.0,0.0,0.0,0.0,38.0,0.99,0.0,0.0,0.0,0.0,14.85,0.0,0.0,0.0,84.16,0.0,0.0,0.0,0.0,0.0,30.69,0.0,0.0,0.0,69.31,0.0,0.0,0.0,0.0,0.0,49.02,0.0,0.0,0.0,50.98,0.0,0.0,1.02,0.0,0.0,33.67,0.0,0.0,0.0,65.31,0.0,0.0,0.0,0.0,0.0,42.57,0.0,0.0,0.0,57.43,0.0,0.0,0.0,0.0,0.0,43.56,0.0,0.0,0.0,56.44,0.0,0.0,0.0,0.0,0.0,46.53,0.0,0.0,0.0,53.47,0.0,0.0,0.0,6.12,0.0,0.0,0.0,0.0,0.0,93.88,1.0,0.0,1.0,11.0,0.0,0.0,0.0,0.0,0.0,87.0,1.01,0.0,0.0,0.0,0.0,0.0,0.0,0.0,0.0,98.99,1.0,0.0,1.0,0.0,0.0,0.0,0.0,0.0,0.0,98.0,0.0,0.0,0.0,0.0,0.0,0.0,0.0,0.0,0.0,100.0,0.0,0.0,0.0,0.0,0.0,0.0,0.0,0.0,0.0,100.0,0.0,0.0,0.0,0.0,0.0,0.0,0.0,0.0,0.0,100.0,0.0,0.0,0.0,0.0,0.0,0.0,0.0,0.0,0.0,100.0
478,0.0,0.0,0.0,0.0,0.0,91.92,0.0,0.0,0.0,8.08,0.0,0.0,0.0,0.0,0.0,100.0,0.0,0.0,0.0,0.0,0.0,0.0,0.0,0.0,0.0,88.89,0.0,0.0,0.0,11.11,0.0,0.0,0.0,0.0,0.0,66.0,0.0,0.0,0.0,34.0,0.0,0.0,0.0,0.0,0.0,94.12,0.0,0.0,0.0,5.88,0.0,0.0,0.0,0.0,0.0,83.84,0.0,0.0,0.0,16.16,0.0,0.0,0.0,0.0,0.0,82.18,0.0,0.0,0.0,17.82,0.0,0.0,0.99,0.0,0.0,99.01,0.0,0.0,0.0,0.0,0.0,0.0,0.0,0.0,0.0,62.24,0.0,0.0,0.0,37.76,0.0,0.0,0.0,0.0,0.0,15.0,0.0,0.0,0.0,85.0,0.0,0.0,0.0,0.0,0.0,30.3,0.0,0.0,0.0,69.7,0.0,0.0,0.0,0.0,0.0,49.0,0.0,0.0,0.0,51.0,1.02,0.0,0.0,0.0,0.0,33.67,0.0,0.0,0.0,65.31,0.0,0.0,0.0,0.0,0.0,43.0,0.0,0.0,0.0,57.0,0.0,0.0,0.0,0.0,0.0,42.27,0.0,0.0,0.0,57.73,0.0,0.0,0.0,0.0,0.0,46.0,0.0,0.0,0.0,54.0,0.0,0.0,1.01,18.18,0.0,0.0,0.0,0.0,0.0,80.81,0.0,0.0,0.0,0.0,0.0,0.0,0.0,0.0,0.0,100.0,0.0,0.0,1.02,0.0,0.0,0.0,0.0,0.0,0.0,98.98,1.02,0.0,0.0,0.0,0.0,0.0,0.0,0.0,0.0,98.98,0.0,0.0,0.0,0.0,0.0,0.0,0.0,0.0,0.0,100.0,0.0,0.0,0.0,0.0,0.0,0.0,0.0,0.0,0.0,100.0,0.0,0.0,1.01,0.0,0.0,0.0,0.0,0.0,0.0,98.99,2.97,0.0,0.0,0.0,0.0,0.0,0.0,0.0,0.0,97.03
479,0.0,0.0,0.0,0.0,0.0,93.07,0.0,0.0,0.0,6.93,0.0,0.0,0.0,0.0,0.0,100.0,0.0,0.0,0.0,0.0,0.0,0.0,0.0,0.0,0.0,89.0,0.0,0.0,0.0,11.0,0.0,0.0,0.0,0.0,0.0,65.69,0.0,0.0,0.0,34.31,0.0,0.0,0.0,0.0,0.0,95.05,0.0,0.0,0.0,4.95,0.0,0.0,0.0,0.0,0.0,82.11,0.0,0.0,0.0,17.89,0.0,0.0,0.0,0.0,0.0,81.0,0.0,0.0,0.0,19.0,0.0,0.0,0.0,0.0,0.0,100.0,0.0,0.0,0.0,0.0,0.0,0.0,0.0,0.0,0.0,61.62,0.0,0.0,0.0,38.38,0.0,0.0,0.0,0.0,0.0,15.0,0.0,0.0,0.0,85.0,0.0,0.0,0.0,0.0,0.0,31.31,0.0,0.0,0.0,68.69,0.0,0.0,0.0,0.0,0.0,50.51,0.0,0.0,0.0,49.49,0.0,0.0,0.0,0.0,0.0,34.34,0.0,0.0,0.0,65.66,0.0,0.0,0.0,0.0,0.0,42.0,0.0,0.0,0.0,58.0,0.99,0.0,0.0,0.0,0.0,43.56,0.0,0.0,0.0,55.45,0.0,0.0,0.0,0.0,0.0,46.0,0.0,0.0,0.0,54.0,0.0,0.0,1.01,18.18,0.0,0.0,0.0,0.0,0.0,80.81,0.0,0.0,0.0,0.0,0.0,0.0,0.0,0.0,0.0,100.0,1.0,0.0,1.0,0.0,0.0,0.0,0.0,0.0,0.0,98.0,0.99,0.0,0.99,0.0,0.0,0.0,0.0,0.0,0.0,98.02,0.0,0.0,0.0,0.0,0.0,0.0,0.0,0.0,0.0,100.0,0.0,0.0,0.0,0.0,0.0,0.0,0.0,0.0,0.0,100.0,0.0,0.0,0.99,0.0,0.0,0.0,0.0,0.0,0.0,99.01,0.0,0.0,0.0,0.0,0.0,0.0,0.0,0.0,0.0,100.0
480,0.0,0.0,0.0,0.0,0.0,89.8,0.0,0.0,0.0,10.2,0.0,0.0,0.0,0.0,0.0,100.0,0.0,0.0,0.0,0.0,0.0,0.0,0.0,0.0,0.0,87.88,0.0,0.0,0.0,12.12,0.0,0.0,0.0,0.0,0.0,64.65,0.0,0.0,0.0,35.35,0.0,0.0,0.97,0.0,0.0,93.2,0.0,0.0,0.0,5.83,0.0,0.0,0.0,0.0,0.0,83.16,0.0,0.0,0.0,16.84,0.0,0.0,0.0,0.0,0.0,81.82,0.0,0.0,0.0,18.18,0.0,0.0,0.0,0.0,0.0,100.0,0.0,0.0,0.0,0.0,1.02,0.0,1.02,0.0,0.0,59.18,0.0,0.0,0.0,38.78,0.0,0.0,0.0,0.0,0.0,15.15,0.0,0.0,0.0,84.85,0.99,0.0,0.99,0.0,0.0,30.69,0.0,0.0,0.0,67.33,0.0,0.0,0.0,0.0,0.0,53.0,0.0,0.0,0.0,47.0,0.0,0.0,0.0,0.0,0.0,36.0,0.0,0.0,0.0,64.0,0.0,0.0,0.0,0.0,0.0,42.42,0.0,0.0,0.0,57.58,0.0,0.0,0.0,0.0,0.0,43.0,0.0,0.0,0.0,57.0,0.0,0.0,0.0,0.0,0.0,45.0,0.0,0.0,0.0,55.0,1.0,0.0,0.0,15.0,0.0,0.0,0.0,0.0,0.0,84.0,0.0,0.0,0.0,4.0,0.0,0.0,0.0,0.0,0.0,96.0,0.0,0.0,1.0,0.0,0.0,0.0,0.0,0.0,0.0,99.0,1.0,0.0,1.0,0.0,0.0,0.0,0.0,0.0,0.0,98.0,0.0,0.0,0.0,0.0,0.0,0.0,0.0,0.0,0.0,100.0,0.0,0.0,0.0,0.0,0.0,0.0,0.0,0.0,0.0,100.0,1.0,0.0,0.0,0.0,0.0,0.0,0.0,0.0,0.0,99.0,0.0,0.0,0.0,0.0,0.0,0.0,0.0,0.0,0.0,100.0
481,0.0,0.0,0.0,0.0,0.0,92.16,0.0,0.0,0.0,7.84,0.0,0.0,0.0,0.0,0.0,100.0,0.0,0.0,0.0,0.0,0.0,0.0,0.0,0.0,0.0,88.12,0.0,0.0,0.0,11.88,0.0,0.0,0.0,0.0,0.0,66.34,0.0,0.0,0.0,33.66,0.0,0.0,0.0,0.0,0.0,95.96,0.0,0.0,0.0,4.04,0.0,0.0,0.0,0.0,0.0,82.29,0.0,0.0,0.0,17.71,0.0,0.0,0.0,0.0,0.0,82.18,0.0,0.0,0.0,17.82,0.0,0.0,0.0,0.0,0.0,100.0,0.0,0.0,0.0,0.0,0.0,0.0,0.0,0.0,0.0,62.24,0.0,0.0,0.0,37.76,0.98,0.0,0.98,0.0,0.0,15.69,0.0,0.0,0.0,82.35,1.02,0.0,0.0,0.0,0.0,30.61,0.0,0.0,0.0,68.37,0.0,0.0,0.0,0.0,0.0,53.0,0.0,0.0,0.0,47.0,1.0,0.0,0.0,0.0,0.0,34.0,0.0,0.0,0.0,65.0,0.99,0.0,0.0,0.0,0.0,42.57,0.0,0.0,0.0,56.44,0.0,0.0,0.0,0.0,0.0,42.86,0.0,0.0,0.0,57.14,0.0,0.0,0.0,0.0,0.0,46.0,0.0,0.0,0.0,54.0,0.0,0.0,1.0,0.0,0.0,0.0,0.0,0.0,0.0,99.0,0.0,0.0,1.0,18.0,0.0,0.0,0.0,0.0,0.0,81.0,0.0,0.0,0.0,0.0,0.0,0.0,0.0,0.0,0.0,100.0,0.0,0.0,0.0,0.0,0.0,0.0,0.0,0.0,0.0,100.0,0.98,0.0,0.98,0.0,0.0,0.0,0.0,0.0,0.0,98.04,0.0,0.0,0.0,0.0,0.0,0.0,0.0,0.0,0.0,100.0,0.0,0.0,1.0,0.0,0.0,0.0,0.0,0.0,0.0,99.0,0.0,0.0,0.0,0.0,0.0,0.0,0.0,0.0,0.0,100.0
482,0.0,0.0,0.0,0.0,0.0,89.9,0.0,0.0,0.0,10.1,0.0,0.0,0.0,0.0,0.0,100.0,0.0,0.0,0.0,0.0,0.0,0.0,0.0,0.0,0.0,88.12,0.0,0.0,0.0,11.88,0.0,0.0,0.0,0.0,0.0,65.0,0.0,0.0,0.0,35.0,0.0,0.0,0.0,0.0,0.0,94.06,0.0,0.0,0.0,5.94,0.0,0.0,0.0,0.0,0.0,82.8,0.0,0.0,0.0,17.2,0.0,0.0,0.0,0.0,0.0,80.81,0.0,0.0,0.0,19.19,0.0,0.0,0.0,0.0,0.0,100.0,0.0,0.0,0.0,0.0,0.97,0.0,0.0,0.0,0.0,62.14,0.0,0.0,0.0,36.89,0.0,0.0,1.0,0.0,0.0,16.0,0.0,0.0,0.0,83.0,0.0,0.0,0.0,0.0,0.0,31.68,0.0,0.0,0.0,68.32,0.0,0.0,0.0,0.0,0.0,48.48,0.0,0.0,0.0,51.52,0.0,0.0,0.0,0.0,0.0,35.0,0.0,0.0,0.0,65.0,0.0,0.0,1.01,0.0,0.0,42.42,0.0,0.0,0.0,56.57,1.0,0.0,0.0,0.0,0.0,42.0,0.0,0.0,0.0,57.0,0.0,0.0,0.0,0.0,0.0,44.9,0.0,0.0,0.0,55.1,1.0,0.0,1.0,0.0,0.0,0.0,0.0,0.0,0.0,98.0,1.0,0.0,0.0,18.0,0.0,0.0,0.0,0.0,0.0,81.0,1.0,0.0,0.0,0.0,0.0,0.0,0.0,0.0,0.0,99.0,0.99,0.0,0.0,0.0,0.0,0.0,0.0,0.0,0.0,99.01,0.0,0.0,0.0,0.0,0.0,0.0,0.0,0.0,0.0,100.0,0.0,0.0,0.0,0.0,0.0,0.0,0.0,0.0,0.0,100.0,0.0,0.0,0.0,0.0,0.0,0.0,0.0,0.0,0.0,100.0,0.0,0.0,0.0,0.0,0.0,0.0,0.0,0.0,0.0,100.0
483,0.0,0.0,0.0,0.0,0.0,93.94,0.0,0.0,0.0,6.06,0.0,0.0,0.0,0.0,0.0,100.0,0.0,0.0,0.0,0.0,0.0,0.0,0.0,0.0,0.0,88.89,0.0,0.0,0.0,11.11,0.0,0.0,0.0,0.0,0.0,65.66,0.0,0.0,0.0,34.34,0.0,0.0,0.0,0.0,0.0,95.05,0.0,0.0,0.0,4.95,0.0,0.0,0.0,0.0,0.0,83.84,0.0,0.0,0.0,16.16,0.0,0.0,0.0,0.0,0.0,82.52,0.0,0.0,0.0,17.48,0.0,0.0,0.0,0.0,0.0,100.0,0.0,0.0,0.0,0.0,0.0,0.0,0.0,0.0,0.0,61.29,0.0,0.0,0.0,38.71,0.0,0.0,0.0,0.0,0.0,15.15,0.0,0.0,0.0,84.85,1.01,0.0,0.0,0.0,0.0,30.3,0.0,0.0,0.0,68.69,0.0,0.0,0.0,0.0,0.0,49.0,0.0,0.0,0.0,51.0,0.0,0.0,0.0,0.0,0.0,35.0,0.0,0.0,0.0,65.0,1.0,0.0,0.0,0.0,0.0,42.0,0.0,0.0,0.0,57.0,0.0,0.0,0.0,0.0,0.0,43.0,0.0,0.0,0.0,57.0,0.0,0.0,0.0,0.0,0.0,46.0,0.0,0.0,0.0,54.0,1.01,0.0,2.02,0.0,0.0,0.0,0.0,0.0,0.0,96.97,0.0,0.0,1.0,19.0,0.0,0.0,0.0,0.0,0.0,80.0,0.0,0.0,1.0,0.0,0.0,0.0,0.0,0.0,0.0,99.0,0.0,0.0,0.0,0.0,0.0,0.0,0.0,0.0,0.0,100.0,0.0,0.0,0.0,0.0,0.0,0.0,0.0,0.0,0.0,100.0,0.0,0.0,0.0,0.0,0.0,0.0,0.0,0.0,0.0,100.0,0.0,0.0,0.0,0.0,0.0,0.0,0.0,0.0,0.0,100.0,0.0,0.0,0.0,0.0,0.0,0.0,0.0,0.0,0.0,100.0
484,0.0,0.0,0.0,0.0,0.0,91.09,0.0,0.0,0.0,8.91,0.0,0.0,0.0,0.0,0.0,100.0,0.0,0.0,0.0,0.0,0.0,0.0,0.0,0.0,0.0,87.88,0.0,0.0,0.0,12.12,0.0,0.0,0.0,0.0,0.0,65.35,0.0,0.0,0.0,34.65,0.0,0.0,0.0,0.0,0.0,95.0,0.0,0.0,0.0,5.0,0.0,0.0,0.0,0.0,0.0,82.83,0.0,0.0,0.0,17.17,0.0,0.0,0.0,0.0,0.0,81.0,0.0,0.0,0.0,19.0,0.0,0.0,0.0,0.0,0.0,100.0,0.0,0.0,0.0,0.0,0.0,0.0,0.0,0.0,0.0,63.0,0.0,0.0,0.0,37.0,0.99,0.0,0.99,0.0,0.0,15.84,0.0,0.0,0.0,82.18,0.0,0.0,0.0,0.0,0.0,31.31,0.0,0.0,0.0,68.69,0.0,0.0,0.0,0.0,0.0,51.0,0.0,0.0,0.0,49.0,0.0,0.0,0.0,0.0,0.0,34.69,0.0,0.0,0.0,65.31,0.0,0.0,0.0,0.0,0.0,41.84,0.0,0.0,0.0,58.16,0.0,0.0,0.0,0.0,0.0,47.52,0.0,0.0,0.0,52.48,0.0,0.0,0.0,0.0,0.0,48.51,0.0,0.0,0.0,51.49,1.0,0.0,0.0,0.0,0.0,0.0,0.0,0.0,0.0,99.0,0.0,0.0,0.0,19.19,0.0,0.0,0.0,0.0,0.0,80.81,0.0,0.0,0.0,0.0,0.0,0.0,0.0,0.0,0.0,100.0,0.0,0.0,0.0,0.0,0.0,0.0,0.0,0.0,0.0,100.0,0.0,0.0,0.99,0.0,0.0,0.0,0.0,0.0,0.0,99.01,0.0,0.0,0.99,0.0,0.0,0.0,0.0,0.0,0.0,99.01,0.0,0.0,0.0,0.0,0.0,0.0,0.0,0.0,0.0,100.0,0.0,0.0,0.0,0.0,0.0,0.0,0.0,0.0,0.0,100.0
485,0.0,0.0,0.0,0.0,0.0,89.0,0.0,0.0,0.0,11.0,0.0,0.0,0.0,0.0,0.0,100.0,0.0,0.0,0.0,0.0,0.0,0.0,0.0,0.0,0.0,87.13,0.0,0.0,0.0,12.87,0.0,0.0,0.0,0.0,0.0,65.0,0.0,0.0,0.0,35.0,0.0,0.0,0.0,0.0,0.0,93.07,0.0,0.0,0.0,6.93,0.0,0.0,0.0,0.0,0.0,81.82,0.0,0.0,0.0,18.18,0.0,0.0,0.0,0.0,0.0,80.81,0.0,0.0,0.0,19.19,0.0,0.0,0.0,0.0,0.0,100.0,0.0,0.0,0.0,0.0,0.0,0.0,0.0,0.0,0.0,62.63,0.0,0.0,0.0,37.37,1.02,0.0,0.0,0.0,0.0,14.29,0.0,0.0,0.0,84.69,1.0,0.0,1.0,0.0,0.0,31.0,0.0,0.0,0.0,67.0,0.0,0.0,0.0,0.0,0.0,48.45,0.0,0.0,0.0,51.55,0.99,0.0,0.0,0.0,0.0,33.66,0.0,0.0,0.0,65.35,0.0,0.0,0.0,0.0,0.0,40.0,0.0,0.0,0.0,60.0,0.0,0.0,0.0,0.0,0.0,49.02,0.0,0.0,0.0,50.98,0.0,0.0,0.0,0.0,0.0,50.5,0.0,0.0,0.0,49.5,0.0,0.0,0.0,0.0,0.0,0.0,0.0,0.0,0.0,100.0,0.0,0.0,1.0,18.0,0.0,0.0,0.0,0.0,0.0,81.0,0.0,0.0,0.0,0.0,0.0,0.0,0.0,0.0,0.0,100.0,0.0,0.0,0.0,0.0,0.0,0.0,0.0,0.0,0.0,100.0,1.0,0.0,0.0,0.0,0.0,0.0,0.0,0.0,0.0,99.0,0.0,0.0,0.0,0.0,0.0,0.0,0.0,0.0,0.0,100.0,0.0,0.0,0.0,0.0,0.0,0.0,0.0,0.0,0.0,100.0,0.0,0.0,0.0,0.0,0.0,0.0,0.0,0.0,0.0,100.0
486,0.0,0.0,0.0,0.0,0.0,88.0,0.0,0.0,0.0,12.0,0.0,0.0,0.0,0.0,0.0,100.0,0.0,0.0,0.0,0.0,0.0,0.0,0.0,0.0,0.0,87.0,0.0,0.0,0.0,13.0,0.0,0.0,0.0,0.0,0.0,64.65,0.0,0.0,0.0,35.35,0.0,0.0,0.0,0.0,0.0,93.14,0.0,0.0,0.0,6.86,0.0,0.0,0.0,0.0,0.0,81.25,0.0,0.0,0.0,18.75,0.0,0.0,0.0,0.0,0.0,81.19,0.0,0.0,0.0,18.81,0.0,0.0,0.0,0.0,0.0,100.0,0.0,0.0,0.0,0.0,0.0,0.0,0.0,0.0,0.0,63.0,0.0,0.0,0.0,37.0,1.0,0.0,1.0,0.0,0.0,15.0,0.0,0.0,0.0,83.0,2.0,0.0,1.0,0.0,0.0,31.0,0.0,0.0,0.0,66.0,0.0,0.0,0.0,0.0,0.0,54.0,0.0,0.0,0.0,46.0,0.0,0.0,1.01,0.0,0.0,33.33,0.0,0.0,0.0,65.66,0.0,0.0,0.0,0.0,0.0,41.0,0.0,0.0,0.0,59.0,0.99,0.0,0.0,0.0,0.0,47.52,0.0,0.0,0.0,51.49,0.0,0.0,0.0,0.0,0.0,50.5,0.0,0.0,0.0,49.5,0.0,0.0,0.0,0.0,0.0,0.0,0.0,0.0,0.0,100.0,0.0,0.0,0.0,19.0,0.0,0.0,0.0,0.0,0.0,81.0,0.0,0.0,1.0,0.0,0.0,0.0,0.0,0.0,0.0,99.0,0.0,0.0,1.0,0.0,0.0,0.0,0.0,0.0,0.0,99.0,0.0,0.0,0.0,0.0,0.0,0.0,0.0,0.0,0.0,100.0,0.99,0.0,0.0,0.0,0.0,0.0,0.0,0.0,0.0,99.01,0.0,0.0,0.0,0.0,0.0,0.0,0.0,0.0,0.0,100.0,1.0,0.0,0.0,0.0,0.0,0.0,0.0,0.0,0.0,99.0
487,0.0,0.0,0.0,0.0,0.0,91.92,0.0,0.0,0.0,8.08,0.0,0.0,0.0,0.0,0.0,100.0,0.0,0.0,0.0,0.0,0.0,0.0,0.0,0.0,0.0,88.12,0.0,0.0,0.0,11.88,0.0,0.0,0.0,0.0,0.0,65.31,0.0,0.0,0.0,34.69,0.0,0.0,0.98,0.0,0.0,92.16,0.0,0.0,0.0,6.86,0.0,0.0,0.0,0.0,0.0,82.65,0.0,0.0,0.0,17.35,0.0,0.0,0.0,0.0,0.0,81.19,0.0,0.0,0.0,18.81,0.0,0.0,0.0,0.0,0.0,100.0,0.0,0.0,0.0,0.0,0.0,0.0,0.0,0.0,0.0,62.63,0.0,0.0,0.0,37.37,1.01,0.0,0.0,0.0,0.0,15.15,0.0,0.0,0.0,83.84,1.0,0.0,1.0,1.0,0.0,31.0,0.0,0.0,0.0,66.0,0.0,0.0,0.0,0.0,0.0,53.54,0.0,0.0,0.0,46.46,1.0,0.0,0.0,0.0,0.0,34.0,0.0,0.0,0.0,65.0,1.0,0.0,0.0,0.0,0.0,41.0,0.0,0.0,0.0,58.0,0.0,0.0,0.0,0.0,0.0,48.51,0.0,0.0,0.0,51.49,0.0,0.0,0.0,0.0,0.0,50.0,0.0,0.0,0.0,50.0,0.0,0.0,1.0,0.0,0.0,0.0,0.0,0.0,0.0,99.0,0.0,0.0,1.0,18.0,0.0,0.0,0.0,0.0,0.0,81.0,0.99,0.0,0.0,0.0,0.0,0.0,0.0,0.0,0.0,99.01,0.0,0.0,0.0,0.0,0.0,0.0,0.0,0.0,0.0,100.0,0.0,0.0,1.0,0.0,0.0,0.0,0.0,0.0,0.0,99.0,0.0,0.0,0.0,0.0,0.0,0.0,0.0,0.0,0.0,100.0,0.0,0.0,0.0,0.0,0.0,0.0,0.0,0.0,0.0,100.0,0.0,0.0,0.0,0.0,0.0,0.0,0.0,0.0,0.0,100.0
488,0.0,0.0,0.0,0.0,0.0,91.92,0.0,0.0,0.0,8.08,0.0,0.0,0.0,0.0,0.0,100.0,0.0,0.0,0.0,0.0,0.0,0.0,0.0,0.0,0.0,88.24,0.0,0.0,0.0,11.76,0.0,0.0,0.0,0.0,0.0,65.35,0.0,0.0,0.0,34.65,0.0,0.0,0.0,0.0,0.0,93.14,0.0,0.0,0.0,6.86,0.0,0.0,0.0,0.0,0.0,83.17,0.0,0.0,0.0,16.83,0.0,0.0,0.0,0.0,0.0,81.0,0.0,0.0,0.0,19.0,0.0,0.0,0.0,0.0,0.0,100.0,0.0,0.0,0.0,0.0,0.0,0.0,0.0,0.0,0.0,63.64,0.0,0.0,0.0,36.36,1.0,0.0,0.0,0.0,0.0,15.0,0.0,0.0,0.0,84.0,0.99,0.0,0.99,0.0,0.0,32.67,0.0,0.0,0.0,65.35,0.0,0.0,0.0,0.0,0.0,53.47,0.0,0.0,0.0,46.53,0.0,0.0,0.0,0.0,0.0,34.34,0.0,0.0,0.0,65.66,0.0,0.0,0.0,0.0,0.0,41.0,0.0,0.0,0.0,59.0,0.0,0.0,0.0,0.0,0.0,49.5,0.0,0.0,0.0,50.5,0.0,0.0,0.0,0.0,0.0,50.5,0.0,0.0,0.0,49.5,1.0,0.0,0.0,7.0,0.0,1.0,0.0,0.0,0.0,91.0,0.99,0.0,0.99,10.89,0.0,0.0,0.0,0.0,0.0,87.13,0.0,0.0,0.0,0.0,0.0,0.0,0.0,0.0,0.0,100.0,0.0,0.0,0.0,0.0,0.0,0.0,0.0,0.0,0.0,100.0,0.0,0.0,0.0,0.0,0.0,0.0,0.0,0.0,0.0,100.0,0.0,0.0,0.0,0.0,0.0,0.0,0.0,0.0,0.0,100.0,0.0,0.0,0.0,0.0,0.0,0.0,0.0,0.0,0.0,100.0,0.0,0.0,0.0,0.0,0.0,0.0,0.0,0.0,0.0,100.0
489,0.0,0.0,0.0,0.0,0.0,90.0,0.0,0.0,0.0,10.0,0.0,0.0,0.0,0.0,0.0,100.0,0.0,0.0,0.0,0.0,0.0,0.0,0.0,0.0,0.0,87.0,0.0,0.0,0.0,13.0,0.0,0.0,0.0,0.0,0.0,64.65,0.0,0.0,0.0,35.35,0.0,0.0,0.0,0.0,0.0,93.0,0.0,0.0,0.0,7.0,0.0,0.0,0.0,0.0,0.0,81.82,0.0,0.0,0.0,18.18,0.0,0.0,0.0,0.0,0.0,81.37,0.0,0.0,0.0,18.63,0.0,0.0,0.0,0.0,0.0,100.0,0.0,0.0,0.0,0.0,1.0,0.0,1.0,0.0,0.0,62.0,0.0,0.0,0.0,36.0,1.01,0.0,0.0,0.0,0.0,15.15,0.0,0.0,0.0,83.84,0.0,0.0,0.0,0.0,0.0,31.31,0.0,0.0,0.0,68.69,0.0,0.0,0.0,0.0,0.0,49.5,0.0,0.0,0.0,50.5,0.99,0.0,0.0,0.0,0.0,33.66,0.0,0.0,0.0,65.35,0.0,0.0,0.0,0.0,0.0,41.58,0.0,0.0,0.0,58.42,0.98,0.0,0.98,0.0,0.0,48.04,0.0,0.0,0.0,50.0,0.0,0.0,0.0,0.0,0.0,50.0,0.0,0.0,0.0,50.0,0.0,0.0,0.0,18.18,0.0,0.0,0.0,0.0,0.0,81.82,0.0,0.0,0.0,0.0,0.0,0.0,0.0,0.0,0.0,100.0,0.0,0.0,0.0,0.0,0.0,0.0,0.0,0.0,0.0,100.0,0.0,0.0,0.0,0.0,0.0,0.0,0.0,0.0,0.0,100.0,0.99,0.0,0.99,0.0,0.0,0.0,0.0,0.0,0.0,98.02,0.0,0.0,0.0,0.0,0.0,0.0,0.0,0.0,0.0,100.0,0.0,0.0,0.0,0.0,0.0,0.0,0.0,0.0,0.0,100.0,0.0,0.0,0.0,0.0,0.0,0.0,0.0,0.0,0.0,100.0
490,0.0,0.0,0.0,0.0,0.0,92.0,0.0,0.0,0.0,8.0,0.0,0.0,0.0,0.0,0.0,100.0,0.0,0.0,0.0,0.0,0.0,0.0,0.0,0.0,0.0,87.88,0.0,0.0,0.0,12.12,0.0,0.0,0.0,0.0,0.0,65.0,0.0,0.0,0.0,35.0,0.0,0.0,0.0,0.0,0.0,93.2,0.0,0.0,0.0,6.8,0.0,0.0,0.0,0.0,0.0,82.83,0.0,0.0,0.0,17.17,0.0,0.0,0.0,0.0,0.0,80.81,0.0,0.0,0.0,19.19,0.0,0.0,0.0,0.0,0.0,100.0,0.0,0.0,0.0,0.0,0.0,0.0,0.99,0.0,0.0,62.38,0.0,0.0,0.0,36.63,0.0,0.0,0.0,0.0,0.0,16.0,0.0,0.0,0.0,84.0,0.0,0.0,0.0,0.0,0.0,29.9,0.0,0.0,0.0,70.1,0.0,0.0,0.0,0.0,0.0,51.0,0.0,0.0,0.0,49.0,0.0,0.0,0.0,4.0,0.0,35.0,0.0,0.0,0.0,61.0,0.0,0.0,0.0,0.0,0.0,40.21,0.0,0.0,0.0,59.79,0.0,0.0,0.0,4.17,0.0,47.92,0.0,0.0,0.0,47.92,0.0,0.0,1.0,0.0,0.0,49.0,0.0,0.0,0.0,50.0,0.0,0.0,1.01,3.03,0.0,0.0,0.0,0.0,0.0,95.96,0.0,0.0,0.0,0.0,0.0,0.0,0.0,0.0,0.0,100.0,0.0,0.0,0.0,0.0,0.0,0.0,0.0,0.0,0.0,100.0,0.0,0.0,0.0,0.0,0.0,0.0,0.0,0.0,0.0,100.0,0.0,0.0,0.0,0.0,0.0,0.0,0.0,0.0,0.0,100.0,0.0,0.0,0.0,0.0,0.0,0.0,0.0,0.0,0.0,100.0,0.0,0.0,0.0,0.0,0.0,0.0,0.0,0.0,0.0,100.0,0.0,0.0,0.0,0.0,0.0,0.0,0.0,0.0,0.0,100.0
491,0.0,0.0,0.0,0.0,0.0,94.06,0.0,0.0,0.0,5.94,0.0,0.0,0.0,0.0,0.0,100.0,0.0,0.0,0.0,0.0,0.0,0.0,0.0,0.0,0.0,89.11,0.0,0.0,0.0,10.89,0.0,0.0,0.0,0.0,0.0,66.67,0.0,0.0,0.0,33.33,0.0,0.0,0.0,0.0,0.0,96.04,0.0,0.0,0.0,3.96,0.0,0.0,0.0,0.0,0.0,84.0,0.0,0.0,0.0,16.0,0.0,0.0,0.0,0.0,0.0,83.0,0.0,0.0,0.0,17.0,0.0,0.0,0.0,0.0,0.0,100.0,0.0,0.0,0.0,0.0,0.0,0.0,0.0,0.0,0.0,63.0,0.0,0.0,0.0,37.0,1.02,0.0,0.0,0.0,0.0,14.29,0.0,0.0,0.0,84.69,0.0,0.0,0.0,0.0,0.0,31.31,0.0,0.0,0.0,68.69,0.0,0.0,0.0,0.0,0.0,49.0,0.0,0.0,0.0,51.0,0.0,0.0,1.01,1.01,0.0,34.34,0.0,0.0,0.0,63.64,0.0,0.0,0.0,0.0,0.0,43.0,0.0,0.0,0.0,57.0,0.0,0.0,0.0,1.02,0.0,47.96,0.0,0.0,0.0,51.02,0.0,0.0,0.0,3.96,0.0,51.49,0.0,0.0,0.0,44.55,1.01,0.0,0.0,6.06,0.0,0.0,0.0,0.0,0.0,92.93,0.0,0.0,1.0,0.0,0.0,0.0,0.0,0.0,0.0,99.0,1.0,0.0,0.0,0.0,0.0,0.0,0.0,0.0,0.0,99.0,0.0,0.0,1.0,0.0,0.0,0.0,0.0,0.0,0.0,99.0,0.0,0.0,1.0,0.0,0.0,0.0,0.0,0.0,0.0,99.0,0.0,0.0,0.0,0.0,0.0,0.0,0.0,0.0,0.0,100.0,0.0,0.0,0.0,0.0,0.0,0.0,0.0,0.0,0.0,100.0,0.0,0.0,0.0,0.0,0.0,0.0,0.0,0.0,0.0,100.0
492,0.0,0.0,0.0,0.0,0.0,92.0,0.0,0.0,0.0,8.0,0.0,0.0,0.0,0.0,0.0,100.0,0.0,0.0,0.0,0.0,0.0,0.0,0.0,0.0,0.0,88.0,0.0,0.0,0.0,12.0,0.0,0.0,0.0,0.0,0.0,65.0,0.0,0.0,0.0,35.0,0.0,0.0,0.0,0.0,0.0,94.12,0.0,0.0,0.0,5.88,0.0,0.0,0.0,0.0,0.0,84.16,0.0,0.0,0.0,15.84,0.0,0.0,0.0,0.0,0.0,80.81,0.0,0.0,0.0,19.19,0.0,0.0,0.0,0.0,0.0,100.0,0.0,0.0,0.0,0.0,0.0,0.0,0.0,0.0,0.0,62.75,0.0,0.0,0.0,37.25,0.98,0.0,0.98,0.0,0.0,15.69,0.0,0.0,0.0,82.35,0.99,0.0,0.99,0.0,0.0,30.69,0.0,0.0,0.0,67.33,0.0,0.0,0.0,0.0,0.0,51.49,0.0,0.0,0.0,48.51,1.01,0.0,1.01,0.0,0.0,33.33,0.0,0.0,0.0,64.65,0.0,0.0,0.0,0.0,0.0,41.41,0.0,0.0,0.0,58.59,0.99,0.0,0.0,0.0,0.0,48.51,0.0,0.0,0.0,50.5,0.0,0.0,0.0,0.0,0.0,51.0,0.0,0.0,0.0,49.0,0.0,0.0,1.01,18.18,0.0,0.0,0.0,0.0,0.0,80.81,0.0,0.0,0.0,0.0,0.0,0.0,0.0,0.0,0.0,100.0,0.0,0.0,0.0,0.0,0.0,0.0,0.0,0.0,0.0,100.0,0.0,0.0,0.0,0.0,0.0,0.0,0.0,0.0,0.0,100.0,0.99,0.0,0.99,0.0,0.0,0.0,0.0,0.0,0.0,98.02,0.0,0.0,0.0,0.0,0.0,0.0,0.0,0.0,0.0,100.0,0.0,0.0,0.0,0.0,0.0,0.0,0.0,0.0,0.0,100.0,0.0,0.0,0.0,0.0,0.0,0.0,0.0,0.0,0.0,100.0
493,0.0,0.0,0.0,0.0,0.0,90.82,0.0,0.0,0.0,9.18,0.0,0.0,0.0,0.0,0.0,100.0,0.0,0.0,0.0,0.0,0.0,0.0,0.0,0.0,0.0,87.88,0.0,0.0,0.0,12.12,0.0,0.0,0.0,0.0,0.0,65.31,0.0,0.0,0.0,34.69,0.0,0.0,0.0,0.0,0.0,93.2,0.0,0.0,0.0,6.8,0.0,0.0,0.0,0.0,0.0,82.83,0.0,0.0,0.0,17.17,0.0,0.0,0.0,0.0,0.0,80.61,0.0,0.0,0.0,19.39,0.0,0.0,0.0,0.0,0.0,100.0,0.0,0.0,0.0,0.0,0.0,0.0,0.0,0.0,0.0,61.62,0.0,0.0,0.0,38.38,0.0,0.0,0.0,0.0,0.0,14.29,0.0,0.0,0.0,85.71,1.0,0.0,0.0,0.0,0.0,32.0,0.0,0.0,0.0,67.0,0.0,0.0,0.0,0.0,0.0,53.92,0.0,0.0,0.0,46.08,0.99,0.0,0.0,0.0,0.0,33.66,0.0,0.0,0.0,65.35,0.0,0.0,0.0,0.0,0.0,42.0,0.0,0.0,0.0,58.0,0.0,0.0,0.0,0.0,0.0,48.48,0.0,0.0,0.0,51.52,0.0,0.0,0.0,0.0,0.0,51.0,0.0,0.0,0.0,49.0,1.01,0.0,1.01,6.06,0.0,0.0,0.0,0.0,0.0,91.92,1.0,0.0,0.0,11.0,0.0,0.0,0.0,0.0,0.0,88.0,0.0,0.0,1.0,0.0,0.0,0.0,0.0,0.0,0.0,99.0,1.0,0.0,0.0,0.0,0.0,0.0,0.0,0.0,0.0,99.0,0.0,0.0,0.0,0.0,0.0,0.0,0.0,0.0,0.0,100.0,0.0,0.0,1.0,0.0,0.0,0.0,0.0,0.0,0.0,99.0,0.0,0.0,0.0,2.0,0.0,0.0,0.0,0.0,0.0,98.0,0.0,0.0,0.0,0.0,0.0,0.0,0.0,0.0,0.0,100.0
494,0.0,0.0,0.0,0.0,0.0,89.0,0.0,0.0,0.0,11.0,0.0,0.0,0.0,0.0,0.0,100.0,0.0,0.0,0.0,0.0,0.0,0.0,0.0,0.0,0.0,86.87,0.0,0.0,0.0,13.13,0.0,0.0,0.0,0.0,0.0,65.0,0.0,0.0,0.0,35.0,0.0,0.0,0.0,0.0,0.0,93.14,0.0,0.0,0.0,6.86,0.0,0.0,0.0,0.0,0.0,81.82,0.0,0.0,0.0,18.18,0.0,0.0,1.01,0.0,0.0,79.8,0.0,0.0,0.0,19.19,0.0,0.0,0.0,0.0,0.0,100.0,0.0,0.0,0.0,0.0,0.99,0.0,0.99,0.0,0.0,59.41,0.0,0.0,0.0,38.61,1.0,0.0,0.0,0.0,0.0,15.0,0.0,0.0,0.0,84.0,0.0,0.0,0.0,0.0,0.0,30.3,0.0,0.0,0.0,69.7,0.0,0.0,0.0,0.0,0.0,49.5,0.0,0.0,0.0,50.5,1.0,0.0,0.0,0.0,0.0,33.0,0.0,0.0,0.0,66.0,0.0,0.0,0.0,0.0,0.0,41.84,0.0,0.0,0.0,58.16,0.99,0.0,0.99,0.0,0.0,46.53,0.0,0.0,0.0,51.49,0.0,0.0,0.0,0.0,0.0,51.46,0.0,0.0,0.0,48.54,0.0,0.0,0.0,0.0,0.0,0.0,0.0,0.0,0.0,100.0,0.0,0.0,0.0,0.0,0.0,0.0,0.0,0.0,0.0,100.0,0.0,0.0,0.0,0.0,0.0,0.0,0.0,0.0,0.0,100.0,0.0,0.0,1.0,0.0,0.0,0.0,0.0,0.0,0.0,99.0,0.0,0.0,0.0,1.0,0.0,0.0,0.0,0.0,0.0,99.0,2.0,0.0,1.0,0.0,0.0,0.0,0.0,0.0,0.0,97.0,0.0,0.0,1.0,17.0,0.0,0.0,0.0,0.0,0.0,82.0,0.0,0.0,0.0,0.0,0.0,0.0,0.0,0.0,0.0,100.0
495,0.0,0.0,0.0,0.0,0.0,88.89,0.0,0.0,0.0,11.11,0.0,0.0,0.0,0.0,0.0,100.0,0.0,0.0,0.0,0.0,0.0,0.0,0.0,0.0,0.0,87.0,0.0,0.0,0.0,13.0,0.0,0.0,0.0,0.0,0.0,64.65,0.0,0.0,0.0,35.35,0.0,0.0,0.0,0.0,0.0,92.23,0.0,0.0,0.0,7.77,0.0,0.0,0.0,0.0,0.0,81.82,0.0,0.0,0.0,18.18,0.0,0.0,0.0,0.0,0.0,79.59,0.0,0.0,0.0,20.41,0.0,0.0,0.0,0.0,0.0,100.0,0.0,0.0,0.0,0.0,0.0,0.0,0.0,0.0,0.0,62.38,0.0,0.0,0.0,37.62,0.0,0.0,0.0,0.0,0.0,15.15,0.0,0.0,0.0,84.85,0.0,0.0,0.0,0.0,0.0,30.69,0.0,0.0,0.0,69.31,0.0,0.0,0.0,0.0,0.0,49.0,0.0,0.0,0.0,51.0,0.0,0.0,0.0,0.0,0.0,32.32,0.0,0.0,0.0,67.68,0.0,0.0,0.0,0.0,0.0,43.0,0.0,0.0,0.0,57.0,1.01,0.0,0.0,0.0,0.0,47.47,0.0,0.0,0.0,51.52,0.0,0.0,0.0,0.0,0.0,50.51,0.0,0.0,0.0,49.49,0.0,0.0,1.0,0.0,0.0,0.0,0.0,0.0,0.0,99.0,0.0,0.0,1.01,0.0,0.0,0.0,0.0,0.0,0.0,98.99,0.0,0.0,0.0,0.0,0.0,0.0,0.0,0.0,0.0,100.0,0.0,0.0,0.0,0.0,0.0,0.0,0.0,0.0,0.0,100.0,0.0,0.0,1.0,17.0,0.0,0.0,0.0,0.0,0.0,82.0,1.01,0.0,2.02,0.0,0.0,0.0,0.0,0.0,0.0,96.97,0.0,0.0,0.0,0.0,0.0,0.0,0.0,0.0,0.0,100.0,0.0,0.0,0.0,0.0,0.0,0.0,0.0,0.0,0.0,100.0
496,0.0,0.0,0.0,0.0,0.0,93.07,0.0,0.0,0.0,6.93,0.0,0.0,0.0,0.0,0.0,100.0,0.0,0.0,0.0,0.0,0.0,0.0,0.0,0.0,0.0,89.11,0.0,0.0,0.0,10.89,0.0,0.0,0.0,0.0,0.0,66.34,0.0,0.0,0.0,33.66,0.0,0.0,0.0,0.0,0.0,96.04,0.0,0.0,0.0,3.96,0.0,0.0,0.0,0.0,0.0,84.0,0.0,0.0,0.0,16.0,0.0,0.0,0.0,0.0,0.0,81.63,0.0,0.0,0.0,18.37,0.0,0.0,0.0,0.0,0.0,100.0,0.0,0.0,0.0,0.0,0.0,0.0,0.0,0.0,0.0,64.0,0.0,0.0,0.0,36.0,0.0,0.0,0.0,0.0,0.0,15.15,0.0,0.0,0.0,84.85,0.0,0.0,0.0,0.0,0.0,30.61,0.0,0.0,0.0,69.39,0.0,0.0,0.0,0.0,0.0,49.0,0.0,0.0,0.0,51.0,0.0,0.0,0.99,0.0,0.0,33.66,0.0,0.0,0.0,65.35,0.0,0.0,0.0,0.0,0.0,44.0,0.0,0.0,0.0,56.0,0.0,0.0,0.0,0.0,0.0,48.48,0.0,0.0,0.0,51.52,0.0,0.0,0.0,0.0,0.0,50.98,0.0,0.0,0.0,49.02,1.0,0.0,0.0,0.0,0.0,0.0,0.0,0.0,0.0,99.0,1.0,0.0,0.0,0.0,0.0,0.0,0.0,0.0,0.0,99.0,1.0,0.0,0.0,0.0,0.0,0.0,0.0,0.0,0.0,99.0,0.0,0.0,0.0,0.0,0.0,0.0,0.0,0.0,0.0,100.0,0.0,0.0,0.0,18.18,0.0,0.0,0.0,0.0,0.0,81.82,0.0,0.0,1.01,0.0,0.0,0.0,0.0,0.0,0.0,98.99,0.0,0.0,0.0,0.0,0.0,0.0,0.0,0.0,0.0,100.0,2.0,0.0,1.0,0.0,0.0,0.0,0.0,0.0,0.0,97.0
497,0.0,0.0,0.0,0.0,0.0,93.94,0.0,0.0,0.0,6.06,0.0,0.0,0.0,0.0,0.0,100.0,0.0,0.0,0.0,0.0,0.0,0.0,0.0,0.0,0.0,89.11,0.0,0.0,0.0,10.89,0.0,0.0,0.0,0.0,0.0,66.33,0.0,0.0,0.0,33.67,0.0,0.0,0.0,0.0,0.0,95.1,0.0,0.0,0.0,4.9,0.0,0.0,0.0,0.0,0.0,84.16,0.0,0.0,0.0,15.84,0.0,0.0,0.0,0.0,0.0,82.0,0.0,0.0,0.0,18.0,0.0,0.0,0.0,0.0,0.0,100.0,0.0,0.0,0.0,0.0,0.0,0.0,0.0,0.0,0.0,64.71,0.0,0.0,0.0,35.29,0.99,0.0,0.99,0.0,0.0,14.85,0.0,0.0,0.0,83.17,0.0,0.0,0.0,0.0,0.0,30.3,0.0,0.0,0.0,69.7,0.0,0.0,0.0,0.0,0.0,50.5,0.0,0.0,0.0,49.5,0.99,0.0,0.0,0.0,0.0,33.66,0.0,0.0,0.0,65.35,0.0,0.0,0.0,0.0,0.0,45.0,0.0,0.0,0.0,55.0,0.98,0.0,0.0,0.0,0.0,49.02,0.0,0.0,0.0,50.0,0.0,0.0,0.0,0.0,0.0,51.0,0.0,0.0,0.0,49.0,0.0,0.0,0.0,0.0,0.0,0.0,0.0,0.0,0.0,100.0,0.0,0.0,0.0,0.0,0.0,0.0,0.0,0.0,0.0,100.0,1.0,0.0,1.0,1.0,0.0,0.0,0.0,0.0,0.0,97.0,0.0,0.0,1.0,0.0,0.0,0.0,0.0,0.0,0.0,99.0,0.0,0.0,0.99,17.82,0.0,0.0,0.0,0.0,0.0,81.19,0.0,0.0,0.0,0.0,0.0,0.0,0.0,0.0,0.0,100.0,0.0,0.0,0.0,0.0,0.0,0.0,0.0,0.0,0.0,100.0,0.99,0.0,0.0,0.0,0.0,0.0,0.0,0.0,0.0,99.01
498,0.0,0.0,0.0,0.0,0.0,91.0,0.0,0.0,0.0,9.0,0.0,0.0,0.0,0.0,0.0,100.0,0.0,0.0,0.0,0.0,0.0,0.0,0.0,0.0,0.0,87.38,0.0,0.0,0.0,12.62,0.0,0.0,0.0,0.0,0.0,66.67,0.0,0.0,0.0,33.33,0.0,0.0,0.0,0.0,0.0,93.14,0.0,0.0,0.0,6.86,0.0,0.0,0.0,0.0,0.0,83.17,0.0,0.0,0.0,16.83,0.0,0.0,0.0,0.0,0.0,82.0,0.0,0.0,0.0,18.0,0.0,0.0,0.0,0.0,0.0,100.0,0.0,0.0,0.0,0.0,0.0,0.0,0.0,0.0,0.0,63.37,0.0,0.0,0.0,36.63,0.0,0.0,0.0,0.0,0.0,15.31,0.0,0.0,0.0,84.69,0.0,0.0,0.0,0.0,0.0,31.0,0.0,0.0,0.0,69.0,0.0,0.0,0.0,0.0,0.0,49.0,0.0,0.0,0.0,51.0,0.0,0.0,0.0,0.0,0.0,33.33,0.0,0.0,0.0,66.67,0.0,0.0,0.0,0.0,0.0,44.0,0.0,0.0,0.0,56.0,0.0,0.0,0.0,0.0,0.0,50.0,0.0,0.0,0.0,50.0,0.0,0.0,0.0,0.0,0.0,51.96,0.0,0.0,0.0,48.04,0.0,0.0,0.0,0.0,0.0,0.0,0.0,0.0,0.0,100.0,1.0,0.0,1.0,0.0,0.0,0.0,0.0,0.0,0.0,98.0,0.0,0.0,1.0,0.0,0.0,0.0,0.0,0.0,0.0,99.0,0.0,0.0,0.0,0.0,0.0,0.0,0.0,0.0,0.0,100.0,0.0,0.0,0.0,10.1,0.0,0.0,0.0,0.0,0.0,89.9,0.0,0.0,0.0,0.0,0.0,0.0,0.0,0.0,0.0,100.0,0.0,0.0,0.0,8.0,0.0,0.0,0.0,0.0,0.0,92.0,0.0,0.0,0.0,0.0,0.0,0.0,0.0,0.0,0.0,100.0
499,0.0,0.0,0.0,0.0,0.0,86.27,0.0,0.0,0.0,13.73,0.0,0.0,0.0,0.0,0.0,100.0,0.0,0.0,0.0,0.0,0.0,0.0,0.0,0.0,0.0,87.0,0.0,0.0,0.0,13.0,0.0,0.0,0.0,0.0,0.0,65.0,0.0,0.0,0.0,35.0,0.0,0.0,0.98,0.0,0.0,91.18,0.0,0.0,0.0,7.84,0.0,0.0,0.0,0.0,0.0,81.82,0.0,0.0,0.0,18.18,0.0,0.0,0.0,0.0,0.0,80.61,0.0,0.0,0.0,19.39,0.0,0.0,0.0,0.0,0.0,100.0,0.0,0.0,0.0,0.0,0.0,0.0,0.0,0.0,0.0,62.63,0.0,0.0,0.0,37.37,0.0,0.0,0.0,0.0,0.0,15.0,0.0,0.0,0.0,85.0,0.98,0.0,0.98,0.0,0.0,29.41,0.0,0.0,0.0,68.63,0.0,0.0,0.0,0.0,0.0,47.47,0.0,0.0,0.0,52.53,0.0,0.0,0.0,0.0,0.0,32.32,0.0,0.0,0.0,67.68,0.0,0.0,0.0,0.0,0.0,43.56,0.0,0.0,0.0,56.44,0.0,0.0,0.0,0.0,0.0,46.46,0.0,0.0,0.0,53.54,0.0,0.0,0.0,0.0,0.0,50.5,0.0,0.0,0.0,49.5,0.0,0.0,1.01,0.0,0.0,0.0,0.0,0.0,0.0,98.99,1.01,0.0,1.01,0.0,0.0,0.0,0.0,0.0,0.0,97.98,0.0,0.0,0.0,0.0,0.0,0.0,0.0,0.0,0.0,100.0,0.0,0.0,0.0,0.0,0.0,0.0,0.0,0.0,0.0,100.0,0.0,0.0,0.0,0.0,0.0,0.0,0.0,0.0,0.0,100.0,0.0,0.0,0.99,0.0,0.0,0.0,0.0,0.0,0.0,99.01,0.0,0.0,0.0,18.0,0.0,0.0,0.0,0.0,0.0,82.0,0.0,0.0,0.99,0.0,0.0,0.0,0.0,0.0,0.0,99.01
500,0.0,0.0,0.0,0.0,0.0,91.92,0.0,0.0,0.0,8.08,0.0,0.0,0.0,0.0,0.0,100.0,0.0,0.0,0.0,0.0,0.0,0.0,0.0,0.0,0.0,89.0,0.0,0.0,0.0,11.0,0.0,0.0,0.0,0.0,0.0,66.0,0.0,0.0,0.0,34.0,0.0,0.0,0.0,0.0,0.0,94.17,0.0,0.0,0.0,5.83,0.0,0.0,0.0,0.0,0.0,83.0,0.0,0.0,0.0,17.0,0.0,0.0,0.0,0.0,0.0,82.0,0.0,0.0,0.0,18.0,0.0,0.0,0.0,0.0,0.0,100.0,0.0,0.0,0.0,0.0,0.0,0.0,0.0,0.0,0.0,62.89,0.0,0.0,0.0,37.11,1.0,0.0,0.0,0.0,0.0,15.0,0.0,0.0,0.0,84.0,0.0,0.0,0.0,0.0,0.0,30.61,0.0,0.0,0.0,69.39,0.0,0.0,0.99,0.0,0.0,49.5,0.0,0.0,0.0,49.5,1.0,0.0,0.0,0.0,0.0,34.0,0.0,0.0,0.0,65.0,0.0,0.0,0.0,0.0,0.0,43.43,0.0,0.0,0.0,56.57,0.0,0.0,0.0,0.0,0.0,48.51,0.0,0.0,0.0,51.49,0.0,0.0,0.0,0.0,0.0,50.98,0.0,0.0,0.0,49.02,0.0,0.0,0.0,0.0,0.0,0.0,0.0,0.0,0.0,100.0,0.0,0.0,0.0,0.0,0.0,0.0,0.0,0.0,0.0,100.0,1.0,0.0,0.0,0.0,0.0,0.0,0.0,0.0,0.0,99.0,0.0,0.0,0.0,0.0,0.0,0.0,0.0,0.0,0.0,100.0,0.0,0.0,0.0,0.0,0.0,0.0,0.0,0.0,0.0,100.0,0.0,0.0,0.0,0.0,0.0,0.0,0.0,0.0,0.0,100.0,0.0,0.0,1.0,18.0,0.0,0.0,0.0,0.0,0.0,81.0,0.0,0.0,0.0,0.0,0.0,0.0,0.0,0.0,0.0,100.0
501,0.0,0.0,0.97,0.0,0.0,88.35,0.0,0.0,0.0,10.68,0.0,0.0,0.0,0.0,0.0,100.0,0.0,0.0,0.0,0.0,0.0,0.0,0.0,0.0,0.0,87.0,0.0,0.0,0.0,13.0,0.0,0.0,0.0,0.0,0.0,64.65,0.0,0.0,0.0,35.35,0.0,0.0,0.0,0.0,0.0,93.2,0.0,0.0,0.0,6.8,0.0,0.0,0.0,0.0,0.0,82.83,0.0,0.0,0.0,17.17,0.0,0.0,0.0,0.0,0.0,81.63,0.0,0.0,0.0,18.37,0.0,0.0,0.0,0.0,0.0,100.0,0.0,0.0,0.0,0.0,1.0,0.0,0.0,0.0,0.0,61.0,0.0,0.0,0.0,38.0,0.99,0.0,0.99,0.0,0.0,15.84,0.0,0.0,0.0,82.18,0.99,0.0,0.0,0.0,0.0,31.68,0.0,0.0,0.0,67.33,0.0,0.0,0.0,0.0,0.0,50.5,0.0,0.0,0.0,49.5,0.0,0.0,0.0,0.0,0.0,33.66,0.0,0.0,0.0,66.34,0.0,0.0,0.0,0.0,0.0,43.0,0.0,0.0,0.0,57.0,0.0,0.0,0.0,0.0,0.0,48.51,0.0,0.0,0.0,51.49,0.0,0.0,0.0,0.0,0.0,49.49,0.0,0.0,0.0,50.51,1.0,0.0,0.0,0.0,0.0,0.0,0.0,0.0,0.0,99.0,0.0,0.0,0.0,0.0,0.0,0.0,0.0,0.0,0.0,100.0,0.0,0.0,0.0,0.0,0.0,0.0,0.0,0.0,0.0,100.0,0.99,0.0,0.99,0.0,0.0,0.0,0.0,0.0,0.0,98.02,0.99,0.0,0.99,0.0,0.0,0.0,0.0,0.0,0.0,98.02,0.0,0.0,0.0,0.0,0.0,0.0,0.0,0.0,0.0,100.0,0.0,0.0,0.0,18.18,0.0,0.0,0.0,0.0,0.0,81.82,0.0,0.0,0.0,0.0,0.0,0.0,0.0,0.0,0.0,100.0
502,0.0,0.0,0.0,0.0,0.0,91.18,0.0,0.0,0.0,8.82,0.0,0.0,0.0,0.0,0.0,100.0,0.0,0.0,0.0,0.0,0.0,0.0,0.0,0.0,0.0,87.88,0.0,0.0,0.0,12.12,0.0,0.0,0.0,0.0,0.0,66.0,0.0,0.0,0.0,34.0,0.0,0.0,0.0,0.0,0.0,94.06,0.0,0.0,0.0,5.94,0.0,0.0,0.0,0.0,0.0,81.82,0.0,0.0,0.0,18.18,0.0,0.0,0.0,0.0,0.0,82.35,0.0,0.0,0.0,17.65,0.0,0.0,0.0,0.0,0.0,100.0,0.0,0.0,0.0,0.0,0.0,0.0,0.0,0.0,0.0,63.0,0.0,0.0,0.0,37.0,1.02,0.0,0.0,0.0,0.0,15.31,0.0,0.0,0.0,83.67,1.0,0.0,0.0,0.0,0.0,31.0,0.0,0.0,0.0,68.0,0.0,0.0,0.0,0.0,0.0,49.49,0.0,0.0,0.0,50.51,1.0,0.0,0.0,0.0,0.0,33.0,0.0,0.0,0.0,66.0,0.0,0.0,0.0,0.0,0.0,43.0,0.0,0.0,0.0,57.0,0.0,0.0,0.0,0.0,0.0,49.0,0.0,0.0,0.0,51.0,0.0,0.0,0.0,0.0,0.0,50.0,0.0,0.0,0.0,50.0,0.0,0.0,1.01,0.0,0.0,0.0,0.0,0.0,0.0,98.99,0.99,0.0,0.0,0.0,0.0,0.0,0.0,0.0,0.0,99.01,0.99,0.0,0.99,0.0,0.0,0.0,0.0,0.0,0.0,98.02,0.0,0.0,0.0,0.0,0.0,1.0,0.0,0.0,0.0,99.0,0.0,0.0,0.0,0.0,0.0,0.0,0.0,0.0,0.0,100.0,1.0,0.0,0.0,0.0,0.0,0.0,0.0,0.0,0.0,99.0,0.0,0.0,0.0,19.19,0.0,0.0,0.0,0.0,0.0,80.81,0.0,0.0,0.0,0.0,0.0,0.0,0.0,0.0,0.0,100.0
503,0.0,0.0,0.0,0.0,0.0,90.1,0.0,0.0,0.0,9.9,0.0,0.0,0.0,0.0,0.0,100.0,0.0,0.0,0.0,0.0,0.0,0.0,0.0,0.0,0.0,87.88,0.0,0.0,0.0,12.12,0.0,0.0,0.0,0.0,0.0,65.0,0.0,0.0,0.0,35.0,0.0,0.0,0.0,0.0,0.0,93.2,0.0,0.0,0.0,6.8,0.0,0.0,0.0,0.0,0.0,82.65,0.0,0.0,0.0,17.35,0.0,0.0,0.0,0.0,0.0,82.18,0.0,0.0,0.0,17.82,0.0,0.0,0.0,0.0,0.0,100.0,0.0,0.0,0.0,0.0,0.0,0.0,0.98,0.0,0.0,62.75,0.0,0.0,0.0,36.27,0.99,0.0,1.98,0.0,0.0,14.85,0.0,0.0,0.0,82.18,0.99,0.0,0.99,0.0,0.0,30.69,0.0,0.0,0.0,67.33,0.0,0.0,0.0,0.0,0.0,49.5,0.0,0.0,0.0,50.5,0.0,0.0,0.0,0.0,0.0,32.65,0.0,0.0,0.0,67.35,0.0,0.0,0.0,0.0,0.0,44.55,0.0,0.0,0.0,55.45,0.0,0.0,0.0,0.0,0.0,48.04,0.0,0.0,0.0,51.96,0.0,0.0,0.0,0.0,0.0,50.0,0.0,0.0,0.0,50.0,0.0,0.0,0.0,0.0,0.0,0.0,0.0,0.0,0.0,100.0,0.0,0.0,0.0,0.0,0.0,0.0,0.0,0.0,0.0,100.0,0.0,0.0,0.0,0.0,0.0,0.0,0.0,0.0,0.0,100.0,0.0,0.0,0.0,0.0,0.0,0.0,0.0,0.0,0.0,100.0,0.0,0.0,0.0,0.0,0.0,0.0,0.0,0.0,0.0,100.0,0.0,0.0,0.0,0.0,0.0,0.0,0.0,0.0,0.0,100.0,0.0,0.0,0.0,23.23,0.0,0.0,0.0,0.0,0.0,76.77,0.0,0.0,1.0,0.0,0.0,0.0,0.0,0.0,0.0,99.0
504,0.0,0.0,0.0,0.0,0.0,89.0,0.0,0.0,0.0,11.0,0.0,0.0,0.0,0.0,0.0,100.0,0.0,0.0,0.0,0.0,0.0,0.0,0.0,0.0,0.0,87.0,0.0,0.0,0.0,13.0,0.0,0.0,0.0,0.0,0.0,64.65,0.0,0.0,0.0,35.35,0.0,0.0,0.0,0.0,0.0,93.0,0.0,0.0,0.0,7.0,0.0,0.0,0.0,0.0,0.0,81.63,0.0,0.0,0.0,18.37,0.0,0.0,0.0,0.0,0.0,81.19,0.0,0.0,0.0,18.81,0.0,0.0,0.0,0.0,0.0,100.0,0.0,0.0,0.0,0.0,0.0,0.0,0.0,0.0,0.0,62.63,0.0,0.0,0.0,37.37,1.02,0.0,0.0,0.0,0.0,14.29,0.0,0.0,0.0,84.69,0.0,0.0,0.0,0.0,0.0,31.31,0.0,0.0,0.0,68.69,1.01,0.0,0.0,0.0,0.0,50.51,0.0,0.0,0.0,48.48,0.0,0.0,0.0,0.0,0.0,34.0,0.0,0.0,0.0,66.0,0.0,0.0,0.0,0.0,0.0,44.0,0.0,0.0,0.0,56.0,1.0,0.0,1.0,0.0,0.0,46.0,0.0,0.0,0.0,52.0,0.0,0.0,0.0,0.0,0.0,50.0,0.0,0.0,0.0,50.0,1.01,0.0,0.0,0.0,0.0,0.0,0.0,0.0,0.0,98.99,0.0,0.0,0.0,0.0,0.0,0.0,0.0,0.0,0.0,100.0,0.0,0.0,0.0,0.0,0.0,0.0,0.0,0.0,0.0,100.0,0.0,0.0,0.0,0.0,0.0,0.0,0.0,0.0,0.0,100.0,0.0,0.0,1.0,0.0,0.0,0.0,0.0,0.0,0.0,99.0,0.0,0.0,0.0,0.0,0.0,0.0,0.0,0.0,0.0,100.0,0.98,0.0,0.98,22.55,0.0,0.0,0.0,0.0,0.0,75.49,0.0,0.0,0.0,0.0,0.0,0.0,0.0,0.0,0.0,100.0
505,0.0,0.0,0.0,0.0,0.0,87.0,0.0,0.0,0.0,13.0,0.0,0.0,0.0,0.0,0.0,100.0,0.0,0.0,0.0,0.0,0.0,0.0,0.0,0.0,0.0,86.14,0.0,0.0,0.0,13.86,0.0,0.0,0.0,0.0,0.0,64.71,0.0,0.0,0.0,35.29,0.0,0.0,0.0,0.0,0.0,93.0,0.0,0.0,0.0,7.0,0.0,0.0,0.0,0.0,0.0,82.18,0.0,0.0,0.0,17.82,0.0,0.0,0.0,0.0,0.0,81.82,0.0,0.0,0.0,18.18,0.0,0.0,0.0,0.0,0.0,100.0,0.0,0.0,0.0,0.0,0.0,0.0,0.0,0.0,0.0,62.63,0.0,0.0,0.0,37.37,1.0,0.0,1.0,0.0,0.0,14.0,0.0,0.0,0.0,84.0,0.99,0.0,0.99,0.0,0.0,29.7,0.0,0.0,0.0,68.32,1.0,0.0,0.0,0.0,0.0,50.0,0.0,0.0,0.0,49.0,1.01,0.0,0.0,0.0,0.0,32.32,0.0,0.0,0.0,66.67,0.0,0.0,0.0,0.0,0.0,42.42,0.0,0.0,0.0,57.58,0.0,0.0,0.0,0.0,0.0,46.46,0.0,0.0,0.0,53.54,0.0,0.0,0.0,0.0,0.0,48.48,0.0,0.0,0.0,51.52,0.0,0.0,0.0,0.0,0.0,0.0,0.0,0.0,0.0,100.0,0.0,0.0,0.0,0.0,0.0,0.0,0.0,0.0,0.0,100.0,1.0,0.0,0.0,0.0,0.0,0.0,0.0,0.0,0.0,99.0,0.0,0.0,0.0,0.0,0.0,0.0,0.0,0.0,0.0,100.0,0.0,0.0,0.0,0.0,0.0,0.0,0.0,0.0,0.0,100.0,0.0,0.0,0.0,0.0,0.0,0.0,0.0,0.0,0.0,100.0,0.0,0.0,0.0,18.18,0.0,0.0,0.0,0.0,0.0,81.82,1.0,0.0,0.0,0.0,0.0,0.0,0.0,0.0,0.0,99.0
506,0.0,0.0,0.0,0.0,0.0,90.0,0.0,0.0,0.0,10.0,0.0,0.0,0.0,0.0,0.0,100.0,0.0,0.0,0.0,0.0,0.0,0.0,0.0,0.0,0.0,86.87,0.0,0.0,0.0,13.13,0.0,0.0,0.0,0.0,0.0,65.0,0.0,0.0,0.0,35.0,0.0,0.0,0.0,0.0,0.0,93.2,0.0,0.0,0.0,6.8,0.0,0.0,0.0,0.0,0.0,82.0,0.0,0.0,0.0,18.0,0.0,0.0,0.0,0.0,0.0,80.81,0.0,0.0,0.0,19.19,0.0,0.0,0.0,0.0,0.0,100.0,0.0,0.0,0.0,0.0,0.0,0.0,0.0,0.0,0.0,63.73,0.0,0.0,0.0,36.27,1.0,0.0,0.0,0.0,0.0,16.0,0.0,0.0,0.0,83.0,0.0,0.0,0.0,0.0,0.0,31.0,0.0,0.0,0.0,69.0,0.0,0.0,0.0,0.0,0.0,49.49,0.0,0.0,0.0,50.51,1.0,0.0,1.0,0.0,0.0,34.0,0.0,0.0,0.0,64.0,0.0,0.0,0.0,0.0,0.0,43.14,0.0,0.0,0.0,56.86,0.0,0.0,0.0,0.0,0.0,47.47,0.0,0.0,0.0,52.53,0.0,0.0,0.0,0.0,0.0,50.98,0.0,0.0,0.0,49.02,0.0,0.0,0.0,0.0,0.0,0.0,0.0,0.0,0.0,100.0,0.0,0.0,1.0,0.0,0.0,0.0,0.0,0.0,0.0,99.0,0.0,0.0,0.99,0.0,0.0,0.0,0.0,0.0,0.0,99.01,0.0,0.0,0.0,0.0,0.0,0.0,0.0,0.0,0.0,100.0,0.0,0.0,0.99,0.0,0.0,0.0,0.0,0.0,0.0,99.01,0.0,0.0,0.0,0.0,0.0,0.0,0.0,0.0,0.0,100.0,0.0,0.0,0.0,18.18,0.0,0.0,0.0,0.0,0.0,81.82,0.0,0.0,1.0,0.0,0.0,0.0,0.0,0.0,0.0,99.0
507,0.0,0.0,0.0,0.0,0.0,90.1,0.0,0.0,0.0,9.9,0.0,0.0,0.0,0.0,0.0,100.0,0.0,0.0,0.0,0.0,0.0,0.0,0.0,0.0,0.0,87.76,0.0,0.0,0.0,12.24,0.0,0.0,0.0,0.0,0.0,65.0,0.0,0.0,0.0,35.0,0.0,0.0,0.0,0.0,0.0,93.14,0.0,0.0,0.0,6.86,0.0,0.0,0.0,0.0,0.0,82.18,0.0,0.0,0.0,17.82,0.0,0.0,0.0,0.0,0.0,82.18,0.0,0.0,0.0,17.82,0.0,0.0,0.0,0.0,0.0,100.0,0.0,0.0,0.0,0.0,0.0,0.0,0.0,0.0,0.0,64.0,0.0,0.0,0.0,36.0,1.01,0.0,0.0,0.0,0.0,14.14,0.0,0.0,0.0,84.85,0.99,0.0,0.0,0.0,0.0,30.69,0.0,0.0,0.0,68.32,0.98,0.0,0.0,0.0,0.0,51.96,0.0,0.0,0.0,47.06,1.0,0.0,1.0,7.0,0.0,33.0,0.0,0.0,0.0,58.0,0.0,0.0,0.0,0.0,0.0,41.41,0.0,0.0,0.0,58.59,0.0,0.0,0.0,0.0,0.0,47.52,0.0,0.0,0.0,52.48,0.0,0.0,0.0,0.0,0.0,50.5,0.0,0.0,0.0,49.5,0.0,0.0,0.0,0.0,0.0,0.0,0.0,0.0,0.0,100.0,0.0,0.0,0.0,0.0,0.0,0.0,0.0,0.0,0.0,100.0,0.0,0.0,0.0,0.0,0.0,0.0,0.0,0.0,0.0,100.0,0.0,0.0,0.0,0.0,0.0,0.0,0.0,0.0,0.0,100.0,0.0,0.0,1.0,0.0,0.0,0.0,0.0,0.0,0.0,99.0,0.0,0.0,0.0,0.0,0.0,0.0,0.0,0.0,0.0,100.0,0.0,0.0,0.0,10.0,0.0,0.0,0.0,0.0,0.0,90.0,1.0,0.0,0.0,0.0,0.0,0.0,0.0,0.0,0.0,99.0
508,0.0,0.0,0.0,0.0,0.0,86.0,0.0,0.0,0.0,14.0,0.0,0.0,0.0,0.0,0.0,100.0,0.0,0.0,0.0,0.0,0.0,0.0,0.0,0.0,0.0,86.14,0.0,0.0,0.0,13.86,0.0,0.0,0.0,0.0,0.0,64.65,0.0,0.0,0.0,35.35,0.0,0.0,0.0,0.0,0.0,93.14,0.0,0.0,0.0,6.86,0.0,0.0,0.0,0.0,0.0,81.0,0.0,0.0,0.0,19.0,0.0,0.0,0.0,0.0,0.0,82.0,0.0,0.0,0.0,18.0,0.0,0.0,0.0,0.0,0.0,100.0,0.0,0.0,0.0,0.0,0.98,0.0,0.0,0.0,0.0,62.75,0.0,0.0,0.0,36.27,0.99,0.0,0.99,0.0,0.0,15.84,0.0,0.0,0.0,82.18,0.0,0.0,1.0,0.0,0.0,31.0,0.0,0.0,0.0,68.0,0.0,0.0,0.0,0.0,0.0,52.0,0.0,0.0,0.0,48.0,2.02,0.0,0.0,4.04,0.0,33.33,0.0,0.0,0.0,60.61,0.0,0.0,0.0,0.0,0.0,43.0,0.0,0.0,0.0,57.0,1.01,0.0,0.0,7.07,0.0,46.46,0.0,0.0,0.0,45.45,0.0,0.0,0.0,0.0,0.0,50.0,0.0,0.0,0.0,50.0,0.0,0.0,0.0,0.0,0.0,0.0,0.0,0.0,0.0,100.0,1.0,0.0,0.0,0.0,0.0,0.0,0.0,0.0,0.0,99.0,0.0,0.0,0.0,0.0,0.0,0.0,0.0,0.0,0.0,100.0,0.0,0.0,1.0,0.0,0.0,0.0,0.0,0.0,0.0,99.0,0.0,0.0,0.0,0.0,0.0,0.0,0.0,0.0,0.0,100.0,0.0,0.0,1.0,0.0,0.0,0.0,0.0,0.0,0.0,99.0,0.0,0.0,1.0,0.0,0.0,0.0,0.0,0.0,0.0,99.0,0.0,0.0,0.0,0.0,0.0,0.0,0.0,0.0,0.0,100.0
509,0.0,0.0,0.0,0.0,0.0,91.92,0.0,0.0,0.0,8.08,0.0,0.0,0.0,0.0,0.0,100.0,0.0,0.0,0.0,0.0,0.0,0.0,0.0,0.0,0.0,88.24,0.0,0.0,0.0,11.76,0.0,0.0,0.0,0.0,0.0,65.35,0.0,0.0,0.0,34.65,0.0,0.0,0.98,0.0,0.0,93.14,0.0,0.0,0.0,5.88,0.0,0.0,0.0,0.0,0.0,83.17,0.0,0.0,0.0,16.83,0.0,0.0,0.0,0.0,0.0,82.0,0.0,0.0,0.0,18.0,0.0,0.0,0.0,0.0,0.0,100.0,0.0,0.0,0.0,0.0,0.0,0.0,0.0,0.0,0.0,62.63,0.0,0.0,0.0,37.37,1.0,0.0,1.0,1.0,0.0,15.0,0.0,0.0,0.0,82.0,1.01,0.0,0.0,0.0,0.0,30.3,0.0,0.0,0.0,68.69,0.0,0.0,0.0,0.0,0.0,50.0,0.0,0.0,0.0,50.0,1.01,0.0,1.01,11.11,0.0,32.32,0.0,0.0,0.0,54.55,0.0,0.0,0.0,0.0,0.0,43.56,0.0,0.0,0.0,56.44,0.98,0.0,0.0,0.0,0.0,49.02,0.0,0.0,0.0,50.0,0.0,0.0,0.0,0.0,0.0,51.0,0.0,0.0,0.0,49.0,0.0,0.0,0.0,0.0,0.0,0.0,0.0,0.0,0.0,100.0,0.0,0.0,0.0,0.0,0.0,0.0,0.0,0.0,0.0,100.0,0.0,0.0,0.0,0.0,0.0,0.0,0.0,0.0,0.0,100.0,0.0,0.0,0.0,0.0,0.0,0.0,0.0,0.0,0.0,100.0,0.0,0.0,0.0,0.0,0.0,0.0,0.0,0.0,0.0,100.0,0.0,0.0,0.0,0.0,0.0,0.0,0.0,0.0,0.0,100.0,0.0,0.0,0.0,0.0,0.0,0.0,0.0,0.0,0.0,100.0,0.0,0.0,0.0,0.0,0.0,0.0,0.0,0.0,0.0,100.0
510,0.0,0.0,0.0,0.0,0.0,91.92,0.0,0.0,0.0,8.08,0.0,0.0,0.0,0.0,0.0,100.0,0.0,0.0,0.0,0.0,0.0,0.0,0.0,0.0,0.0,87.88,0.0,0.0,0.0,12.12,0.0,0.0,0.0,0.0,0.0,66.67,0.0,0.0,0.0,33.33,0.0,0.0,0.0,0.0,0.0,95.05,0.0,0.0,0.0,4.95,0.0,0.0,0.0,0.0,0.0,83.17,0.0,0.0,0.0,16.83,0.0,0.0,0.0,0.0,0.0,82.18,0.0,0.0,0.0,17.82,0.0,0.0,0.0,0.0,0.0,100.0,0.0,0.0,0.0,0.0,0.0,0.0,0.0,0.0,0.0,63.37,0.0,0.0,0.0,36.63,1.0,0.0,1.0,0.0,0.0,16.0,0.0,0.0,0.0,82.0,1.0,0.0,0.0,8.0,0.0,33.0,0.0,0.0,0.0,58.0,0.0,0.0,0.0,0.0,0.0,52.48,0.0,0.0,0.0,47.52,1.01,0.0,0.0,3.03,0.0,35.35,0.0,0.0,0.0,60.61,0.0,0.0,0.0,0.0,0.0,40.59,0.0,0.0,0.0,59.41,0.0,0.0,1.01,0.0,0.0,46.46,0.0,0.0,0.0,52.53,0.0,0.0,0.0,0.0,0.0,50.5,0.0,0.0,0.0,49.5,1.0,0.0,1.0,0.0,0.0,0.0,0.0,0.0,0.0,98.0,0.0,0.0,0.0,0.0,0.0,0.0,0.0,0.0,0.0,100.0,0.0,0.0,0.0,0.0,0.0,0.0,0.0,0.0,0.0,100.0,0.0,0.0,0.0,0.0,0.0,0.0,0.0,0.0,0.0,100.0,0.0,0.0,0.0,0.0,0.0,0.0,0.0,0.0,0.0,100.0,0.0,0.0,0.0,0.0,0.0,0.0,0.0,0.0,0.0,100.0,0.0,0.0,0.0,0.0,0.0,0.0,0.0,0.0,0.0,100.0,0.0,0.0,0.0,0.0,0.0,0.0,0.0,0.0,0.0,100.0
511,0.0,0.0,0.0,0.0,0.0,92.0,0.0,0.0,0.0,8.0,0.0,0.0,0.0,0.0,0.0,100.0,0.0,0.0,0.0,0.0,0.0,0.0,0.0,0.0,0.0,88.0,0.0,0.0,0.0,12.0,0.0,0.0,0.0,0.0,0.0,67.96,0.0,0.0,0.0,32.04,0.0,0.0,0.0,0.0,0.0,96.04,0.0,0.0,0.0,3.96,0.0,0.0,0.0,0.0,0.0,84.16,0.0,0.0,0.0,15.84,0.0,0.0,0.0,0.0,0.0,82.83,0.0,0.0,0.0,17.17,0.0,0.0,0.0,0.0,0.0,100.0,0.0,0.0,0.0,0.0,0.0,0.0,0.0,0.0,0.0,63.64,0.0,0.0,0.0,36.36,1.02,0.0,1.02,0.0,0.0,15.31,0.0,0.0,0.0,82.65,0.0,0.0,0.0,6.0,0.0,33.0,0.0,0.0,0.0,61.0,0.0,0.0,0.0,0.0,0.0,50.98,0.0,0.0,0.0,49.02,0.97,0.0,0.97,5.83,0.0,34.95,0.0,0.0,0.0,57.28,0.0,0.0,0.0,0.0,0.0,40.4,0.0,0.0,0.0,59.6,1.0,0.0,0.0,0.0,0.0,47.0,0.0,0.0,0.0,52.0,0.0,0.0,0.0,0.0,0.0,51.02,0.0,0.0,0.0,48.98,0.0,0.0,0.0,0.0,0.0,0.0,0.0,0.0,0.0,100.0,1.0,0.0,0.0,0.0,0.0,0.0,0.0,0.0,0.0,99.0,0.0,0.0,0.0,0.0,0.0,0.0,0.0,0.0,0.0,100.0,0.0,0.0,0.0,0.0,0.0,0.0,0.0,0.0,0.0,100.0,0.99,0.0,0.0,0.0,0.0,0.0,0.0,0.0,0.0,99.01,0.0,0.0,0.0,0.0,0.0,0.0,0.0,0.0,0.0,100.0,0.99,0.0,0.0,0.0,0.0,0.0,0.0,0.0,0.0,99.01,0.0,0.0,0.0,0.0,0.0,0.0,0.0,0.0,0.0,100.0
512,0.0,0.0,0.0,0.0,0.0,91.92,0.0,0.0,0.0,8.08,0.0,0.0,0.0,0.0,0.0,100.0,0.0,0.0,0.0,0.0,0.0,0.0,0.0,0.0,0.0,89.0,0.0,0.0,0.0,11.0,0.0,0.0,0.0,0.0,0.0,66.67,0.0,0.0,0.0,33.33,0.0,0.0,0.0,0.0,0.0,95.1,0.0,0.0,0.0,4.9,0.0,0.0,0.0,0.0,0.0,82.83,0.0,0.0,0.0,17.17,0.0,0.0,0.0,0.0,0.0,83.0,0.0,0.0,0.0,17.0,0.0,0.0,0.99,0.0,0.0,99.01,0.0,0.0,0.0,0.0,0.0,0.0,0.0,0.0,0.0,65.35,0.0,0.0,0.0,34.65,1.0,0.0,0.0,0.0,0.0,16.0,0.0,0.0,0.0,83.0,0.99,0.0,0.99,6.93,0.0,32.67,0.0,0.0,0.0,58.42,0.0,0.0,1.01,0.0,0.0,52.53,0.0,0.0,0.0,46.46,0.0,0.0,0.0,4.04,0.0,36.36,0.0,0.0,0.0,59.6,0.0,0.0,0.0,0.0,0.0,41.0,0.0,0.0,0.0,59.0,0.0,0.0,0.98,0.0,0.0,49.02,0.0,0.0,0.0,50.0,0.0,0.0,0.0,0.0,0.0,51.46,0.0,0.0,0.0,48.54,0.0,0.0,0.0,0.0,0.0,0.0,0.0,0.0,0.0,100.0,0.0,0.0,0.0,0.0,0.0,0.0,0.0,0.0,0.0,100.0,0.0,0.0,0.0,0.0,0.0,0.0,0.0,0.0,0.0,100.0,0.0,0.0,0.0,0.0,0.0,0.0,0.0,0.0,0.0,100.0,0.0,0.0,0.0,0.0,0.0,0.0,0.0,0.0,0.0,100.0,0.0,0.0,1.0,0.0,0.0,0.0,0.0,0.0,0.0,99.0,0.0,0.0,0.0,0.0,0.0,0.0,0.0,0.0,0.0,100.0,0.0,0.0,0.0,0.0,0.0,0.0,0.0,0.0,0.0,100.0
513,0.0,0.0,0.0,0.0,0.0,90.91,0.0,0.0,0.0,9.09,0.0,0.0,0.0,0.0,0.0,100.0,0.0,0.0,0.0,0.0,0.0,0.0,0.0,0.0,0.0,88.0,0.0,0.0,0.0,12.0,0.0,0.0,0.0,0.0,0.0,65.98,0.0,0.0,0.0,34.02,0.0,0.0,0.0,0.0,0.0,95.1,0.0,0.0,0.0,4.9,0.0,0.0,0.0,0.0,0.0,82.83,0.0,0.0,0.0,17.17,0.0,0.0,0.0,0.0,0.0,83.0,0.0,0.0,0.0,17.0,0.0,0.0,0.0,0.0,0.0,100.0,0.0,0.0,0.0,0.0,0.0,0.0,0.0,0.0,0.0,62.63,0.0,0.0,0.0,37.37,0.0,0.0,1.0,0.0,0.0,15.0,0.0,0.0,0.0,84.0,0.0,0.0,0.0,9.0,0.0,34.0,0.0,0.0,0.0,57.0,0.0,0.0,0.0,0.0,0.0,51.02,0.0,0.0,0.0,48.98,0.0,0.0,0.0,2.02,0.0,35.35,0.0,0.0,0.0,62.63,0.0,0.0,0.0,0.0,0.0,39.39,0.0,0.0,0.0,60.61,0.0,0.0,0.0,0.0,0.0,49.02,0.0,0.0,0.0,50.98,0.0,0.0,0.0,0.0,0.0,49.49,0.0,0.0,0.0,50.51,1.01,0.0,0.0,0.0,0.0,0.0,0.0,0.0,0.0,98.99,0.0,0.0,1.01,0.0,0.0,0.0,0.0,0.0,0.0,98.99,0.99,0.0,0.99,0.0,0.0,0.0,0.0,0.0,0.0,98.02,0.99,0.0,0.0,0.0,0.0,0.0,0.0,0.0,0.0,99.01,0.0,0.0,0.99,0.0,0.0,0.0,0.0,0.0,0.0,99.01,0.0,0.0,0.0,0.0,0.0,0.0,0.0,0.0,0.0,100.0,0.0,0.0,0.0,0.0,0.0,0.0,0.0,0.0,0.0,100.0,0.0,0.0,0.99,0.0,0.0,0.0,0.0,0.0,0.0,99.01
514,0.0,0.0,0.0,0.0,0.0,91.92,0.0,0.0,0.0,8.08,0.0,0.0,0.0,0.0,0.0,100.0,0.0,0.0,0.0,0.0,0.0,0.0,0.0,0.0,0.0,88.12,0.0,0.0,0.0,11.88,0.0,0.0,0.0,0.0,0.0,67.33,0.0,0.0,0.0,32.67,0.0,0.0,0.0,0.0,0.0,96.04,0.0,0.0,0.0,3.96,0.0,0.0,0.0,0.0,0.0,84.0,0.0,0.0,0.0,16.0,0.0,0.0,0.0,0.0,0.0,83.67,0.0,0.0,0.0,16.33,0.0,0.0,0.0,0.0,0.0,100.0,0.0,0.0,0.0,0.0,0.0,0.0,0.0,0.0,0.0,63.64,0.0,0.0,0.0,36.36,1.0,0.0,0.0,0.0,0.0,16.0,0.0,0.0,0.0,83.0,0.0,0.0,1.02,10.2,0.0,31.63,0.0,0.0,0.0,57.14,0.0,0.0,0.0,0.0,0.0,48.51,0.0,0.0,0.0,51.49,0.0,0.0,1.01,2.02,0.0,34.34,0.0,0.0,0.0,62.63,0.0,0.0,0.0,0.0,0.0,40.4,0.0,0.0,0.0,59.6,1.0,0.0,0.0,0.0,0.0,48.0,0.0,0.0,0.0,51.0,0.0,0.0,0.0,0.0,0.0,51.49,0.0,0.0,0.0,48.51,1.01,0.0,0.0,0.0,0.0,0.0,0.0,0.0,0.0,98.99,0.0,0.0,0.0,0.0,0.0,0.0,0.0,0.0,0.0,100.0,1.01,0.0,0.0,0.0,0.0,0.0,0.0,0.0,0.0,98.99,0.0,0.0,0.0,0.0,0.0,0.0,0.0,0.0,0.0,100.0,0.0,0.0,0.0,0.0,0.0,0.0,0.0,0.0,0.0,100.0,0.0,0.0,0.0,0.0,0.0,0.0,0.0,0.0,0.0,100.0,0.0,0.0,0.99,0.0,0.0,0.0,0.0,0.0,0.0,99.01,0.0,0.0,0.0,0.0,0.0,0.0,0.0,0.0,0.0,100.0
515,0.0,0.0,0.0,0.0,0.0,90.82,0.0,0.0,0.0,9.18,0.0,0.0,0.0,0.0,0.0,100.0,0.0,0.0,0.0,0.0,0.0,0.0,0.0,0.0,0.0,88.89,0.0,0.0,0.0,11.11,0.0,0.0,0.0,0.0,0.0,66.34,0.0,0.0,0.0,33.66,0.0,0.0,0.0,0.0,0.0,95.0,0.0,0.0,0.0,5.0,0.0,0.0,0.0,0.0,0.0,83.0,0.0,0.0,0.0,17.0,0.0,0.0,0.0,0.0,0.0,82.35,0.0,0.0,0.0,17.65,0.0,0.0,0.0,0.0,0.0,100.0,0.0,0.0,0.0,0.0,0.97,0.0,0.0,0.0,0.0,63.11,0.0,0.0,0.0,35.92,0.0,0.0,0.0,0.0,0.0,16.0,0.0,0.0,0.0,84.0,0.99,0.0,0.99,2.97,0.0,31.68,0.0,0.0,0.0,63.37,0.0,0.0,0.0,0.0,0.0,47.47,0.0,0.0,0.0,52.53,1.0,0.0,0.0,9.0,0.0,34.0,0.0,0.0,0.0,56.0,0.0,0.0,0.0,0.0,0.0,40.59,0.0,0.0,0.0,59.41,0.99,0.0,0.99,0.0,0.0,47.52,0.0,0.0,0.0,50.5,0.99,0.0,0.0,0.0,0.0,50.5,0.0,0.0,0.0,48.51,0.0,0.0,1.0,0.0,0.0,0.0,0.0,0.0,0.0,99.0,0.0,0.0,0.0,0.0,0.0,0.0,0.0,0.0,0.0,100.0,0.0,0.0,0.0,0.0,0.0,0.0,0.0,0.0,0.0,100.0,0.0,0.0,0.0,0.0,0.0,0.0,0.0,0.0,0.0,100.0,0.0,0.0,0.0,0.0,0.0,0.0,0.0,0.0,0.0,100.0,0.0,0.0,0.0,0.0,0.0,0.0,0.0,0.0,0.0,100.0,0.0,0.0,0.0,0.0,0.0,0.0,0.0,0.0,0.0,100.0,0.0,0.0,0.0,0.0,0.0,0.0,0.0,0.0,0.0,100.0
516,0.0,0.0,0.0,0.0,0.0,91.09,0.0,0.0,0.0,8.91,0.0,0.0,0.0,0.0,0.0,100.0,0.0,0.0,0.0,0.0,0.0,0.0,0.0,0.0,0.0,87.13,0.0,0.0,0.0,12.87,0.0,0.0,0.0,0.0,0.0,66.33,0.0,0.0,0.0,33.67,0.0,0.0,0.0,0.0,0.0,95.0,0.0,0.0,0.0,5.0,0.0,0.0,0.0,0.0,0.0,82.83,0.0,0.0,0.0,17.17,0.0,0.0,0.0,0.0,0.0,82.83,0.0,0.0,0.0,17.17,0.0,0.0,0.0,0.0,0.0,100.0,0.0,0.0,0.0,0.0,0.0,0.0,1.03,0.0,0.0,61.86,0.0,0.0,0.0,37.11,0.0,0.0,0.0,0.0,0.0,16.16,0.0,0.0,0.0,83.84,0.0,0.0,0.99,7.92,0.0,31.68,0.0,0.0,0.0,59.41,0.0,0.0,0.0,0.0,0.0,47.96,0.0,0.0,0.0,52.04,0.0,0.0,1.02,4.08,0.0,33.67,0.0,0.0,0.0,61.22,0.0,0.0,0.0,0.0,0.0,40.4,0.0,0.0,0.0,59.6,0.0,0.0,0.0,0.0,0.0,48.48,0.0,0.0,0.0,51.52,0.0,0.0,0.0,0.0,0.0,51.0,0.0,0.0,0.0,49.0,0.0,0.0,0.0,0.0,0.0,0.0,0.0,0.0,0.0,100.0,0.0,0.0,0.0,0.0,0.0,0.0,0.0,0.0,0.0,100.0,0.0,0.0,0.0,0.0,0.0,0.0,0.0,0.0,0.0,100.0,0.0,0.0,1.0,0.0,0.0,0.0,0.0,0.0,0.0,99.0,0.0,0.0,0.0,0.0,0.0,0.0,0.0,0.0,0.0,100.0,0.99,0.0,0.0,0.0,0.0,0.0,0.0,0.0,0.0,99.01,0.0,0.0,0.0,0.0,0.0,0.0,0.0,0.0,0.0,100.0,0.0,0.0,0.0,0.0,0.0,0.0,0.0,0.0,0.0,100.0
517,0.0,0.0,0.0,0.0,0.0,91.92,0.0,0.0,0.0,8.08,0.0,0.0,0.0,0.0,0.0,100.0,0.0,0.0,0.0,0.0,0.0,0.0,0.0,0.0,0.0,88.0,0.0,0.0,0.0,12.0,0.0,0.0,0.0,0.0,0.0,65.66,0.0,0.0,0.0,34.34,0.0,0.0,0.0,0.0,0.0,94.12,0.0,0.0,0.0,5.88,0.0,0.0,0.0,0.0,0.0,83.0,0.0,0.0,0.0,17.0,0.0,0.0,0.0,0.0,0.0,83.33,0.0,0.0,0.0,16.67,0.0,0.0,0.0,0.0,0.0,100.0,0.0,0.0,0.0,0.0,0.0,0.0,0.0,0.0,0.0,63.27,0.0,0.0,0.0,36.73,0.0,0.0,1.01,0.0,0.0,16.16,0.0,0.0,0.0,82.83,1.01,0.0,0.0,9.09,0.0,31.31,0.0,0.0,0.0,58.59,0.0,0.0,0.0,0.0,0.0,48.51,0.0,0.0,0.0,51.49,1.0,0.0,1.0,0.0,0.0,36.0,0.0,0.0,0.0,62.0,0.0,0.0,0.0,0.0,0.0,39.39,0.0,0.0,0.0,60.61,0.99,0.0,0.0,2.97,0.0,45.54,0.0,0.0,0.0,50.5,0.0,0.0,0.0,0.0,0.0,49.5,0.0,0.0,0.0,50.5,1.0,0.0,0.0,0.0,0.0,0.0,0.0,0.0,0.0,99.0,0.99,0.0,0.0,0.0,0.0,0.0,0.0,0.0,0.0,99.01,0.98,0.0,0.98,0.0,0.0,0.0,0.0,0.0,0.0,98.04,0.0,0.0,0.0,0.0,0.0,0.0,0.0,0.0,0.0,100.0,0.0,0.0,0.0,0.0,0.0,0.0,0.0,0.0,0.0,100.0,0.0,0.0,0.0,0.0,0.0,0.0,0.0,0.0,0.0,100.0,0.0,0.0,0.0,0.0,0.0,0.0,0.0,0.0,0.0,100.0,0.0,0.0,0.0,0.0,0.0,0.0,0.0,0.0,0.0,100.0
518,0.0,0.0,0.0,0.0,0.0,93.14,0.0,0.0,0.0,6.86,0.0,0.0,0.0,0.0,0.0,100.0,0.0,0.0,0.0,0.0,0.0,0.0,0.0,0.0,0.0,89.0,0.0,0.0,0.0,11.0,0.0,0.0,0.0,0.0,0.0,67.0,0.0,0.0,0.0,33.0,0.0,0.0,0.99,0.0,0.0,95.05,0.0,0.0,0.0,3.96,0.0,0.0,0.0,0.0,0.0,83.84,0.0,0.0,0.0,16.16,0.0,0.0,0.0,0.0,0.0,82.83,0.0,0.0,0.0,17.17,0.0,0.0,0.0,0.0,0.0,100.0,0.0,0.0,0.0,0.0,0.0,0.0,0.0,0.0,0.0,64.36,0.0,0.0,0.0,35.64,0.99,0.0,0.99,0.0,0.0,15.84,0.0,0.0,0.0,82.18,0.0,0.0,1.0,7.0,0.0,32.0,0.0,0.0,0.0,60.0,0.0,0.0,0.0,0.0,0.0,49.0,0.0,0.0,0.0,51.0,1.0,0.0,0.0,0.0,0.0,34.0,0.0,0.0,0.0,65.0,0.0,0.0,0.0,0.0,0.0,41.58,0.0,0.0,0.0,58.42,1.0,0.0,1.0,3.0,0.0,46.0,0.0,0.0,0.0,49.0,0.0,0.0,0.0,0.0,0.0,51.02,0.0,0.0,0.0,48.98,1.0,0.0,0.0,1.0,0.0,0.0,0.0,0.0,0.0,98.0,0.0,0.0,0.0,1.01,0.0,0.0,0.0,0.0,0.0,98.99,0.0,0.0,1.0,0.0,0.0,0.0,0.0,0.0,0.0,99.0,0.0,0.0,0.0,0.0,0.0,0.0,0.0,0.0,0.0,100.0,0.0,0.0,0.0,0.0,0.0,0.0,0.0,0.0,0.0,100.0,0.0,0.0,0.0,0.0,0.0,0.0,0.0,0.0,0.0,100.0,0.0,0.0,0.0,0.0,0.0,0.0,0.0,0.0,0.0,100.0,0.0,0.0,0.0,0.0,0.0,0.0,0.0,0.0,0.0,100.0
519,0.0,0.0,0.0,0.0,0.0,91.84,0.0,0.0,0.0,8.16,0.0,0.0,0.0,0.0,0.0,100.0,0.0,0.0,0.0,0.0,0.0,0.0,0.0,0.0,0.0,88.0,0.0,0.0,0.0,12.0,0.0,0.0,0.0,0.0,0.0,66.33,0.0,0.0,0.0,33.67,0.0,0.0,0.0,0.0,0.0,96.04,0.0,0.0,0.0,3.96,0.0,0.0,0.0,0.0,0.0,83.67,0.0,0.0,0.0,16.33,0.99,0.0,0.0,0.0,0.0,83.17,0.0,0.0,0.0,15.84,0.0,0.0,0.0,0.0,0.0,100.0,0.0,0.0,0.0,0.0,1.03,0.0,0.0,0.0,0.0,60.82,0.0,0.0,0.0,38.14,0.0,0.0,0.0,0.0,0.0,16.83,0.0,0.0,0.0,83.17,0.0,0.0,0.0,0.0,0.0,33.33,0.0,0.0,0.0,66.67,0.0,0.0,0.0,0.0,0.0,54.46,0.0,0.0,0.0,45.54,0.0,0.0,0.0,0.0,0.0,35.0,0.0,0.0,0.0,65.0,0.0,0.0,0.0,0.0,0.0,40.59,0.0,0.0,0.0,59.41,0.0,0.0,0.0,0.0,0.0,46.94,0.0,0.0,0.0,53.06,0.0,0.0,0.0,0.0,0.0,50.0,0.0,0.0,0.0,50.0,0.0,0.0,1.0,0.0,0.0,1.0,0.0,0.0,0.0,98.0,0.0,0.0,0.0,17.17,0.0,0.0,0.0,0.0,0.0,82.83,0.0,0.0,0.0,0.0,0.0,0.0,0.0,0.0,0.0,100.0,0.99,0.0,0.0,0.0,0.0,0.0,0.0,0.0,0.0,99.01,0.0,0.0,0.0,0.0,0.0,0.0,0.0,0.0,0.0,100.0,0.0,0.0,0.0,0.0,0.0,0.0,0.0,0.0,0.0,100.0,0.0,0.0,0.0,0.0,0.0,0.0,0.0,0.0,0.0,100.0,1.01,0.0,1.01,0.0,0.0,0.0,0.0,0.0,0.0,97.98
520,0.0,0.0,0.0,0.0,0.0,91.0,0.0,0.0,0.0,9.0,0.0,0.0,0.0,0.0,0.0,100.0,0.0,0.0,0.0,0.0,0.0,0.0,0.0,0.0,0.0,89.0,0.0,0.0,0.0,11.0,0.0,0.0,0.0,0.0,0.0,66.0,0.0,0.0,0.0,34.0,0.0,0.0,0.0,0.0,0.0,95.1,0.0,0.0,0.0,4.9,0.0,0.0,0.0,0.0,0.0,83.0,0.0,0.0,0.0,17.0,0.0,0.0,0.0,0.0,0.0,83.17,0.0,0.0,0.0,16.83,0.0,0.0,0.0,0.0,0.0,100.0,0.0,0.0,0.0,0.0,0.0,0.0,0.0,0.0,0.0,63.64,0.0,0.0,0.0,36.36,0.0,0.0,0.0,0.0,0.0,15.15,0.0,0.0,0.0,84.85,1.0,0.0,0.0,0.0,0.0,32.0,0.0,0.0,0.0,67.0,0.0,0.0,0.0,0.0,0.0,51.52,0.0,0.0,0.0,48.48,0.0,0.0,0.99,0.0,0.0,34.65,0.0,0.0,0.0,64.36,0.0,0.0,0.0,0.0,0.0,40.4,0.0,0.0,0.0,59.6,0.0,0.0,1.0,0.0,0.0,47.0,0.0,0.0,0.0,52.0,0.0,0.0,0.0,0.0,0.0,51.49,0.0,0.0,0.0,48.51,1.01,0.0,1.01,5.05,0.0,0.0,0.0,0.0,0.0,92.93,0.99,0.0,0.99,11.88,0.0,0.0,0.0,0.0,0.0,86.14,0.0,0.0,0.0,0.0,0.0,0.0,0.0,0.0,0.0,100.0,0.0,0.0,0.0,0.0,0.0,0.0,0.0,0.0,0.0,100.0,0.0,0.0,0.99,0.0,0.0,0.0,0.0,0.0,0.0,99.01,1.0,0.0,0.0,0.0,0.0,0.0,0.0,0.0,0.0,99.0,0.0,0.0,0.0,0.0,0.0,0.0,0.0,0.0,0.0,100.0,0.99,0.0,0.99,0.0,0.0,0.0,0.0,0.0,0.0,98.02
521,0.0,0.0,0.0,0.0,0.0,90.91,0.0,0.0,0.0,9.09,0.0,0.0,0.0,0.0,0.0,100.0,0.0,0.0,0.0,0.0,0.0,0.0,0.0,0.0,0.0,87.76,0.0,0.0,0.0,12.24,0.0,0.0,0.0,0.0,0.0,66.67,0.0,0.0,0.0,33.33,0.0,0.0,0.0,0.0,0.0,95.0,0.0,0.0,0.0,5.0,0.0,0.0,0.0,0.0,0.0,82.65,0.0,0.0,0.0,17.35,0.0,0.0,0.0,0.0,0.0,83.17,0.0,0.0,0.0,16.83,0.0,0.0,0.0,0.0,0.0,100.0,0.0,0.0,0.0,0.0,0.0,0.0,0.0,0.0,0.0,62.24,0.0,0.0,0.0,37.76,0.0,0.0,0.0,0.0,0.0,15.31,0.0,0.0,0.0,84.69,0.0,0.0,1.01,0.0,0.0,32.32,0.0,0.0,0.0,66.67,0.0,0.0,0.0,0.0,0.0,48.48,0.0,0.0,0.0,51.52,0.0,0.0,0.0,0.0,0.0,34.34,0.0,0.0,0.0,65.66,0.0,0.0,0.0,0.0,0.0,41.0,0.0,0.0,0.0,59.0,0.99,0.0,0.0,0.0,0.0,47.52,0.0,0.0,0.0,51.49,0.0,0.0,0.0,0.0,0.0,50.98,0.0,0.0,0.0,49.02,1.01,0.0,0.0,0.0,0.0,0.0,0.0,0.0,0.0,98.99,0.0,0.0,0.0,17.35,0.0,0.0,0.0,0.0,0.0,82.65,0.0,0.0,0.0,0.0,0.0,0.0,0.0,0.0,0.0,100.0,0.0,0.0,0.0,0.0,0.0,0.0,0.0,0.0,0.0,100.0,0.0,0.0,0.0,0.0,0.0,0.0,0.0,0.0,0.0,100.0,0.0,0.0,0.0,0.0,0.0,0.0,0.0,0.0,0.0,100.0,0.0,0.0,0.0,0.0,0.0,0.0,0.0,0.0,0.0,100.0,0.0,0.0,0.0,0.0,0.0,0.0,0.0,0.0,0.0,100.0
522,0.0,0.0,0.0,0.0,0.0,88.0,0.0,0.0,0.0,12.0,0.0,0.0,0.0,0.0,0.0,100.0,0.0,0.0,0.0,0.0,0.0,0.0,0.0,0.0,0.0,88.12,0.0,0.0,0.0,11.88,0.0,0.0,0.0,0.0,0.0,66.0,0.0,0.0,0.0,34.0,0.0,0.0,0.0,0.0,0.0,94.0,0.0,0.0,0.0,6.0,0.0,0.0,0.0,0.0,0.0,82.83,0.0,0.0,0.0,17.17,0.0,0.0,0.0,0.0,0.0,82.0,0.0,0.0,0.0,18.0,0.0,0.0,0.0,0.0,0.0,100.0,0.0,0.0,0.0,0.0,0.0,0.0,0.0,0.0,0.0,63.37,0.0,0.0,0.0,36.63,0.99,0.0,0.99,0.0,0.0,15.84,0.0,0.0,0.0,82.18,0.0,0.0,0.0,0.0,0.0,32.0,0.0,0.0,0.0,68.0,0.0,0.0,0.0,0.0,0.0,47.96,0.0,0.0,0.0,52.04,1.0,0.0,1.0,0.0,0.0,33.0,0.0,0.0,0.0,65.0,0.0,0.0,0.0,0.0,0.0,38.61,0.0,0.0,0.0,61.39,0.0,0.0,0.0,0.0,0.0,45.92,0.0,0.0,0.0,54.08,1.0,0.0,1.0,0.0,0.0,50.0,0.0,0.0,0.0,48.0,0.0,0.0,1.0,0.0,0.0,0.0,0.0,0.0,0.0,99.0,0.0,0.0,0.99,17.82,0.0,0.0,0.0,0.0,0.0,81.19,1.0,0.0,0.0,0.0,0.0,0.0,0.0,0.0,0.0,99.0,0.0,0.0,0.0,0.0,0.0,0.0,0.0,0.0,0.0,100.0,0.99,0.0,0.0,0.0,0.0,0.0,0.0,0.0,0.0,99.01,0.0,0.0,1.0,0.0,0.0,0.0,0.0,0.0,0.0,99.0,0.0,0.0,0.0,0.0,0.0,0.0,0.0,0.0,0.0,100.0,0.0,0.0,0.0,0.0,0.0,0.0,0.0,0.0,0.0,100.0
523,0.0,0.0,0.0,0.0,0.0,89.8,0.0,0.0,0.0,10.2,0.0,0.0,0.0,0.0,0.0,100.0,0.0,0.0,0.0,0.0,0.0,0.0,0.0,0.0,0.0,86.87,0.0,0.0,0.0,13.13,0.0,0.0,0.0,0.0,0.0,66.34,0.0,0.0,0.0,33.66,0.0,0.0,0.0,0.0,0.0,94.06,0.0,0.0,0.0,5.94,0.0,0.0,0.0,0.0,0.0,83.33,0.0,0.0,0.0,16.67,0.0,0.0,0.0,0.0,0.0,82.18,0.0,0.0,0.0,17.82,0.0,0.0,0.0,0.0,0.0,100.0,0.0,0.0,0.0,0.0,0.0,0.0,0.0,0.0,0.0,62.24,0.0,0.0,0.0,37.76,0.0,0.0,0.0,0.0,0.0,15.15,0.0,0.0,0.0,84.85,0.98,0.0,0.98,0.0,0.0,32.35,0.0,0.0,0.0,65.69,1.02,0.0,0.0,0.0,0.0,46.94,0.0,0.0,0.0,52.04,0.98,0.0,0.98,0.0,0.0,29.41,0.0,0.0,0.0,68.63,0.0,0.0,0.0,0.0,0.0,36.36,0.0,0.0,0.0,63.64,0.0,0.0,0.0,0.0,0.0,48.51,0.0,0.0,0.0,51.49,0.0,0.0,0.0,0.0,0.0,52.43,0.0,0.0,0.0,47.57,0.0,0.0,1.01,0.0,0.0,0.0,0.0,0.0,0.0,98.99,0.0,0.0,1.01,17.17,0.0,0.0,0.0,0.0,0.0,81.82,0.0,0.0,1.0,0.0,0.0,0.0,0.0,0.0,0.0,99.0,0.0,0.0,0.0,0.0,0.0,0.0,0.0,0.0,0.0,100.0,0.0,0.0,0.0,0.0,0.0,0.0,0.0,0.0,0.0,100.0,1.0,0.0,0.0,0.0,0.0,0.0,0.0,0.0,0.0,99.0,0.0,0.0,0.0,0.0,0.0,0.0,0.0,0.0,0.0,100.0,0.0,0.0,0.0,0.0,0.0,0.0,0.0,0.0,0.0,100.0
524,0.0,0.0,0.0,0.0,0.0,91.0,0.0,0.0,0.0,9.0,0.0,0.0,0.0,0.0,0.0,100.0,0.0,0.0,0.0,0.0,0.0,0.0,0.0,0.0,0.0,87.88,0.0,0.0,0.0,12.12,0.0,0.0,0.0,0.0,0.0,68.0,0.0,0.0,0.0,32.0,0.0,0.0,0.0,0.0,0.0,95.1,0.0,0.0,0.0,4.9,0.0,0.0,0.0,0.0,0.0,82.83,0.0,0.0,0.0,17.17,0.0,0.0,0.0,0.0,0.0,82.0,0.0,0.0,0.0,18.0,0.0,0.0,0.0,0.0,0.0,100.0,0.0,0.0,0.0,0.0,0.0,0.0,0.0,0.0,0.0,62.24,0.0,0.0,0.0,37.76,1.01,0.0,1.01,0.0,0.0,14.14,0.0,0.0,0.0,83.84,0.0,0.0,0.0,0.0,0.0,31.31,0.0,0.0,0.0,68.69,0.0,0.0,0.0,0.0,0.0,47.96,0.0,0.0,0.0,52.04,0.0,0.0,0.0,0.0,0.0,29.29,0.0,0.0,0.0,70.71,0.0,0.0,0.0,0.0,0.0,38.0,0.0,0.0,0.0,62.0,1.02,0.0,0.0,0.0,0.0,45.92,0.0,0.0,0.0,53.06,0.0,0.0,0.0,0.0,0.0,51.0,0.0,0.0,0.0,49.0,0.0,0.0,0.0,0.0,0.0,0.0,0.0,0.0,0.0,100.0,0.0,0.0,1.0,18.0,0.0,0.0,0.0,0.0,0.0,81.0,0.0,0.0,0.0,0.0,0.0,0.0,0.0,0.0,0.0,100.0,0.0,0.0,0.0,0.0,0.0,0.0,0.0,0.0,0.0,100.0,0.0,0.0,0.0,0.0,0.0,0.0,0.0,0.0,0.0,100.0,0.0,0.0,0.0,0.0,0.0,0.0,0.0,0.0,0.0,100.0,0.0,0.0,0.0,0.0,0.0,0.0,0.0,0.0,0.0,100.0,0.0,0.0,0.0,0.0,0.0,0.0,0.0,0.0,0.0,100.0
525,0.0,0.0,0.0,0.0,0.0,89.0,0.0,0.0,0.0,11.0,0.0,0.0,0.0,0.0,0.0,100.0,0.0,0.0,0.0,0.0,0.0,0.0,0.0,0.0,0.0,87.88,0.0,0.0,0.0,12.12,0.0,0.0,0.0,0.0,0.0,66.34,0.0,0.0,0.0,33.66,0.0,0.0,0.0,0.0,0.0,95.05,0.0,0.0,0.0,4.95,0.0,0.0,0.0,0.0,0.0,83.0,0.0,0.0,0.0,17.0,0.0,0.0,0.0,0.0,0.0,82.0,0.0,0.0,0.0,18.0,0.0,0.0,0.0,0.0,0.0,100.0,0.0,0.0,0.0,0.0,0.0,0.0,0.0,0.0,0.0,63.0,0.0,0.0,0.0,37.0,0.0,0.0,0.0,0.0,0.0,15.0,0.0,0.0,0.0,85.0,0.0,0.0,0.0,0.0,0.0,31.68,0.0,0.0,0.0,68.32,1.01,0.0,0.0,0.0,0.0,47.47,0.0,0.0,0.0,51.52,1.0,0.0,0.0,0.0,0.0,30.0,0.0,0.0,0.0,69.0,0.0,0.0,0.0,0.0,0.0,37.0,0.0,0.0,0.0,63.0,0.98,0.0,0.98,0.0,0.0,47.06,0.0,0.0,0.0,50.98,0.0,0.0,0.0,0.0,0.0,51.0,0.0,0.0,0.0,49.0,0.0,0.0,0.0,0.0,0.0,0.0,0.0,0.0,0.0,100.0,0.0,0.0,0.0,17.35,0.0,0.0,0.0,0.0,0.0,82.65,1.02,0.0,0.0,0.0,0.0,0.0,0.0,0.0,0.0,98.98,0.99,0.0,0.0,0.0,0.0,0.0,0.0,0.0,0.0,99.01,1.0,0.0,0.0,0.0,0.0,0.0,0.0,0.0,0.0,99.0,0.0,0.0,1.0,0.0,0.0,0.0,0.0,0.0,0.0,99.0,0.0,0.0,0.0,0.0,0.0,0.0,0.0,0.0,0.0,100.0,0.0,0.0,0.0,0.0,0.0,0.0,0.0,0.0,0.0,100.0
526,0.0,0.0,0.0,0.0,0.0,90.91,0.0,0.0,0.0,9.09,0.0,0.0,0.0,0.0,0.0,100.0,0.0,0.0,0.0,0.0,0.0,0.0,0.0,0.0,0.0,87.88,0.0,0.0,0.0,12.12,0.0,0.0,0.0,0.0,0.0,67.68,0.0,0.0,0.0,32.32,0.0,0.0,0.0,0.0,0.0,95.05,0.0,0.0,0.0,4.95,0.0,0.0,0.0,0.0,0.0,83.17,0.0,0.0,0.0,16.83,0.0,0.0,0.0,0.0,0.0,83.0,0.0,0.0,0.0,17.0,0.0,0.0,0.0,0.0,0.0,100.0,0.0,0.0,0.0,0.0,0.0,0.0,0.0,0.0,0.0,64.0,0.0,0.0,0.0,36.0,0.99,0.0,0.99,0.0,0.0,15.84,0.0,0.0,0.0,82.18,0.0,0.0,0.0,0.0,0.0,30.61,0.0,0.0,0.0,69.39,1.02,0.0,0.0,0.0,0.0,47.96,0.0,0.0,0.0,51.02,0.0,0.0,0.0,0.0,0.0,30.3,0.0,0.0,0.0,69.7,0.0,0.0,0.0,0.0,0.0,38.0,0.0,0.0,0.0,62.0,0.0,0.0,0.0,0.0,0.0,48.0,0.0,0.0,0.0,52.0,1.0,0.0,0.0,0.0,0.0,51.0,0.0,0.0,0.0,48.0,1.0,0.0,0.0,0.0,0.0,0.0,0.0,0.0,0.0,99.0,1.0,0.0,0.0,17.0,0.0,0.0,0.0,0.0,0.0,82.0,1.0,0.0,1.0,0.0,0.0,0.0,0.0,0.0,0.0,98.0,0.0,0.0,0.0,0.0,0.0,0.0,0.0,0.0,0.0,100.0,0.0,0.0,0.0,0.0,0.0,0.0,0.0,0.0,0.0,100.0,0.0,0.0,0.0,0.0,0.0,0.0,0.0,0.0,0.0,100.0,0.0,0.0,0.0,0.0,0.0,0.0,0.0,0.0,0.0,100.0,0.0,0.0,0.0,0.0,0.0,0.0,0.0,0.0,0.0,100.0
527,0.0,0.0,0.0,0.0,0.0,90.0,0.0,0.0,0.0,10.0,0.0,0.0,0.0,0.0,0.0,100.0,0.0,0.0,0.0,0.0,0.0,0.0,0.0,0.0,0.0,87.5,0.0,0.0,0.0,12.5,0.0,0.0,0.0,0.0,0.0,67.33,0.0,0.0,0.0,32.67,0.0,0.0,0.0,0.0,0.0,95.05,0.0,0.0,0.0,4.95,0.0,0.0,0.0,0.0,0.0,83.51,0.0,0.0,0.0,16.49,0.0,0.0,0.0,0.0,0.0,81.82,0.0,0.0,0.0,18.18,0.0,0.0,0.0,0.0,0.0,100.0,0.0,0.0,0.0,0.0,0.0,0.0,0.0,0.0,0.0,62.24,0.0,0.0,0.0,37.76,0.0,0.0,0.0,0.0,0.0,14.14,0.0,0.0,0.0,85.86,0.0,0.0,0.0,0.0,0.0,32.32,0.0,0.0,0.0,67.68,0.0,0.0,1.01,0.0,0.0,47.47,0.0,0.0,0.0,51.52,0.0,0.0,0.99,0.0,0.0,29.7,0.0,0.0,0.0,69.31,0.0,0.0,0.0,0.0,0.0,37.25,0.0,0.0,0.0,62.75,0.99,0.0,0.0,0.0,0.0,47.52,0.0,0.0,0.0,51.49,0.0,0.0,0.0,0.0,0.0,51.49,0.0,0.0,0.0,48.51,0.0,0.0,0.0,0.0,0.0,0.0,0.0,0.0,0.0,100.0,0.0,0.0,1.0,18.0,0.0,0.0,0.0,0.0,0.0,81.0,0.0,0.0,0.0,0.0,0.0,0.0,0.0,0.0,0.0,100.0,0.0,0.0,0.99,0.0,0.0,0.0,0.0,0.0,0.0,99.01,0.0,0.0,0.0,0.0,0.0,0.0,0.0,0.0,0.0,100.0,0.0,0.0,0.0,0.0,0.0,0.0,0.0,0.0,0.0,100.0,0.0,0.0,0.0,0.0,0.0,0.0,0.0,0.0,0.0,100.0,0.0,0.0,0.0,0.0,0.0,0.0,0.0,0.0,0.0,100.0
528,0.0,0.0,0.0,0.0,0.0,92.16,0.0,0.0,0.0,7.84,0.0,0.0,0.0,0.0,0.0,100.0,0.0,0.0,0.0,0.0,0.0,0.0,0.0,0.0,0.0,88.89,0.0,0.0,0.0,11.11,0.0,0.0,0.0,0.0,0.0,67.33,0.0,0.0,0.0,32.67,0.0,0.0,0.98,0.0,0.0,94.12,0.0,0.0,0.0,4.9,0.0,0.0,0.0,0.0,0.0,83.5,0.0,0.0,0.0,16.5,0.0,0.0,0.0,0.0,0.0,83.0,0.0,0.0,0.0,17.0,0.0,0.0,0.0,0.0,0.0,100.0,0.0,0.0,0.0,0.0,0.0,0.0,0.0,0.0,0.0,63.37,0.0,0.0,0.0,36.63,0.0,0.0,1.01,0.0,0.0,14.14,0.0,0.0,0.0,84.85,0.99,0.0,0.99,0.0,0.0,31.68,0.0,0.0,0.0,66.34,0.0,0.0,0.0,0.0,0.0,51.49,0.0,0.0,0.0,48.51,1.01,0.0,0.0,0.0,0.0,29.29,0.0,0.0,0.0,69.7,0.0,0.0,0.0,0.0,0.0,37.37,0.0,0.0,0.0,62.63,0.0,0.0,0.0,0.0,0.0,50.0,0.0,0.0,0.0,50.0,0.0,0.0,0.0,0.0,0.0,50.51,0.0,0.0,0.0,49.49,0.0,0.0,1.01,0.0,0.0,0.0,0.0,0.0,0.0,98.99,0.0,0.0,0.0,18.0,0.0,0.0,0.0,0.0,0.0,82.0,0.0,0.0,0.0,0.0,0.0,0.0,0.0,0.0,0.0,100.0,0.0,0.0,0.0,0.0,0.0,0.0,0.0,0.0,0.0,100.0,0.0,0.0,0.0,0.0,0.0,0.0,0.0,0.0,0.0,100.0,0.99,0.0,0.0,0.0,0.0,0.0,0.0,0.0,0.0,99.01,0.0,0.0,0.0,0.0,0.0,0.0,0.0,0.0,0.0,100.0,0.0,0.0,0.99,0.0,0.0,0.0,0.0,0.0,0.0,99.01
529,0.0,0.0,0.0,0.0,0.0,89.9,0.0,0.0,0.0,10.1,0.0,0.0,0.0,0.0,0.0,100.0,0.0,0.0,0.0,0.0,0.0,0.0,0.0,0.0,0.0,88.0,0.0,0.0,0.0,12.0,0.0,0.0,0.0,0.0,0.0,66.34,0.0,0.0,0.0,33.66,0.0,0.0,0.0,0.0,0.0,94.06,0.0,0.0,0.0,5.94,0.0,0.0,0.0,0.0,0.0,83.0,0.0,0.0,0.0,17.0,0.0,0.0,0.0,0.0,0.0,81.82,0.0,0.0,0.0,18.18,0.0,0.0,0.0,0.0,0.0,100.0,0.0,0.0,0.0,0.0,0.0,0.0,0.0,0.0,0.0,62.63,0.0,0.0,0.0,37.37,0.0,0.0,0.0,0.0,0.0,15.84,0.0,0.0,0.0,84.16,0.0,0.0,1.01,0.0,0.0,32.32,0.0,0.0,0.0,66.67,0.0,0.0,0.0,0.0,0.0,49.0,0.0,0.0,0.0,51.0,0.0,0.0,1.01,0.0,0.0,30.3,0.0,0.0,0.0,68.69,0.0,0.0,0.0,0.0,0.0,37.62,0.0,0.0,0.0,62.38,0.97,0.0,0.0,0.0,0.0,49.51,0.0,0.0,0.0,49.51,0.0,0.0,0.0,0.0,0.0,51.0,0.0,0.0,0.0,49.0,0.0,0.0,0.0,10.0,0.0,0.0,0.0,0.0,0.0,90.0,0.0,0.0,1.01,8.08,0.0,0.0,0.0,0.0,0.0,90.91,0.0,0.0,0.0,0.0,0.0,0.0,0.0,0.0,0.0,100.0,0.0,0.0,0.0,0.0,0.0,0.0,0.0,0.0,0.0,100.0,0.0,0.0,0.0,0.0,0.0,0.0,0.0,0.0,0.0,100.0,0.0,0.0,1.01,0.0,0.0,0.0,0.0,0.0,0.0,98.99,0.99,0.0,0.0,0.0,0.0,0.0,0.0,0.0,0.0,99.01,0.0,0.0,0.0,0.0,0.0,0.0,0.0,0.0,0.0,100.0
530,0.0,0.0,0.0,0.0,0.0,92.93,0.0,0.0,0.0,7.07,0.0,0.0,0.0,0.0,0.0,100.0,0.0,0.0,0.0,0.0,0.0,0.0,0.98,0.0,0.0,88.24,0.0,0.0,0.0,10.78,0.0,0.0,0.0,0.0,0.0,68.0,0.0,0.0,0.0,32.0,0.0,0.0,0.0,0.0,0.0,97.0,0.0,0.0,0.0,3.0,0.0,0.0,0.0,0.0,0.0,85.0,0.0,0.0,0.0,15.0,0.0,0.0,0.0,0.0,0.0,82.65,0.0,0.0,0.0,17.35,0.0,0.0,0.0,0.0,0.0,100.0,0.0,0.0,0.0,0.0,0.0,0.0,0.0,0.0,0.0,64.0,0.0,0.0,0.0,36.0,0.0,0.0,0.0,0.0,0.0,14.14,0.0,0.0,0.0,85.86,1.02,0.0,1.02,0.0,0.0,31.63,0.0,0.0,0.0,66.33,0.0,0.0,0.0,0.0,0.0,52.04,0.0,0.0,0.0,47.96,1.0,0.0,0.0,0.0,0.0,29.0,0.0,0.0,0.0,70.0,0.0,0.0,0.0,0.0,0.0,37.37,0.0,0.0,0.0,62.63,0.0,0.0,0.0,0.0,0.0,47.47,0.0,0.0,0.0,52.53,0.0,0.0,0.0,0.0,0.0,52.0,0.0,0.0,0.0,48.0,0.0,0.0,0.0,17.35,0.0,0.0,0.0,0.0,0.0,82.65,1.01,0.0,0.0,0.0,0.0,0.0,0.0,0.0,0.0,98.99,1.0,0.0,0.0,0.0,0.0,0.0,0.0,0.0,0.0,99.0,0.0,0.0,0.0,0.0,0.0,0.0,0.0,0.0,0.0,100.0,0.99,0.0,0.0,0.0,0.0,0.0,0.0,0.0,0.0,99.01,0.0,0.0,0.0,0.0,0.0,0.0,0.0,0.0,0.0,100.0,0.0,0.0,0.0,0.0,0.0,0.0,0.0,0.0,0.0,100.0,0.0,0.0,0.0,0.0,0.0,0.0,0.0,0.0,0.0,100.0
531,0.0,0.0,0.0,0.0,0.0,89.9,0.0,0.0,0.0,10.1,0.0,0.0,0.0,0.0,0.0,100.0,0.0,0.0,0.0,0.0,0.0,0.0,0.0,0.0,0.0,88.0,0.0,0.0,0.0,12.0,0.0,0.0,0.0,0.0,0.0,66.67,0.0,0.0,0.0,33.33,0.0,0.0,0.0,0.0,0.0,95.1,0.0,0.0,0.0,4.9,0.0,0.0,0.0,0.0,0.0,83.33,0.0,0.0,0.0,16.67,0.0,0.0,0.0,0.0,0.0,82.0,0.0,0.0,0.0,18.0,0.0,0.0,0.0,0.0,0.0,100.0,0.0,0.0,0.0,0.0,0.0,0.0,0.0,0.0,0.0,63.37,0.0,0.0,0.0,36.63,0.0,0.0,0.0,0.0,0.0,15.15,0.0,0.0,0.0,84.85,0.0,0.0,0.99,0.0,0.0,31.68,0.0,0.0,0.0,67.33,0.0,0.0,0.0,0.0,0.0,51.0,0.0,0.0,0.0,49.0,0.0,0.0,0.0,0.0,0.0,29.29,0.0,0.0,0.0,70.71,0.0,0.0,0.0,0.0,0.0,37.37,0.0,0.0,0.0,62.63,0.0,0.0,0.0,0.0,0.0,48.54,0.0,0.0,0.0,51.46,0.0,0.0,0.0,0.0,0.0,51.0,0.0,0.0,0.0,49.0,1.0,0.0,1.0,0.0,0.0,0.0,0.0,0.0,0.0,98.0,1.0,0.0,1.0,17.0,0.0,0.0,0.0,0.0,0.0,81.0,1.01,0.0,0.0,0.0,0.0,0.0,0.0,0.0,0.0,98.99,1.0,0.0,0.0,0.0,0.0,0.0,0.0,0.0,0.0,99.0,0.0,0.0,0.0,0.0,0.0,0.0,0.0,0.0,0.0,100.0,0.0,0.0,1.0,0.0,0.0,0.0,0.0,0.0,0.0,99.0,0.0,0.0,0.0,0.0,0.0,0.0,0.0,0.0,0.0,100.0,0.0,0.0,0.0,0.0,0.0,0.0,0.0,0.0,0.0,100.0
532,0.0,0.0,0.0,0.0,0.0,91.18,0.0,0.0,0.0,8.82,0.0,0.0,0.0,0.0,0.0,100.0,0.0,0.0,0.0,0.0,0.0,0.0,0.0,0.0,0.0,87.88,0.0,0.0,0.0,12.12,0.0,0.0,0.0,0.0,0.0,67.33,0.0,0.0,0.0,32.67,0.0,0.0,0.0,0.0,0.0,95.05,0.0,0.0,0.0,4.95,0.0,0.0,0.0,0.0,0.0,83.0,0.0,0.0,0.0,17.0,0.0,0.0,0.0,0.0,0.0,83.17,0.0,0.0,0.0,16.83,0.0,0.0,0.0,0.0,0.0,100.0,0.0,0.0,0.0,0.0,0.0,0.0,0.0,0.0,0.0,63.37,0.0,0.0,0.0,36.63,0.99,0.0,0.0,0.0,0.0,15.84,0.0,0.0,0.0,83.17,1.01,0.0,0.0,0.0,0.0,30.3,0.0,0.0,0.0,68.69,0.0,0.0,0.0,0.0,0.0,50.51,0.0,0.0,0.0,49.49,0.99,0.0,0.99,0.0,0.0,27.72,0.0,0.0,0.0,70.3,0.0,0.0,0.0,0.0,0.0,38.0,0.0,0.0,0.0,62.0,0.0,0.0,0.99,0.0,0.0,46.53,0.0,0.0,0.0,52.48,0.0,0.0,0.0,0.0,0.0,51.49,0.0,0.0,0.0,48.51,1.02,0.0,0.0,0.0,0.0,0.0,0.0,0.0,0.0,98.98,0.0,0.0,0.0,18.18,0.0,0.0,0.0,0.0,0.0,81.82,1.01,0.0,1.01,0.0,0.0,0.0,0.0,0.0,0.0,97.98,0.0,0.0,0.0,0.0,0.0,0.0,0.0,0.0,0.0,100.0,0.0,0.0,0.0,0.0,0.0,0.0,0.0,0.0,0.0,100.0,0.0,0.0,0.0,0.0,0.0,0.0,0.0,0.0,0.0,100.0,0.0,0.0,0.0,0.0,0.0,0.0,0.0,0.0,0.0,100.0,0.0,0.0,0.0,0.0,0.0,0.0,0.0,0.0,0.0,100.0
533,0.0,0.0,0.0,0.0,0.0,92.0,0.0,0.0,0.0,8.0,0.0,0.0,0.0,0.0,0.0,100.0,0.0,0.0,0.0,0.0,0.0,0.0,0.0,0.0,0.0,88.89,0.0,0.0,0.0,11.11,0.0,0.0,0.0,0.0,0.0,66.67,0.0,0.0,0.0,33.33,0.0,0.0,0.0,0.0,0.0,96.04,0.0,0.0,0.0,3.96,0.0,0.0,0.0,0.0,0.0,84.0,0.0,0.0,0.0,16.0,0.0,0.0,0.0,0.0,0.0,82.35,0.0,0.0,0.0,17.65,0.0,0.0,0.0,0.0,0.0,100.0,0.0,0.0,0.0,0.0,0.0,0.0,0.0,0.0,0.0,63.27,0.0,0.0,0.0,36.73,0.0,0.0,1.01,0.0,0.0,15.15,0.0,0.0,0.0,83.84,0.0,0.0,0.0,2.0,0.0,33.0,0.0,0.0,0.0,65.0,0.0,0.0,0.0,0.0,0.0,53.54,0.0,0.0,0.0,46.46,0.0,0.0,0.0,10.1,0.0,28.28,0.0,0.0,0.0,61.62,0.0,0.0,0.0,0.0,0.0,34.69,0.0,0.0,0.0,65.31,0.0,0.0,0.0,0.0,0.0,46.39,0.0,0.0,0.0,53.61,0.0,0.0,0.0,0.0,0.0,51.96,0.0,0.0,0.0,48.04,1.01,0.0,1.01,0.0,0.0,0.0,0.0,0.0,0.0,97.98,1.0,0.0,0.0,0.0,0.0,0.0,0.0,0.0,0.0,99.0,0.0,0.0,0.0,0.0,0.0,0.0,0.0,0.0,0.0,100.0,0.0,0.0,1.0,0.0,0.0,0.0,0.0,0.0,0.0,99.0,0.0,0.0,0.0,0.0,0.0,0.0,0.0,0.0,0.0,100.0,0.0,0.0,0.0,0.0,0.0,0.0,0.0,0.0,0.0,100.0,0.0,0.0,0.0,0.0,0.0,0.0,0.0,0.0,0.0,100.0,0.0,0.0,0.0,0.0,0.0,0.0,0.0,0.0,0.0,100.0
534,0.0,0.0,0.0,0.0,0.0,91.92,0.0,0.0,0.0,8.08,0.0,0.0,0.0,0.0,0.0,100.0,0.0,0.0,0.0,0.0,0.0,0.0,0.0,0.0,0.0,89.11,0.0,0.0,0.0,10.89,0.0,0.0,0.0,0.0,0.0,66.33,0.0,0.0,0.0,33.67,0.0,0.0,0.0,0.0,0.0,95.1,0.0,0.0,0.0,4.9,0.0,0.0,0.0,0.0,0.0,83.84,0.0,0.0,0.0,16.16,0.0,0.0,0.0,0.0,0.0,83.17,0.0,0.0,0.0,16.83,0.0,0.0,0.0,0.0,0.0,100.0,0.0,0.0,0.0,0.0,0.0,0.0,0.0,0.0,0.0,63.73,0.0,0.0,0.0,36.27,1.01,0.0,1.01,0.0,0.0,15.15,0.0,0.0,0.0,82.83,0.0,0.0,0.0,10.31,0.0,30.93,0.0,0.0,0.0,58.76,0.0,0.0,0.0,0.0,0.0,50.98,0.0,0.0,0.0,49.02,1.01,0.0,0.0,2.02,0.0,28.28,0.0,0.0,0.0,68.69,0.0,0.0,0.0,0.0,0.0,35.0,0.0,0.0,0.0,65.0,0.0,0.0,0.0,0.0,0.0,48.51,0.0,0.0,0.0,51.49,0.0,0.0,0.0,0.0,0.0,51.49,0.0,0.0,0.0,48.51,1.0,0.0,1.0,0.0,0.0,0.0,0.0,0.0,0.0,98.0,1.01,0.0,0.0,0.0,0.0,0.0,0.0,0.0,0.0,98.99,1.01,0.0,0.0,0.0,0.0,0.0,0.0,0.0,0.0,98.99,0.0,0.0,0.0,0.0,0.0,0.0,0.0,0.0,0.0,100.0,0.0,0.0,0.0,0.0,0.0,0.0,0.0,0.0,0.0,100.0,0.0,0.0,0.99,0.0,0.0,0.0,0.0,0.0,0.0,99.01,0.0,0.0,0.0,0.0,0.0,0.0,0.0,0.0,0.0,100.0,0.0,0.0,0.0,0.0,0.0,0.0,0.0,0.0,0.0,100.0
535,0.0,0.0,0.0,0.0,0.0,92.0,0.0,0.0,0.0,8.0,0.0,0.0,0.0,0.0,0.0,100.0,0.0,0.0,0.0,0.0,0.0,0.0,0.0,0.0,0.0,89.0,0.0,0.0,0.0,11.0,0.0,0.0,0.0,0.0,0.0,66.67,0.0,0.0,0.0,33.33,0.0,0.0,0.0,0.0,0.0,96.04,0.0,0.0,0.0,3.96,0.0,0.0,0.0,0.0,0.0,83.67,0.0,0.0,0.0,16.33,0.0,0.0,0.0,0.0,0.0,82.29,0.0,0.0,0.0,17.71,0.0,0.0,0.0,0.0,0.0,100.0,0.0,0.0,0.0,0.0,0.0,0.0,0.0,0.0,0.0,64.36,0.0,0.0,0.0,35.64,0.0,0.0,0.0,0.0,0.0,15.15,0.0,0.0,0.0,84.85,0.0,0.0,1.0,12.0,0.0,31.0,0.0,0.0,0.0,56.0,0.0,0.0,0.0,0.0,0.0,50.51,0.0,0.0,0.0,49.49,0.98,0.0,0.98,0.0,0.0,29.41,0.0,0.0,0.0,68.63,0.0,0.0,0.0,0.0,0.0,37.0,0.0,0.0,0.0,63.0,0.0,0.0,0.0,0.0,0.0,48.51,0.0,0.0,0.0,51.49,0.0,0.0,0.0,0.0,0.0,51.52,0.0,0.0,0.0,48.48,0.0,0.0,0.0,0.0,0.0,0.0,0.0,0.0,0.0,100.0,0.0,0.0,0.0,0.0,0.0,0.0,0.0,0.0,0.0,100.0,1.0,0.0,1.0,0.0,0.0,0.0,0.0,0.0,0.0,98.0,0.0,0.0,0.0,0.0,0.0,0.0,0.0,0.0,0.0,100.0,0.0,0.0,0.0,0.0,0.0,0.0,0.0,0.0,0.0,100.0,1.0,0.0,0.0,0.0,0.0,0.0,0.0,0.0,0.0,99.0,0.0,0.0,0.99,0.0,0.0,0.0,0.0,0.0,0.0,99.01,0.99,0.0,0.0,0.0,0.0,0.0,0.0,0.0,0.0,99.01
536,0.0,0.0,0.0,0.0,0.0,88.89,0.0,0.0,0.0,11.11,0.0,0.0,0.0,0.0,0.0,100.0,0.0,0.0,0.0,0.0,0.0,0.0,0.0,0.0,0.0,87.88,0.0,0.0,0.0,12.12,0.0,0.0,0.0,0.0,0.0,67.0,0.0,0.0,0.0,33.0,0.0,0.0,0.0,0.0,0.0,95.05,0.0,0.0,0.0,4.95,0.0,0.0,0.0,0.0,0.0,83.0,0.0,0.0,0.0,17.0,0.0,0.0,0.0,0.0,0.0,81.82,0.0,0.0,0.0,18.18,0.0,0.0,0.0,0.0,0.0,100.0,0.0,0.0,0.0,0.0,0.0,0.0,0.0,0.0,0.0,62.24,0.0,0.0,0.0,37.76,0.0,0.0,0.0,0.0,0.0,15.15,0.0,0.0,0.0,84.85,0.0,0.0,0.0,9.18,0.0,30.61,0.0,0.0,0.0,60.2,0.0,0.0,0.0,0.0,0.0,51.0,0.0,0.0,0.0,49.0,0.99,0.0,0.99,3.96,0.0,28.71,0.0,0.0,0.0,65.35,0.0,0.0,0.0,0.0,0.0,34.0,0.0,0.0,0.0,66.0,1.0,0.0,0.0,0.0,0.0,47.0,0.0,0.0,0.0,52.0,0.0,0.0,0.0,0.0,0.0,50.0,0.0,0.0,0.0,50.0,1.0,0.0,1.0,0.0,0.0,0.0,0.0,0.0,0.0,98.0,0.0,0.0,0.0,0.0,0.0,0.0,0.0,0.0,0.0,100.0,0.0,0.0,0.0,0.0,0.0,0.0,0.0,0.0,0.0,100.0,1.0,0.0,0.0,0.0,0.0,0.0,0.0,0.0,0.0,99.0,0.0,0.0,0.0,0.0,0.0,0.0,0.0,0.0,0.0,100.0,0.0,0.0,1.0,0.0,0.0,0.0,0.0,0.0,0.0,99.0,0.0,0.0,0.0,0.0,0.0,0.0,0.0,0.0,0.0,100.0,0.0,0.0,0.0,0.0,0.0,0.0,0.0,0.0,0.0,100.0
537,0.0,0.0,0.0,0.0,0.0,90.91,0.0,0.0,0.0,9.09,0.0,0.0,0.0,0.0,0.0,100.0,0.0,0.0,0.0,0.0,0.0,0.0,0.0,0.0,0.0,88.12,0.0,0.0,0.0,11.88,0.0,0.0,0.0,0.0,0.0,67.0,0.0,0.0,0.0,33.0,0.0,0.0,0.0,0.0,0.0,95.05,0.0,0.0,0.0,4.95,0.0,0.0,0.0,0.0,0.0,83.0,0.0,0.0,0.0,17.0,0.0,0.0,0.0,0.0,0.0,82.18,0.0,0.0,0.0,17.82,0.0,0.0,0.0,0.0,0.0,100.0,0.0,0.0,0.0,0.0,0.0,0.0,0.0,0.0,0.0,63.0,0.0,0.0,0.0,37.0,1.0,0.0,0.0,0.0,0.0,15.0,0.0,0.0,0.0,84.0,0.0,0.0,0.0,6.0,0.0,32.0,0.0,0.0,0.0,62.0,0.0,0.0,0.0,0.0,0.0,48.48,0.0,0.0,0.0,51.52,0.0,0.0,0.0,7.07,0.0,28.28,0.0,0.0,0.0,64.65,0.0,0.0,0.0,0.0,0.0,35.64,0.0,0.0,0.0,64.36,0.0,0.0,0.0,0.0,0.0,46.94,0.0,0.0,0.0,53.06,0.0,0.0,0.0,0.0,0.0,51.52,0.0,0.0,0.0,48.48,0.0,0.0,0.0,0.0,0.0,0.0,0.0,0.0,0.0,100.0,0.99,0.0,0.99,0.0,0.0,0.0,0.0,0.0,0.0,98.02,1.01,0.0,1.01,0.0,0.0,0.0,0.0,0.0,0.0,97.98,0.0,0.0,0.0,0.0,0.0,0.0,0.0,0.0,0.0,100.0,0.0,0.0,0.0,0.0,0.0,0.0,0.0,0.0,0.0,100.0,0.0,0.0,0.0,0.0,0.0,0.0,0.0,0.0,0.0,100.0,0.0,0.0,0.0,0.0,0.0,0.0,0.0,0.0,0.0,100.0,0.0,0.0,0.0,0.0,0.0,0.0,0.0,0.0,0.0,100.0
538,0.0,0.0,0.0,0.0,0.0,88.78,0.0,0.0,0.0,11.22,0.0,0.0,0.99,0.0,0.0,99.01,0.0,0.0,0.0,0.0,0.0,0.0,0.0,0.0,0.0,88.0,0.0,0.0,0.0,12.0,0.0,0.0,0.0,0.0,0.0,66.34,0.0,0.0,0.0,33.66,0.0,0.0,0.0,0.0,0.0,95.05,0.0,0.0,0.0,4.95,0.0,0.0,0.0,0.0,0.0,83.0,0.0,0.0,0.0,17.0,0.0,0.0,0.0,0.0,0.0,82.65,0.0,0.0,0.0,17.35,0.0,0.0,0.0,0.0,0.0,100.0,0.0,0.0,0.0,0.0,0.0,0.0,0.99,0.0,0.0,62.38,0.0,0.0,0.0,36.63,0.0,0.0,0.0,0.0,0.0,14.29,0.0,0.0,0.0,85.71,0.0,0.0,0.0,2.04,0.0,30.61,0.0,0.0,0.0,67.35,0.0,0.0,0.0,0.0,0.0,48.0,0.0,0.0,0.0,52.0,1.01,0.0,0.0,2.02,0.0,29.29,0.0,0.0,0.0,67.68,0.0,0.0,0.0,0.0,0.0,37.62,0.0,0.0,0.0,62.38,0.0,0.0,0.0,0.0,0.0,46.46,0.0,0.0,0.0,53.54,0.0,0.0,0.0,0.0,0.0,51.49,0.0,0.0,0.0,48.51,1.01,0.0,0.0,0.0,0.0,0.0,0.0,0.0,0.0,98.99,1.02,0.0,0.0,0.0,0.0,0.0,0.0,0.0,0.0,98.98,1.0,0.0,1.0,15.0,0.0,0.0,0.0,0.0,0.0,83.0,0.0,0.0,1.0,0.0,0.0,0.0,0.0,0.0,0.0,99.0,0.0,0.0,0.0,0.0,0.0,0.0,0.0,0.0,0.0,100.0,0.0,0.0,0.0,0.0,0.0,0.0,0.0,0.0,0.0,100.0,0.0,0.0,0.0,0.0,0.0,0.0,0.0,0.0,0.0,100.0,0.0,0.0,0.0,0.0,0.0,0.0,0.0,0.0,0.0,100.0
539,0.0,0.0,0.0,0.0,0.0,89.0,0.0,0.0,0.0,11.0,0.0,0.0,0.0,0.0,0.0,100.0,0.0,0.0,0.0,0.0,0.0,0.0,0.0,0.0,0.0,88.89,0.0,0.0,0.0,11.11,0.0,0.0,0.0,0.0,0.0,65.66,0.0,0.0,0.0,34.34,0.0,0.0,0.0,0.0,0.0,94.06,0.0,0.0,0.0,5.94,0.0,0.0,0.0,0.0,0.0,82.83,0.0,0.0,0.0,17.17,0.0,0.0,0.0,0.0,0.0,81.44,0.0,0.0,0.0,18.56,0.0,0.0,0.0,0.0,0.0,100.0,0.0,0.0,0.0,0.0,0.0,0.0,0.0,0.0,0.0,62.75,0.0,0.0,0.0,37.25,0.0,0.0,0.0,0.0,0.0,15.15,0.0,0.0,0.0,84.85,0.0,0.0,0.99,0.0,0.0,30.69,0.0,0.0,0.0,68.32,0.0,0.0,0.0,0.0,0.0,45.92,0.0,0.0,0.0,54.08,0.0,0.0,0.0,0.0,0.0,31.0,0.0,0.0,0.0,69.0,0.0,0.0,0.0,0.0,0.0,32.32,0.0,0.0,0.0,67.68,0.0,0.0,0.0,0.0,0.0,48.04,0.0,0.0,0.0,51.96,0.0,0.0,0.98,0.0,0.0,50.98,0.0,0.0,0.0,48.04,0.99,0.0,1.98,0.99,0.0,0.0,0.0,0.0,0.0,96.04,0.0,0.0,1.01,6.06,0.0,0.0,0.0,0.0,0.0,92.93,1.0,0.0,0.0,17.0,0.0,0.0,0.0,0.0,0.0,82.0,1.0,0.0,0.0,0.0,0.0,0.0,0.0,0.0,0.0,99.0,0.0,0.0,0.0,0.0,0.0,0.0,0.0,0.0,0.0,100.0,0.0,0.0,0.0,0.0,0.0,0.0,0.0,0.0,0.0,100.0,0.0,0.0,0.0,0.0,0.0,0.0,0.0,0.0,0.0,100.0,0.0,0.0,0.0,0.0,0.0,0.0,0.0,0.0,0.0,100.0
540,0.0,0.0,0.0,0.0,0.0,94.95,0.0,0.0,0.0,5.05,0.0,0.0,0.0,0.0,0.0,100.0,0.0,0.0,0.0,0.0,0.0,0.0,0.0,0.0,0.0,89.9,0.0,0.0,0.0,10.1,0.0,0.0,0.0,0.0,0.0,67.35,0.0,0.0,0.0,32.65,0.0,0.0,0.0,0.0,0.0,96.08,0.0,0.0,0.0,3.92,0.0,0.0,0.0,0.0,0.0,84.54,0.0,0.0,0.0,15.46,0.0,0.0,0.0,0.0,0.0,83.17,0.0,0.0,0.0,16.83,0.0,0.0,0.0,0.0,0.0,100.0,0.0,0.0,0.0,0.0,0.0,0.0,0.0,0.0,0.0,64.36,0.0,0.0,0.0,35.64,0.0,0.0,0.0,0.0,0.0,14.43,0.0,0.0,0.0,85.57,0.0,0.0,0.0,0.0,0.0,31.31,0.0,0.0,0.0,68.69,1.02,0.0,0.0,0.0,0.0,47.96,0.0,0.0,0.0,51.02,0.99,0.0,0.0,0.0,0.0,28.71,0.0,0.0,0.0,70.3,0.0,0.0,0.0,0.0,0.0,38.0,0.0,0.0,0.0,62.0,0.0,0.0,0.0,0.0,0.0,47.47,0.0,0.0,0.0,52.53,0.0,0.0,0.0,0.0,0.0,52.0,0.0,0.0,0.0,48.0,0.0,0.0,0.0,0.0,0.0,0.0,0.0,0.0,0.0,100.0,1.01,0.0,0.0,2.02,0.0,0.0,0.0,0.0,0.0,96.97,1.01,0.0,1.01,9.09,0.0,0.0,0.0,0.0,0.0,88.89,0.0,0.0,1.0,8.0,0.0,0.0,0.0,0.0,0.0,91.0,0.0,0.0,0.0,0.0,0.0,0.0,0.0,0.0,0.0,100.0,0.0,0.0,0.0,0.0,0.0,0.0,0.0,0.0,0.0,100.0,0.0,0.0,0.0,0.0,0.0,0.0,0.0,0.0,0.0,100.0,0.0,0.0,0.0,0.0,0.0,0.0,0.0,0.0,0.0,100.0
541,0.0,0.0,0.0,0.0,0.0,92.16,0.0,0.0,0.0,7.84,0.0,0.0,0.0,0.0,0.0,100.0,0.0,0.0,0.0,0.0,0.0,0.0,0.0,0.0,0.0,89.32,0.0,0.0,0.0,10.68,0.0,0.0,0.0,0.0,0.0,66.0,0.0,0.0,0.0,34.0,0.0,0.0,0.0,0.0,0.0,96.0,0.0,0.0,0.0,4.0,0.0,0.0,0.0,0.0,0.0,83.84,0.0,0.0,0.0,16.16,0.0,0.0,0.0,0.0,0.0,82.18,0.0,0.0,0.0,17.82,0.0,0.0,0.0,0.0,0.0,100.0,0.0,0.0,0.0,0.0,0.0,0.0,0.0,0.0,0.0,64.0,0.0,0.0,0.0,36.0,0.99,0.0,0.0,0.0,0.0,15.84,0.0,0.0,0.0,83.17,0.0,0.0,0.0,0.0,0.0,31.31,0.0,0.0,0.0,68.69,0.0,0.0,0.0,0.0,0.0,48.0,0.0,0.0,0.0,52.0,0.0,0.0,1.0,0.0,0.0,30.0,0.0,0.0,0.0,69.0,0.0,0.0,0.0,0.0,0.0,39.0,0.0,0.0,0.0,61.0,0.0,0.0,0.0,0.0,0.0,47.52,0.0,0.0,0.0,52.48,0.0,0.0,0.0,0.0,0.0,53.4,0.0,0.0,0.0,46.6,1.01,0.0,0.0,0.0,0.0,0.0,0.0,0.0,0.0,98.99,0.0,0.0,1.01,13.13,0.0,0.0,0.0,0.0,0.0,85.86,1.0,0.0,0.0,4.0,0.0,0.0,0.0,0.0,0.0,95.0,0.0,0.0,1.02,0.0,0.0,0.0,0.0,0.0,0.0,98.98,0.0,0.0,1.0,0.0,0.0,0.0,0.0,0.0,0.0,99.0,0.0,0.0,0.99,0.0,0.0,0.0,0.0,0.0,0.0,99.01,0.0,0.0,0.0,0.0,0.0,0.0,0.0,0.0,0.0,100.0,0.0,0.0,0.0,0.0,0.0,0.0,0.0,0.0,0.0,100.0
542,0.0,0.0,0.0,0.0,0.0,91.0,0.0,0.0,0.0,9.0,0.0,0.0,0.0,0.0,0.0,100.0,0.0,0.0,0.0,0.0,0.0,0.0,0.0,0.0,0.0,88.89,0.0,0.0,0.0,11.11,0.0,0.0,0.0,0.0,0.0,67.0,0.0,0.0,0.0,33.0,0.0,0.0,0.0,0.0,0.0,96.0,0.0,0.0,0.0,4.0,0.0,0.0,0.0,0.0,0.0,83.0,0.0,0.0,0.0,17.0,0.0,0.0,0.0,0.0,0.0,82.83,0.0,0.0,0.0,17.17,0.0,0.0,0.0,0.0,0.0,100.0,0.0,0.0,0.0,0.0,0.0,0.0,0.0,0.0,0.0,63.0,0.0,0.0,0.0,37.0,1.0,0.0,1.0,0.0,0.0,15.0,0.0,0.0,0.0,83.0,0.0,0.0,0.0,0.0,0.0,31.0,0.0,0.0,0.0,69.0,0.0,0.0,0.0,0.0,0.0,48.0,0.0,0.0,0.0,52.0,0.0,0.0,0.0,0.0,0.0,30.3,0.0,0.0,0.0,69.7,0.0,0.0,0.0,0.0,0.0,34.0,0.0,0.0,0.0,66.0,0.0,0.0,0.0,0.0,0.0,47.47,0.0,0.0,0.0,52.53,0.0,0.0,0.0,0.0,0.0,51.0,0.0,0.0,0.0,49.0,0.0,0.0,1.01,0.0,0.0,0.0,0.0,0.0,0.0,98.99,1.0,0.0,0.0,2.0,0.0,0.0,0.0,0.0,0.0,97.0,0.0,0.0,0.0,16.16,0.0,0.0,0.0,0.0,0.0,83.84,1.98,0.0,0.99,0.0,0.0,0.0,0.0,0.0,0.0,97.03,0.0,0.0,0.0,0.0,0.0,0.0,0.0,0.0,0.0,100.0,0.0,0.0,0.0,0.0,0.0,0.0,0.0,0.0,0.0,100.0,0.0,0.0,0.0,0.0,0.0,0.0,0.0,0.0,0.0,100.0,0.0,0.0,0.99,0.0,0.0,0.0,0.0,0.0,0.0,99.01
543,0.0,0.0,1.01,0.0,0.0,90.91,0.0,0.0,0.0,8.08,0.0,0.0,0.0,0.0,0.0,100.0,0.0,0.0,0.0,0.0,0.0,0.0,0.0,0.0,0.0,89.0,0.0,0.0,0.0,11.0,0.0,0.0,0.0,0.0,0.0,66.33,0.0,0.0,0.0,33.67,0.0,0.0,0.96,0.0,0.0,94.23,0.0,0.0,0.0,4.81,0.0,0.0,0.0,0.0,0.0,84.16,0.0,0.0,0.0,15.84,0.0,0.0,0.0,0.0,0.0,82.83,0.0,0.0,0.0,17.17,0.0,0.0,0.0,0.0,0.0,100.0,0.0,0.0,0.0,0.0,0.0,0.0,0.0,0.0,0.0,62.63,0.0,0.0,0.0,37.37,0.0,0.0,0.0,0.0,0.0,16.0,0.0,0.0,0.0,84.0,0.0,0.0,0.0,0.0,0.0,31.31,0.0,0.0,0.0,68.69,0.0,0.0,0.0,0.0,0.0,48.48,0.0,0.0,0.0,51.52,0.0,0.0,0.0,0.0,0.0,31.0,0.0,0.0,0.0,69.0,0.0,0.0,0.0,0.0,0.0,34.0,0.0,0.0,0.0,66.0,0.0,0.0,0.0,0.0,0.0,47.52,0.0,0.0,0.0,52.48,0.0,0.0,0.0,0.0,0.0,51.52,0.0,0.0,0.0,48.48,0.0,0.0,0.0,0.0,0.0,0.0,0.0,0.0,0.0,100.0,0.0,0.0,1.02,10.2,0.0,0.0,0.0,0.0,0.0,88.78,0.0,0.0,1.01,8.08,0.0,0.0,0.0,0.0,0.0,90.91,0.0,0.0,1.01,0.0,0.0,0.0,0.0,0.0,0.0,98.99,0.0,0.0,0.0,0.0,0.0,0.0,0.0,0.0,0.0,100.0,0.0,0.0,0.0,0.0,0.0,0.0,0.0,0.0,0.0,100.0,0.0,0.0,0.99,0.0,0.0,0.0,0.0,0.0,0.0,99.01,0.0,0.0,0.0,0.0,0.0,0.0,0.0,0.0,0.0,100.0
544,0.0,0.0,0.0,0.0,0.0,86.87,0.0,0.0,0.0,13.13,0.0,0.0,0.0,0.0,0.0,100.0,0.0,0.0,0.0,0.0,0.0,0.0,0.0,0.0,0.0,87.76,0.0,0.0,0.0,12.24,0.0,0.0,0.0,0.0,0.0,65.0,0.0,0.0,0.0,35.0,0.0,0.0,0.0,0.0,0.0,94.0,0.0,0.0,0.0,6.0,0.0,0.0,0.0,0.0,0.0,82.35,0.0,0.0,0.0,17.65,0.0,0.0,0.0,0.0,0.0,81.82,0.0,0.0,0.0,18.18,0.0,0.0,0.0,0.0,0.0,100.0,0.0,0.0,0.0,0.0,0.0,0.0,0.0,0.0,0.0,62.63,0.0,0.0,0.0,37.37,1.01,0.0,0.0,0.0,0.0,14.14,0.0,0.0,0.0,84.85,0.0,0.0,0.0,0.0,0.0,31.31,0.0,0.0,0.0,68.69,0.0,0.0,0.0,0.0,0.0,47.52,0.0,0.0,0.0,52.48,0.99,0.0,0.0,0.0,0.0,30.69,0.0,0.0,0.0,68.32,0.0,0.0,0.0,0.0,0.0,33.33,0.0,0.0,0.0,66.67,0.0,0.0,0.98,0.0,0.0,47.06,0.0,0.0,0.0,51.96,0.0,0.0,0.0,0.0,0.0,51.49,0.0,0.0,0.0,48.51,0.0,0.0,0.0,0.0,0.0,0.0,0.0,0.0,0.0,100.0,1.0,0.0,0.0,9.0,0.0,0.0,0.0,0.0,0.0,90.0,1.0,0.0,0.0,0.0,0.0,0.0,0.0,0.0,0.0,99.0,1.0,0.0,0.0,10.0,0.0,0.0,0.0,0.0,0.0,89.0,0.0,0.0,0.0,0.0,0.0,0.0,0.0,0.0,0.0,100.0,0.0,0.0,0.0,0.0,0.0,0.0,0.0,0.0,0.0,100.0,0.0,0.0,0.0,0.0,0.0,0.0,0.0,0.0,0.0,100.0,0.0,0.0,0.0,0.0,0.0,0.0,0.0,0.0,0.0,100.0
545,0.0,0.0,0.0,0.0,0.0,92.08,0.0,0.0,0.0,7.92,0.0,0.0,0.0,0.0,0.0,100.0,0.0,0.0,0.0,0.0,0.0,0.0,0.0,0.0,0.0,89.9,0.0,0.0,0.0,10.1,0.0,0.0,0.0,0.0,0.0,66.33,0.0,0.0,0.0,33.67,0.0,0.0,0.0,0.0,0.0,96.04,0.0,0.0,0.0,3.96,0.0,0.0,0.0,0.0,0.0,83.84,0.0,0.0,0.0,16.16,0.0,0.0,0.0,0.0,0.0,83.17,0.0,0.0,0.0,16.83,0.0,0.0,0.0,0.0,0.0,100.0,0.0,0.0,0.0,0.0,0.0,0.0,0.0,0.0,0.0,63.0,0.0,0.0,0.0,37.0,0.0,0.0,0.0,0.0,0.0,16.16,0.0,0.0,0.0,83.84,0.0,0.0,0.0,0.0,0.0,31.0,0.0,0.0,0.0,69.0,0.0,0.0,0.0,0.0,0.0,49.0,0.0,0.0,0.0,51.0,0.0,0.0,0.0,0.0,0.0,29.0,0.0,0.0,0.0,71.0,0.0,0.0,0.0,0.0,0.0,34.34,0.0,0.0,0.0,65.66,0.0,0.0,0.0,0.0,0.0,46.46,0.0,0.0,0.0,53.54,1.0,0.0,0.0,0.0,0.0,50.0,0.0,0.0,0.0,49.0,1.01,0.0,0.0,11.11,0.0,0.0,0.0,0.0,0.0,87.88,1.02,0.0,0.0,8.16,0.0,0.0,0.0,0.0,0.0,90.82,1.0,0.0,1.0,0.0,0.0,0.0,0.0,0.0,0.0,98.0,0.0,0.0,0.0,2.04,0.0,0.0,0.0,0.0,0.0,97.96,1.0,0.0,0.0,0.0,0.0,0.0,0.0,0.0,0.0,99.0,0.0,0.0,0.0,0.0,0.0,0.0,0.0,0.0,0.0,100.0,0.0,0.0,0.0,0.0,0.0,0.0,0.0,0.0,0.0,100.0,0.0,0.0,0.0,0.0,0.0,0.0,0.0,0.0,0.0,100.0
546,0.0,0.0,0.0,0.0,0.0,92.08,0.0,0.0,0.0,7.92,0.0,0.0,0.0,0.0,0.0,100.0,0.0,0.0,0.0,0.0,0.0,0.0,0.0,0.0,0.0,89.9,0.0,0.0,0.0,10.1,0.0,0.0,0.0,0.0,0.0,66.67,0.0,0.0,0.0,33.33,0.0,0.0,0.0,0.0,0.0,95.1,0.0,0.0,0.0,4.9,0.0,0.0,0.0,0.0,0.0,83.51,0.0,0.0,0.0,16.49,0.0,0.0,0.0,0.0,0.0,82.83,0.0,0.0,0.0,17.17,0.0,0.0,0.0,0.0,0.0,100.0,0.0,0.0,0.0,0.0,0.0,0.0,0.0,0.0,0.0,63.37,0.0,0.0,0.0,36.63,0.0,0.0,0.0,0.0,0.0,15.15,0.0,0.0,0.0,84.85,0.0,0.0,0.0,0.0,0.0,31.31,0.0,0.0,0.0,68.69,0.0,0.0,0.0,0.0,0.0,48.51,0.0,0.0,0.0,51.49,0.0,0.0,0.0,0.0,0.0,30.0,0.0,0.0,0.0,70.0,0.0,0.0,0.0,0.0,0.0,35.0,0.0,0.0,0.0,65.0,0.0,0.0,0.0,0.0,0.0,47.47,0.0,0.0,0.0,52.53,0.0,0.0,0.0,0.0,0.0,52.0,0.0,0.0,0.0,48.0,0.0,0.0,1.01,4.04,0.0,0.0,0.0,0.0,0.0,94.95,0.0,0.0,0.0,0.0,0.0,0.0,0.0,0.0,0.0,100.0,0.0,0.0,1.0,0.0,0.0,0.0,0.0,0.0,0.0,99.0,1.0,0.0,1.0,0.0,0.0,0.0,0.0,0.0,0.0,98.0,0.0,0.0,2.0,0.0,0.0,0.0,0.0,0.0,0.0,98.0,0.0,0.0,0.0,7.07,0.0,0.0,0.0,0.0,0.0,92.93,1.0,0.0,0.0,11.0,0.0,0.0,0.0,0.0,0.0,88.0,0.99,0.0,0.0,0.0,0.0,0.0,0.0,0.0,0.0,99.01
547,0.0,0.0,0.0,0.0,0.0,92.0,0.0,0.0,0.0,8.0,0.0,0.0,0.0,0.0,0.0,100.0,0.0,0.0,0.0,0.0,0.0,0.0,0.0,0.0,0.0,89.11,0.0,0.0,0.0,10.89,0.0,0.0,0.0,0.0,0.0,66.34,0.0,0.0,0.0,33.66,0.0,0.0,0.0,0.0,0.0,96.04,0.0,0.0,0.0,3.96,0.0,0.0,0.0,0.0,0.0,84.16,0.0,0.0,0.0,15.84,0.0,0.0,0.0,0.0,0.0,82.18,0.0,0.0,0.0,17.82,0.0,0.0,0.0,0.0,0.0,100.0,0.0,0.0,0.0,0.0,0.0,0.0,0.0,0.0,0.0,63.0,0.0,0.0,0.0,37.0,0.0,0.0,0.0,0.0,0.0,16.16,0.0,0.0,0.0,83.84,0.0,0.0,0.0,0.0,0.0,32.0,0.0,0.0,0.0,68.0,0.0,0.0,0.0,0.0,0.0,47.96,0.0,0.0,0.0,52.04,0.98,0.0,0.0,0.0,0.0,29.41,0.0,0.0,0.0,69.61,0.0,0.0,0.0,0.0,0.0,36.36,0.0,0.0,0.0,63.64,0.0,0.0,0.0,0.0,0.0,46.46,0.0,0.0,0.0,53.54,0.0,0.0,0.0,0.0,0.0,51.96,0.0,0.0,0.0,48.04,0.0,0.0,0.0,0.0,0.0,0.0,0.0,0.0,0.0,100.0,0.0,0.0,0.0,0.0,0.0,0.0,0.0,0.0,0.0,100.0,0.0,0.0,0.0,0.0,0.0,0.0,0.0,0.0,0.0,100.0,0.0,0.0,0.0,0.0,0.0,0.0,0.0,0.0,0.0,100.0,1.01,0.0,1.01,0.0,0.0,0.0,0.0,0.0,0.0,97.98,0.99,0.0,0.99,0.0,0.0,0.0,0.0,0.0,0.0,98.02,0.0,0.0,0.0,19.19,0.0,0.0,0.0,0.0,0.0,80.81,0.0,0.0,0.0,0.0,0.0,0.0,0.0,0.0,0.0,100.0
548,0.0,0.0,0.0,0.0,0.0,92.86,0.0,0.0,0.0,7.14,0.0,0.0,0.0,0.0,0.0,100.0,0.0,0.0,0.0,0.0,0.0,0.0,0.0,0.0,0.0,90.2,0.0,0.0,0.0,9.8,0.0,0.0,0.0,0.0,0.0,66.67,0.0,0.0,0.0,33.33,0.0,0.0,0.0,0.0,0.0,95.1,0.0,0.0,0.0,4.9,0.0,0.0,0.0,0.0,0.0,84.69,0.0,0.0,0.0,15.31,0.0,0.0,0.0,0.0,0.0,83.0,0.0,0.0,0.0,17.0,0.0,0.0,0.0,0.0,0.0,100.0,0.0,0.0,0.0,0.0,0.0,0.0,0.0,0.0,0.0,64.36,0.0,0.0,0.0,35.64,1.0,0.0,0.0,0.0,0.0,15.0,0.0,0.0,0.0,84.0,0.0,0.0,0.0,0.0,0.0,31.31,0.0,0.0,0.0,68.69,0.0,0.0,0.0,0.0,0.0,48.48,0.0,0.0,0.0,51.52,0.0,0.0,0.0,0.0,0.0,28.28,0.0,0.0,0.0,71.72,0.0,0.0,0.0,0.0,0.0,38.0,0.0,0.0,0.0,62.0,0.0,0.0,0.0,0.0,0.0,48.0,0.0,0.0,0.0,52.0,0.0,0.0,0.0,0.0,0.0,52.48,0.0,0.0,0.0,47.52,0.0,0.0,0.0,0.0,0.0,0.0,0.0,0.0,0.0,100.0,0.99,0.0,0.99,0.0,0.0,0.0,0.0,0.0,0.0,98.02,0.0,0.0,0.0,0.0,0.0,0.0,0.0,0.0,0.0,100.0,1.01,0.0,0.0,0.0,0.0,0.0,0.0,0.0,0.0,98.99,0.99,0.0,1.98,0.99,0.0,0.0,0.0,0.0,0.0,96.04,0.0,0.0,0.0,0.0,0.0,0.0,0.0,0.0,0.0,100.0,0.0,0.0,0.0,19.0,0.0,0.0,0.0,0.0,0.0,81.0,0.0,0.0,0.99,0.0,0.0,0.0,0.0,0.0,0.0,99.01
549,0.0,0.0,0.0,0.0,0.0,88.12,0.0,0.0,0.0,11.88,0.0,0.0,0.0,0.0,0.0,100.0,0.0,0.0,0.0,0.0,0.0,0.0,0.0,0.0,0.0,88.89,0.0,0.0,0.0,11.11,0.0,0.0,0.0,0.0,0.0,66.0,0.0,0.0,0.0,34.0,0.0,0.0,0.0,0.0,0.0,94.95,0.0,0.0,0.0,5.05,0.0,0.0,0.0,0.0,0.0,83.0,0.0,0.0,0.0,17.0,0.0,0.0,0.0,0.0,0.0,82.0,0.0,0.0,0.0,18.0,0.0,0.0,0.0,0.0,0.0,100.0,0.0,0.0,0.0,0.0,0.0,0.0,0.0,0.0,0.0,62.63,0.0,0.0,0.0,37.37,0.0,0.0,1.01,0.0,0.0,15.15,0.0,0.0,0.0,83.84,0.0,0.0,0.0,0.0,0.0,32.32,0.0,0.0,0.0,67.68,0.0,0.0,0.0,0.0,0.0,50.0,0.0,0.0,0.0,50.0,0.0,0.0,0.0,0.0,0.0,28.28,0.0,0.0,0.0,71.72,0.0,0.0,0.0,0.0,0.0,36.36,0.0,0.0,0.0,63.64,1.01,0.0,0.0,0.0,0.0,45.45,0.0,0.0,0.0,53.54,0.0,0.0,0.0,0.0,0.0,51.0,0.0,0.0,0.0,49.0,1.0,0.0,0.0,0.0,0.0,0.0,0.0,0.0,0.0,99.0,0.0,0.0,0.0,0.0,0.0,0.0,0.0,0.0,0.0,100.0,0.0,0.0,0.0,0.0,0.0,0.0,0.0,0.0,0.0,100.0,0.0,0.0,0.0,0.0,0.0,0.0,0.0,0.0,0.0,100.0,1.01,0.0,0.0,0.0,0.0,0.0,0.0,0.0,0.0,98.99,0.99,0.0,0.99,0.99,0.0,0.0,0.0,0.0,0.0,97.03,0.0,0.0,1.01,17.17,0.0,0.0,0.0,0.0,0.0,81.82,0.0,0.0,0.0,0.0,0.0,0.0,0.0,0.0,0.0,100.0
550,0.0,0.0,0.0,0.0,0.0,87.0,0.0,0.0,0.0,13.0,0.0,0.0,0.0,0.0,0.0,100.0,0.0,0.0,0.0,0.0,0.0,0.0,0.0,0.0,0.0,88.0,0.0,0.0,0.0,12.0,0.0,0.0,0.0,0.0,0.0,64.65,0.0,0.0,0.0,35.35,0.0,0.0,0.0,0.0,0.0,93.07,0.0,0.0,0.0,6.93,0.0,0.0,0.0,0.0,0.0,82.65,0.0,0.0,0.0,17.35,0.0,0.0,0.0,0.0,0.0,81.0,0.0,0.0,0.0,19.0,0.0,0.0,0.0,0.0,0.0,100.0,0.0,0.0,0.0,0.0,0.99,0.0,0.0,0.0,0.0,62.38,0.0,0.0,0.0,36.63,0.0,0.0,0.0,0.0,0.0,15.84,0.0,0.0,0.0,84.16,0.0,0.0,0.0,0.0,0.0,33.66,0.0,0.0,0.0,66.34,0.0,0.0,0.0,0.0,0.0,50.51,0.0,0.0,0.0,49.49,1.0,0.0,0.0,0.0,0.0,27.0,0.0,0.0,0.0,72.0,0.0,0.0,0.0,0.0,0.0,37.0,0.0,0.0,0.0,63.0,0.0,0.0,0.0,0.0,0.0,46.46,0.0,0.0,0.0,53.54,0.0,0.0,0.0,0.0,0.0,50.51,0.0,0.0,0.0,49.49,0.0,0.0,0.0,0.0,0.0,0.0,0.0,0.0,0.0,100.0,0.0,0.0,0.0,0.0,0.0,0.0,0.0,0.0,0.0,100.0,0.99,0.0,0.0,0.0,0.0,0.0,0.0,0.0,0.0,99.01,1.0,0.0,0.0,0.0,0.0,0.0,0.0,0.0,0.0,99.0,0.0,0.0,0.0,0.0,0.0,0.0,0.0,0.0,0.0,100.0,1.98,0.0,1.98,0.0,0.0,0.0,0.0,0.0,0.0,96.04,0.0,0.0,0.0,16.0,0.0,0.0,0.0,0.0,0.0,84.0,0.0,0.0,0.0,2.0,0.0,0.0,0.0,0.0,0.0,98.0
551,0.0,0.0,0.0,0.0,0.0,92.0,0.0,0.0,0.0,8.0,0.0,0.0,0.0,0.0,0.0,100.0,0.0,0.0,0.0,0.0,0.0,0.0,0.0,0.0,0.0,89.0,0.0,0.0,0.0,11.0,0.0,0.0,0.0,0.0,0.0,66.33,0.0,0.0,0.0,33.67,0.0,0.0,0.99,0.0,0.0,95.05,0.0,0.0,0.0,3.96,0.0,0.0,0.0,0.0,0.0,84.16,0.0,0.0,0.0,15.84,0.0,0.0,0.0,0.0,0.0,82.83,0.0,0.0,0.0,17.17,0.0,0.0,0.0,0.0,0.0,100.0,0.0,0.0,0.0,0.0,1.01,0.0,0.0,0.0,0.0,63.64,0.0,0.0,0.0,35.35,1.01,0.0,1.01,0.0,0.0,15.15,0.0,0.0,0.0,82.83,0.0,0.0,0.0,0.0,0.0,33.0,0.0,0.0,0.0,67.0,0.0,0.0,0.0,0.0,0.0,50.52,0.0,0.0,0.0,49.48,0.0,0.0,0.0,0.0,0.0,27.55,0.0,0.0,0.0,72.45,0.0,0.0,0.0,0.0,0.0,34.65,0.0,0.0,0.0,65.35,0.0,0.0,0.0,0.0,0.0,47.0,0.0,0.0,0.0,53.0,0.0,0.0,0.99,0.0,0.0,50.5,0.0,0.0,0.0,48.51,0.0,0.0,1.0,0.0,0.0,1.0,0.0,0.0,0.0,98.0,0.0,0.0,0.0,0.0,0.0,0.0,0.0,0.0,0.0,100.0,0.0,0.0,0.0,0.0,0.0,0.0,0.0,0.0,0.0,100.0,0.0,0.0,0.0,0.0,0.0,0.0,0.0,0.0,0.0,100.0,0.0,0.0,0.0,0.0,0.0,0.0,0.0,0.0,0.0,100.0,0.0,0.0,0.0,0.0,0.0,0.0,0.0,0.0,0.0,100.0,0.0,0.0,0.0,17.0,0.0,0.0,0.0,0.0,0.0,83.0,0.0,0.0,0.0,2.02,0.0,0.0,0.0,0.0,0.0,97.98
552,0.0,0.0,0.0,0.0,0.0,91.84,0.0,0.0,0.0,8.16,0.0,0.0,0.0,0.0,0.0,100.0,0.0,0.0,0.0,0.0,0.0,0.0,0.0,0.0,0.0,89.11,0.0,0.0,0.0,10.89,0.0,0.0,0.99,0.0,0.0,65.35,0.0,0.0,0.0,33.66,0.0,0.0,0.0,0.0,0.0,95.05,0.0,0.0,0.0,4.95,0.0,0.0,0.0,0.0,0.0,83.84,0.0,0.0,0.0,16.16,0.0,0.0,0.0,0.0,0.0,82.83,0.0,0.0,0.0,17.17,0.0,0.0,0.0,0.0,0.0,100.0,0.0,0.0,0.0,0.0,0.0,0.0,0.0,0.0,0.0,63.37,0.0,0.0,0.0,36.63,0.99,0.0,0.0,0.0,0.0,15.84,0.0,0.0,0.0,83.17,1.01,0.0,0.0,0.0,0.0,32.32,0.0,0.0,0.0,66.67,0.0,0.0,0.0,0.0,0.0,52.0,0.0,0.0,0.0,48.0,1.01,0.0,0.0,0.0,0.0,28.28,0.0,0.0,0.0,70.71,0.0,0.0,0.0,0.0,0.0,37.37,0.0,0.0,0.0,62.63,0.0,0.0,0.0,0.0,0.0,47.0,0.0,0.0,0.0,53.0,0.0,0.0,0.0,0.0,0.0,50.51,0.0,0.0,0.0,49.49,0.0,0.0,0.0,0.0,0.0,0.0,0.0,0.0,0.0,100.0,0.0,0.0,1.0,0.0,0.0,0.0,0.0,0.0,0.0,99.0,0.0,0.0,0.0,0.0,0.0,0.0,0.0,0.0,0.0,100.0,0.0,0.0,1.0,0.0,0.0,0.0,0.0,0.0,0.0,99.0,0.0,0.0,0.0,0.0,0.0,0.0,0.0,0.0,0.0,100.0,0.0,0.0,0.0,0.0,0.0,0.0,0.0,0.0,0.0,100.0,2.0,0.0,1.0,11.0,0.0,0.0,0.0,0.0,0.0,86.0,0.0,0.0,0.99,6.93,0.0,0.0,0.0,0.0,0.0,92.08
553,0.0,0.0,0.0,0.0,0.0,88.89,0.0,0.0,0.0,11.11,0.0,0.0,0.0,0.0,0.0,100.0,0.0,0.0,0.0,0.0,0.0,0.0,0.0,0.0,0.0,89.9,0.0,0.0,0.0,10.1,0.98,0.0,0.0,0.0,0.0,65.69,0.0,0.0,0.0,33.33,0.0,0.0,0.0,0.0,0.0,94.06,0.0,0.0,0.0,5.94,0.0,0.0,0.0,0.0,0.0,83.0,0.0,0.0,0.0,17.0,0.0,0.0,0.0,0.0,0.0,81.0,0.0,0.0,0.0,19.0,0.0,0.0,0.0,0.0,0.0,100.0,0.0,0.0,0.0,0.0,0.0,0.0,0.99,0.0,0.0,62.38,0.0,0.0,0.0,36.63,0.0,0.0,0.0,0.0,0.0,15.15,0.0,0.0,0.0,84.85,0.0,0.0,0.98,0.0,0.0,33.33,0.0,0.0,0.0,65.69,0.0,0.0,0.0,0.0,0.0,51.02,0.0,0.0,0.0,48.98,0.0,0.0,0.0,0.0,0.0,30.0,0.0,0.0,0.0,70.0,0.0,0.0,0.0,0.0,0.0,34.65,0.0,0.0,0.0,65.35,0.99,0.0,0.99,0.0,0.0,47.52,0.0,0.0,0.0,50.5,0.0,0.0,0.0,0.0,0.0,50.98,0.0,0.0,0.0,49.02,0.0,0.0,0.0,0.0,0.0,0.0,0.0,0.0,0.0,100.0,0.0,0.0,0.0,0.0,0.0,0.0,0.0,0.0,0.0,100.0,1.0,0.0,1.0,0.0,0.0,0.0,0.0,0.0,0.0,98.0,0.0,0.0,0.0,0.0,0.0,0.0,0.0,0.0,0.0,100.0,0.0,0.0,0.0,0.0,0.0,0.0,0.0,0.0,0.0,100.0,0.0,0.0,1.0,7.0,0.0,0.0,0.0,0.0,0.0,92.0,0.0,0.0,1.01,0.0,0.0,0.0,0.0,0.0,0.0,98.99,0.0,0.0,0.0,11.0,0.0,0.0,0.0,0.0,0.0,89.0
554,0.0,0.0,0.0,0.0,0.0,88.89,0.0,0.0,0.0,11.11,0.0,0.0,0.0,0.0,0.0,100.0,0.0,0.0,0.0,0.0,0.0,0.0,0.0,0.0,0.0,89.11,0.0,0.0,0.0,10.89,0.0,0.0,0.0,0.0,0.0,66.34,0.0,0.0,0.0,33.66,0.0,0.0,0.0,0.0,0.0,93.14,0.0,0.0,0.0,6.86,0.0,0.0,0.0,0.0,0.0,83.0,0.0,0.0,0.0,17.0,0.0,0.0,0.0,0.0,0.0,81.0,0.0,0.0,0.0,19.0,0.0,0.0,0.0,0.0,0.0,100.0,0.0,0.0,0.0,0.0,0.0,0.0,0.0,0.0,0.0,62.24,0.0,0.0,0.0,37.76,0.99,0.0,0.0,0.0,0.0,15.84,0.0,0.0,0.0,83.17,1.0,0.0,0.0,0.0,0.0,32.0,0.0,0.0,0.0,67.0,0.0,0.0,0.0,0.0,0.0,51.52,0.0,0.0,0.0,48.48,1.94,0.0,1.94,0.0,0.0,28.16,0.0,0.0,0.0,67.96,0.0,0.0,0.0,0.0,0.0,34.34,0.0,0.0,0.0,65.66,0.0,0.0,0.0,1.02,0.0,46.94,0.0,0.0,0.0,52.04,0.0,0.0,0.0,0.0,0.0,50.51,0.0,0.0,0.0,49.49,0.0,0.0,0.0,5.1,0.0,0.0,0.0,0.0,0.0,94.9,1.0,0.0,0.0,0.0,0.0,0.0,0.0,0.0,0.0,99.0,1.0,0.0,0.0,0.0,0.0,0.0,0.0,0.0,0.0,99.0,0.0,0.0,0.0,0.0,0.0,0.0,0.0,0.0,0.0,100.0,0.0,0.0,0.0,0.0,0.0,0.0,0.0,0.0,0.0,100.0,0.0,0.0,1.0,10.0,0.0,0.0,0.0,0.0,0.0,89.0,0.0,0.0,0.0,0.0,0.0,0.0,0.0,0.0,0.0,100.0,0.0,0.0,0.0,0.0,0.0,0.0,0.0,0.0,0.0,100.0
555,0.0,0.0,0.0,0.0,0.0,91.09,0.0,0.0,0.0,8.91,0.0,0.0,0.0,0.0,0.0,100.0,0.0,0.0,0.0,0.0,0.0,0.0,0.0,0.0,0.0,89.9,0.0,0.0,0.0,10.1,0.0,0.0,0.0,0.0,0.0,66.34,0.0,0.0,0.0,33.66,0.0,0.0,0.0,0.0,0.0,95.0,0.0,0.0,0.0,5.0,0.0,0.0,0.0,0.0,0.0,84.0,0.0,0.0,0.0,16.0,0.0,0.0,0.0,0.0,0.0,80.81,0.0,0.0,0.0,19.19,0.0,0.0,0.0,0.0,0.0,100.0,0.0,0.0,0.0,0.0,0.0,0.0,0.0,0.0,0.0,62.63,0.0,0.0,0.0,37.37,0.0,0.0,0.0,0.0,0.0,14.29,0.0,0.0,0.0,85.71,0.99,0.0,0.0,0.0,0.0,32.67,0.0,0.0,0.0,66.34,0.0,0.0,0.0,0.0,0.0,50.98,0.0,0.0,0.0,49.02,0.0,0.0,0.0,0.0,0.0,29.0,0.0,0.0,0.0,71.0,0.0,0.0,0.0,0.0,0.0,35.64,0.0,0.0,0.0,64.36,0.0,0.0,0.0,0.0,0.0,48.51,0.0,0.0,0.0,51.49,0.0,0.0,0.0,0.0,0.0,51.49,0.0,0.0,0.0,48.51,1.0,0.0,1.0,3.0,0.0,0.0,0.0,0.0,0.0,95.0,0.0,0.0,0.0,15.0,0.0,0.0,0.0,0.0,0.0,85.0,1.0,0.0,0.0,0.0,0.0,0.0,0.0,0.0,0.0,99.0,0.0,0.0,0.0,0.0,0.0,0.0,0.0,0.0,0.0,100.0,0.0,0.0,0.0,0.0,0.0,0.0,0.0,0.0,0.0,100.0,0.0,0.0,0.0,0.0,0.0,0.0,0.0,0.0,0.0,100.0,0.0,0.0,0.0,0.0,0.0,0.0,0.0,0.0,0.0,100.0,0.0,0.0,0.0,0.0,0.0,0.0,0.0,0.0,0.0,100.0
556,0.0,0.0,0.0,0.0,0.0,93.94,0.0,0.0,0.0,6.06,0.0,0.0,0.0,0.0,0.0,100.0,0.0,0.0,0.0,0.0,0.0,0.0,0.0,0.0,0.0,90.91,0.0,0.0,0.0,9.09,0.0,0.0,0.0,0.0,0.0,67.0,0.0,0.0,0.0,33.0,0.0,0.0,0.0,0.0,0.0,97.06,0.0,0.0,0.0,2.94,0.0,0.0,0.0,0.0,0.0,85.0,0.0,0.0,0.0,15.0,0.0,0.0,0.0,0.0,0.0,81.82,0.0,0.0,0.0,18.18,0.0,0.0,0.0,0.0,0.0,100.0,0.0,0.0,0.0,0.0,0.0,0.0,0.0,0.0,0.0,64.71,0.0,0.0,0.0,35.29,0.99,0.0,0.0,0.0,0.0,15.84,0.0,0.0,0.0,83.17,0.0,0.0,0.0,0.0,0.0,31.96,0.0,0.0,0.0,68.04,1.0,0.0,0.0,0.0,0.0,50.0,0.0,0.0,0.0,49.0,0.99,0.0,0.0,0.0,0.0,29.7,0.0,0.0,0.0,69.31,0.0,0.0,0.0,0.0,0.0,35.35,0.0,0.0,0.0,64.65,0.98,0.0,0.0,0.0,0.0,49.02,0.0,0.0,0.0,50.0,0.0,0.0,0.0,0.0,0.0,51.96,0.0,0.0,0.0,48.04,0.0,0.0,1.01,0.0,0.0,0.0,0.0,0.0,0.0,98.99,0.0,0.0,0.0,9.09,0.0,0.0,0.0,0.0,0.0,90.91,1.0,0.0,1.0,0.0,0.0,0.0,0.0,0.0,0.0,98.0,1.0,0.0,0.0,0.0,0.0,0.0,0.0,0.0,0.0,99.0,0.0,0.0,0.0,0.0,0.0,0.0,0.0,0.0,0.0,100.0,0.0,0.0,0.0,9.0,0.0,0.0,0.0,0.0,0.0,91.0,0.0,0.0,0.0,0.0,0.0,0.0,0.0,0.0,0.0,100.0,2.97,0.0,0.0,0.0,0.0,0.0,0.0,0.0,0.0,97.03
557,0.0,0.0,0.0,0.0,0.0,90.91,0.0,0.0,0.0,9.09,0.0,0.0,0.0,0.0,0.0,100.0,0.0,0.0,0.0,0.0,0.0,0.0,0.0,0.0,0.0,89.9,0.0,0.0,0.0,10.1,0.0,0.0,0.0,0.0,0.0,66.0,0.0,0.0,0.0,34.0,0.0,0.0,0.0,0.0,0.0,93.94,0.0,0.0,0.0,6.06,0.0,0.0,0.0,0.0,0.0,83.0,0.0,0.0,0.0,17.0,0.0,0.0,0.0,0.0,0.0,80.61,0.0,0.0,0.0,19.39,0.0,0.0,0.0,0.0,0.0,100.0,0.0,0.0,0.0,0.0,0.0,0.0,0.0,0.0,0.0,64.0,0.0,0.0,0.0,36.0,1.0,0.0,1.0,0.0,0.0,14.0,0.0,0.0,0.0,84.0,0.98,0.0,0.98,0.98,0.0,32.35,0.0,0.0,0.0,64.71,0.0,0.0,0.0,0.0,0.0,53.47,0.0,0.0,0.0,46.53,0.0,0.0,1.01,0.0,0.0,27.27,0.0,0.0,0.0,71.72,0.0,0.0,0.0,0.0,0.0,38.0,0.0,0.0,0.0,62.0,0.0,0.0,0.0,0.0,0.0,48.51,0.0,0.0,0.0,51.49,0.99,0.0,0.99,0.0,0.0,50.5,0.0,0.0,0.0,47.52,0.0,0.0,0.0,0.0,0.0,0.0,0.0,0.0,0.0,100.0,1.0,0.0,0.0,0.0,0.0,0.0,0.0,0.0,0.0,99.0,1.0,0.0,0.0,0.0,0.0,0.0,0.0,0.0,0.0,99.0,0.0,0.0,0.0,0.0,0.0,0.0,0.0,0.0,0.0,100.0,0.0,0.0,0.0,0.0,0.0,0.0,0.0,0.0,0.0,100.0,0.0,0.0,0.0,18.18,0.0,0.0,0.0,0.0,0.0,81.82,0.98,0.0,0.98,0.0,0.0,0.0,0.0,0.0,0.0,98.04,0.0,0.0,0.0,0.0,0.0,0.0,0.0,0.0,0.0,100.0
558,0.0,0.0,0.0,0.0,0.0,92.08,0.0,0.0,0.0,7.92,0.0,0.0,0.0,0.0,0.0,100.0,0.0,0.0,0.0,0.0,0.0,0.0,0.0,0.0,0.0,90.0,0.0,0.0,0.0,10.0,0.0,0.0,0.0,0.0,0.0,66.0,0.0,0.0,0.0,34.0,0.0,0.0,0.0,0.0,0.0,95.05,0.0,0.0,0.0,4.95,0.0,0.0,0.0,0.0,0.0,84.16,0.0,0.0,0.0,15.84,0.0,0.0,0.0,0.0,0.0,81.82,0.0,0.0,0.0,18.18,0.0,0.0,0.0,0.0,0.0,100.0,0.0,0.0,0.0,0.0,0.0,0.0,0.0,0.0,0.0,63.37,0.0,0.0,0.0,36.63,1.0,0.0,0.0,0.0,0.0,16.0,0.0,0.0,0.0,83.0,0.0,0.0,0.0,0.0,0.0,32.65,0.0,0.0,0.0,67.35,0.0,0.0,0.0,0.0,0.0,53.54,0.0,0.0,0.0,46.46,0.0,0.0,0.0,0.0,0.0,29.29,0.0,0.0,0.0,70.71,0.0,0.0,0.0,0.0,0.0,37.0,0.0,0.0,0.0,63.0,0.0,0.0,0.0,0.0,0.0,48.48,0.0,0.0,0.0,51.52,0.0,0.0,0.0,0.0,0.0,50.51,0.0,0.0,0.0,49.49,0.0,0.0,0.0,0.0,0.0,0.0,0.0,0.0,0.0,100.0,0.0,0.0,0.99,0.0,0.0,0.0,0.0,0.0,0.0,99.01,0.0,0.0,1.01,0.0,0.0,0.0,0.0,0.0,0.0,98.99,0.0,0.0,0.99,0.0,0.0,0.0,0.0,0.0,0.0,99.01,0.0,0.0,0.0,0.0,0.0,0.0,0.0,0.0,0.0,100.0,0.0,0.0,1.0,17.0,0.0,0.0,0.0,0.0,0.0,82.0,0.0,0.0,0.0,0.0,0.0,0.0,0.0,0.0,0.0,100.0,0.0,0.0,0.0,0.0,0.0,0.0,0.0,0.0,0.0,100.0
559,0.0,0.0,0.0,0.0,0.0,90.91,0.0,0.0,0.0,9.09,0.0,0.0,0.0,0.0,0.0,100.0,0.0,0.0,0.0,0.0,0.0,0.0,0.0,0.0,0.0,89.9,0.0,0.0,0.0,10.1,0.0,0.0,0.0,0.0,0.0,66.0,0.0,0.0,0.0,34.0,0.0,0.0,0.0,0.0,0.0,94.12,0.0,0.0,0.0,5.88,0.0,0.0,0.0,0.0,0.0,83.84,0.0,0.0,0.0,16.16,0.0,0.0,0.0,0.0,0.0,80.61,0.0,0.0,0.0,19.39,0.0,0.0,0.0,0.0,0.0,100.0,0.0,0.0,0.0,0.0,0.0,0.0,0.0,0.0,0.0,62.63,0.0,0.0,0.0,37.37,0.0,0.0,0.0,0.0,0.0,15.15,0.0,0.0,0.0,84.85,0.0,0.0,1.01,0.0,0.0,32.32,0.0,0.0,0.0,66.67,0.0,0.0,0.0,0.0,0.0,50.52,0.0,0.0,0.0,49.48,1.01,0.0,0.0,0.0,0.0,28.28,0.0,0.0,0.0,70.71,0.0,0.0,0.0,0.0,0.0,34.34,0.0,0.0,0.0,65.66,1.0,0.0,0.0,0.0,0.0,46.0,0.0,0.0,0.0,53.0,0.0,0.0,0.0,0.0,0.0,50.0,0.0,0.0,0.0,50.0,0.0,0.0,0.0,0.0,0.0,0.0,0.0,0.0,0.0,100.0,0.0,0.0,0.0,0.0,0.0,0.0,0.0,0.0,0.0,100.0,1.0,0.0,0.0,0.0,0.0,0.0,0.0,0.0,0.0,99.0,0.0,0.0,0.0,0.0,0.0,0.0,0.0,0.0,0.0,100.0,0.0,0.0,0.0,0.0,0.0,0.0,0.0,0.0,0.0,100.0,0.0,0.0,0.0,11.11,0.0,0.0,0.0,0.0,0.0,88.89,0.0,0.0,0.0,6.06,0.0,0.0,0.0,0.0,0.0,93.94,0.0,0.0,0.99,0.0,0.0,0.0,0.0,0.0,0.0,99.01
560,0.0,0.0,0.0,0.0,0.0,92.08,0.0,0.0,0.0,7.92,0.0,0.0,0.0,0.0,0.0,100.0,0.0,0.0,0.0,0.0,0.0,0.0,0.0,0.0,0.0,91.09,0.0,0.0,0.0,8.91,0.0,0.0,0.0,0.0,0.0,66.0,0.0,0.0,0.0,34.0,0.0,0.0,0.0,0.0,0.0,95.05,0.0,0.0,0.0,4.95,0.0,0.0,0.0,0.0,0.0,84.0,0.0,0.0,0.0,16.0,0.0,0.0,0.0,0.0,0.0,81.0,0.0,0.0,0.0,19.0,0.0,0.0,0.0,0.0,0.0,100.0,0.0,0.0,0.0,0.0,0.0,0.0,0.0,0.0,0.0,63.27,0.0,0.0,0.0,36.73,1.96,0.0,0.0,0.0,0.0,15.69,0.0,0.0,0.0,82.35,1.01,0.0,0.0,1.01,0.0,32.32,0.0,0.0,0.0,65.66,1.0,0.0,0.0,0.0,0.0,52.0,0.0,0.0,0.0,47.0,0.98,0.0,0.98,3.92,0.0,30.39,0.0,0.0,0.0,63.73,0.0,0.0,0.0,0.0,0.0,36.63,0.0,0.0,0.0,63.37,0.0,0.0,0.0,0.0,0.0,49.0,0.0,0.0,0.0,51.0,0.99,0.0,0.99,0.0,0.0,50.5,0.0,0.0,0.0,47.52,0.0,0.0,1.0,0.0,0.0,0.0,0.0,0.0,0.0,99.0,0.99,0.0,0.0,0.0,0.0,0.0,0.0,0.0,0.0,99.01,0.0,0.0,1.0,0.0,0.0,0.0,0.0,0.0,0.0,99.0,0.0,0.0,0.0,0.0,0.0,0.0,0.0,0.0,0.0,100.0,0.0,0.0,0.0,0.0,0.0,0.0,0.0,0.0,0.0,100.0,0.99,0.0,0.99,0.0,0.0,0.0,0.0,0.0,0.0,98.02,0.0,0.0,0.0,12.12,0.0,0.0,0.0,0.0,0.0,87.88,0.0,0.0,0.0,0.0,0.0,0.0,0.0,0.0,0.0,100.0
561,0.0,0.0,0.0,0.0,0.0,89.9,0.0,0.0,0.0,10.1,0.0,0.0,0.0,0.0,0.0,100.0,0.0,0.0,0.0,0.0,0.0,0.0,0.0,0.0,0.0,90.1,0.0,0.0,0.0,9.9,0.0,0.0,0.0,0.0,0.0,66.34,0.0,0.0,0.0,33.66,0.0,0.0,0.0,0.0,0.0,94.06,0.0,0.0,0.0,5.94,0.0,0.0,0.97,0.0,0.0,82.52,0.0,0.0,0.0,16.5,0.0,0.0,0.0,0.0,0.0,81.37,0.0,0.0,0.0,18.63,0.0,0.0,0.0,0.0,0.0,100.0,0.0,0.0,0.0,0.0,0.0,0.0,0.0,0.0,0.0,64.08,0.0,0.0,0.0,35.92,0.0,0.0,0.0,0.0,0.0,15.15,0.0,0.0,0.0,84.85,0.0,0.0,0.0,0.0,0.0,33.0,0.0,0.0,0.0,67.0,0.0,0.0,1.0,0.0,0.0,53.0,0.0,0.0,0.0,46.0,0.0,0.0,0.0,10.0,0.0,28.0,0.0,0.0,0.0,62.0,0.0,0.0,0.0,0.0,0.0,35.29,0.0,0.0,0.0,64.71,0.98,0.0,0.98,0.0,0.0,46.08,0.0,0.0,0.0,51.96,0.0,0.0,0.0,0.0,0.0,51.0,0.0,0.0,0.0,49.0,0.0,0.0,0.0,0.0,0.0,0.0,0.0,0.0,0.0,100.0,0.0,0.0,0.0,0.0,0.0,0.0,0.0,0.0,0.0,100.0,0.0,0.0,0.0,0.0,0.0,0.0,0.0,0.0,0.0,100.0,0.0,0.0,0.0,0.0,0.0,0.0,0.0,0.0,0.0,100.0,0.0,0.0,0.0,0.0,0.0,0.0,0.0,0.0,0.0,100.0,0.0,0.0,0.0,1.0,0.0,0.0,0.0,0.0,0.0,99.0,0.0,0.0,0.0,6.0,0.0,0.0,0.0,0.0,0.0,94.0,0.0,0.0,0.0,0.0,0.0,0.0,0.0,0.0,0.0,100.0
562,0.0,0.0,0.0,0.0,0.0,93.94,0.0,0.0,0.0,6.06,0.0,0.0,0.0,0.0,0.0,100.0,0.0,0.0,0.0,0.0,0.0,0.0,0.0,0.0,0.0,90.82,0.0,0.0,0.0,9.18,0.0,0.0,0.0,0.0,0.0,66.67,0.0,0.0,0.0,33.33,0.0,0.0,0.99,0.0,0.0,95.05,0.0,0.0,0.0,3.96,0.0,0.0,0.0,0.0,0.0,84.54,0.0,0.0,0.0,15.46,0.0,0.0,0.0,0.0,0.0,81.82,0.0,0.0,0.0,18.18,0.0,0.0,0.0,0.0,0.0,100.0,0.0,0.0,0.0,0.0,0.0,0.0,0.0,0.0,0.0,63.64,0.0,0.0,0.0,36.36,0.99,0.0,0.99,0.0,0.0,14.85,0.0,0.0,0.0,83.17,0.98,0.0,0.98,0.0,0.0,33.33,0.0,0.0,0.0,64.71,0.0,0.0,0.0,0.0,0.0,54.46,0.0,0.0,0.0,45.54,0.0,0.0,1.0,0.0,0.0,28.0,0.0,0.0,0.0,71.0,0.0,0.0,0.0,0.0,0.0,33.67,0.0,0.0,0.0,66.33,0.0,0.0,0.0,0.0,0.0,49.0,0.0,0.0,0.0,51.0,1.0,0.0,0.0,0.0,0.0,51.0,0.0,0.0,0.0,48.0,0.0,0.0,0.0,0.0,0.0,0.0,0.0,0.0,0.0,100.0,0.99,0.0,0.0,0.0,0.0,0.0,0.0,0.0,0.0,99.01,1.0,0.0,0.0,0.0,0.0,0.0,0.0,0.0,0.0,99.0,0.0,0.0,0.0,0.0,0.0,0.0,0.0,0.0,0.0,100.0,0.0,0.0,0.0,0.0,0.0,0.0,0.0,0.0,0.0,100.0,0.99,0.0,0.99,0.0,0.0,0.0,0.0,0.0,0.0,98.02,0.0,0.0,0.99,18.81,0.0,0.0,0.0,0.0,0.0,80.2,0.0,0.0,0.0,0.0,0.0,0.0,0.0,0.0,0.0,100.0
563,0.0,0.0,0.0,0.0,0.0,89.9,0.0,0.0,0.0,10.1,0.0,0.0,0.0,0.0,0.0,100.0,0.0,0.0,0.0,0.0,0.0,0.0,1.0,0.0,0.0,88.0,0.0,0.0,0.0,11.0,0.0,0.0,0.0,0.0,0.0,66.0,0.0,0.0,0.0,34.0,0.0,0.0,0.0,0.0,0.0,95.05,0.0,0.0,0.0,4.95,0.0,0.0,0.0,0.0,0.0,83.84,0.0,0.0,0.0,16.16,0.0,0.0,0.0,0.0,0.0,80.41,0.0,0.0,0.0,19.59,0.0,0.0,0.0,0.0,0.0,100.0,0.0,0.0,0.0,0.0,1.02,0.0,0.0,0.0,0.0,62.24,0.0,0.0,0.0,36.73,1.0,0.0,1.0,0.0,0.0,15.0,0.0,0.0,0.0,83.0,0.0,0.0,0.0,0.0,0.0,32.32,0.0,0.0,0.0,67.68,0.0,0.0,0.0,0.0,0.0,51.02,0.0,0.0,0.0,48.98,0.99,0.0,0.0,0.0,0.0,28.71,0.0,0.0,0.0,70.3,0.0,0.0,0.0,0.0,0.0,36.63,0.0,0.0,0.0,63.37,0.0,0.0,0.0,0.0,0.0,48.51,0.0,0.0,0.0,51.49,0.0,0.0,0.0,0.0,0.0,51.49,0.0,0.0,0.0,48.51,0.0,0.0,1.01,0.0,0.0,0.0,0.0,0.0,0.0,98.99,1.01,0.0,0.0,0.0,0.0,0.0,0.0,0.0,0.0,98.99,0.0,0.0,0.0,0.0,0.0,0.0,0.0,0.0,0.0,100.0,0.0,0.0,0.0,0.0,0.0,0.0,0.0,0.0,0.0,100.0,0.0,0.0,0.0,0.0,0.0,0.0,0.0,0.0,0.0,100.0,0.0,0.0,0.0,0.0,0.0,0.0,0.0,0.0,0.0,100.0,0.0,0.0,0.0,18.18,0.0,0.0,0.0,0.0,0.0,81.82,0.0,0.0,0.0,0.0,0.0,0.0,0.0,0.0,0.0,100.0
564,0.0,0.0,0.0,0.0,0.0,94.06,0.0,0.0,0.0,5.94,0.0,0.0,0.0,0.0,0.0,100.0,0.0,0.0,0.0,0.0,0.0,0.0,0.0,0.0,0.0,88.12,0.0,0.0,0.0,11.88,0.0,0.0,0.0,0.0,0.0,67.33,0.0,0.0,0.0,32.67,0.0,0.0,0.0,0.0,0.0,96.08,0.0,0.0,0.0,3.92,0.0,0.0,0.0,0.0,0.0,84.0,0.0,0.0,0.0,16.0,0.0,0.0,0.0,0.0,0.0,82.18,0.0,0.0,0.0,17.82,0.0,0.0,0.0,0.0,0.0,100.0,0.0,0.0,0.0,0.0,0.0,0.0,0.0,0.0,0.0,64.65,0.0,0.0,0.0,35.35,1.01,0.0,1.01,0.0,0.0,14.14,0.0,0.0,0.0,83.84,1.02,0.0,0.0,0.0,0.0,32.65,0.0,0.0,0.0,66.33,0.0,0.0,0.0,0.0,0.0,51.55,0.0,0.0,0.0,48.45,1.01,0.0,0.0,0.0,0.0,28.28,0.0,0.0,0.0,70.71,0.0,0.0,0.0,0.0,0.0,37.37,0.0,0.0,0.0,62.63,0.97,0.0,0.0,0.0,0.0,48.54,0.0,0.0,0.0,50.49,0.0,0.0,0.0,0.0,0.0,50.51,0.0,0.0,0.0,49.49,0.0,0.0,0.0,0.0,0.0,0.0,0.0,0.0,0.0,100.0,0.0,0.0,1.01,0.0,0.0,0.0,0.0,0.0,0.0,98.99,0.0,0.0,0.0,0.0,0.0,0.0,0.0,0.0,0.0,100.0,0.0,0.0,0.99,0.0,0.0,0.0,0.0,0.0,0.0,99.01,0.0,0.0,0.0,0.0,0.0,0.0,0.0,0.0,0.0,100.0,0.0,0.0,0.0,0.0,0.0,0.0,0.0,0.0,0.0,100.0,0.0,0.0,1.0,18.0,0.0,0.0,0.0,0.0,0.0,81.0,0.0,0.0,1.0,0.0,0.0,0.0,0.0,0.0,0.0,99.0
565,0.0,0.0,0.0,0.0,0.0,93.0,0.0,0.0,0.0,7.0,0.0,0.0,0.0,0.0,0.0,100.0,0.0,0.0,0.0,0.0,0.0,0.0,0.0,0.0,0.0,87.25,0.0,0.0,0.0,12.75,0.0,0.0,0.0,0.0,0.0,64.95,0.0,0.0,0.0,35.05,0.0,0.0,0.0,0.0,0.0,95.1,0.0,0.0,0.0,4.9,0.0,0.0,0.0,0.0,0.0,84.0,0.0,0.0,0.0,16.0,0.0,0.0,0.0,0.0,0.0,81.82,0.0,0.0,0.0,18.18,0.0,0.0,0.0,0.0,0.0,100.0,0.0,0.0,0.0,0.0,0.97,0.0,0.97,0.0,0.0,63.11,0.0,0.0,0.0,34.95,0.0,0.0,1.0,0.0,0.0,16.0,0.0,0.0,0.0,83.0,0.99,0.0,0.99,0.0,0.0,31.68,0.0,0.0,0.0,66.34,1.0,0.0,0.0,0.0,0.0,48.0,0.0,0.0,0.0,51.0,0.0,0.0,0.0,0.0,0.0,29.0,0.0,0.0,0.0,71.0,0.0,0.0,0.0,0.0,0.0,37.37,0.0,0.0,0.0,62.63,0.0,0.0,0.0,0.0,0.0,45.92,0.0,0.0,0.0,54.08,0.0,0.0,0.0,0.0,0.0,48.98,0.0,0.0,0.0,51.02,1.0,0.0,1.0,0.0,0.0,0.0,0.0,0.0,0.0,98.0,2.0,0.0,0.0,0.0,0.0,0.0,0.0,0.0,0.0,98.0,0.0,0.0,0.0,0.0,0.0,0.0,0.0,0.0,0.0,100.0,1.0,0.0,0.0,0.0,0.0,0.0,0.0,0.0,0.0,99.0,0.0,0.0,0.99,0.0,0.0,0.0,0.0,0.0,0.0,99.01,0.0,0.0,0.0,0.0,0.0,0.0,0.0,0.0,0.0,100.0,1.01,0.0,0.0,18.18,0.0,0.0,0.0,0.0,0.0,80.81,0.0,0.0,0.0,0.0,0.0,0.0,0.0,0.0,0.0,100.0
566,0.0,0.0,0.0,0.0,0.0,89.0,0.0,0.0,0.0,11.0,0.0,0.0,0.0,0.0,0.0,100.0,0.0,0.0,0.0,0.0,0.0,0.0,0.0,0.0,0.0,87.0,0.0,0.0,0.0,13.0,0.0,0.0,0.0,0.0,0.0,66.34,0.0,0.0,0.0,33.66,0.0,0.0,0.0,0.0,0.0,94.0,0.0,0.0,0.0,6.0,0.0,0.0,0.0,0.0,0.0,83.84,0.0,0.0,0.0,16.16,0.0,0.0,0.0,0.0,0.0,81.19,0.0,0.0,0.0,18.81,0.0,0.0,0.0,0.0,0.0,100.0,0.0,0.0,0.0,0.0,0.0,0.0,0.0,0.0,0.0,63.37,0.0,0.0,0.0,36.63,0.99,0.0,0.0,0.0,0.0,15.84,0.0,0.0,0.0,83.17,1.0,0.0,1.0,0.0,0.0,32.0,0.0,0.0,0.0,66.0,0.0,0.0,0.0,0.0,0.0,54.55,0.0,0.0,0.0,45.45,1.01,0.0,0.0,0.0,0.0,27.27,0.0,0.0,0.0,71.72,0.0,0.0,0.0,0.0,0.0,38.61,0.0,0.0,0.0,61.39,1.0,0.0,0.0,0.0,0.0,41.0,0.0,0.0,0.0,58.0,0.0,0.0,0.0,0.0,0.0,48.0,0.0,0.0,0.0,52.0,1.01,0.0,0.0,0.0,0.0,0.0,0.0,0.0,0.0,98.99,1.0,0.0,0.0,0.0,0.0,0.0,0.0,0.0,0.0,99.0,0.0,0.0,0.0,0.0,0.0,0.0,0.0,0.0,0.0,100.0,0.0,0.0,0.0,0.0,0.0,0.0,0.0,0.0,0.0,100.0,0.0,0.0,0.0,0.0,0.0,0.0,0.0,0.0,0.0,100.0,0.0,0.0,0.0,0.0,0.0,0.0,0.0,0.0,0.0,100.0,0.0,0.0,0.99,18.81,0.0,0.0,0.0,0.0,0.0,80.2,0.0,0.0,0.0,0.0,0.0,0.0,0.0,0.0,0.0,100.0
