{
  "peak_forwarded_pps": 6668101.95,
  "peak_forwarded_gbps": 3.2006874768,
  "sender_injection_pps": 37184845.14102564,
  "packet_loss_pct": 84.72600182222727,
  "nic_drop_rate_mean": 0.0,
  "nic_drop_rate_peak": 0.0,
  "forwarding_efficiency_pct": 15.273998177772718,
  "throughput_std_dev": 633674.6096349213
}