{
  "peak_forwarded_pps": 753969.5,
  "peak_forwarded_gbps": 0.5066673504,
  "sender_injection_pps": 37202780.65384615,
  "packet_loss_pct": 97.97560600867455,
  "nic_drop_rate_mean": 0.0,
  "nic_drop_rate_peak": 0.0,
  "forwarding_efficiency_pct": 2.024393991325455,
  "throughput_std_dev": 857.5538441144996
}