{
  "peak_forwarded_pps": 22049303.3,
  "peak_forwarded_gbps": 10.583666608,
  "sender_injection_pps": 37189762.03703704,
  "packet_loss_pct": 40.78669057539543,
  "nic_drop_rate_mean": 0.0,
  "nic_drop_rate_peak": 0.0,
  "forwarding_efficiency_pct": 59.21330942460457,
  "throughput_std_dev": 15412.619953546979
}