{
  "peak_forwarded_pps": 22071260.5,
  "peak_forwarded_gbps": 10.594189168,
  "sender_injection_pps": 37463805.610687025,
  "packet_loss_pct": 40.97571749255879,
  "nic_drop_rate_mean": 0.0,
  "nic_drop_rate_peak": 0.0,
  "forwarding_efficiency_pct": 59.02428250744121,
  "throughput_std_dev": 26789.966451179716
}