{
  "peak_forwarded_pps": 1147885.0,
  "peak_forwarded_gbps": 0.550985312,
  "sender_injection_pps": 37203118.258064516,
  "packet_loss_pct": 96.92122300479883,
  "nic_drop_rate_mean": 0.0,
  "nic_drop_rate_peak": 0.0,
  "forwarding_efficiency_pct": 3.0787769952011717,
  "throughput_std_dev": 3269.5960087377457
}