{
  "peak_forwarded_pps": 2291259.0,
  "peak_forwarded_gbps": 1.099803808,
  "sender_injection_pps": 37203189.48717949,
  "packet_loss_pct": 96.84437740858718,
  "nic_drop_rate_mean": 0.0,
  "nic_drop_rate_peak": 0.0,
  "forwarding_efficiency_pct": 3.155622591412818,
  "throughput_std_dev": 754980.5524033997
}