{
  "peak_forwarded_pps": 44795490.04999998,
  "peak_forwarded_gbps": 30.102571156799982,
  "sender_injection_pps": 38748839.75,
  "packet_loss_pct": 19.31583199303978,
  "nic_drop_rate_mean": 0.0,
  "nic_drop_rate_peak": 0.0,
  "forwarding_efficiency_pct": 80.68416800696022,
  "throughput_std_dev": 8547137.714400856
}