{
  "peak_forwarded_pps": 15536737.0,
  "peak_forwarded_gbps": 10.4406888,
  "sender_injection_pps": 37198754.73913044,
  "packet_loss_pct": 58.3276329661534,
  "nic_drop_rate_mean": 0.0,
  "nic_drop_rate_peak": 0.0,
  "forwarding_efficiency_pct": 41.6723670338466,
  "throughput_std_dev": 37454.81926814922
}