{
  "peak_forwarded_pps": 6790578.9,
  "peak_forwarded_gbps": 3.25947736,
  "sender_injection_pps": 37130214.551724136,
  "packet_loss_pct": 84.9565049113452,
  "nic_drop_rate_mean": 0.0,
  "nic_drop_rate_peak": 0.0,
  "forwarding_efficiency_pct": 15.043495088654792,
  "throughput_std_dev": 577546.8093805274
}