{
  "peak_forwarded_pps": 31075795.0,
  "peak_forwarded_gbps": 20.882933216,
  "sender_injection_pps": 37199916.0,
  "packet_loss_pct": 17.76223662422902,
  "nic_drop_rate_mean": 0.0,
  "nic_drop_rate_peak": 0.0,
  "forwarding_efficiency_pct": 82.23776337577098,
  "throughput_std_dev": 1220480.4677897114
}