{
  "peak_forwarded_pps": 1120531.8,
  "peak_forwarded_gbps": 0.537857336,
  "sender_injection_pps": 37203174.76190476,
  "packet_loss_pct": 96.99510450084794,
  "nic_drop_rate_mean": 0.0,
  "nic_drop_rate_peak": 0.0,
  "forwarding_efficiency_pct": 3.0048954991520516,
  "throughput_std_dev": 2666.160644591102
}