{
  "peak_forwarded_pps": 7420365.2,
  "peak_forwarded_gbps": 4.986485824,
  "sender_injection_pps": 37174919.95454545,
  "packet_loss_pct": 82.29066279838986,
  "nic_drop_rate_mean": 0.0,
  "nic_drop_rate_peak": 0.0,
  "forwarding_efficiency_pct": 17.709337201610147,
  "throughput_std_dev": 1548893.7957804129
}