{
  "peak_forwarded_pps": 5167987.2,
  "peak_forwarded_gbps": 2.4806377983999996,
  "sender_injection_pps": 37480925.985074624,
  "packet_loss_pct": 86.22408182838304,
  "nic_drop_rate_mean": 0.0,
  "nic_drop_rate_peak": 0.0,
  "forwarding_efficiency_pct": 13.775918171616965,
  "throughput_std_dev": 21136.91747174095
}