{
  "peak_forwarded_pps": 22058382.75,
  "peak_forwarded_gbps": 10.588011688,
  "sender_injection_pps": 37692691.65789474,
  "packet_loss_pct": 41.16674231380145,
  "nic_drop_rate_mean": 0.0,
  "nic_drop_rate_peak": 0.0,
  "forwarding_efficiency_pct": 58.83325768619855,
  "throughput_std_dev": 16135.039035762993
}