Linux 6.8.0-124-generic (testbed-node6) 	07/06/26 	_x86_64_	(24 CPU)

15:17:59     CPU    %usr   %nice    %sys %iowait    %irq   %soft  %steal  %guest  %gnice   %idle
15:18:00     all    1,05    0,00    0,63    0,00    0,00   42,15    0,00    0,00    0,00   56,17
15:18:00       0    0,00    0,00    0,00    0,00    0,00   45,00    0,00    0,00    0,00   55,00
15:18:00       1    0,00    0,00    0,00    0,00    0,00  100,00    0,00    0,00    0,00    0,00
15:18:00       2    0,00    0,00    0,00    0,00    0,00  100,00    0,00    0,00    0,00    0,00
15:18:00       3    0,00    0,00    0,00    0,00    0,00   64,29    0,00    0,00    0,00   35,71
15:18:00       4    0,00    0,00    0,00    0,00    0,00  100,00    0,00    0,00    0,00    0,00
15:18:00       5    0,00    0,00    0,00    0,00    0,00   97,00    0,00    0,00    0,00    3,00
15:18:00       6    0,00    0,00    0,00    0,00    0,00   92,16    0,00    0,00    0,00    7,84
15:18:00       7    0,00    0,00    0,00    0,00    0,00   77,00    0,00    0,00    0,00   23,00
15:18:00       8    1,00    0,00    3,00    0,00    0,00   66,00    0,00    0,00    0,00   30,00
15:18:00       9    0,00    0,00    0,00    0,00    0,00   15,15    0,00    0,00    0,00   84,85
15:18:00      10    0,98    0,00    0,00    0,00    0,00   38,24    0,00    0,00    0,00   60,78
15:18:00      11    0,00    0,00    0,00    0,00    0,00   45,24    0,00    0,00    0,00   54,76
15:18:00      12    0,00    0,00    0,00    0,00    0,00   34,34    0,00    0,00    0,00   65,66
15:18:00      13    1,98    0,00    0,00    0,00    0,00   39,60    0,00    0,00    0,00   58,42
15:18:00      14    9,09    0,00    1,01    0,00    0,00   47,47    0,00    0,00    0,00   42,42
15:18:00      15    3,06    0,00    0,00    0,00    0,00   48,98    0,00    0,00    0,00   47,96
15:18:00      16    1,00    0,00    1,00    0,00    0,00    0,00    0,00    0,00    0,00   98,00
15:18:00      17    3,00    0,00    5,00    0,00    0,00    0,00    0,00    0,00    0,00   92,00
15:18:00      18    2,00    0,00    1,00    0,00    0,00    0,00    0,00    0,00    0,00   97,00
15:18:00      19    2,00    0,00    1,00    0,00    0,00    0,00    0,00    0,00    0,00   97,00
15:18:00      20    1,00    0,00    1,00    0,00    0,00    0,00    0,00    0,00    0,00   98,00
15:18:00      21    0,00    0,00    1,01    0,00    0,00    0,00    0,00    0,00    0,00   98,99
15:18:00      22    0,00    0,00    0,00    0,00    0,00    0,00    0,00    0,00    0,00  100,00
15:18:00      23    0,00    0,00    1,00    0,00    0,00    0,00    0,00    0,00    0,00   99,00

15:18:00     CPU    %usr   %nice    %sys %iowait    %irq   %soft  %steal  %guest  %gnice   %idle
15:18:01     all    0,04    0,00    0,04    0,00    0,00   41,95    0,00    0,00    0,00   57,96
15:18:01       0    0,00    0,00    0,00    0,00    0,00   45,54    0,00    0,00    0,00   54,46
15:18:01       1    0,00    0,00    0,00    0,00    0,00  100,00    0,00    0,00    0,00    0,00
15:18:01       2    0,00    0,00    0,00    0,00    0,00  100,00    0,00    0,00    0,00    0,00
15:18:01       3    0,00    0,00    0,00    0,00    0,00   62,00    0,00    0,00    0,00   38,00
15:18:01       4    0,00    0,00    0,00    0,00    0,00  100,00    0,00    0,00    0,00    0,00
15:18:01       5    0,00    0,00    0,00    0,00    0,00   95,05    0,00    0,00    0,00    4,95
15:18:01       6    0,00    0,00    0,00    0,00    0,00   91,09    0,00    0,00    0,00    8,91
15:18:01       7    0,00    0,00    0,00    0,00    0,00   75,76    0,00    0,00    0,00   24,24
15:18:01       8    0,00    0,00    0,00    0,00    0,00   62,38    0,00    0,00    0,00   37,62
15:18:01       9    0,00    0,00    0,00    0,00    0,00   16,83    0,00    0,00    0,00   83,17
15:18:01      10    0,00    0,00    0,00    0,00    0,00   38,61    0,00    0,00    0,00   61,39
15:18:01      11    0,00    0,00    0,00    0,00    0,00   53,47    0,00    0,00    0,00   46,53
15:18:01      12    0,00    0,00    0,00    0,00    0,00   33,00    0,00    0,00    0,00   67,00
15:18:01      13    0,00    0,00    0,00    0,00    0,00   38,38    0,00    0,00    0,00   61,62
15:18:01      14    0,00    0,00    0,00    0,00    0,00   46,53    0,00    0,00    0,00   53,47
15:18:01      15    0,00    0,00    0,00    0,00    0,00   47,00    0,00    0,00    0,00   53,00
15:18:01      16    0,00    0,00    0,00    0,00    0,00    0,00    0,00    0,00    0,00  100,00
15:18:01      17    0,00    0,00    0,00    0,00    0,00    0,00    0,00    0,00    0,00  100,00
15:18:01      18    0,00    0,00    0,00    0,00    0,00    0,00    0,00    0,00    0,00  100,00
15:18:01      19    1,00    0,00    1,00    0,00    0,00    0,00    0,00    0,00    0,00   98,00
15:18:01      20    0,00    0,00    0,00    0,00    0,00    0,00    0,00    0,00    0,00  100,00
15:18:01      21    0,00    0,00    0,00    0,00    0,00    0,00    0,00    0,00    0,00  100,00
15:18:01      22    0,00    0,00    0,00    0,00    0,00    0,00    0,00    0,00    0,00  100,00
15:18:01      23    0,00    0,00    0,00    0,00    0,00    0,00    0,00    0,00    0,00  100,00

15:18:01     CPU    %usr   %nice    %sys %iowait    %irq   %soft  %steal  %guest  %gnice   %idle
15:18:02     all    2,09    0,00    1,42    0,08    0,00   43,20    0,00    0,00    0,00   53,20
15:18:02       0    0,00    0,00    0,00    0,00    0,00   46,53    0,00    0,00    0,00   53,47
15:18:02       1    0,00    0,00    0,00    0,00    0,00  100,00    0,00    0,00    0,00    0,00
15:18:02       2    0,00    0,00    0,00    0,00    0,00  100,00    0,00    0,00    0,00    0,00
15:18:02       3    0,00    0,00    0,00    0,00    0,00   68,37    0,00    0,00    0,00   31,63
15:18:02       4    0,00    0,00    0,00    0,00    0,00  100,00    0,00    0,00    0,00    0,00
15:18:02       5    0,00    0,00    0,00    0,00    0,00   98,00    0,00    0,00    0,00    2,00
15:18:02       6    0,00    0,00    0,00    0,00    0,00   94,95    0,00    0,00    0,00    5,05
15:18:02       7    0,00    0,00    0,00    0,00    0,00   80,81    0,00    0,00    0,00   19,19
15:18:02       8    4,00    0,00    1,00    0,00    0,00   70,00    0,00    0,00    0,00   25,00
15:18:02       9    0,00    0,00    0,00    0,00    0,00   17,17    0,00    0,00    0,00   82,83
15:18:02      10    1,00    0,00    1,00    1,00    0,00   39,00    0,00    0,00    0,00   58,00
15:18:02      11    0,00    0,00    0,00    0,00    0,00   53,76    0,00    0,00    0,00   46,24
15:18:02      12    1,01    0,00    1,01    0,00    0,00   33,33    0,00    0,00    0,00   64,65
15:18:02      13    0,00    0,00    0,00    0,00    0,00   40,00    0,00    0,00    0,00   60,00
15:18:02      14    1,00    0,00    1,00    0,00    0,00   49,00    0,00    0,00    0,00   49,00
15:18:02      15    4,08    0,00    0,00    0,00    0,00   48,98    0,00    0,00    0,00   46,94
15:18:02      16    3,00    0,00    3,00    0,00    0,00    0,00    0,00    0,00    0,00   94,00
15:18:02      17    1,98    0,00    0,99    0,00    0,00    0,00    0,00    0,00    0,00   97,03
15:18:02      18    6,93    0,00    4,95    0,99    0,00    0,00    0,00    0,00    0,00   87,13
15:18:02      19    6,00    0,00    3,00    0,00    0,00    0,00    0,00    0,00    0,00   91,00
15:18:02      20    2,00    0,00    2,00    0,00    0,00    0,00    0,00    0,00    0,00   96,00
15:18:02      21    5,00    0,00    4,00    0,00    0,00    0,00    0,00    0,00    0,00   91,00
15:18:02      22    8,00    0,00    8,00    0,00    0,00    0,00    0,00    0,00    0,00   84,00
15:18:02      23    5,94    0,00    3,96    0,00    0,00    0,00    0,00    0,00    0,00   90,10

15:18:02     CPU    %usr   %nice    %sys %iowait    %irq   %soft  %steal  %guest  %gnice   %idle
15:18:03     all    0,63    0,00    0,25    0,00    0,00   41,90    0,00    0,00    0,00   57,21
15:18:03       0    0,00    0,00    0,00    0,00    0,00   44,90    0,00    0,00    0,00   55,10
15:18:03       1    0,00    0,00    0,00    0,00    0,00  100,00    0,00    0,00    0,00    0,00
15:18:03       2    0,00    0,00    0,00    0,00    0,00  100,00    0,00    0,00    0,00    0,00
15:18:03       3    0,00    0,00    0,00    0,00    0,00   67,33    0,00    0,00    0,00   32,67
15:18:03       4    0,00    0,00    0,00    0,00    0,00  100,00    0,00    0,00    0,00    0,00
15:18:03       5    0,00    0,00    0,00    0,00    0,00   96,00    0,00    0,00    0,00    4,00
15:18:03       6    0,00    0,00    0,00    0,00    0,00   91,26    0,00    0,00    0,00    8,74
15:18:03       7    0,00    0,00    0,00    0,00    0,00   76,24    0,00    0,00    0,00   23,76
15:18:03       8   13,13    0,00    1,01    0,00    0,00   65,66    0,00    0,00    0,00   20,20
15:18:03       9    0,00    0,00    0,00    0,00    0,00   16,00    0,00    0,00    0,00   84,00
15:18:03      10    1,00    0,00    0,00    0,00    0,00   37,00    0,00    0,00    0,00   62,00
15:18:03      11    0,00    0,00    0,00    0,00    0,00   42,50    0,00    0,00    0,00   57,50
15:18:03      12    0,00    0,00    0,00    0,00    0,00   33,00    0,00    0,00    0,00   67,00
15:18:03      13    0,00    0,00    0,00    0,00    0,00   37,00    0,00    0,00    0,00   63,00
15:18:03      14    0,00    0,00    0,00    0,00    0,00   48,54    0,00    0,00    0,00   51,46
15:18:03      15    0,00    0,00    0,00    0,00    0,00   48,00    0,00    0,00    0,00   52,00
15:18:03      16    1,01    0,00    0,00    0,00    0,00    0,00    0,00    0,00    0,00   98,99
15:18:03      17    0,00    0,00    0,00    0,00    0,00    0,00    0,00    0,00    0,00  100,00
15:18:03      18    0,00    0,00    2,00    0,00    0,00    0,00    0,00    0,00    0,00   98,00
15:18:03      19    0,00    0,00    1,00    0,00    0,00    0,00    0,00    0,00    0,00   99,00
15:18:03      20    0,00    0,00    0,99    0,00    0,00    0,00    0,00    0,00    0,00   99,01
15:18:03      21    0,00    0,00    0,00    0,00    0,00    0,00    0,00    0,00    0,00  100,00
15:18:03      22    0,00    0,00    0,99    0,00    0,00    0,00    0,00    0,00    0,00   99,01
15:18:03      23    0,00    0,00    0,00    0,00    0,00    0,00    0,00    0,00    0,00  100,00

15:18:03     CPU    %usr   %nice    %sys %iowait    %irq   %soft  %steal  %guest  %gnice   %idle
15:18:04     all    0,34    0,00    0,17    0,00    0,00   41,80    0,00    0,00    0,00   57,69
15:18:04       0    0,00    0,00    0,00    0,00    0,00   45,54    0,00    0,00    0,00   54,46
15:18:04       1    0,00    0,00    0,00    0,00    0,00  100,00    0,00    0,00    0,00    0,00
15:18:04       2    0,00    0,00    0,00    0,00    0,00  100,00    0,00    0,00    0,00    0,00
15:18:04       3    0,00    0,00    0,00    0,00    0,00   67,96    0,00    0,00    0,00   32,04
15:18:04       4    0,00    0,00    0,00    0,00    0,00  100,00    0,00    0,00    0,00    0,00
15:18:04       5    0,00    0,00    1,00    0,00    0,00   95,00    0,00    0,00    0,00    4,00
15:18:04       6    0,00    0,00    0,00    0,00    0,00   91,18    0,00    0,00    0,00    8,82
15:18:04       7    0,00    0,00    0,00    0,00    0,00   77,45    0,00    0,00    0,00   22,55
15:18:04       8    0,00    0,00    0,00    0,00    0,00   67,65    0,00    0,00    0,00   32,35
15:18:04       9    0,00    0,00    0,00    0,00    0,00   14,00    0,00    0,00    0,00   86,00
15:18:04      10    0,00    0,00    0,00    0,00    0,00   37,37    0,00    0,00    0,00   62,63
15:18:04      11    0,00    0,00    0,00    0,00    0,00   44,44    0,00    0,00    0,00   55,56
15:18:04      12    1,00    0,00    0,00    0,00    0,00   32,00    0,00    0,00    0,00   67,00
15:18:04      13    0,00    0,00    0,00    0,00    0,00   36,36    0,00    0,00    0,00   63,64
15:18:04      14    0,00    0,00    0,00    0,00    0,00   43,56    0,00    0,00    0,00   56,44
15:18:04      15    0,00    0,00    0,00    0,00    0,00   46,00    0,00    0,00    0,00   54,00
15:18:04      16    1,00    0,00    1,00    0,00    0,00    0,00    0,00    0,00    0,00   98,00
15:18:04      17    0,00    0,00    0,00    0,00    0,00    0,00    0,00    0,00    0,00  100,00
15:18:04      18    1,01    0,00    0,00    0,00    0,00    0,00    0,00    0,00    0,00   98,99
15:18:04      19    0,00    0,00    0,00    0,00    0,00    0,00    0,00    0,00    0,00  100,00
15:18:04      20    1,00    0,00    0,00    0,00    0,00    0,00    0,00    0,00    0,00   99,00
15:18:04      21    1,01    0,00    1,01    0,00    0,00    0,00    0,00    0,00    0,00   97,98
15:18:04      22    0,00    0,00    0,00    0,00    0,00    0,00    0,00    0,00    0,00  100,00
15:18:04      23    3,03    0,00    1,01    0,00    0,00    0,00    0,00    0,00    0,00   95,96

15:18:04     CPU    %usr   %nice    %sys %iowait    %irq   %soft  %steal  %guest  %gnice   %idle
15:18:05     all    0,08    0,00    0,08    0,00    0,00   39,95    0,00    0,00    0,00   59,88
15:18:05       0    0,00    0,00    0,00    0,00    0,00   44,44    0,00    0,00    0,00   55,56
15:18:05       1    0,00    0,00    0,00    0,00    0,00  100,00    0,00    0,00    0,00    0,00
15:18:05       2    0,00    0,00    0,00    0,00    0,00  100,00    0,00    0,00    0,00    0,00
15:18:05       3    0,00    0,00    0,00    0,00    0,00   65,66    0,00    0,00    0,00   34,34
15:18:05       4    0,00    0,00    0,00    0,00    0,00  100,00    0,00    0,00    0,00    0,00
15:18:05       5    0,00    0,00    0,00    0,00    0,00   94,12    0,00    0,00    0,00    5,88
15:18:05       6    0,00    0,00    0,00    0,00    0,00   89,22    0,00    0,00    0,00   10,78
15:18:05       7    0,00    0,00    0,00    0,00    0,00   76,47    0,00    0,00    0,00   23,53
15:18:05       8    0,00    0,00    0,00    0,00    0,00   66,00    0,00    0,00    0,00   34,00
15:18:05       9    0,00    0,00    0,00    0,00    0,00   14,00    0,00    0,00    0,00   86,00
15:18:05      10    0,00    0,00    0,00    0,00    0,00   36,36    0,00    0,00    0,00   63,64
15:18:05      11    0,00    0,00    0,00    0,00    0,00   12,73    0,00    0,00    0,00   87,27
15:18:05      12    0,00    0,00    0,00    0,00    0,00   32,67    0,00    0,00    0,00   67,33
15:18:05      13    0,00    0,00    0,00    0,00    0,00   33,33    0,00    0,00    0,00   66,67
15:18:05      14    0,00    0,00    0,00    0,00    0,00   38,38    0,00    0,00    0,00   61,62
15:18:05      15    0,00    0,00    0,00    0,00    0,00   41,00    0,00    0,00    0,00   59,00
15:18:05      16    0,00    0,00    0,00    0,00    0,00    0,00    0,00    0,00    0,00  100,00
15:18:05      17    0,00    0,00    0,00    0,00    0,00    0,00    0,00    0,00    0,00  100,00
15:18:05      18    1,98    0,00    0,99    0,00    0,00    0,00    0,00    0,00    0,00   97,03
15:18:05      19    0,00    0,00    1,00    0,00    0,00    0,00    0,00    0,00    0,00   99,00
15:18:05      20    0,00    0,00    0,00    0,00    0,00    0,00    0,00    0,00    0,00  100,00
15:18:05      21    0,00    0,00    0,00    0,00    0,00    0,00    0,00    0,00    0,00  100,00
15:18:05      22    0,00    0,00    0,00    0,00    0,00    0,00    0,00    0,00    0,00  100,00
15:18:05      23    0,00    0,00    0,00    0,00    0,00    0,00    0,00    0,00    0,00  100,00

15:18:05     CPU    %usr   %nice    %sys %iowait    %irq   %soft  %steal  %guest  %gnice   %idle
15:18:06     all    0,17    0,00    0,04    0,00    0,00   40,06    0,00    0,00    0,00   59,73
15:18:06       0    0,00    0,00    0,00    0,00    0,00   44,44    0,00    0,00    0,00   55,56
15:18:06       1    0,00    0,00    0,00    0,00    0,00  100,00    0,00    0,00    0,00    0,00
15:18:06       2    0,00    0,00    0,00    0,00    0,00  100,00    0,00    0,00    0,00    0,00
15:18:06       3    0,00    0,00    0,00    0,00    0,00   66,67    0,00    0,00    0,00   33,33
15:18:06       4    0,00    0,00    0,00    0,00    0,00  100,00    0,00    0,00    0,00    0,00
15:18:06       5    0,00    0,00    0,00    0,00    0,00   95,05    0,00    0,00    0,00    4,95
15:18:06       6    0,00    0,00    0,98    0,00    0,00   89,22    0,00    0,00    0,00    9,80
15:18:06       7    0,00    0,00    0,00    0,00    0,00   76,00    0,00    0,00    0,00   24,00
15:18:06       8    0,00    0,00    0,00    0,00    0,00   65,69    0,00    0,00    0,00   34,31
15:18:06       9    0,00    0,00    0,00    0,00    0,00   12,24    0,00    0,00    0,00   87,76
15:18:06      10    0,00    0,00    0,00    0,00    0,00   36,00    0,00    0,00    0,00   64,00
15:18:06      11    0,00    0,00    0,00    0,00    0,00    6,12    0,00    0,00    0,00   93,88
15:18:06      12    0,00    0,00    0,00    0,00    0,00   31,31    0,00    0,00    0,00   68,69
15:18:06      13    0,00    0,00    0,00    0,00    0,00   36,00    0,00    0,00    0,00   64,00
15:18:06      14    1,01    0,00    0,00    0,00    0,00   38,38    0,00    0,00    0,00   60,61
15:18:06      15    0,00    0,00    0,00    0,00    0,00   43,00    0,00    0,00    0,00   57,00
15:18:06      16    0,00    0,00    0,00    0,00    0,00    0,00    0,00    0,00    0,00  100,00
15:18:06      17    0,00    0,00    0,00    0,00    0,00    0,00    0,00    0,00    0,00  100,00
15:18:06      18    2,00    0,00    0,00    0,00    0,00    0,00    0,00    0,00    0,00   98,00
15:18:06      19    1,00    0,00    0,00    0,00    0,00    0,00    0,00    0,00    0,00   99,00
15:18:06      20    0,00    0,00    0,00    0,00    0,00    0,00    0,00    0,00    0,00  100,00
15:18:06      21    0,00    0,00    0,00    0,00    0,00    0,00    0,00    0,00    0,00  100,00
15:18:06      22    0,00    0,00    0,00    0,00    0,00    0,00    0,00    0,00    0,00  100,00
15:18:06      23    0,00    0,00    0,00    0,00    0,00    0,00    0,00    0,00    0,00  100,00

15:18:06     CPU    %usr   %nice    %sys %iowait    %irq   %soft  %steal  %guest  %gnice   %idle
15:18:07     all    0,22    0,00    0,00    0,09    0,00   38,28    0,00    0,00    0,00   61,41
15:18:07       0    0,00    0,00    0,00    0,00    0,00   45,54    0,00    0,00    0,00   54,46
15:18:07       1    0,00    0,00    0,00    0,00    0,00  100,00    0,00    0,00    0,00    0,00
15:18:07       2    0,00    0,00    0,00    0,00    0,00  100,00    0,00    0,00    0,00    0,00
15:18:07       3    0,00    0,00    0,00    0,00    0,00   66,67    0,00    0,00    0,00   33,33
15:18:07       4    0,00    0,00    0,00    0,00    0,00  100,00    0,00    0,00    0,00    0,00
15:18:07       5    0,00    0,00    0,00    0,00    0,00   94,00    0,00    0,00    0,00    6,00
15:18:07       6    0,00    0,00    0,00    0,00    0,00   90,29    0,00    0,00    0,00    9,71
15:18:07       7    0,00    0,00    0,00    0,00    0,00   40,48    0,00    0,00    0,00   59,52
15:18:07       8    0,00    0,00    0,00    0,00    0,00   64,00    0,00    0,00    0,00   36,00
15:18:07       9    0,00    0,00    0,00    0,00    0,00   14,85    0,00    0,00    0,00   85,15
15:18:07      10    1,00    0,00    0,00    0,00    0,00   36,00    0,00    0,00    0,00   63,00
15:18:07      11    0,00    0,00    0,00    0,00    0,00    2,08    0,00    0,00    0,00   97,92
15:18:07      12    0,00    0,00    0,00    0,00    0,00   32,00    0,00    0,00    0,00   68,00
15:18:07      13    0,00    0,00    0,00    0,00    0,00   35,00    0,00    0,00    0,00   65,00
15:18:07      14    0,00    0,00    0,00    0,00    0,00   38,00    0,00    0,00    0,00   62,00
15:18:07      15    0,00    0,00    0,00    0,00    0,00   42,57    0,00    0,00    0,00   57,43
15:18:07      16    0,00    0,00    0,00    0,00    0,00    0,00    0,00    0,00    0,00  100,00
15:18:07      17    0,00    0,00    0,00    0,00    0,00    0,00    0,00    0,00    0,00  100,00
15:18:07      18    0,00    0,00    0,00    0,00    0,00    0,00    0,00    0,00    0,00  100,00
15:18:07      19    2,94    0,00    0,00    0,98    0,00    0,00    0,00    0,00    0,00   96,08
15:18:07      20    0,00    0,00    0,00    0,00    0,00    0,00    0,00    0,00    0,00  100,00
15:18:07      21    0,00    0,00    0,00    0,00    0,00    0,00    0,00    0,00    0,00  100,00
15:18:07      22    0,99    0,00    0,00    0,99    0,00    0,00    0,00    0,00    0,00   98,02
15:18:07      23    0,00    0,00    0,00    0,00    0,00    0,00    0,00    0,00    0,00  100,00

15:18:07     CPU    %usr   %nice    %sys %iowait    %irq   %soft  %steal  %guest  %gnice   %idle
15:18:08     all    0,26    0,00    0,38    0,04    0,00   39,89    0,00    0,00    0,00   59,43
15:18:08       0    0,00    0,00    0,00    0,00    0,00   45,10    0,00    0,00    0,00   54,90
15:18:08       1    0,00    0,00    0,00    0,00    0,00  100,00    0,00    0,00    0,00    0,00
15:18:08       2    0,00    0,00    0,00    0,00    0,00  100,00    0,00    0,00    0,00    0,00
15:18:08       3    0,00    0,00    0,00    0,00    0,00   67,33    0,00    0,00    0,00   32,67
15:18:08       4    0,00    0,00    0,00    0,00    0,00  100,00    0,00    0,00    0,00    0,00
15:18:08       5    0,00    0,00    0,00    0,00    0,00   95,05    0,00    0,00    0,00    4,95
15:18:08       6    0,00    0,00    0,00    0,00    0,00   90,91    0,00    0,00    0,00    9,09
15:18:08       7    0,00    0,00    0,00    0,00    0,00   75,53    0,00    0,00    0,00   24,47
15:18:08       8    0,00    0,00    0,00    0,00    0,00   64,65    0,00    0,00    0,00   35,35
15:18:08       9    0,00    0,00    0,00    0,00    0,00   14,00    0,00    0,00    0,00   86,00
15:18:08      10    0,00    0,00    0,00    0,00    0,00   35,71    0,00    0,00    0,00   64,29
15:18:08      11    0,00    0,00    0,00    0,00    0,00    4,17    0,00    0,00    0,00   95,83
15:18:08      12    0,00    0,00    0,00    0,00    0,00   32,00    0,00    0,00    0,00   68,00
15:18:08      13    0,00    0,00    0,00    0,00    0,00   35,64    0,00    0,00    0,00   64,36
15:18:08      14    1,98    0,00    0,00    0,00    0,00   38,61    0,00    0,00    0,00   59,41
15:18:08      15    0,00    0,00    0,00    0,00    0,00   42,42    0,00    0,00    0,00   57,58
15:18:08      16    0,99    0,00    0,99    0,00    0,00    0,00    0,00    0,00    0,00   98,02
15:18:08      17    0,00    0,00    0,99    0,00    0,00    0,00    0,00    0,00    0,00   99,01
15:18:08      18    1,00    0,00    1,00    0,00    0,00    0,00    0,00    0,00    0,00   98,00
15:18:08      19    1,00    0,00    1,00    1,00    0,00    0,00    0,00    0,00    0,00   97,00
15:18:08      20    0,00    0,00    1,00    0,00    0,00    0,00    0,00    0,00    0,00   99,00
15:18:08      21    1,00    0,00    2,00    0,00    0,00    0,00    0,00    0,00    0,00   97,00
15:18:08      22    0,00    0,00    1,01    0,00    0,00    0,00    0,00    0,00    0,00   98,99
15:18:08      23    0,00    0,00    1,00    0,00    0,00    0,00    0,00    0,00    0,00   99,00

15:18:08     CPU    %usr   %nice    %sys %iowait    %irq   %soft  %steal  %guest  %gnice   %idle
15:18:09     all    0,39    0,00    0,09    0,04    0,00   39,29    0,00    0,00    0,00   60,19
15:18:09       0    0,00    0,00    0,00    0,00    0,00   45,00    0,00    0,00    0,00   55,00
15:18:09       1    0,00    0,00    0,00    0,00    0,00  100,00    0,00    0,00    0,00    0,00
15:18:09       2    0,00    0,00    0,00    0,00    0,00  100,00    0,00    0,00    0,00    0,00
15:18:09       3    0,00    0,00    0,00    0,00    0,00   67,33    0,00    0,00    0,00   32,67
15:18:09       4    0,00    0,00    0,00    0,00    0,00  100,00    0,00    0,00    0,00    0,00
15:18:09       5    0,00    0,00    0,00    0,00    0,00   95,10    0,00    0,00    0,00    4,90
15:18:09       6    0,00    0,00    0,00    0,00    0,00   91,18    0,00    0,00    0,00    8,82
15:18:09       7    5,97    0,00    0,00    0,00    0,00   64,18    0,00    0,00    0,00   29,85
15:18:09       8    0,00    0,00    0,00    0,00    0,00   65,31    0,00    0,00    0,00   34,69
15:18:09       9    0,00    0,00    0,00    0,00    0,00   14,14    0,00    0,00    0,00   85,86
15:18:09      10    0,00    0,00    0,00    1,01    0,00   36,36    0,00    0,00    0,00   62,63
15:18:09      11    0,00    0,00    0,00    0,00    0,00    4,17    0,00    0,00    0,00   95,83
15:18:09      12    0,00    0,00    0,00    0,00    0,00   31,00    0,00    0,00    0,00   69,00
15:18:09      13    0,00    0,00    0,00    0,00    0,00   35,64    0,00    0,00    0,00   64,36
15:18:09      14    0,00    0,00    0,00    0,00    0,00   40,00    0,00    0,00    0,00   60,00
15:18:09      15    0,00    0,00    0,00    0,00    0,00   42,00    0,00    0,00    0,00   58,00
15:18:09      16    0,00    0,00    0,00    0,00    0,00    0,00    0,00    0,00    0,00  100,00
15:18:09      17    1,00    0,00    0,00    0,00    0,00    0,00    0,00    0,00    0,00   99,00
15:18:09      18    0,99    0,00    0,99    0,00    0,00    0,00    0,00    0,00    0,00   98,02
15:18:09      19    0,99    0,00    0,99    0,00    0,00    0,00    0,00    0,00    0,00   98,02
15:18:09      20    0,99    0,00    0,00    0,00    0,00    0,00    0,00    0,00    0,00   99,01
15:18:09      21    0,00    0,00    0,00    0,00    0,00    0,00    0,00    0,00    0,00  100,00
15:18:09      22    1,00    0,00    0,00    0,00    0,00    0,00    0,00    0,00    0,00   99,00
15:18:09      23    0,00    0,00    0,00    0,00    0,00    0,00    0,00    0,00    0,00  100,00

15:18:09     CPU    %usr   %nice    %sys %iowait    %irq   %soft  %steal  %guest  %gnice   %idle
15:18:10     all    0,25    0,00    0,04    0,00    0,00   40,78    0,00    0,00    0,00   58,93
15:18:10       0    0,00    0,00    0,00    0,00    0,00   44,44    0,00    0,00    0,00   55,56
15:18:10       1    0,00    0,00    0,00    0,00    0,00  100,00    0,00    0,00    0,00    0,00
15:18:10       2    0,00    0,00    0,00    0,00    0,00  100,00    0,00    0,00    0,00    0,00
15:18:10       3    0,00    0,00    0,00    0,00    0,00   66,34    0,00    0,00    0,00   33,66
15:18:10       4    0,00    0,00    0,00    0,00    0,00  100,00    0,00    0,00    0,00    0,00
15:18:10       5    0,00    0,00    0,00    0,00    0,00   95,00    0,00    0,00    0,00    5,00
15:18:10       6    0,00    0,00    0,00    0,00    0,00   90,10    0,00    0,00    0,00    9,90
15:18:10       7    0,00    0,00    0,00    0,00    0,00   76,70    0,00    0,00    0,00   23,30
15:18:10       8    0,99    0,00    0,99    0,00    0,00   64,36    0,00    0,00    0,00   33,66
15:18:10       9    1,00    0,00    0,00    0,00    0,00   15,00    0,00    0,00    0,00   84,00
15:18:10      10    0,00    0,00    0,00    0,00    0,00   37,62    0,00    0,00    0,00   62,38
15:18:10      11    0,00    0,00    0,00    0,00    0,00   36,99    0,00    0,00    0,00   63,01
15:18:10      12    0,00    0,00    0,00    0,00    0,00   32,32    0,00    0,00    0,00   67,68
15:18:10      13    0,00    0,00    0,00    0,00    0,00   35,00    0,00    0,00    0,00   65,00
15:18:10      14    0,00    0,00    0,00    0,00    0,00   39,60    0,00    0,00    0,00   60,40
15:18:10      15    0,00    0,00    0,00    0,00    0,00   40,82    0,00    0,00    0,00   59,18
15:18:10      16    3,03    0,00    0,00    0,00    0,00    0,00    0,00    0,00    0,00   96,97
15:18:10      17    0,00    0,00    0,00    0,00    0,00    0,00    0,00    0,00    0,00  100,00
15:18:10      18    0,00    0,00    0,00    0,00    0,00    0,00    0,00    0,00    0,00  100,00
15:18:10      19    0,00    0,00    0,00    0,00    0,00    0,00    0,00    0,00    0,00  100,00
15:18:10      20    0,00    0,00    0,00    0,00    0,00    0,00    0,00    0,00    0,00  100,00
15:18:10      21    0,00    0,00    0,00    0,00    0,00    0,00    0,00    0,00    0,00  100,00
15:18:10      22    0,00    0,00    0,00    0,00    0,00    0,00    0,00    0,00    0,00  100,00
15:18:10      23    1,00    0,00    0,00    0,00    0,00    0,00    0,00    0,00    0,00   99,00

15:18:10     CPU    %usr   %nice    %sys %iowait    %irq   %soft  %steal  %guest  %gnice   %idle
15:18:11     all    0,08    0,00    0,00    0,00    0,00   41,33    0,00    0,00    0,00   58,59
15:18:11       0    0,00    0,00    0,00    0,00    0,00   44,00    0,00    0,00    0,00   56,00
15:18:11       1    0,00    0,00    0,00    0,00    0,00  100,00    0,00    0,00    0,00    0,00
15:18:11       2    0,00    0,00    0,00    0,00    0,00  100,00    0,00    0,00    0,00    0,00
15:18:11       3    0,00    0,00    0,00    0,00    0,00   66,67    0,00    0,00    0,00   33,33
15:18:11       4    0,00    0,00    0,00    0,00    0,00  100,00    0,00    0,00    0,00    0,00
15:18:11       5    0,00    0,00    0,00    0,00    0,00   93,20    0,00    0,00    0,00    6,80
15:18:11       6    0,00    0,00    0,00    0,00    0,00   90,10    0,00    0,00    0,00    9,90
15:18:11       7    0,00    0,00    0,00    0,00    0,00   76,47    0,00    0,00    0,00   23,53
15:18:11       8    0,00    0,00    0,00    0,00    0,00   65,31    0,00    0,00    0,00   34,69
15:18:11       9    0,00    0,00    0,00    0,00    0,00   14,14    0,00    0,00    0,00   85,86
15:18:11      10    0,97    0,00    0,00    0,00    0,00   36,89    0,00    0,00    0,00   62,14
15:18:11      11    0,00    0,00    0,00    0,00    0,00   54,46    0,00    0,00    0,00   45,54
15:18:11      12    0,00    0,00    0,00    0,00    0,00   31,00    0,00    0,00    0,00   69,00
15:18:11      13    0,00    0,00    0,00    0,00    0,00   35,64    0,00    0,00    0,00   64,36
15:18:11      14    0,00    0,00    0,00    0,00    0,00   39,60    0,00    0,00    0,00   60,40
15:18:11      15    0,00    0,00    0,00    0,00    0,00   41,00    0,00    0,00    0,00   59,00
15:18:11      16    0,99    0,00    0,00    0,00    0,00    0,00    0,00    0,00    0,00   99,01
15:18:11      17    0,00    0,00    0,00    0,00    0,00    0,00    0,00    0,00    0,00  100,00
15:18:11      18    0,00    0,00    0,00    0,00    0,00    0,00    0,00    0,00    0,00  100,00
15:18:11      19    0,00    0,00    0,00    0,00    0,00    0,00    0,00    0,00    0,00  100,00
15:18:11      20    0,00    0,00    0,00    0,00    0,00    0,00    0,00    0,00    0,00  100,00
15:18:11      21    0,00    0,00    0,00    0,00    0,00    0,00    0,00    0,00    0,00  100,00
15:18:11      22    0,00    0,00    0,00    0,00    0,00    0,00    0,00    0,00    0,00  100,00
15:18:11      23    0,00    0,00    0,00    0,00    0,00    0,00    0,00    0,00    0,00  100,00

15:18:11     CPU    %usr   %nice    %sys %iowait    %irq   %soft  %steal  %guest  %gnice   %idle
15:18:12     all    0,08    0,00    0,08    0,00    0,00   41,49    0,00    0,00    0,00   58,34
15:18:12       0    0,00    0,00    0,00    0,00    0,00   43,43    0,00    0,00    0,00   56,57
15:18:12       1    0,00    0,00    0,00    0,00    0,00  100,00    0,00    0,00    0,00    0,00
15:18:12       2    0,00    0,00    0,00    0,00    0,00  100,00    0,00    0,00    0,00    0,00
15:18:12       3    0,00    0,00    0,00    0,00    0,00   66,67    0,00    0,00    0,00   33,33
15:18:12       4    0,00    0,00    0,00    0,00    0,00  100,00    0,00    0,00    0,00    0,00
15:18:12       5    0,00    0,00    0,00    0,00    0,00   94,12    0,00    0,00    0,00    5,88
15:18:12       6    0,00    0,00    0,00    0,00    0,00   91,09    0,00    0,00    0,00    8,91
15:18:12       7    0,00    0,00    0,00    0,00    0,00   76,47    0,00    0,00    0,00   23,53
15:18:12       8    0,00    0,00    0,00    0,00    0,00   66,67    0,00    0,00    0,00   33,33
15:18:12       9    1,00    0,00    0,00    0,00    0,00   14,00    0,00    0,00    0,00   85,00
15:18:12      10    0,00    0,00    0,00    0,00    0,00   37,62    0,00    0,00    0,00   62,38
15:18:12      11    0,00    0,00    0,00    0,00    0,00   52,53    0,00    0,00    0,00   47,47
15:18:12      12    0,00    0,00    0,00    0,00    0,00   30,30    0,00    0,00    0,00   69,70
15:18:12      13    0,00    0,00    0,00    0,00    0,00   35,00    0,00    0,00    0,00   65,00
15:18:12      14    0,00    0,00    0,00    0,00    0,00   41,75    0,00    0,00    0,00   58,25
15:18:12      15    0,00    0,00    0,00    0,00    0,00   43,00    0,00    0,00    0,00   57,00
15:18:12      16    0,00    0,00    1,00    0,00    0,00    0,00    0,00    0,00    0,00   99,00
15:18:12      17    0,00    0,00    0,00    0,00    0,00    0,00    0,00    0,00    0,00  100,00
15:18:12      18    1,00    0,00    0,00    0,00    0,00    0,00    0,00    0,00    0,00   99,00
15:18:12      19    0,00    0,00    0,00    0,00    0,00    0,00    0,00    0,00    0,00  100,00
15:18:12      20    0,00    0,00    0,00    0,00    0,00    0,00    0,00    0,00    0,00  100,00
15:18:12      21    0,00    0,00    0,00    0,00    0,00    0,00    0,00    0,00    0,00  100,00
15:18:12      22    0,00    0,00    0,99    0,00    0,00    0,00    0,00    0,00    0,00   99,01
15:18:12      23    0,00    0,00    0,00    0,00    0,00    0,00    0,00    0,00    0,00  100,00

15:18:12     CPU    %usr   %nice    %sys %iowait    %irq   %soft  %steal  %guest  %gnice   %idle
15:18:13     all    0,13    0,00    0,21    0,00    0,00   41,03    0,00    0,00    0,00   58,63
15:18:13       0    0,00    0,00    0,00    0,00    0,00   45,00    0,00    0,00    0,00   55,00
15:18:13       1    0,00    0,00    0,00    0,00    0,00  100,00    0,00    0,00    0,00    0,00
15:18:13       2    0,00    0,00    0,00    0,00    0,00  100,00    0,00    0,00    0,00    0,00
15:18:13       3    0,00    0,00    0,00    0,00    0,00   67,33    0,00    0,00    0,00   32,67
15:18:13       4    0,00    0,00    0,00    0,00    0,00  100,00    0,00    0,00    0,00    0,00
15:18:13       5    0,00    0,00    0,00    0,00    0,00   95,00    0,00    0,00    0,00    5,00
15:18:13       6    0,00    0,00    0,00    0,00    0,00   91,09    0,00    0,00    0,00    8,91
15:18:13       7    0,00    0,00    0,00    0,00    0,00   77,23    0,00    0,00    0,00   22,77
15:18:13       8    0,00    0,00    0,00    0,00    0,00   66,67    0,00    0,00    0,00   33,33
15:18:13       9    0,00    0,00    0,00    0,00    0,00   13,27    0,00    0,00    0,00   86,73
15:18:13      10    0,00    0,00    0,00    0,00    0,00   37,62    0,00    0,00    0,00   62,38
15:18:13      11    0,00    0,00    0,00    0,00    0,00   41,03    0,00    0,00    0,00   58,97
15:18:13      12    0,00    0,00    0,00    0,00    0,00   31,00    0,00    0,00    0,00   69,00
15:18:13      13    0,00    0,00    0,00    0,00    0,00   35,64    0,00    0,00    0,00   64,36
15:18:13      14    0,00    0,00    0,00    0,00    0,00   39,60    0,00    0,00    0,00   60,40
15:18:13      15    0,00    0,00    0,00    0,00    0,00   41,84    0,00    0,00    0,00   58,16
15:18:13      16    0,00    0,00    0,00    0,00    0,00    0,00    0,00    0,00    0,00  100,00
15:18:13      17    0,00    0,00    1,00    0,00    0,00    0,00    0,00    0,00    0,00   99,00
15:18:13      18    0,99    0,00    0,00    0,00    0,00    0,00    0,00    0,00    0,00   99,01
15:18:13      19    0,00    0,00    0,00    0,00    0,00    0,00    0,00    0,00    0,00  100,00
15:18:13      20    0,00    0,00    1,00    0,00    0,00    0,00    0,00    0,00    0,00   99,00
15:18:13      21    1,00    0,00    2,00    0,00    0,00    0,00    0,00    0,00    0,00   97,00
15:18:13      22    1,01    0,00    0,00    0,00    0,00    0,00    0,00    0,00    0,00   98,99
15:18:13      23    0,00    0,00    1,00    0,00    0,00    0,00    0,00    0,00    0,00   99,00

15:18:13     CPU    %usr   %nice    %sys %iowait    %irq   %soft  %steal  %guest  %gnice   %idle
15:18:14     all    0,17    0,00    0,17    0,04    0,00   41,29    0,00    0,00    0,00   58,34
15:18:14       0    0,00    0,00    0,00    0,00    0,00   44,00    0,00    0,00    0,00   56,00
15:18:14       1    0,00    0,00    0,00    0,00    0,00  100,00    0,00    0,00    0,00    0,00
15:18:14       2    0,00    0,00    0,00    0,00    0,00  100,00    0,00    0,00    0,00    0,00
15:18:14       3    0,00    0,00    0,00    0,00    0,00   66,02    0,00    0,00    0,00   33,98
15:18:14       4    0,00    0,00    0,00    0,00    0,00  100,00    0,00    0,00    0,00    0,00
15:18:14       5    0,00    0,00    0,00    0,00    0,00   94,06    0,00    0,00    0,00    5,94
15:18:14       6    0,00    0,00    0,00    0,00    0,00   91,92    0,00    0,00    0,00    8,08
15:18:14       7    0,00    0,00    0,00    0,00    0,00   77,45    0,00    0,00    0,00   22,55
15:18:14       8    0,00    0,00    0,00    0,98    0,00   65,69    0,00    0,00    0,00   33,33
15:18:14       9    0,99    0,00    0,00    0,00    0,00   14,85    0,00    0,00    0,00   84,16
15:18:14      10    0,00    0,00    0,00    0,00    0,00   37,00    0,00    0,00    0,00   63,00
15:18:14      11    0,00    0,00    0,00    0,00    0,00   50,54    0,00    0,00    0,00   49,46
15:18:14      12    0,00    0,00    0,00    0,00    0,00   31,00    0,00    0,00    0,00   69,00
15:18:14      13    0,00    0,00    0,00    0,00    0,00   35,35    0,00    0,00    0,00   64,65
15:18:14      14    0,00    0,00    0,00    0,00    0,00   40,78    0,00    0,00    0,00   59,22
15:18:14      15    0,00    0,00    0,00    0,00    0,00   41,58    0,00    0,00    0,00   58,42
15:18:14      16    0,00    0,00    0,00    0,00    0,00    0,00    0,00    0,00    0,00  100,00
15:18:14      17    0,00    0,00    0,00    0,00    0,00    0,00    0,00    0,00    0,00  100,00
15:18:14      18    0,00    0,00    1,00    0,00    0,00    0,00    0,00    0,00    0,00   99,00
15:18:14      19    0,99    0,00    0,99    0,00    0,00    0,00    0,00    0,00    0,00   98,02
15:18:14      20    1,00    0,00    0,00    0,00    0,00    0,00    0,00    0,00    0,00   99,00
15:18:14      21    0,00    0,00    1,00    0,00    0,00    0,00    0,00    0,00    0,00   99,00
15:18:14      22    0,00    0,00    0,99    0,00    0,00    0,00    0,00    0,00    0,00   99,01
15:18:14      23    0,99    0,00    0,00    0,00    0,00    0,00    0,00    0,00    0,00   99,01

15:18:14     CPU    %usr   %nice    %sys %iowait    %irq   %soft  %steal  %guest  %gnice   %idle
15:18:15     all    0,04    0,00    0,08    0,00    0,00   40,83    0,00    0,00    0,00   59,04
15:18:15       0    0,00    0,00    0,00    0,00    0,00   43,88    0,00    0,00    0,00   56,12
15:18:15       1    0,00    0,00    0,00    0,00    0,00  100,00    0,00    0,00    0,00    0,00
15:18:15       2    0,00    0,00    0,00    0,00    0,00  100,00    0,00    0,00    0,00    0,00
15:18:15       3    0,00    0,00    0,00    0,00    0,00   66,67    0,00    0,00    0,00   33,33
15:18:15       4    0,00    0,00    0,00    0,00    0,00  100,00    0,00    0,00    0,00    0,00
15:18:15       5    0,00    0,00    0,00    0,00    0,00   94,06    0,00    0,00    0,00    5,94
15:18:15       6    0,00    0,00    0,00    0,00    0,00   91,00    0,00    0,00    0,00    9,00
15:18:15       7    0,00    0,00    0,00    0,00    0,00   75,49    0,00    0,00    0,00   24,51
15:18:15       8    0,00    0,00    0,00    0,00    0,00   66,02    0,00    0,00    0,00   33,98
15:18:15       9    0,00    0,00    0,00    0,00    0,00   15,00    0,00    0,00    0,00   85,00
15:18:15      10    0,00    0,00    1,00    0,00    0,00   37,00    0,00    0,00    0,00   62,00
15:18:15      11    0,00    0,00    0,00    0,00    0,00   39,47    0,00    0,00    0,00   60,53
15:18:15      12    0,00    0,00    0,00    0,00    0,00   31,68    0,00    0,00    0,00   68,32
15:18:15      13    0,00    0,00    0,00    0,00    0,00   34,69    0,00    0,00    0,00   65,31
15:18:15      14    0,00    0,00    0,98    0,00    0,00   39,22    0,00    0,00    0,00   59,80
15:18:15      15    0,00    0,00    0,00    0,00    0,00   43,43    0,00    0,00    0,00   56,57
15:18:15      16    0,00    0,00    0,00    0,00    0,00    0,00    0,00    0,00    0,00  100,00
15:18:15      17    0,00    0,00    0,00    0,00    0,00    0,00    0,00    0,00    0,00  100,00
15:18:15      18    0,00    0,00    0,00    0,00    0,00    0,00    0,00    0,00    0,00  100,00
15:18:15      19    0,00    0,00    0,00    0,00    0,00    0,00    0,00    0,00    0,00  100,00
15:18:15      20    0,00    0,00    0,00    0,00    0,00    0,00    0,00    0,00    0,00  100,00
15:18:15      21    0,99    0,00    0,00    0,00    0,00    0,00    0,00    0,00    0,00   99,01
15:18:15      22    0,00    0,00    0,00    0,00    0,00    0,00    0,00    0,00    0,00  100,00
15:18:15      23    0,00    0,00    0,00    0,00    0,00    0,00    0,00    0,00    0,00  100,00

15:18:15     CPU    %usr   %nice    %sys %iowait    %irq   %soft  %steal  %guest  %gnice   %idle
15:18:16     all    0,09    0,00    0,04    0,00    0,00   39,90    0,00    0,00    0,00   59,97
15:18:16       0    0,00    0,00    0,00    0,00    0,00   44,44    0,00    0,00    0,00   55,56
15:18:16       1    0,00    0,00    0,00    0,00    0,00  100,00    0,00    0,00    0,00    0,00
15:18:16       2    0,00    0,00    0,00    0,00    0,00  100,00    0,00    0,00    0,00    0,00
15:18:16       3    0,00    0,00    0,00    0,00    0,00   65,31    0,00    0,00    0,00   34,69
15:18:16       4    0,00    0,00    0,00    0,00    0,00  100,00    0,00    0,00    0,00    0,00
15:18:16       5    0,00    0,00    0,00    0,00    0,00   94,06    0,00    0,00    0,00    5,94
15:18:16       6    0,00    0,00    0,00    0,00    0,00   91,00    0,00    0,00    0,00    9,00
15:18:16       7    0,00    0,00    0,00    0,00    0,00   76,53    0,00    0,00    0,00   23,47
15:18:16       8    0,00    0,00    0,00    0,00    0,00   65,66    0,00    0,00    0,00   34,34
15:18:16       9    0,00    0,00    0,00    0,00    0,00   14,14    0,00    0,00    0,00   85,86
15:18:16      10    0,00    0,00    0,00    0,00    0,00   36,36    0,00    0,00    0,00   63,64
15:18:16      11    0,00    0,00    0,00    0,00    0,00    4,08    0,00    0,00    0,00   95,92
15:18:16      12    0,00    0,00    0,00    0,00    0,00   30,61    0,00    0,00    0,00   69,39
15:18:16      13    0,00    0,00    0,00    0,00    0,00   35,00    0,00    0,00    0,00   65,00
15:18:16      14    0,00    0,00    0,00    0,00    0,00   39,00    0,00    0,00    0,00   61,00
15:18:16      15    0,00    0,00    0,00    0,00    0,00   42,86    0,00    0,00    0,00   57,14
15:18:16      16    1,00    0,00    0,00    0,00    0,00    0,00    0,00    0,00    0,00   99,00
15:18:16      17    1,00    0,00    0,00    0,00    0,00    0,00    0,00    0,00    0,00   99,00
15:18:16      18    0,00    0,00    0,00    0,00    0,00    0,00    0,00    0,00    0,00  100,00
15:18:16      19    0,00    0,00    0,00    0,00    0,00    0,00    0,00    0,00    0,00  100,00
15:18:16      20    0,00    0,00    1,00    0,00    0,00    0,00    0,00    0,00    0,00   99,00
15:18:16      21    0,00    0,00    0,00    0,00    0,00    0,00    0,00    0,00    0,00  100,00
15:18:16      22    0,00    0,00    0,00    0,00    0,00    0,00    0,00    0,00    0,00  100,00
15:18:16      23    0,00    0,00    0,00    0,00    0,00    0,00    0,00    0,00    0,00  100,00

15:18:16     CPU    %usr   %nice    %sys %iowait    %irq   %soft  %steal  %guest  %gnice   %idle
15:18:17     all    0,09    0,00    0,04    0,00    0,00   41,23    0,00    0,00    0,00   58,64
15:18:17       0    0,00    0,00    0,00    0,00    0,00   45,45    0,00    0,00    0,00   54,55
15:18:17       1    0,00    0,00    0,00    0,00    0,00  100,00    0,00    0,00    0,00    0,00
15:18:17       2    0,00    0,00    0,00    0,00    0,00  100,00    0,00    0,00    0,00    0,00
15:18:17       3    0,00    0,00    0,00    0,00    0,00   70,30    0,00    0,00    0,00   29,70
15:18:17       4    0,00    0,00    0,00    0,00    0,00  100,00    0,00    0,00    0,00    0,00
15:18:17       5    0,00    0,00    0,00    0,00    0,00  100,00    0,00    0,00    0,00    0,00
15:18:17       6    0,00    0,00    0,00    0,00    0,00   95,05    0,00    0,00    0,00    4,95
15:18:17       7    0,00    0,00    0,00    0,00    0,00   80,20    0,00    0,00    0,00   19,80
15:18:17       8    0,00    0,00    0,00    0,00    0,00   67,01    0,00    0,00    0,00   32,99
15:18:17       9    0,99    0,00    0,99    0,00    0,00   14,85    0,00    0,00    0,00   83,17
15:18:17      10    0,00    0,00    0,00    0,00    0,00   37,00    0,00    0,00    0,00   63,00
15:18:17      11    0,00    0,00    0,00    0,00    0,00    4,35    0,00    0,00    0,00   95,65
15:18:17      12    0,00    0,00    0,00    0,00    0,00   32,00    0,00    0,00    0,00   68,00
15:18:17      13    0,00    0,00    0,00    0,00    0,00   38,00    0,00    0,00    0,00   62,00
15:18:17      14    0,00    0,00    0,00    0,00    0,00   40,82    0,00    0,00    0,00   59,18
15:18:17      15    0,00    0,00    0,00    0,00    0,00   44,00    0,00    0,00    0,00   56,00
15:18:17      16    0,00    0,00    0,00    0,00    0,00    0,00    0,00    0,00    0,00  100,00
15:18:17      17    0,00    0,00    0,00    0,00    0,00    0,00    0,00    0,00    0,00  100,00
15:18:17      18    0,00    0,00    0,00    0,00    0,00    0,00    0,00    0,00    0,00  100,00
15:18:17      19    0,00    0,00    0,00    0,00    0,00    0,00    0,00    0,00    0,00  100,00
15:18:17      20    0,00    0,00    0,00    0,00    0,00    0,00    0,00    0,00    0,00  100,00
15:18:17      21    1,00    0,00    0,00    0,00    0,00    0,00    0,00    0,00    0,00   99,00
15:18:17      22    0,00    0,00    0,00    0,00    0,00    0,00    0,00    0,00    0,00  100,00
15:18:17      23    0,00    0,00    0,00    0,00    0,00    0,00    0,00    0,00    0,00  100,00

15:18:17     CPU    %usr   %nice    %sys %iowait    %irq   %soft  %steal  %guest  %gnice   %idle
15:18:18     all    0,21    0,00    0,17    0,00    0,00   41,53    0,00    0,00    0,00   58,09
15:18:18       0    0,00    0,00    0,00    0,00    0,00   47,06    0,00    0,00    0,00   52,94
15:18:18       1    0,00    0,00    0,00    0,00    0,00  100,00    0,00    0,00    0,00    0,00
15:18:18       2    0,00    0,00    0,00    0,00    0,00  100,00    0,00    0,00    0,00    0,00
15:18:18       3    0,00    0,00    0,00    0,00    0,00   69,31    0,00    0,00    0,00   30,69
15:18:18       4    0,00    0,00    0,00    0,00    0,00  100,00    0,00    0,00    0,00    0,00
15:18:18       5    0,00    0,00    0,00    0,00    0,00  100,00    0,00    0,00    0,00    0,00
15:18:18       6    0,00    0,00    0,00    0,00    0,00   95,96    0,00    0,00    0,00    4,04
15:18:18       7    0,00    0,00    0,00    0,00    0,00   81,63    0,00    0,00    0,00   18,37
15:18:18       8    0,00    0,00    0,00    0,00    0,00   68,69    0,00    0,00    0,00   31,31
15:18:18       9    2,00    0,00    0,00    0,00    0,00   15,00    0,00    0,00    0,00   83,00
15:18:18      10    0,99    0,00    0,00    0,00    0,00   37,62    0,00    0,00    0,00   61,39
15:18:18      11    0,00    0,00    0,00    0,00    0,00    4,35    0,00    0,00    0,00   95,65
15:18:18      12    0,00    0,00    0,00    0,00    0,00   33,00    0,00    0,00    0,00   67,00
15:18:18      13    0,00    0,00    0,00    0,00    0,00   38,38    0,00    0,00    0,00   61,62
15:18:18      14    0,98    0,00    0,00    0,00    0,00   41,18    0,00    0,00    0,00   57,84
15:18:18      15    0,00    0,00    0,00    0,00    0,00   44,44    0,00    0,00    0,00   55,56
15:18:18      16    0,00    0,00    1,00    0,00    0,00    0,00    0,00    0,00    0,00   99,00
15:18:18      17    0,00    0,00    1,00    0,00    0,00    0,00    0,00    0,00    0,00   99,00
15:18:18      18    0,00    0,00    0,00    0,00    0,00    0,00    0,00    0,00    0,00  100,00
15:18:18      19    0,00    0,00    0,00    0,00    0,00    0,00    0,00    0,00    0,00  100,00
15:18:18      20    0,00    0,00    0,00    0,00    0,00    0,00    0,00    0,00    0,00  100,00
15:18:18      21    0,00    0,00    1,01    0,00    0,00    0,00    0,00    0,00    0,00   98,99
15:18:18      22    1,01    0,00    1,01    0,00    0,00    0,00    0,00    0,00    0,00   97,98
15:18:18      23    0,00    0,00    0,00    0,00    0,00    0,00    0,00    0,00    0,00  100,00

15:18:18     CPU    %usr   %nice    %sys %iowait    %irq   %soft  %steal  %guest  %gnice   %idle
15:18:19     all    0,09    0,00    0,30    0,04    0,00   41,54    0,00    0,00    0,00   58,04
15:18:19       0    0,00    0,00    0,00    0,00    0,00   47,00    0,00    0,00    0,00   53,00
15:18:19       1    0,00    0,00    0,00    0,00    0,00  100,00    0,00    0,00    0,00    0,00
15:18:19       2    0,00    0,00    0,00    0,00    0,00  100,00    0,00    0,00    0,00    0,00
15:18:19       3    0,00    0,00    0,00    0,00    0,00   69,70    0,00    0,00    0,00   30,30
15:18:19       4    0,00    0,00    0,00    0,00    0,00  100,00    0,00    0,00    0,00    0,00
15:18:19       5    0,00    0,00    0,00    0,00    0,00  100,00    0,00    0,00    0,00    0,00
15:18:19       6    0,00    0,00    0,00    0,00    0,00   94,17    0,00    0,00    0,00    5,83
15:18:19       7    0,00    0,00    0,00    0,00    0,00   80,81    0,00    0,00    0,00   19,19
15:18:19       8    0,00    0,00    0,00    0,00    0,00   69,00    0,00    0,00    0,00   31,00
15:18:19       9    0,00    0,00    0,00    0,00    0,00   14,29    0,00    0,00    0,00   85,71
15:18:19      10    0,00    0,00    0,00    0,00    0,00   40,20    0,00    0,00    0,00   59,80
15:18:19      11    0,00    0,00    0,00    0,00    0,00    4,26    0,00    0,00    0,00   95,74
15:18:19      12    0,00    0,00    0,00    0,00    0,00   32,32    0,00    0,00    0,00   67,68
15:18:19      13    0,00    0,00    0,00    0,00    0,00   38,61    0,00    0,00    0,00   61,39
15:18:19      14    0,00    0,00    0,00    0,00    0,00   41,84    0,00    0,00    0,00   58,16
15:18:19      15    0,00    0,00    0,00    0,00    0,00   43,88    0,00    0,00    0,00   56,12
15:18:19      16    0,00    0,00    0,00    0,00    0,00    0,00    0,00    0,00    0,00  100,00
15:18:19      17    0,00    0,00    1,01    0,00    0,00    0,00    0,00    0,00    0,00   98,99
15:18:19      18    0,00    0,00    1,00    0,00    0,00    0,00    0,00    0,00    0,00   99,00
15:18:19      19    0,00    0,00    0,99    0,99    0,00    0,00    0,00    0,00    0,00   98,02
15:18:19      20    0,00    0,00    1,00    0,00    0,00    0,00    0,00    0,00    0,00   99,00
15:18:19      21    0,99    0,00    0,99    0,00    0,00    0,00    0,00    0,00    0,00   98,02
15:18:19      22    0,99    0,00    0,99    0,00    0,00    0,00    0,00    0,00    0,00   98,02
15:18:19      23    0,00    0,00    1,00    0,00    0,00    0,00    0,00    0,00    0,00   99,00

15:18:19     CPU    %usr   %nice    %sys %iowait    %irq   %soft  %steal  %guest  %gnice   %idle
15:18:20     all    0,43    0,00    0,43    0,00    0,00   41,49    0,00    0,00    0,00   57,65
15:18:20       0    0,99    0,00    0,00    0,00    0,00   45,54    0,00    0,00    0,00   53,47
15:18:20       1    0,00    0,00    0,00    0,00    0,00  100,00    0,00    0,00    0,00    0,00
15:18:20       2    0,00    0,00    0,00    0,00    0,00  100,00    0,00    0,00    0,00    0,00
15:18:20       3    0,00    0,00    0,00    0,00    0,00   69,61    0,00    0,00    0,00   30,39
15:18:20       4    0,00    0,00    0,00    0,00    0,00  100,00    0,00    0,00    0,00    0,00
15:18:20       5    0,00    0,00    0,00    0,00    0,00  100,00    0,00    0,00    0,00    0,00
15:18:20       6    0,00    0,00    0,00    0,00    0,00   95,05    0,00    0,00    0,00    4,95
15:18:20       7    0,00    0,00    0,00    0,00    0,00   82,00    0,00    0,00    0,00   18,00
15:18:20       8    0,00    0,00    0,00    0,00    0,00   67,71    0,00    0,00    0,00   32,29
15:18:20       9    0,98    0,00    0,00    0,00    0,00   15,69    0,00    0,00    0,00   83,33
15:18:20      10    0,00    0,00    0,00    0,00    0,00   39,00    0,00    0,00    0,00   61,00
15:18:20      11    0,00    0,00    0,00    0,00    0,00    4,44    0,00    0,00    0,00   95,56
15:18:20      12    0,00    0,00    0,00    0,00    0,00   33,00    0,00    0,00    0,00   67,00
15:18:20      13    0,00    0,00    0,00    0,00    0,00   37,37    0,00    0,00    0,00   62,63
15:18:20      14    0,00    0,00    0,99    0,00    0,00   41,58    0,00    0,00    0,00   57,43
15:18:20      15    0,00    0,00    0,00    0,00    0,00   44,44    0,00    0,00    0,00   55,56
15:18:20      16    0,00    0,00    0,00    0,00    0,00    0,00    0,00    0,00    0,00  100,00
15:18:20      17    0,00    0,00    0,00    0,00    0,00    0,00    0,00    0,00    0,00  100,00
15:18:20      18    0,00    0,00    0,00    0,00    0,00    0,00    0,00    0,00    0,00  100,00
15:18:20      19    0,00    0,00    0,00    0,00    0,00    0,00    0,00    0,00    0,00  100,00
15:18:20      20    1,00    0,00    0,00    0,00    0,00    0,00    0,00    0,00    0,00   99,00
15:18:20      21    7,00    0,00    9,00    0,00    0,00    0,00    0,00    0,00    0,00   84,00
15:18:20      22    0,00    0,00    0,00    0,00    0,00    0,00    0,00    0,00    0,00  100,00
15:18:20      23    0,00    0,00    0,00    0,00    0,00    0,00    0,00    0,00    0,00  100,00

15:18:20     CPU    %usr   %nice    %sys %iowait    %irq   %soft  %steal  %guest  %gnice   %idle
15:18:21     all    0,13    0,00    0,04    0,00    0,00   41,42    0,00    0,00    0,00   58,41
15:18:21       0    0,00    0,00    0,00    0,00    0,00   46,53    0,00    0,00    0,00   53,47
15:18:21       1    0,00    0,00    0,00    0,00    0,00  100,00    0,00    0,00    0,00    0,00
15:18:21       2    0,00    0,00    0,00    0,00    0,00  100,00    0,00    0,00    0,00    0,00
15:18:21       3    0,00    0,00    0,00    0,00    0,00   69,61    0,00    0,00    0,00   30,39
15:18:21       4    0,00    0,00    0,00    0,00    0,00  100,00    0,00    0,00    0,00    0,00
15:18:21       5    0,00    0,00    0,00    0,00    0,00  100,00    0,00    0,00    0,00    0,00
15:18:21       6    0,00    0,00    0,00    0,00    0,00   95,10    0,00    0,00    0,00    4,90
15:18:21       7    0,00    0,00    0,00    0,00    0,00   81,00    0,00    0,00    0,00   19,00
15:18:21       8    0,98    0,00    0,00    0,00    0,00   67,65    0,00    0,00    0,00   31,37
15:18:21       9    0,00    0,00    0,00    0,00    0,00   14,00    0,00    0,00    0,00   86,00
15:18:21      10    0,97    0,00    0,00    0,00    0,00   38,83    0,00    0,00    0,00   60,19
15:18:21      11    0,00    0,00    0,00    0,00    0,00    4,44    0,00    0,00    0,00   95,56
15:18:21      12    0,00    0,00    0,00    0,00    0,00   31,63    0,00    0,00    0,00   68,37
15:18:21      13    0,00    0,00    0,00    0,00    0,00   38,00    0,00    0,00    0,00   62,00
15:18:21      14    0,00    0,00    0,00    0,00    0,00   41,00    0,00    0,00    0,00   59,00
15:18:21      15    0,00    0,00    0,00    0,00    0,00   44,00    0,00    0,00    0,00   56,00
15:18:21      16    0,00    0,00    0,99    0,00    0,00    0,00    0,00    0,00    0,00   99,01
15:18:21      17    0,00    0,00    0,00    0,00    0,00    0,00    0,00    0,00    0,00  100,00
15:18:21      18    0,00    0,00    0,00    0,00    0,00    0,00    0,00    0,00    0,00  100,00
15:18:21      19    0,99    0,00    0,00    0,00    0,00    0,00    0,00    0,00    0,00   99,01
15:18:21      20    0,00    0,00    0,00    0,00    0,00    0,00    0,00    0,00    0,00  100,00
15:18:21      21    0,00    0,00    0,00    0,00    0,00    0,00    0,00    0,00    0,00  100,00
15:18:21      22    0,00    0,00    0,00    0,00    0,00    0,00    0,00    0,00    0,00  100,00
15:18:21      23    0,00    0,00    0,00    0,00    0,00    0,00    0,00    0,00    0,00  100,00

15:18:21     CPU    %usr   %nice    %sys %iowait    %irq   %soft  %steal  %guest  %gnice   %idle
15:18:22     all    0,08    0,00    0,04    0,00    0,00   41,64    0,00    0,00    0,00   58,23
15:18:22       0    0,00    0,00    0,00    0,00    0,00   46,00    0,00    0,00    0,00   54,00
15:18:22       1    0,00    0,00    0,00    0,00    0,00  100,00    0,00    0,00    0,00    0,00
15:18:22       2    0,00    0,00    0,00    0,00    0,00  100,00    0,00    0,00    0,00    0,00
15:18:22       3    0,00    0,00    0,00    0,00    0,00   68,69    0,00    0,00    0,00   31,31
15:18:22       4    0,00    0,00    0,00    0,00    0,00  100,00    0,00    0,00    0,00    0,00
15:18:22       5    0,00    0,00    0,00    0,00    0,00  100,00    0,00    0,00    0,00    0,00
15:18:22       6    0,00    0,00    0,00    0,00    0,00   94,12    0,00    0,00    0,00    5,88
15:18:22       7    0,00    0,00    0,00    0,00    0,00   81,00    0,00    0,00    0,00   19,00
15:18:22       8    0,00    0,00    0,00    0,00    0,00   67,35    0,00    0,00    0,00   32,65
15:18:22       9    0,00    0,00    0,00    0,00    0,00   15,00    0,00    0,00    0,00   85,00
15:18:22      10    0,98    0,00    0,98    0,00    0,00   37,25    0,00    0,00    0,00   60,78
15:18:22      11    0,00    0,00    0,00    0,00    0,00   31,75    0,00    0,00    0,00   68,25
15:18:22      12    0,00    0,00    0,00    0,00    0,00   32,67    0,00    0,00    0,00   67,33
15:18:22      13    0,00    0,00    0,00    0,00    0,00   37,37    0,00    0,00    0,00   62,63
15:18:22      14    0,00    0,00    0,00    0,00    0,00   41,00    0,00    0,00    0,00   59,00
15:18:22      15    0,00    0,00    0,00    0,00    0,00   43,43    0,00    0,00    0,00   56,57
15:18:22      16    0,00    0,00    0,00    0,00    0,00    0,00    0,00    0,00    0,00  100,00
15:18:22      17    0,99    0,00    0,00    0,00    0,00    0,00    0,00    0,00    0,00   99,01
15:18:22      18    0,00    0,00    0,00    0,00    0,00    0,00    0,00    0,00    0,00  100,00
15:18:22      19    0,00    0,00    0,00    0,00    0,00    0,00    0,00    0,00    0,00  100,00
15:18:22      20    0,00    0,00    0,00    0,00    0,00    0,00    0,00    0,00    0,00  100,00
15:18:22      21    0,00    0,00    0,00    0,00    0,00    0,00    0,00    0,00    0,00  100,00
15:18:22      22    0,00    0,00    0,00    0,00    0,00    0,00    0,00    0,00    0,00  100,00
15:18:22      23    0,00    0,00    0,00    0,00    0,00    0,00    0,00    0,00    0,00  100,00

15:18:22     CPU    %usr   %nice    %sys %iowait    %irq   %soft  %steal  %guest  %gnice   %idle
15:18:23     all    0,29    0,00    0,33    0,00    0,00   43,09    0,00    0,00    0,00   56,29
15:18:23       0    0,00    0,00    0,00    0,00    0,00   47,00    0,00    0,00    0,00   53,00
15:18:23       1    0,00    0,00    0,00    0,00    0,00  100,00    0,00    0,00    0,00    0,00
15:18:23       2    0,00    0,00    0,00    0,00    0,00  100,00    0,00    0,00    0,00    0,00
15:18:23       3    0,00    0,00    0,00    0,00    0,00   69,00    0,00    0,00    0,00   31,00
15:18:23       4    0,00    0,00    0,00    0,00    0,00  100,00    0,00    0,00    0,00    0,00
15:18:23       5    0,00    0,00    0,99    0,00    0,00   99,01    0,00    0,00    0,00    0,00
15:18:23       6    0,00    0,00    0,97    0,00    0,00   95,15    0,00    0,00    0,00    3,88
15:18:23       7    0,00    0,00    0,00    0,00    0,00   81,82    0,00    0,00    0,00   18,18
15:18:23       8    0,00    0,00    0,00    0,00    0,00   67,35    0,00    0,00    0,00   32,65
15:18:23       9    0,00    0,00    0,00    0,00    0,00   16,67    0,00    0,00    0,00   83,33
15:18:23      10    0,00    0,00    0,00    0,00    0,00   39,60    0,00    0,00    0,00   60,40
15:18:23      11    0,00    0,00    0,00    0,00    0,00   56,57    0,00    0,00    0,00   43,43
15:18:23      12    0,00    0,00    0,00    0,00    0,00   33,00    0,00    0,00    0,00   67,00
15:18:23      13    0,00    0,00    0,00    0,00    0,00   38,61    0,00    0,00    0,00   61,39
15:18:23      14    0,00    0,00    0,00    0,00    0,00   42,57    0,00    0,00    0,00   57,43
15:18:23      15    0,00    0,00    0,00    0,00    0,00   45,54    0,00    0,00    0,00   54,46
15:18:23      16    1,00    0,00    0,00    0,00    0,00    0,00    0,00    0,00    0,00   99,00
15:18:23      17    5,05    0,00    1,01    0,00    0,00    0,00    0,00    0,00    0,00   93,94
15:18:23      18    1,00    0,00    1,00    0,00    0,00    0,00    0,00    0,00    0,00   98,00
15:18:23      19    0,00    0,00    1,00    0,00    0,00    0,00    0,00    0,00    0,00   99,00
15:18:23      20    0,00    0,00    0,00    0,00    0,00    0,00    0,00    0,00    0,00  100,00
15:18:23      21    0,00    0,00    2,02    0,00    0,00    0,00    0,00    0,00    0,00   97,98
15:18:23      22    0,00    0,00    1,00    0,00    0,00    0,00    0,00    0,00    0,00   99,00
15:18:23      23    0,00    0,00    0,00    0,00    0,00    0,00    0,00    0,00    0,00  100,00

15:18:23     CPU    %usr   %nice    %sys %iowait    %irq   %soft  %steal  %guest  %gnice   %idle
15:18:24     all    0,54    0,00    0,67    0,04    0,00   42,36    0,00    0,00    0,00   56,39
15:18:24       0    0,00    0,00    0,00    0,00    0,00   46,00    0,00    0,00    0,00   54,00
15:18:24       1    0,00    0,00    0,00    0,00    0,00  100,00    0,00    0,00    0,00    0,00
15:18:24       2    0,00    0,00    0,00    0,00    0,00  100,00    0,00    0,00    0,00    0,00
15:18:24       3    0,00    0,00    0,00    0,00    0,00   69,61    0,00    0,00    0,00   30,39
15:18:24       4    0,00    0,00    0,00    0,00    0,00  100,00    0,00    0,00    0,00    0,00
15:18:24       5    0,00    0,00    0,00    0,00    0,00   96,04    0,00    0,00    0,00    3,96
15:18:24       6    0,00    0,00    0,00    0,00    0,00   94,06    0,00    0,00    0,00    5,94
15:18:24       7    0,00    0,00    0,00    0,00    0,00   81,00    0,00    0,00    0,00   19,00
15:18:24       8    5,00    0,00    9,00    1,00    0,00   67,00    0,00    0,00    0,00   18,00
15:18:24       9    0,00    0,00    0,00    0,00    0,00   14,85    0,00    0,00    0,00   85,15
15:18:24      10    1,01    0,00    0,00    0,00    0,00   37,37    0,00    0,00    0,00   61,62
15:18:24      11    0,00    0,00    0,00    0,00    0,00   55,45    0,00    0,00    0,00   44,55
15:18:24      12    1,01    0,00    0,00    0,00    0,00   32,32    0,00    0,00    0,00   66,67
15:18:24      13    0,00    0,00    0,00    0,00    0,00   38,38    0,00    0,00    0,00   61,62
15:18:24      14    0,00    0,00    0,00    0,00    0,00   40,00    0,00    0,00    0,00   60,00
15:18:24      15    1,00    0,00    0,00    0,00    0,00   43,00    0,00    0,00    0,00   56,00
15:18:24      16    0,00    0,00    1,00    0,00    0,00    0,00    0,00    0,00    0,00   99,00
15:18:24      17    0,00    0,00    0,00    0,00    0,00    0,00    0,00    0,00    0,00  100,00
15:18:24      18    0,99    0,00    0,00    0,00    0,00    0,00    0,00    0,00    0,00   99,01
15:18:24      19    0,00    0,00    0,00    0,00    0,00    0,00    0,00    0,00    0,00  100,00
15:18:24      20    2,97    0,00    3,96    0,00    0,00    0,00    0,00    0,00    0,00   93,07
15:18:24      21    0,00    0,00    1,00    0,00    0,00    0,00    0,00    0,00    0,00   99,00
15:18:24      22    0,00    0,00    0,00    0,00    0,00    0,00    0,00    0,00    0,00  100,00
15:18:24      23    0,99    0,00    0,99    0,00    0,00    0,00    0,00    0,00    0,00   98,02

15:18:24     CPU    %usr   %nice    %sys %iowait    %irq   %soft  %steal  %guest  %gnice   %idle
15:18:25     all    0,08    0,00    0,04    0,00    0,00   41,84    0,00    0,00    0,00   58,03
15:18:25       0    0,00    0,00    0,00    0,00    0,00   45,00    0,00    0,00    0,00   55,00
15:18:25       1    0,00    0,00    0,00    0,00    0,00  100,00    0,00    0,00    0,00    0,00
15:18:25       2    0,00    0,00    0,00    0,00    0,00  100,00    0,00    0,00    0,00    0,00
15:18:25       3    0,00    0,00    0,00    0,00    0,00   68,00    0,00    0,00    0,00   32,00
15:18:25       4    0,00    0,00    0,00    0,00    0,00  100,00    0,00    0,00    0,00    0,00
15:18:25       5    0,00    0,00    0,00    0,00    0,00   93,14    0,00    0,00    0,00    6,86
15:18:25       6    0,00    0,00    0,00    0,00    0,00   93,07    0,00    0,00    0,00    6,93
15:18:25       7    0,00    0,00    0,00    0,00    0,00   79,17    0,00    0,00    0,00   20,83
15:18:25       8    0,00    0,00    0,00    0,00    0,00   65,66    0,00    0,00    0,00   34,34
15:18:25       9    0,00    0,00    0,00    0,00    0,00   14,14    0,00    0,00    0,00   85,86
15:18:25      10    0,00    0,00    0,00    0,00    0,00   35,35    0,00    0,00    0,00   64,65
15:18:25      11    0,00    0,00    0,00    0,00    0,00   55,45    0,00    0,00    0,00   44,55
15:18:25      12    0,98    0,00    0,98    0,00    0,00   32,35    0,00    0,00    0,00   65,69
15:18:25      13    0,00    0,00    0,00    0,00    0,00   38,24    0,00    0,00    0,00   61,76
15:18:25      14    0,00    0,00    0,00    0,00    0,00   41,58    0,00    0,00    0,00   58,42
15:18:25      15    0,00    0,00    0,00    0,00    0,00   43,00    0,00    0,00    0,00   57,00
15:18:25      16    0,00    0,00    0,00    0,00    0,00    0,00    0,00    0,00    0,00  100,00
15:18:25      17    0,00    0,00    0,00    0,00    0,00    0,00    0,00    0,00    0,00  100,00
15:18:25      18    0,00    0,00    0,00    0,00    0,00    0,00    0,00    0,00    0,00  100,00
15:18:25      19    0,99    0,00    0,00    0,00    0,00    0,00    0,00    0,00    0,00   99,01
15:18:25      20    0,00    0,00    0,00    0,00    0,00    0,00    0,00    0,00    0,00  100,00
15:18:25      21    0,00    0,00    0,00    0,00    0,00    0,00    0,00    0,00    0,00  100,00
15:18:25      22    0,00    0,00    0,00    0,00    0,00    0,00    0,00    0,00    0,00  100,00
15:18:25      23    0,00    0,00    0,00    0,00    0,00    0,00    0,00    0,00    0,00  100,00

15:18:25     CPU    %usr   %nice    %sys %iowait    %irq   %soft  %steal  %guest  %gnice   %idle
15:18:26     all    0,04    0,00    0,04    0,00    0,00   41,89    0,00    0,00    0,00   58,03
15:18:26       0    0,00    0,00    0,00    0,00    0,00   46,53    0,00    0,00    0,00   53,47
15:18:26       1    0,00    0,00    0,00    0,00    0,00  100,00    0,00    0,00    0,00    0,00
15:18:26       2    0,00    0,00    0,00    0,00    0,00  100,00    0,00    0,00    0,00    0,00
15:18:26       3    0,00    0,00    0,00    0,00    0,00   68,00    0,00    0,00    0,00   32,00
15:18:26       4    0,00    0,00    0,00    0,00    0,00  100,00    0,00    0,00    0,00    0,00
15:18:26       5    0,00    0,00    0,00    0,00    0,00   94,00    0,00    0,00    0,00    6,00
15:18:26       6    0,00    0,00    0,00    0,00    0,00   93,07    0,00    0,00    0,00    6,93
15:18:26       7    0,00    0,00    0,00    0,00    0,00   78,57    0,00    0,00    0,00   21,43
15:18:26       8    0,00    0,00    0,00    0,00    0,00   66,67    0,00    0,00    0,00   33,33
15:18:26       9    0,00    0,00    0,00    0,00    0,00   14,85    0,00    0,00    0,00   85,15
15:18:26      10    0,00    0,00    0,00    0,00    0,00   36,73    0,00    0,00    0,00   63,27
15:18:26      11    0,00    0,00    0,00    0,00    0,00   55,10    0,00    0,00    0,00   44,90
15:18:26      12    0,00    0,00    0,00    0,00    0,00   32,32    0,00    0,00    0,00   67,68
15:18:26      13    0,00    0,00    0,00    0,00    0,00   37,00    0,00    0,00    0,00   63,00
15:18:26      14    0,00    0,00    0,00    0,00    0,00   40,20    0,00    0,00    0,00   59,80
15:18:26      15    0,00    0,00    0,00    0,00    0,00   43,00    0,00    0,00    0,00   57,00
15:18:26      16    1,00    0,00    0,00    0,00    0,00    0,00    0,00    0,00    0,00   99,00
15:18:26      17    0,00    0,00    0,00    0,00    0,00    0,00    0,00    0,00    0,00  100,00
15:18:26      18    0,00    0,00    0,00    0,00    0,00    0,00    0,00    0,00    0,00  100,00
15:18:26      19    0,00    0,00    0,99    0,00    0,00    0,00    0,00    0,00    0,00   99,01
15:18:26      20    0,00    0,00    0,00    0,00    0,00    0,00    0,00    0,00    0,00  100,00
15:18:26      21    0,00    0,00    0,00    0,00    0,00    0,00    0,00    0,00    0,00  100,00
15:18:26      22    0,00    0,00    0,00    0,00    0,00    0,00    0,00    0,00    0,00  100,00
15:18:26      23    0,00    0,00    0,00    0,00    0,00    0,00    0,00    0,00    0,00  100,00

15:18:26     CPU    %usr   %nice    %sys %iowait    %irq   %soft  %steal  %guest  %gnice   %idle
15:18:27     all    0,04    0,00    0,08    0,00    0,00   41,29    0,00    0,00    0,00   58,58
15:18:27       0    0,00    0,00    0,00    0,00    0,00   46,00    0,00    0,00    0,00   54,00
15:18:27       1    0,00    0,00    0,00    0,00    0,00  100,00    0,00    0,00    0,00    0,00
15:18:27       2    0,00    0,00    0,00    0,00    0,00  100,00    0,00    0,00    0,00    0,00
15:18:27       3    0,00    0,00    0,00    0,00    0,00   67,96    0,00    0,00    0,00   32,04
15:18:27       4    0,00    0,00    0,99    0,00    0,00   99,01    0,00    0,00    0,00    0,00
15:18:27       5    0,00    0,00    0,00    0,00    0,00   94,06    0,00    0,00    0,00    5,94
15:18:27       6    0,00    0,00    0,00    0,00    0,00   93,14    0,00    0,00    0,00    6,86
15:18:27       7    0,00    0,00    0,00    0,00    0,00   80,39    0,00    0,00    0,00   19,61
15:18:27       8    0,00    0,00    0,00    0,00    0,00   67,33    0,00    0,00    0,00   32,67
15:18:27       9    0,00    0,00    0,00    0,00    0,00   14,85    0,00    0,00    0,00   85,15
15:18:27      10    0,00    0,00    1,01    0,00    0,00   35,35    0,00    0,00    0,00   63,64
15:18:27      11    0,00    0,00    0,00    0,00    0,00   31,82    0,00    0,00    0,00   68,18
15:18:27      12    0,00    0,00    0,00    0,00    0,00   32,32    0,00    0,00    0,00   67,68
15:18:27      13    0,00    0,00    0,00    0,00    0,00   38,38    0,00    0,00    0,00   61,62
15:18:27      14    0,00    0,00    0,00    0,00    0,00   40,40    0,00    0,00    0,00   59,60
15:18:27      15    0,00    0,00    0,00    0,00    0,00   43,00    0,00    0,00    0,00   57,00
15:18:27      16    0,00    0,00    0,00    0,00    0,00    0,00    0,00    0,00    0,00  100,00
15:18:27      17    0,00    0,00    0,00    0,00    0,00    0,00    0,00    0,00    0,00  100,00
15:18:27      18    1,00    0,00    0,00    0,00    0,00    0,00    0,00    0,00    0,00   99,00
15:18:27      19    0,00    0,00    0,00    0,00    0,00    0,00    0,00    0,00    0,00  100,00
15:18:27      20    0,00    0,00    0,00    0,00    0,00    0,00    0,00    0,00    0,00  100,00
15:18:27      21    0,00    0,00    0,00    0,00    0,00    0,00    0,00    0,00    0,00  100,00
15:18:27      22    0,00    0,00    0,00    0,00    0,00    0,00    0,00    0,00    0,00  100,00
15:18:27      23    0,00    0,00    0,00    0,00    0,00    0,00    0,00    0,00    0,00  100,00

15:18:27     CPU    %usr   %nice    %sys %iowait    %irq   %soft  %steal  %guest  %gnice   %idle
15:18:28     all    0,17    0,00    0,21    0,04    0,00   42,07    0,00    0,00    0,00   57,52
15:18:28       0    0,00    0,00    0,00    0,00    0,00   45,00    0,00    0,00    0,00   55,00
15:18:28       1    0,00    0,00    0,00    0,00    0,00  100,00    0,00    0,00    0,00    0,00
15:18:28       2    0,00    0,00    0,00    0,00    0,00  100,00    0,00    0,00    0,00    0,00
15:18:28       3    0,00    0,00    0,00    0,00    0,00   69,00    0,00    0,00    0,00   31,00
15:18:28       4    0,00    0,00    0,00    0,00    0,00  100,00    0,00    0,00    0,00    0,00
15:18:28       5    0,00    0,00    0,00    0,00    0,00   94,17    0,00    0,00    0,00    5,83
15:18:28       6    0,00    0,00    0,00    0,00    0,00   93,14    0,00    0,00    0,00    6,86
15:18:28       7    0,00    0,00    0,00    0,00    0,00   79,59    0,00    0,00    0,00   20,41
15:18:28       8    0,00    0,00    0,00    0,00    0,00   66,33    0,00    0,00    0,00   33,67
15:18:28       9    0,00    0,00    0,00    1,00    0,00   14,00    0,00    0,00    0,00   85,00
15:18:28      10    0,00    0,00    0,00    0,00    0,00   37,62    0,00    0,00    0,00   62,38
15:18:28      11    0,00    0,00    0,00    0,00    0,00   53,12    0,00    0,00    0,00   46,88
15:18:28      12    0,98    0,00    0,00    0,00    0,00   32,35    0,00    0,00    0,00   66,67
15:18:28      13    0,99    0,00    0,00    0,00    0,00   38,61    0,00    0,00    0,00   60,40
15:18:28      14    0,97    0,00    0,00    0,00    0,00   41,75    0,00    0,00    0,00   57,28
15:18:28      15    0,00    0,00    0,00    0,00    0,00   43,43    0,00    0,00    0,00   56,57
15:18:28      16    0,00    0,00    0,00    0,00    0,00    0,00    0,00    0,00    0,00  100,00
15:18:28      17    0,00    0,00    0,99    0,00    0,00    0,00    0,00    0,00    0,00   99,01
15:18:28      18    1,00    0,00    2,00    0,00    0,00    0,00    0,00    0,00    0,00   97,00
15:18:28      19    0,00    0,00    0,00    0,00    0,00    0,00    0,00    0,00    0,00  100,00
15:18:28      20    0,00    0,00    1,00    0,00    0,00    0,00    0,00    0,00    0,00   99,00
15:18:28      21    0,00    0,00    0,00    0,00    0,00    0,00    0,00    0,00    0,00  100,00
15:18:28      22    0,00    0,00    0,99    0,00    0,00    0,00    0,00    0,00    0,00   99,01
15:18:28      23    0,00    0,00    0,00    0,00    0,00    0,00    0,00    0,00    0,00  100,00

15:18:28     CPU    %usr   %nice    %sys %iowait    %irq   %soft  %steal  %guest  %gnice   %idle
15:18:29     all    0,04    0,00    0,17    0,04    0,00   41,60    0,00    0,00    0,00   58,14
15:18:29       0    0,00    0,00    0,00    0,00    0,00   46,53    0,00    0,00    0,00   53,47
15:18:29       1    0,00    0,00    0,00    0,00    0,00  100,00    0,00    0,00    0,00    0,00
15:18:29       2    0,00    0,00    0,00    0,00    0,00  100,00    0,00    0,00    0,00    0,00
15:18:29       3    0,00    0,00    0,00    0,00    0,00   68,00    0,00    0,00    0,00   32,00
15:18:29       4    0,00    0,00    0,00    0,00    0,00  100,00    0,00    0,00    0,00    0,00
15:18:29       5    0,00    0,00    0,00    0,00    0,00   94,06    0,00    0,00    0,00    5,94
15:18:29       6    0,00    0,00    0,00    0,00    0,00   93,00    0,00    0,00    0,00    7,00
15:18:29       7    0,00    0,00    0,00    0,00    0,00   78,79    0,00    0,00    0,00   21,21
15:18:29       8    0,00    0,00    0,00    0,00    0,00   66,67    0,00    0,00    0,00   33,33
15:18:29       9    0,00    0,00    0,00    0,00    0,00   14,85    0,00    0,00    0,00   85,15
15:18:29      10    0,00    0,00    0,00    0,99    0,00   37,62    0,00    0,00    0,00   61,39
15:18:29      11    0,00    0,00    0,00    0,00    0,00   44,44    0,00    0,00    0,00   55,56
15:18:29      12    0,00    0,00    0,00    0,00    0,00   32,67    0,00    0,00    0,00   67,33
15:18:29      13    0,00    0,00    0,99    0,00    0,00   38,61    0,00    0,00    0,00   60,40
15:18:29      14    0,00    0,00    0,00    0,00    0,00   40,40    0,00    0,00    0,00   59,60
15:18:29      15    0,00    0,00    0,00    0,00    0,00   43,43    0,00    0,00    0,00   56,57
15:18:29      16    0,00    0,00    1,00    0,00    0,00    0,00    0,00    0,00    0,00   99,00
15:18:29      17    0,00    0,00    0,00    0,00    0,00    0,00    0,00    0,00    0,00  100,00
15:18:29      18    0,00    0,00    1,00    0,00    0,00    0,00    0,00    0,00    0,00   99,00
15:18:29      19    0,00    0,00    0,99    0,00    0,00    0,00    0,00    0,00    0,00   99,01
15:18:29      20    0,00    0,00    0,00    0,00    0,00    0,00    0,00    0,00    0,00  100,00
15:18:29      21    0,00    0,00    0,00    0,00    0,00    0,00    0,00    0,00    0,00  100,00
15:18:29      22    0,00    0,00    0,00    0,00    0,00    0,00    0,00    0,00    0,00  100,00
15:18:29      23    1,00    0,00    0,00    0,00    0,00    0,00    0,00    0,00    0,00   99,00

15:18:29     CPU    %usr   %nice    %sys %iowait    %irq   %soft  %steal  %guest  %gnice   %idle
15:18:30     all    0,13    0,00    0,00    0,00    0,00   41,07    0,00    0,00    0,00   58,81
15:18:30       0    0,00    0,00    0,00    0,00    0,00   45,45    0,00    0,00    0,00   54,55
15:18:30       1    0,00    0,00    0,00    0,00    0,00  100,00    0,00    0,00    0,00    0,00
15:18:30       2    0,00    0,00    0,00    0,00    0,00  100,00    0,00    0,00    0,00    0,00
15:18:30       3    0,00    0,00    0,00    0,00    0,00   68,00    0,00    0,00    0,00   32,00
15:18:30       4    0,00    0,00    0,00    0,00    0,00  100,00    0,00    0,00    0,00    0,00
15:18:30       5    0,00    0,00    0,00    0,00    0,00   94,00    0,00    0,00    0,00    6,00
15:18:30       6    0,00    0,00    0,00    0,00    0,00   93,14    0,00    0,00    0,00    6,86
15:18:30       7    0,00    0,00    0,00    0,00    0,00   79,80    0,00    0,00    0,00   20,20
15:18:30       8    1,01    0,00    0,00    0,00    0,00   65,66    0,00    0,00    0,00   33,33
15:18:30       9    0,00    0,00    0,00    0,00    0,00   14,14    0,00    0,00    0,00   85,86
15:18:30      10    0,00    0,00    0,00    0,00    0,00   36,36    0,00    0,00    0,00   63,64
15:18:30      11    0,00    0,00    0,00    0,00    0,00   31,34    0,00    0,00    0,00   68,66
15:18:30      12    0,00    0,00    0,00    0,00    0,00   32,32    0,00    0,00    0,00   67,68
15:18:30      13    1,01    0,00    0,00    0,00    0,00   37,37    0,00    0,00    0,00   61,62
15:18:30      14    0,00    0,00    0,00    0,00    0,00   40,59    0,00    0,00    0,00   59,41
15:18:30      15    0,00    0,00    0,00    0,00    0,00   43,43    0,00    0,00    0,00   56,57
15:18:30      16    0,00    0,00    0,00    0,00    0,00    0,00    0,00    0,00    0,00  100,00
15:18:30      17    0,99    0,00    0,00    0,00    0,00    0,00    0,00    0,00    0,00   99,01
15:18:30      18    0,00    0,00    0,00    0,00    0,00    0,00    0,00    0,00    0,00  100,00
15:18:30      19    0,00    0,00    0,00    0,00    0,00    0,00    0,00    0,00    0,00  100,00
15:18:30      20    0,00    0,00    0,00    0,00    0,00    0,00    0,00    0,00    0,00  100,00
15:18:30      21    0,00    0,00    0,00    0,00    0,00    0,00    0,00    0,00    0,00  100,00
15:18:30      22    0,00    0,00    0,00    0,00    0,00    0,00    0,00    0,00    0,00  100,00
15:18:30      23    0,00    0,00    0,00    0,00    0,00    0,00    0,00    0,00    0,00  100,00

15:18:30     CPU    %usr   %nice    %sys %iowait    %irq   %soft  %steal  %guest  %gnice   %idle
15:18:31     all    0,08    0,00    0,08    0,00    0,00   41,95    0,00    0,00    0,00   57,88
15:18:31       0    0,00    0,00    0,00    0,00    0,00   44,44    0,00    0,00    0,00   55,56
15:18:31       1    0,00    0,00    0,00    0,00    0,00  100,00    0,00    0,00    0,00    0,00
15:18:31       2    0,00    0,00    0,00    0,00    0,00  100,00    0,00    0,00    0,00    0,00
15:18:31       3    0,00    0,00    0,00    0,00    0,00   68,63    0,00    0,00    0,00   31,37
15:18:31       4    0,00    0,00    0,00    0,00    0,00  100,00    0,00    0,00    0,00    0,00
15:18:31       5    0,00    0,00    0,00    0,00    0,00   93,14    0,00    0,00    0,00    6,86
15:18:31       6    0,00    0,00    0,00    0,00    0,00   93,00    0,00    0,00    0,00    7,00
15:18:31       7    0,00    0,00    0,00    0,00    0,00   78,79    0,00    0,00    0,00   21,21
15:18:31       8    0,00    0,00    0,00    0,00    0,00   67,33    0,00    0,00    0,00   32,67
15:18:31       9    0,00    0,00    0,00    0,00    0,00   14,85    0,00    0,00    0,00   85,15
15:18:31      10    0,00    0,00    0,00    0,00    0,00   36,63    0,00    0,00    0,00   63,37
15:18:31      11    0,00    0,00    0,00    0,00    0,00   53,54    0,00    0,00    0,00   46,46
15:18:31      12    0,00    0,00    0,00    0,00    0,00   32,67    0,00    0,00    0,00   67,33
15:18:31      13    0,00    0,00    0,00    0,00    0,00   39,39    0,00    0,00    0,00   60,61
15:18:31      14    0,00    0,00    0,00    0,00    0,00   40,40    0,00    0,00    0,00   59,60
15:18:31      15    0,00    0,00    0,00    0,00    0,00   44,00    0,00    0,00    0,00   56,00
15:18:31      16    0,99    0,00    0,00    0,00    0,00    0,00    0,00    0,00    0,00   99,01
15:18:31      17    0,00    0,00    1,00    0,00    0,00    0,00    0,00    0,00    0,00   99,00
15:18:31      18    0,00    0,00    0,00    0,00    0,00    0,00    0,00    0,00    0,00  100,00
15:18:31      19    0,99    0,00    0,00    0,00    0,00    0,00    0,00    0,00    0,00   99,01
15:18:31      20    0,00    0,00    1,00    0,00    0,00    0,00    0,00    0,00    0,00   99,00
15:18:31      21    0,00    0,00    0,00    0,00    0,00    0,00    0,00    0,00    0,00  100,00
15:18:31      22    0,00    0,00    0,00    0,00    0,00    0,00    0,00    0,00    0,00  100,00
15:18:31      23    0,00    0,00    0,00    0,00    0,00    0,00    0,00    0,00    0,00  100,00

15:18:31     CPU    %usr   %nice    %sys %iowait    %irq   %soft  %steal  %guest  %gnice   %idle
15:18:32     all    0,08    0,00    0,04    0,00    0,00   41,87    0,00    0,00    0,00   58,01
15:18:32       0    0,00    0,00    0,00    0,00    0,00   45,45    0,00    0,00    0,00   54,55
15:18:32       1    0,00    0,00    0,00    0,00    0,00  100,00    0,00    0,00    0,00    0,00
15:18:32       2    0,00    0,00    0,00    0,00    0,00  100,00    0,00    0,00    0,00    0,00
15:18:32       3    0,00    0,00    0,00    0,00    0,00   67,00    0,00    0,00    0,00   33,00
15:18:32       4    0,00    0,00    0,00    0,00    0,00  100,00    0,00    0,00    0,00    0,00
15:18:32       5    0,00    0,00    0,00    0,00    0,00   94,00    0,00    0,00    0,00    6,00
15:18:32       6    0,00    0,00    0,00    0,00    0,00   93,07    0,00    0,00    0,00    6,93
15:18:32       7    0,00    0,00    0,00    0,00    0,00   79,80    0,00    0,00    0,00   20,20
15:18:32       8    0,00    0,00    0,00    0,00    0,00   67,35    0,00    0,00    0,00   32,65
15:18:32       9    0,00    0,00    0,00    0,00    0,00   14,00    0,00    0,00    0,00   86,00
15:18:32      10    0,00    0,00    0,00    0,00    0,00   35,35    0,00    0,00    0,00   64,65
15:18:32      11    0,00    0,00    0,00    0,00    0,00   54,46    0,00    0,00    0,00   45,54
15:18:32      12    0,00    0,00    0,00    0,00    0,00   32,67    0,00    0,00    0,00   67,33
15:18:32      13    1,00    0,00    0,00    0,00    0,00   39,00    0,00    0,00    0,00   60,00
15:18:32      14    0,00    0,00    0,98    0,00    0,00   39,22    0,00    0,00    0,00   59,80
15:18:32      15    0,00    0,00    0,00    0,00    0,00   43,00    0,00    0,00    0,00   57,00
15:18:32      16    0,00    0,00    0,00    0,00    0,00    0,00    0,00    0,00    0,00  100,00
15:18:32      17    0,00    0,00    0,00    0,00    0,00    0,00    0,00    0,00    0,00  100,00
15:18:32      18    1,00    0,00    0,00    0,00    0,00    0,00    0,00    0,00    0,00   99,00
15:18:32      19    0,00    0,00    0,00    0,00    0,00    0,00    0,00    0,00    0,00  100,00
15:18:32      20    0,00    0,00    0,00    0,00    0,00    0,00    0,00    0,00    0,00  100,00
15:18:32      21    0,00    0,00    0,00    0,00    0,00    0,00    0,00    0,00    0,00  100,00
15:18:32      22    0,00    0,00    0,00    0,00    0,00    0,00    0,00    0,00    0,00  100,00
15:18:32      23    0,00    0,00    0,00    0,00    0,00    0,00    0,00    0,00    0,00  100,00

15:18:32     CPU    %usr   %nice    %sys %iowait    %irq   %soft  %steal  %guest  %gnice   %idle
15:18:33     all    0,38    0,00    0,29    0,00    0,00   41,43    0,00    0,00    0,00   57,90
15:18:33       0    0,00    0,00    0,00    0,00    0,00   44,90    0,00    0,00    0,00   55,10
15:18:33       1    0,00    0,00    0,00    0,00    0,00  100,00    0,00    0,00    0,00    0,00
15:18:33       2    0,00    0,00    0,00    0,00    0,00  100,00    0,00    0,00    0,00    0,00
15:18:33       3    0,00    0,00    0,00    0,00    0,00   68,37    0,00    0,00    0,00   31,63
15:18:33       4    0,00    0,00    0,00    0,00    0,00  100,00    0,00    0,00    0,00    0,00
15:18:33       5    0,00    0,00    0,99    0,00    0,00   94,06    0,00    0,00    0,00    4,95
15:18:33       6    0,00    0,00    0,00    0,00    0,00   93,20    0,00    0,00    0,00    6,80
15:18:33       7    0,00    0,00    0,00    0,00    0,00   80,20    0,00    0,00    0,00   19,80
15:18:33       8    0,00    0,00    0,00    0,00    0,00   66,32    0,00    0,00    0,00   33,68
15:18:33       9    0,00    0,00    0,00    0,00    0,00   14,00    0,00    0,00    0,00   86,00
15:18:33      10    1,02    0,00    0,00    0,00    0,00   34,69    0,00    0,00    0,00   64,29
15:18:33      11    0,00    0,00    0,00    0,00    0,00   44,44    0,00    0,00    0,00   55,56
15:18:33      12    1,00    0,00    0,00    0,00    0,00   32,00    0,00    0,00    0,00   67,00
15:18:33      13    0,00    0,00    0,00    0,00    0,00   39,60    0,00    0,00    0,00   60,40
15:18:33      14    0,00    0,00    0,00    0,00    0,00   41,00    0,00    0,00    0,00   59,00
15:18:33      15    0,00    0,00    0,00    0,00    0,00   43,43    0,00    0,00    0,00   56,57
15:18:33      16    0,00    0,00    0,00    0,00    0,00    0,00    0,00    0,00    0,00  100,00
15:18:33      17    1,96    0,00    0,98    0,00    0,00    0,00    0,00    0,00    0,00   97,06
15:18:33      18    0,00    0,00    0,00    0,00    0,00    0,00    0,00    0,00    0,00  100,00
15:18:33      19    0,00    0,00    0,99    0,00    0,00    0,00    0,00    0,00    0,00   99,01
15:18:33      20    1,00    0,00    2,00    0,00    0,00    0,00    0,00    0,00    0,00   97,00
15:18:33      21    0,99    0,00    0,99    0,00    0,00    0,00    0,00    0,00    0,00   98,02
15:18:33      22    1,96    0,00    0,98    0,00    0,00    0,00    0,00    0,00    0,00   97,06
15:18:33      23    1,00    0,00    0,00    0,00    0,00    0,00    0,00    0,00    0,00   99,00

15:18:33     CPU    %usr   %nice    %sys %iowait    %irq   %soft  %steal  %guest  %gnice   %idle
15:18:34     all    0,04    0,00    0,21    0,08    0,00   42,05    0,00    0,00    0,00   57,61
15:18:34       0    0,00    0,00    0,00    0,00    0,00   46,00    0,00    0,00    0,00   54,00
15:18:34       1    0,00    0,00    0,00    0,00    0,00  100,00    0,00    0,00    0,00    0,00
15:18:34       2    0,00    0,00    0,00    0,00    0,00  100,00    0,00    0,00    0,00    0,00
15:18:34       3    0,00    0,00    0,00    0,00    0,00   68,93    0,00    0,00    0,00   31,07
15:18:34       4    0,00    0,00    0,00    0,00    0,00  100,00    0,00    0,00    0,00    0,00
15:18:34       5    0,00    0,00    0,00    0,00    0,00   94,17    0,00    0,00    0,00    5,83
15:18:34       6    0,00    0,00    0,00    0,00    0,00   94,00    0,00    0,00    0,00    6,00
15:18:34       7    0,00    0,00    0,00    0,00    0,00   79,80    0,00    0,00    0,00   20,20
15:18:34       8    0,00    0,00    0,00    0,99    0,00   67,33    0,00    0,00    0,00   31,68
15:18:34       9    0,00    0,00    0,98    0,00    0,00   15,69    0,00    0,00    0,00   83,33
15:18:34      10    0,00    0,00    0,00    0,00    0,00   36,73    0,00    0,00    0,00   63,27
15:18:34      11    0,00    0,00    0,00    0,00    0,00   47,06    0,00    0,00    0,00   52,94
15:18:34      12    0,00    0,00    0,00    0,00    0,00   33,00    0,00    0,00    0,00   67,00
15:18:34      13    0,00    0,00    0,00    0,00    0,00   37,76    0,00    0,00    0,00   62,24
15:18:34      14    0,00    0,00    0,00    0,00    0,00   41,00    0,00    0,00    0,00   59,00
15:18:34      15    0,00    0,00    0,00    0,00    0,00   45,00    0,00    0,00    0,00   55,00
15:18:34      16    0,00    0,00    1,00    0,00    0,00    0,00    0,00    0,00    0,00   99,00
15:18:34      17    0,00    0,00    1,01    1,01    0,00    0,00    0,00    0,00    0,00   97,98
15:18:34      18    0,99    0,00    0,99    0,00    0,00    0,00    0,00    0,00    0,00   98,02
15:18:34      19    0,00    0,00    0,00    0,00    0,00    0,00    0,00    0,00    0,00  100,00
15:18:34      20    0,00    0,00    0,00    0,00    0,00    0,00    0,00    0,00    0,00  100,00
15:18:34      21    0,00    0,00    0,00    0,00    0,00    0,00    0,00    0,00    0,00  100,00
15:18:34      22    0,00    0,00    0,00    0,00    0,00    0,00    0,00    0,00    0,00  100,00
15:18:34      23    0,00    0,00    1,00    0,00    0,00    0,00    0,00    0,00    0,00   99,00

15:18:34     CPU    %usr   %nice    %sys %iowait    %irq   %soft  %steal  %guest  %gnice   %idle
15:18:35     all    0,13    0,00    0,00    0,00    0,00   42,24    0,00    0,00    0,00   57,63
15:18:35       0    0,00    0,00    0,00    0,00    0,00   47,00    0,00    0,00    0,00   53,00
15:18:35       1    0,00    0,00    0,00    0,00    0,00  100,00    0,00    0,00    0,00    0,00
15:18:35       2    0,00    0,00    0,00    0,00    0,00  100,00    0,00    0,00    0,00    0,00
15:18:35       3    0,00    0,00    0,00    0,00    0,00   69,00    0,00    0,00    0,00   31,00
15:18:35       4    0,00    0,00    0,00    0,00    0,00  100,00    0,00    0,00    0,00    0,00
15:18:35       5    0,00    0,00    0,00    0,00    0,00   95,05    0,00    0,00    0,00    4,95
15:18:35       6    0,00    0,00    0,00    0,00    0,00   94,06    0,00    0,00    0,00    5,94
15:18:35       7    0,00    0,00    0,00    0,00    0,00   80,00    0,00    0,00    0,00   20,00
15:18:35       8    0,00    0,00    0,00    0,00    0,00   67,35    0,00    0,00    0,00   32,65
15:18:35       9    0,00    0,00    0,00    0,00    0,00   14,85    0,00    0,00    0,00   85,15
15:18:35      10    0,00    0,00    0,00    0,00    0,00   36,36    0,00    0,00    0,00   63,64
15:18:35      11    0,00    0,00    0,00    0,00    0,00   53,61    0,00    0,00    0,00   46,39
15:18:35      12    0,00    0,00    0,00    0,00    0,00   32,00    0,00    0,00    0,00   68,00
15:18:35      13    0,00    0,00    0,00    0,00    0,00   38,38    0,00    0,00    0,00   61,62
15:18:35      14    0,96    0,00    0,00    0,00    0,00   41,35    0,00    0,00    0,00   57,69
15:18:35      15    1,00    0,00    0,00    0,00    0,00   44,00    0,00    0,00    0,00   55,00
15:18:35      16    0,00    0,00    0,00    0,00    0,00    0,00    0,00    0,00    0,00  100,00
15:18:35      17    1,01    0,00    0,00    0,00    0,00    0,00    0,00    0,00    0,00   98,99
15:18:35      18    0,00    0,00    0,00    0,00    0,00    0,00    0,00    0,00    0,00  100,00
15:18:35      19    0,00    0,00    0,00    0,00    0,00    0,00    0,00    0,00    0,00  100,00
15:18:35      20    0,00    0,00    0,00    0,00    0,00    0,00    0,00    0,00    0,00  100,00
15:18:35      21    0,00    0,00    0,00    0,00    0,00    0,00    0,00    0,00    0,00  100,00
15:18:35      22    0,00    0,00    0,00    0,00    0,00    0,00    0,00    0,00    0,00  100,00
15:18:35      23    0,00    0,00    0,00    0,00    0,00    0,00    0,00    0,00    0,00  100,00

15:18:35     CPU    %usr   %nice    %sys %iowait    %irq   %soft  %steal  %guest  %gnice   %idle
15:18:36     all    0,12    0,00    0,12    0,00    0,00   42,10    0,00    0,00    0,00   57,65
15:18:36       0    0,00    0,00    0,00    0,00    0,00   46,53    0,00    0,00    0,00   53,47
15:18:36       1    0,00    0,00    0,00    0,00    0,00  100,00    0,00    0,00    0,00    0,00
15:18:36       2    0,00    0,00    0,00    0,00    0,00  100,00    0,00    0,00    0,00    0,00
15:18:36       3    0,00    0,00    0,00    0,00    0,00   67,68    0,00    0,00    0,00   32,32
15:18:36       4    0,00    0,00    0,00    0,00    0,00  100,00    0,00    0,00    0,00    0,00
15:18:36       5    0,00    0,00    0,00    0,00    0,00   95,10    0,00    0,00    0,00    4,90
15:18:36       6    0,00    0,00    0,97    0,00    0,00   93,20    0,00    0,00    0,00    5,83
15:18:36       7    0,00    0,00    0,00    0,00    0,00   80,20    0,00    0,00    0,00   19,80
15:18:36       8    0,00    0,00    0,00    0,00    0,00   67,00    0,00    0,00    0,00   33,00
15:18:36       9    0,00    0,00    0,00    0,00    0,00   15,00    0,00    0,00    0,00   85,00
15:18:36      10    0,00    0,00    1,01    0,00    0,00   35,35    0,00    0,00    0,00   63,64
15:18:36      11    0,00    0,00    0,00    0,00    0,00   52,58    0,00    0,00    0,00   47,42
15:18:36      12    0,00    0,00    0,00    0,00    0,00   32,00    0,00    0,00    0,00   68,00
15:18:36      13    0,00    0,00    0,00    0,00    0,00   39,60    0,00    0,00    0,00   60,40
15:18:36      14    0,00    0,00    0,00    0,00    0,00   40,59    0,00    0,00    0,00   59,41
15:18:36      15    0,00    0,00    0,00    0,00    0,00   44,00    0,00    0,00    0,00   56,00
15:18:36      16    0,99    0,00    0,00    0,00    0,00    0,00    0,00    0,00    0,00   99,01
15:18:36      17    1,00    0,00    1,00    0,00    0,00    0,00    0,00    0,00    0,00   98,00
15:18:36      18    0,00    0,00    0,00    0,00    0,00    0,00    0,00    0,00    0,00  100,00
15:18:36      19    0,00    0,00    0,00    0,00    0,00    0,00    0,00    0,00    0,00  100,00
15:18:36      20    0,99    0,00    0,00    0,00    0,00    0,00    0,00    0,00    0,00   99,01
15:18:36      21    0,00    0,00    0,00    0,00    0,00    0,00    0,00    0,00    0,00  100,00
15:18:36      22    0,00    0,00    0,00    0,00    0,00    0,00    0,00    0,00    0,00  100,00
15:18:36      23    0,00    0,00    0,00    0,00    0,00    0,00    0,00    0,00    0,00  100,00

15:18:36     CPU    %usr   %nice    %sys %iowait    %irq   %soft  %steal  %guest  %gnice   %idle
15:18:37     all    0,04    0,00    0,04    0,00    0,00   39,96    0,00    0,00    0,00   59,96
15:18:37       0    0,00    0,00    0,00    0,00    0,00   46,00    0,00    0,00    0,00   54,00
15:18:37       1    0,00    0,00    0,00    0,00    0,00  100,00    0,00    0,00    0,00    0,00
15:18:37       2    0,00    0,00    0,00    0,00    0,00  100,00    0,00    0,00    0,00    0,00
15:18:37       3    0,00    0,00    0,00    0,00    0,00   69,31    0,00    0,00    0,00   30,69
15:18:37       4    0,00    0,00    0,00    0,00    0,00  100,00    0,00    0,00    0,00    0,00
15:18:37       5    0,00    0,00    0,00    0,00    0,00   94,06    0,00    0,00    0,00    5,94
15:18:37       6    0,00    0,00    0,00    0,00    0,00   95,10    0,00    0,00    0,00    4,90
15:18:37       7    0,00    0,00    0,00    0,00    0,00   59,62    0,00    0,00    0,00   40,38
15:18:37       8    0,00    0,00    0,00    0,00    0,00   67,00    0,00    0,00    0,00   33,00
15:18:37       9    0,00    0,00    0,00    0,00    0,00   15,84    0,00    0,00    0,00   84,16
15:18:37      10    0,00    0,00    0,00    0,00    0,00   37,00    0,00    0,00    0,00   63,00
15:18:37      11    0,00    0,00    0,00    0,00    0,00   15,09    0,00    0,00    0,00   84,91
15:18:37      12    0,00    0,00    0,00    0,00    0,00   32,00    0,00    0,00    0,00   68,00
15:18:37      13    0,00    0,00    0,00    0,00    0,00   39,00    0,00    0,00    0,00   61,00
15:18:37      14    0,00    0,00    0,00    0,00    0,00   40,40    0,00    0,00    0,00   59,60
15:18:37      15    0,00    0,00    0,00    0,00    0,00   44,12    0,00    0,00    0,00   55,88
15:18:37      16    0,00    0,00    0,00    0,00    0,00    0,00    0,00    0,00    0,00  100,00
15:18:37      17    1,01    0,00    0,00    0,00    0,00    0,00    0,00    0,00    0,00   98,99
15:18:37      18    0,00    0,00    0,00    0,00    0,00    0,00    0,00    0,00    0,00  100,00
15:18:37      19    0,00    0,00    0,00    0,00    0,00    0,00    0,00    0,00    0,00  100,00
15:18:37      20    0,00    0,00    0,99    0,00    0,00    0,00    0,00    0,00    0,00   99,01
15:18:37      21    0,00    0,00    0,00    0,00    0,00    0,00    0,00    0,00    0,00  100,00
15:18:37      22    0,00    0,00    0,00    0,00    0,00    0,00    0,00    0,00    0,00  100,00
15:18:37      23    0,00    0,00    0,00    0,00    0,00    0,00    0,00    0,00    0,00  100,00

15:18:37     CPU    %usr   %nice    %sys %iowait    %irq   %soft  %steal  %guest  %gnice   %idle
15:18:38     all    0,09    0,00    0,30    0,00    0,00   40,18    0,00    0,00    0,00   59,43
15:18:38       0    0,00    0,00    0,00    0,00    0,00   46,46    0,00    0,00    0,00   53,54
15:18:38       1    0,00    0,00    0,00    0,00    0,00  100,00    0,00    0,00    0,00    0,00
15:18:38       2    0,00    0,00    0,00    0,00    0,00  100,00    0,00    0,00    0,00    0,00
15:18:38       3    0,00    0,00    0,00    0,00    0,00   68,63    0,00    0,00    0,00   31,37
15:18:38       4    0,00    0,00    0,00    0,00    0,00  100,00    0,00    0,00    0,00    0,00
15:18:38       5    0,00    0,00    0,00    0,00    0,00   95,00    0,00    0,00    0,00    5,00
15:18:38       6    0,00    0,00    0,00    0,00    0,00   96,04    0,00    0,00    0,00    3,96
15:18:38       7    0,00    0,00    0,00    0,00    0,00   66,67    0,00    0,00    0,00   33,33
15:18:38       8    0,00    0,00    0,00    0,00    0,00   68,93    0,00    0,00    0,00   31,07
15:18:38       9    0,00    0,00    0,00    0,00    0,00   13,13    0,00    0,00    0,00   86,87
15:18:38      10    0,00    0,00    0,00    0,00    0,00   36,00    0,00    0,00    0,00   64,00
15:18:38      11    0,00    0,00    0,00    0,00    0,00    6,38    0,00    0,00    0,00   93,62
15:18:38      12    0,00    0,00    0,00    0,00    0,00   32,32    0,00    0,00    0,00   67,68
15:18:38      13    0,00    0,00    0,00    0,00    0,00   39,60    0,00    0,00    0,00   60,40
15:18:38      14    0,00    0,00    0,00    0,00    0,00   40,00    0,00    0,00    0,00   60,00
15:18:38      15    0,00    0,00    0,00    0,00    0,00   44,44    0,00    0,00    0,00   55,56
15:18:38      16    0,00    0,00    0,99    0,00    0,00    0,00    0,00    0,00    0,00   99,01
15:18:38      17    0,00    0,00    1,00    0,00    0,00    0,00    0,00    0,00    0,00   99,00
15:18:38      18    0,00    0,00    1,00    0,00    0,00    0,00    0,00    0,00    0,00   99,00
15:18:38      19    0,00    0,00    1,00    0,00    0,00    0,00    0,00    0,00    0,00   99,00
15:18:38      20    1,02    0,00    0,00    0,00    0,00    0,00    0,00    0,00    0,00   98,98
15:18:38      21    1,00    0,00    3,00    0,00    0,00    0,00    0,00    0,00    0,00   96,00
15:18:38      22    0,00    0,00    0,00    0,00    0,00    0,00    0,00    0,00    0,00  100,00
15:18:38      23    0,00    0,00    0,00    0,00    0,00    0,00    0,00    0,00    0,00  100,00

15:18:38     CPU    %usr   %nice    %sys %iowait    %irq   %soft  %steal  %guest  %gnice   %idle
15:18:39     all    0,17    0,00    0,22    0,04    0,00   39,97    0,00    0,00    0,00   59,60
15:18:39       0    0,00    0,00    0,00    0,00    0,00   46,53    0,00    0,00    0,00   53,47
15:18:39       1    0,00    0,00    0,00    0,00    0,00  100,00    0,00    0,00    0,00    0,00
15:18:39       2    0,00    0,00    0,00    0,00    0,00  100,00    0,00    0,00    0,00    0,00
15:18:39       3    0,00    0,00    0,00    0,00    0,00   68,04    0,00    0,00    0,00   31,96
15:18:39       4    0,00    0,00    0,00    0,00    0,00  100,00    0,00    0,00    0,00    0,00
15:18:39       5    0,00    0,00    0,00    0,00    0,00   95,10    0,00    0,00    0,00    4,90
15:18:39       6    0,00    0,00    0,00    0,00    0,00   95,00    0,00    0,00    0,00    5,00
15:18:39       7    0,00    0,00    0,00    0,00    0,00   66,67    0,00    0,00    0,00   33,33
15:18:39       8    0,00    0,00    0,00    0,00    0,00   68,00    0,00    0,00    0,00   32,00
15:18:39       9    0,00    0,00    0,00    0,00    0,00   15,84    0,00    0,00    0,00   84,16
15:18:39      10    1,00    0,00    0,00    0,00    0,00   36,00    0,00    0,00    0,00   63,00
15:18:39      11    0,00    0,00    0,00    0,00    0,00    4,26    0,00    0,00    0,00   95,74
15:18:39      12    0,00    0,00    0,99    0,00    0,00   31,68    0,00    0,00    0,00   67,33
15:18:39      13    0,00    0,00    0,00    0,00    0,00   38,38    0,00    0,00    0,00   61,62
15:18:39      14    0,00    0,00    0,00    0,00    0,00   40,00    0,00    0,00    0,00   60,00
15:18:39      15    0,00    0,00    0,00    0,00    0,00   45,00    0,00    0,00    0,00   55,00
15:18:39      16    0,00    0,00    0,00    0,00    0,00    0,00    0,00    0,00    0,00  100,00
15:18:39      17    0,00    0,00    0,00    0,00    0,00    0,00    0,00    0,00    0,00  100,00
15:18:39      18    0,00    0,00    0,00    0,00    0,00    0,00    0,00    0,00    0,00  100,00
15:18:39      19    0,00    0,00    0,00    1,01    0,00    0,00    0,00    0,00    0,00   98,99
15:18:39      20    0,00    0,00    0,99    0,00    0,00    0,00    0,00    0,00    0,00   99,01
15:18:39      21    1,98    0,00    0,99    0,00    0,00    0,00    0,00    0,00    0,00   97,03
15:18:39      22    0,00    0,00    1,00    0,00    0,00    0,00    0,00    0,00    0,00   99,00
15:18:39      23    0,99    0,00    0,99    0,00    0,00    0,00    0,00    0,00    0,00   98,02

15:18:39     CPU    %usr   %nice    %sys %iowait    %irq   %soft  %steal  %guest  %gnice   %idle
15:18:40     all    0,09    0,00    0,00    0,00    0,00   40,47    0,00    0,00    0,00   59,44
15:18:40       0    0,00    0,00    0,00    0,00    0,00   45,45    0,00    0,00    0,00   54,55
15:18:40       1    0,00    0,00    0,00    0,00    0,00  100,00    0,00    0,00    0,00    0,00
15:18:40       2    0,00    0,00    0,00    0,00    0,00  100,00    0,00    0,00    0,00    0,00
15:18:40       3    0,00    0,00    0,00    0,00    0,00   68,00    0,00    0,00    0,00   32,00
15:18:40       4    0,00    0,00    0,00    0,00    0,00  100,00    0,00    0,00    0,00    0,00
15:18:40       5    0,00    0,00    0,00    0,00    0,00   94,00    0,00    0,00    0,00    6,00
15:18:40       6    0,00    0,00    0,00    0,00    0,00   94,74    0,00    0,00    0,00    5,26
15:18:40       7    0,00    0,00    0,00    0,00    0,00   79,21    0,00    0,00    0,00   20,79
15:18:40       8    0,00    0,00    0,00    0,00    0,00   65,98    0,00    0,00    0,00   34,02
15:18:40       9    0,00    0,00    0,00    0,00    0,00   14,85    0,00    0,00    0,00   85,15
15:18:40      10    0,00    0,00    0,00    0,00    0,00   35,35    0,00    0,00    0,00   64,65
15:18:40      11    0,00    0,00    0,00    0,00    0,00    4,26    0,00    0,00    0,00   95,74
15:18:40      12    0,99    0,00    0,00    0,00    0,00   32,67    0,00    0,00    0,00   66,34
15:18:40      13    0,00    0,00    0,00    0,00    0,00   39,00    0,00    0,00    0,00   61,00
15:18:40      14    0,00    0,00    0,00    0,00    0,00   39,39    0,00    0,00    0,00   60,61
15:18:40      15    0,00    0,00    0,00    0,00    0,00   43,00    0,00    0,00    0,00   57,00
15:18:40      16    0,00    0,00    0,00    0,00    0,00    0,00    0,00    0,00    0,00  100,00
15:18:40      17    0,99    0,00    0,00    0,00    0,00    0,00    0,00    0,00    0,00   99,01
15:18:40      18    0,00    0,00    0,00    0,00    0,00    0,00    0,00    0,00    0,00  100,00
15:18:40      19    0,00    0,00    0,00    0,00    0,00    0,00    0,00    0,00    0,00  100,00
15:18:40      20    0,00    0,00    0,00    0,00    0,00    0,00    0,00    0,00    0,00  100,00
15:18:40      21    0,00    0,00    0,00    0,00    0,00    0,00    0,00    0,00    0,00  100,00
15:18:40      22    0,00    0,00    0,00    0,00    0,00    0,00    0,00    0,00    0,00  100,00
15:18:40      23    0,00    0,00    0,00    0,00    0,00    0,00    0,00    0,00    0,00  100,00

15:18:40     CPU    %usr   %nice    %sys %iowait    %irq   %soft  %steal  %guest  %gnice   %idle
15:18:41     all    0,17    0,00    0,08    0,00    0,00   41,21    0,00    0,00    0,00   58,53
15:18:41       0    0,00    0,00    0,00    0,00    0,00   46,00    0,00    0,00    0,00   54,00
15:18:41       1    0,00    0,00    0,00    0,00    0,00  100,00    0,00    0,00    0,00    0,00
15:18:41       2    0,00    0,00    0,00    0,00    0,00  100,00    0,00    0,00    0,00    0,00
15:18:41       3    0,00    0,00    0,00    0,00    0,00   68,32    0,00    0,00    0,00   31,68
15:18:41       4    0,00    0,00    0,00    0,00    0,00  100,00    0,00    0,00    0,00    0,00
15:18:41       5    0,00    0,00    0,00    0,00    0,00   94,06    0,00    0,00    0,00    5,94
15:18:41       6    0,00    0,00    0,00    0,00    0,00   93,75    0,00    0,00    0,00    6,25
15:18:41       7    0,00    0,00    0,00    0,00    0,00   78,57    0,00    0,00    0,00   21,43
15:18:41       8    0,00    0,00    0,00    0,00    0,00   66,67    0,00    0,00    0,00   33,33
15:18:41       9    0,00    0,00    0,00    0,00    0,00   14,14    0,00    0,00    0,00   85,86
15:18:41      10    0,99    0,00    0,00    0,00    0,00   34,65    0,00    0,00    0,00   64,36
15:18:41      11    0,00    0,00    0,00    0,00    0,00   40,00    0,00    0,00    0,00   60,00
15:18:41      12    1,00    0,00    0,00    0,00    0,00   32,00    0,00    0,00    0,00   67,00
15:18:41      13    0,00    0,00    0,98    0,00    0,00   39,22    0,00    0,00    0,00   59,80
15:18:41      14    0,00    0,00    0,00    0,00    0,00   40,40    0,00    0,00    0,00   59,60
15:18:41      15    0,00    0,00    0,00    0,00    0,00   44,00    0,00    0,00    0,00   56,00
15:18:41      16    1,00    0,00    0,00    0,00    0,00    0,00    0,00    0,00    0,00   99,00
15:18:41      17    0,00    0,00    0,00    0,00    0,00    0,00    0,00    0,00    0,00  100,00
15:18:41      18    0,99    0,00    0,00    0,00    0,00    0,00    0,00    0,00    0,00   99,01
15:18:41      19    0,00    0,00    0,99    0,00    0,00    0,00    0,00    0,00    0,00   99,01
15:18:41      20    0,00    0,00    0,00    0,00    0,00    0,00    0,00    0,00    0,00  100,00
15:18:41      21    0,00    0,00    0,00    0,00    0,00    0,00    0,00    0,00    0,00  100,00
15:18:41      22    0,00    0,00    0,00    0,00    0,00    0,00    0,00    0,00    0,00  100,00
15:18:41      23    0,00    0,00    0,00    0,00    0,00    0,00    0,00    0,00    0,00  100,00

15:18:41     CPU    %usr   %nice    %sys %iowait    %irq   %soft  %steal  %guest  %gnice   %idle
15:18:42     all    0,08    0,00    0,00    0,00    0,00   41,04    0,00    0,00    0,00   58,88
15:18:42       0    0,00    0,00    0,00    0,00    0,00   45,54    0,00    0,00    0,00   54,46
15:18:42       1    0,00    0,00    0,00    0,00    0,00  100,00    0,00    0,00    0,00    0,00
15:18:42       2    0,00    0,00    0,00    0,00    0,00  100,00    0,00    0,00    0,00    0,00
15:18:42       3    0,00    0,00    0,00    0,00    0,00   67,35    0,00    0,00    0,00   32,65
15:18:42       4    0,00    0,00    0,00    0,00    0,00  100,00    0,00    0,00    0,00    0,00
15:18:42       5    0,00    0,00    0,00    0,00    0,00   93,07    0,00    0,00    0,00    6,93
15:18:42       6    0,00    0,00    0,00    0,00    0,00   93,00    0,00    0,00    0,00    7,00
15:18:42       7    0,00    0,00    0,00    0,00    0,00   78,57    0,00    0,00    0,00   21,43
15:18:42       8    0,00    0,00    0,00    0,00    0,00   66,67    0,00    0,00    0,00   33,33
15:18:42       9    0,00    0,00    0,00    0,00    0,00   14,14    0,00    0,00    0,00   85,86
15:18:42      10    0,00    0,00    0,00    0,00    0,00   35,35    0,00    0,00    0,00   64,65
15:18:42      11    0,00    0,00    0,00    0,00    0,00   37,50    0,00    0,00    0,00   62,50
15:18:42      12    0,00    0,00    0,00    0,00    0,00   32,00    0,00    0,00    0,00   68,00
15:18:42      13    0,00    0,00    0,00    0,00    0,00   39,39    0,00    0,00    0,00   60,61
15:18:42      14    0,00    0,00    0,00    0,00    0,00   39,00    0,00    0,00    0,00   61,00
15:18:42      15    0,00    0,00    0,00    0,00    0,00   43,00    0,00    0,00    0,00   57,00
15:18:42      16    0,00    0,00    0,00    0,00    0,00    0,00    0,00    0,00    0,00  100,00
15:18:42      17    0,00    0,00    0,00    0,00    0,00    0,00    0,00    0,00    0,00  100,00
15:18:42      18    0,00    0,00    0,00    0,00    0,00    0,00    0,00    0,00    0,00  100,00
15:18:42      19    0,99    0,00    0,00    0,00    0,00    0,00    0,00    0,00    0,00   99,01
15:18:42      20    0,00    0,00    0,00    0,00    0,00    0,00    0,00    0,00    0,00  100,00
15:18:42      21    0,00    0,00    0,00    0,00    0,00    0,00    0,00    0,00    0,00  100,00
15:18:42      22    0,00    0,00    0,00    0,00    0,00    0,00    0,00    0,00    0,00  100,00
15:18:42      23    1,00    0,00    0,00    0,00    0,00    0,00    0,00    0,00    0,00   99,00

15:18:42     CPU    %usr   %nice    %sys %iowait    %irq   %soft  %steal  %guest  %gnice   %idle
15:18:43     all    0,04    0,00    0,30    0,00    0,00   41,26    0,00    0,00    0,00   58,40
15:18:43       0    0,00    0,00    0,00    0,00    0,00   46,00    0,00    0,00    0,00   54,00
15:18:43       1    0,00    0,00    0,00    0,00    0,00  100,00    0,00    0,00    0,00    0,00
15:18:43       2    0,00    0,00    0,00    0,00    0,00  100,00    0,00    0,00    0,00    0,00
15:18:43       3    0,00    0,00    0,00    0,00    0,00   68,32    0,00    0,00    0,00   31,68
15:18:43       4    0,00    0,00    0,00    0,00    0,00  100,00    0,00    0,00    0,00    0,00
15:18:43       5    0,00    0,00    0,00    0,00    0,00   94,06    0,00    0,00    0,00    5,94
15:18:43       6    0,00    0,00    0,00    0,00    0,00   94,95    0,00    0,00    0,00    5,05
15:18:43       7    0,00    0,00    0,00    0,00    0,00   79,80    0,00    0,00    0,00   20,20
15:18:43       8    0,00    0,00    0,00    0,00    0,00   68,93    0,00    0,00    0,00   31,07
15:18:43       9    0,00    0,00    0,00    0,00    0,00   16,83    0,00    0,00    0,00   83,17
15:18:43      10    0,00    0,00    0,00    0,00    0,00   36,36    0,00    0,00    0,00   63,64
15:18:43      11    0,00    0,00    0,00    0,00    0,00   14,29    0,00    0,00    0,00   85,71
15:18:43      12    0,00    0,00    0,00    0,00    0,00   32,32    0,00    0,00    0,00   67,68
15:18:43      13    1,01    0,00    0,00    0,00    0,00   39,39    0,00    0,00    0,00   59,60
15:18:43      14    0,00    0,00    1,00    0,00    0,00   39,00    0,00    0,00    0,00   60,00
15:18:43      15    0,00    0,00    0,00    0,00    0,00   44,44    0,00    0,00    0,00   55,56
15:18:43      16    0,00    0,00    1,00    0,00    0,00    0,00    0,00    0,00    0,00   99,00
15:18:43      17    0,00    0,00    3,00    0,00    0,00    0,00    0,00    0,00    0,00   97,00
15:18:43      18    0,00    0,00    1,00    0,00    0,00    0,00    0,00    0,00    0,00   99,00
15:18:43      19    0,00    0,00    0,00    0,00    0,00    0,00    0,00    0,00    0,00  100,00
15:18:43      20    0,00    0,00    0,00    0,00    0,00    0,00    0,00    0,00    0,00  100,00
15:18:43      21    0,00    0,00    0,00    0,00    0,00    0,00    0,00    0,00    0,00  100,00
15:18:43      22    0,00    0,00    0,99    0,00    0,00    0,00    0,00    0,00    0,00   99,01
15:18:43      23    0,00    0,00    0,00    0,00    0,00    0,00    0,00    0,00    0,00  100,00

15:18:43     CPU    %usr   %nice    %sys %iowait    %irq   %soft  %steal  %guest  %gnice   %idle
15:18:44     all    0,13    0,00    0,13    0,09    0,00   40,91    0,00    0,00    0,00   58,75
15:18:44       0    0,00    0,00    0,00    0,00    0,00   46,00    0,00    0,00    0,00   54,00
15:18:44       1    0,00    0,00    0,00    0,00    0,00  100,00    0,00    0,00    0,00    0,00
15:18:44       2    0,00    0,00    0,00    0,00    0,00  100,00    0,00    0,00    0,00    0,00
15:18:44       3    0,00    0,00    0,00    0,00    0,00   68,00    0,00    0,00    0,00   32,00
15:18:44       4    0,00    0,00    0,00    0,00    0,00  100,00    0,00    0,00    0,00    0,00
15:18:44       5    0,00    0,00    0,00    0,00    0,00   94,06    0,00    0,00    0,00    5,94
15:18:44       6    0,00    0,00    0,00    0,00    0,00   94,00    0,00    0,00    0,00    6,00
15:18:44       7    0,00    0,00    0,00    0,00    0,00   79,21    0,00    0,00    0,00   20,79
15:18:44       8    0,00    0,00    0,00    0,98    0,00   67,65    0,00    0,00    0,00   31,37
15:18:44       9    0,00    0,00    0,00    0,00    0,00   16,00    0,00    0,00    0,00   84,00
15:18:44      10    0,99    0,00    0,00    0,00    0,00   35,64    0,00    0,00    0,00   63,37
15:18:44      11    0,00    0,00    0,00    0,00    0,00    4,35    0,00    0,00    0,00   95,65
15:18:44      12    0,00    0,00    0,00    0,00    0,00   32,00    0,00    0,00    0,00   68,00
15:18:44      13    1,01    0,00    0,00    0,00    0,00   39,39    0,00    0,00    0,00   59,60
15:18:44      14    0,00    0,00    0,00    0,00    0,00   40,00    0,00    0,00    0,00   60,00
15:18:44      15    0,00    0,00    0,00    0,00    0,00   44,00    0,00    0,00    0,00   56,00
15:18:44      16    0,00    0,00    0,00    0,00    0,00    0,00    0,00    0,00    0,00  100,00
15:18:44      17    0,00    0,00    0,00    0,00    0,00    0,00    0,00    0,00    0,00  100,00
15:18:44      18    0,99    0,00    0,00    0,00    0,00    0,00    0,00    0,00    0,00   99,01
15:18:44      19    0,00    0,00    0,00    1,00    0,00    0,00    0,00    0,00    0,00   99,00
15:18:44      20    0,00    0,00    1,00    0,00    0,00    0,00    0,00    0,00    0,00   99,00
15:18:44      21    0,00    0,00    0,99    0,00    0,00    0,00    0,00    0,00    0,00   99,01
15:18:44      22    0,00    0,00    0,00    0,00    0,00    0,00    0,00    0,00    0,00  100,00
15:18:44      23    0,00    0,00    1,00    0,00    0,00    0,00    0,00    0,00    0,00   99,00

15:18:44     CPU    %usr   %nice    %sys %iowait    %irq   %soft  %steal  %guest  %gnice   %idle
15:18:45     all    0,09    0,00    0,09    0,00    0,00   40,72    0,00    0,00    0,00   59,10
15:18:45       0    0,00    0,00    0,00    0,00    0,00   45,54    0,00    0,00    0,00   54,46
15:18:45       1    0,00    0,00    0,00    0,00    0,00  100,00    0,00    0,00    0,00    0,00
15:18:45       2    0,00    0,00    0,00    0,00    0,00  100,00    0,00    0,00    0,00    0,00
15:18:45       3    0,00    0,00    0,00    0,00    0,00   67,35    0,00    0,00    0,00   32,65
15:18:45       4    0,00    0,00    0,00    0,00    0,00  100,00    0,00    0,00    0,00    0,00
15:18:45       5    0,00    0,00    0,00    0,00    0,00   94,06    0,00    0,00    0,00    5,94
15:18:45       6    0,00    0,00    0,00    0,00    0,00   93,94    0,00    0,00    0,00    6,06
15:18:45       7    0,00    0,00    0,00    0,00    0,00   79,00    0,00    0,00    0,00   21,00
15:18:45       8    0,00    0,00    0,00    0,00    0,00   67,33    0,00    0,00    0,00   32,67
15:18:45       9    0,00    0,00    0,00    0,00    0,00   16,00    0,00    0,00    0,00   84,00
15:18:45      10    0,00    0,00    0,98    0,00    0,00   35,29    0,00    0,00    0,00   63,73
15:18:45      11    0,00    0,00    0,00    0,00    0,00    2,27    0,00    0,00    0,00   97,73
15:18:45      12    0,00    0,00    0,00    0,00    0,00   32,00    0,00    0,00    0,00   68,00
15:18:45      13    0,98    0,00    0,98    0,00    0,00   39,22    0,00    0,00    0,00   58,82
15:18:45      14    0,00    0,00    0,00    0,00    0,00   40,00    0,00    0,00    0,00   60,00
15:18:45      15    0,00    0,00    0,00    0,00    0,00   43,43    0,00    0,00    0,00   56,57
15:18:45      16    0,00    0,00    0,00    0,00    0,00    0,00    0,00    0,00    0,00  100,00
15:18:45      17    1,00    0,00    0,00    0,00    0,00    0,00    0,00    0,00    0,00   99,00
15:18:45      18    0,00    0,00    0,00    0,00    0,00    0,00    0,00    0,00    0,00  100,00
15:18:45      19    0,00    0,00    0,00    0,00    0,00    0,00    0,00    0,00    0,00  100,00
15:18:45      20    0,00    0,00    0,00    0,00    0,00    0,00    0,00    0,00    0,00  100,00
15:18:45      21    0,00    0,00    0,00    0,00    0,00    0,00    0,00    0,00    0,00  100,00
15:18:45      22    0,00    0,00    0,00    0,00    0,00    0,00    0,00    0,00    0,00  100,00
15:18:45      23    0,00    0,00    0,00    0,00    0,00    0,00    0,00    0,00    0,00  100,00

15:18:45     CPU    %usr   %nice    %sys %iowait    %irq   %soft  %steal  %guest  %gnice   %idle
15:18:46     all    0,09    0,00    0,04    0,00    0,00   41,25    0,00    0,00    0,00   58,62
15:18:46       0    0,00    0,00    0,00    0,00    0,00   46,46    0,00    0,00    0,00   53,54
15:18:46       1    0,00    0,00    0,00    0,00    0,00  100,00    0,00    0,00    0,00    0,00
15:18:46       2    0,00    0,00    0,00    0,00    0,00  100,00    0,00    0,00    0,00    0,00
15:18:46       3    0,00    0,00    0,00    0,00    0,00   68,00    0,00    0,00    0,00   32,00
15:18:46       4    0,00    0,00    0,00    0,00    0,00  100,00    0,00    0,00    0,00    0,00
15:18:46       5    0,00    0,00    0,00    0,00    0,00   94,12    0,00    0,00    0,00    5,88
15:18:46       6    0,00    0,00    0,00    0,00    0,00   93,94    0,00    0,00    0,00    6,06
15:18:46       7    0,00    0,00    0,00    0,00    0,00   78,57    0,00    0,00    0,00   21,43
15:18:46       8    0,00    0,00    0,00    0,00    0,00   66,33    0,00    0,00    0,00   33,67
15:18:46       9    0,00    0,00    0,00    0,00    0,00   16,16    0,00    0,00    0,00   83,84
15:18:46      10    0,00    0,00    0,00    0,00    0,00   36,00    0,00    0,00    0,00   64,00
15:18:46      11    0,00    0,00    0,00    0,00    0,00   30,65    0,00    0,00    0,00   69,35
15:18:46      12    0,00    0,00    0,00    0,00    0,00   32,32    0,00    0,00    0,00   67,68
15:18:46      13    0,00    0,00    0,00    0,00    0,00   39,80    0,00    0,00    0,00   60,20
15:18:46      14    0,00    0,00    0,00    0,00    0,00   38,38    0,00    0,00    0,00   61,62
15:18:46      15    0,00    0,00    0,00    0,00    0,00   44,44    0,00    0,00    0,00   55,56
15:18:46      16    1,00    0,00    1,00    0,00    0,00    0,00    0,00    0,00    0,00   98,00
15:18:46      17    0,00    0,00    0,00    0,00    0,00    0,00    0,00    0,00    0,00  100,00
15:18:46      18    1,01    0,00    0,00    0,00    0,00    0,00    0,00    0,00    0,00   98,99
15:18:46      19    0,00    0,00    0,00    0,00    0,00    0,00    0,00    0,00    0,00  100,00
15:18:46      20    0,00    0,00    0,00    0,00    0,00    0,00    0,00    0,00    0,00  100,00
15:18:46      21    0,00    0,00    0,00    0,00    0,00    0,00    0,00    0,00    0,00  100,00
15:18:46      22    0,00    0,00    0,00    0,00    0,00    0,00    0,00    0,00    0,00  100,00
15:18:46      23    0,00    0,00    0,00    0,00    0,00    0,00    0,00    0,00    0,00  100,00

15:18:46     CPU    %usr   %nice    %sys %iowait    %irq   %soft  %steal  %guest  %gnice   %idle
15:18:47     all    0,38    0,00    0,08    0,00    0,00   41,65    0,00    0,00    0,00   57,89
15:18:47       0    0,00    0,00    0,00    0,00    0,00   45,00    0,00    0,00    0,00   55,00
15:18:47       1    0,00    0,00    0,00    0,00    0,00  100,00    0,00    0,00    0,00    0,00
15:18:47       2    0,00    0,00    0,00    0,00    0,00  100,00    0,00    0,00    0,00    0,00
15:18:47       3    1,01    0,00    0,00    0,00    0,00   67,68    0,00    0,00    0,00   31,31
15:18:47       4    0,00    0,00    0,00    0,00    0,00  100,00    0,00    0,00    0,00    0,00
15:18:47       5    0,00    0,00    0,00    0,00    0,00   93,14    0,00    0,00    0,00    6,86
15:18:47       6    0,00    0,00    0,00    0,00    0,00   94,00    0,00    0,00    0,00    6,00
15:18:47       7    0,00    0,00    0,00    0,00    0,00   79,59    0,00    0,00    0,00   20,41
15:18:47       8    0,00    0,00    0,00    0,00    0,00   68,32    0,00    0,00    0,00   31,68
15:18:47       9    0,00    0,00    0,00    0,00    0,00   15,84    0,00    0,00    0,00   84,16
15:18:47      10    0,00    0,00    0,00    0,00    0,00   36,00    0,00    0,00    0,00   64,00
15:18:47      11    0,00    0,00    0,00    0,00    0,00   42,67    0,00    0,00    0,00   57,33
15:18:47      12    1,01    0,00    0,00    0,00    0,00   33,33    0,00    0,00    0,00   65,66
15:18:47      13    3,00    0,00    0,00    0,00    0,00   41,00    0,00    0,00    0,00   56,00
15:18:47      14    1,01    0,00    0,00    0,00    0,00   40,40    0,00    0,00    0,00   58,59
15:18:47      15    0,00    0,00    0,00    0,00    0,00   43,56    0,00    0,00    0,00   56,44
15:18:47      16    1,00    0,00    0,00    0,00    0,00    0,00    0,00    0,00    0,00   99,00
15:18:47      17    0,00    0,00    0,00    0,00    0,00    0,00    0,00    0,00    0,00  100,00
15:18:47      18    0,99    0,00    0,99    0,00    0,00    0,00    0,00    0,00    0,00   98,02
15:18:47      19    0,98    0,00    0,98    0,00    0,00    0,00    0,00    0,00    0,00   98,04
15:18:47      20    0,00    0,00    0,00    0,00    0,00    0,00    0,00    0,00    0,00  100,00
15:18:47      21    0,00    0,00    0,00    0,00    0,00    0,00    0,00    0,00    0,00  100,00
15:18:47      22    0,00    0,00    0,00    0,00    0,00    0,00    0,00    0,00    0,00  100,00
15:18:47      23    0,00    0,00    0,00    0,00    0,00    0,00    0,00    0,00    0,00  100,00

15:18:47     CPU    %usr   %nice    %sys %iowait    %irq   %soft  %steal  %guest  %gnice   %idle
15:18:48     all    0,42    0,00    0,25    0,00    0,00   42,05    0,00    0,00    0,00   57,29
15:18:48       0    0,00    0,00    0,00    0,00    0,00   44,44    0,00    0,00    0,00   55,56
15:18:48       1    0,00    0,00    0,00    0,00    0,00  100,00    0,00    0,00    0,00    0,00
15:18:48       2    0,00    0,00    0,00    0,00    0,00  100,00    0,00    0,00    0,00    0,00
15:18:48       3    0,00    0,00    0,00    0,00    0,00   67,35    0,00    0,00    0,00   32,65
15:18:48       4    0,00    0,00    0,00    0,00    0,00  100,00    0,00    0,00    0,00    0,00
15:18:48       5    0,00    0,00    0,00    0,00    0,00   94,12    0,00    0,00    0,00    5,88
15:18:48       6    0,00    0,00    0,00    0,00    0,00   95,05    0,00    0,00    0,00    4,95
15:18:48       7    0,00    0,00    0,00    0,00    0,00   79,21    0,00    0,00    0,00   20,79
15:18:48       8    0,00    0,00    0,00    0,00    0,00   67,00    0,00    0,00    0,00   33,00
15:18:48       9    0,00    0,00    0,00    0,00    0,00   16,00    0,00    0,00    0,00   84,00
15:18:48      10    0,00    0,00    0,00    0,00    0,00   35,00    0,00    0,00    0,00   65,00
15:18:48      11    0,00    0,00    0,00    0,00    0,00   53,19    0,00    0,00    0,00   46,81
15:18:48      12    0,00    0,00    0,00    0,00    0,00   34,65    0,00    0,00    0,00   65,35
15:18:48      13    0,00    0,00    0,00    0,00    0,00   40,40    0,00    0,00    0,00   59,60
15:18:48      14    0,00    0,00    0,00    0,00    0,00   40,00    0,00    0,00    0,00   60,00
15:18:48      15    0,00    0,00    0,00    0,00    0,00   42,42    0,00    0,00    0,00   57,58
15:18:48      16    1,01    0,00    1,01    0,00    0,00    0,00    0,00    0,00    0,00   97,98
15:18:48      17    0,99    0,00    0,99    0,00    0,00    0,00    0,00    0,00    0,00   98,02
15:18:48      18    5,00    0,00    0,00    0,00    0,00    0,00    0,00    0,00    0,00   95,00
15:18:48      19    1,01    0,00    2,02    0,00    0,00    0,00    0,00    0,00    0,00   96,97
15:18:48      20    0,00    0,00    0,00    0,00    0,00    0,00    0,00    0,00    0,00  100,00
15:18:48      21    0,00    0,00    0,00    0,00    0,00    0,00    0,00    0,00    0,00  100,00
15:18:48      22    0,99    0,00    0,99    0,00    0,00    0,00    0,00    0,00    0,00   98,02
15:18:48      23    0,98    0,00    0,98    0,00    0,00    0,00    0,00    0,00    0,00   98,04

15:18:48     CPU    %usr   %nice    %sys %iowait    %irq   %soft  %steal  %guest  %gnice   %idle
15:18:49     all    0,33    0,00    0,25    0,04    0,00   42,41    0,00    0,00    0,00   56,96
15:18:49       0    0,00    0,00    0,00    0,00    0,00   44,00    0,00    0,00    0,00   56,00
15:18:49       1    0,00    0,00    0,00    0,00    0,00  100,00    0,00    0,00    0,00    0,00
15:18:49       2    0,00    0,00    0,00    0,00    0,00  100,00    0,00    0,00    0,00    0,00
15:18:49       3    0,00    0,00    0,00    0,00    0,00   67,68    0,00    0,00    0,00   32,32
15:18:49       4    0,00    0,00    0,00    0,00    0,00  100,00    0,00    0,00    0,00    0,00
15:18:49       5    0,00    0,00    0,97    0,00    0,00   93,20    0,00    0,00    0,00    5,83
15:18:49       6    0,00    0,00    0,00    0,00    0,00   94,00    0,00    0,00    0,00    6,00
15:18:49       7    0,00    0,00    0,00    0,00    0,00   80,00    0,00    0,00    0,00   20,00
15:18:49       8    0,00    0,00    0,00    0,00    0,00   69,00    0,00    0,00    0,00   31,00
15:18:49       9    0,00    0,00    0,00    0,00    0,00   16,00    0,00    0,00    0,00   84,00
15:18:49      10    0,00    0,00    0,00    0,00    0,00   33,67    0,00    0,00    0,00   66,33
15:18:49      11    0,00    0,00    0,00    0,00    0,00   54,64    0,00    0,00    0,00   45,36
15:18:49      12    3,96    0,00    0,99    0,00    0,00   33,66    0,00    0,00    0,00   61,39
15:18:49      13    0,00    0,00    0,00    0,00    0,00   42,16    0,00    0,00    0,00   57,84
15:18:49      14    0,00    0,00    0,00    0,00    0,00   42,42    0,00    0,00    0,00   57,58
15:18:49      15    0,00    0,00    0,00    0,00    0,00   45,10    0,00    0,00    0,00   54,90
15:18:49      16    0,99    0,00    0,99    0,99    0,00    0,99    0,00    0,00    0,00   96,04
15:18:49      17    0,00    0,00    0,00    0,00    0,00    0,00    0,00    0,00    0,00  100,00
15:18:49      18    0,00    0,00    1,01    0,00    0,00    0,00    0,00    0,00    0,00   98,99
15:18:49      19    1,00    0,00    0,00    0,00    0,00    0,00    0,00    0,00    0,00   99,00
15:18:49      20    0,99    0,00    0,99    0,00    0,00    0,00    0,00    0,00    0,00   98,02
15:18:49      21    1,00    0,00    1,00    0,00    0,00    0,00    0,00    0,00    0,00   98,00
15:18:49      22    0,00    0,00    0,00    0,00    0,00    0,00    0,00    0,00    0,00  100,00
15:18:49      23    0,00    0,00    0,00    0,00    0,00    0,00    0,00    0,00    0,00  100,00

15:18:49     CPU    %usr   %nice    %sys %iowait    %irq   %soft  %steal  %guest  %gnice   %idle
15:18:50     all    0,17    0,00    0,04    0,00    0,00   42,09    0,00    0,00    0,00   57,70
15:18:50       0    0,00    0,00    0,00    0,00    0,00   45,54    0,00    0,00    0,00   54,46
15:18:50       1    0,00    0,00    0,00    0,00    0,00  100,00    0,00    0,00    0,00    0,00
15:18:50       2    0,00    0,00    0,00    0,00    0,00  100,00    0,00    0,00    0,00    0,00
15:18:50       3    0,00    0,00    0,00    0,00    0,00   67,35    0,00    0,00    0,00   32,65
15:18:50       4    0,00    0,00    0,00    0,00    0,00  100,00    0,00    0,00    0,00    0,00
15:18:50       5    0,00    0,00    0,00    0,00    0,00   93,14    0,00    0,00    0,00    6,86
15:18:50       6    0,00    0,00    0,00    0,00    0,00   92,23    0,00    0,00    0,00    7,77
15:18:50       7    0,00    0,00    0,00    0,00    0,00   79,41    0,00    0,00    0,00   20,59
15:18:50       8    0,00    0,00    0,00    0,00    0,00   69,61    0,00    0,00    0,00   30,39
15:18:50       9    0,00    0,00    0,00    0,00    0,00   16,00    0,00    0,00    0,00   84,00
15:18:50      10    0,00    0,00    0,00    0,00    0,00   34,69    0,00    0,00    0,00   65,31
15:18:50      11    0,00    0,00    0,00    0,00    0,00   48,84    0,00    0,00    0,00   51,16
15:18:50      12    0,00    0,00    0,00    0,00    0,00   34,00    0,00    0,00    0,00   66,00
15:18:50      13    0,00    0,00    0,00    0,00    0,00   43,14    0,00    0,00    0,00   56,86
15:18:50      14    0,99    0,00    0,00    0,00    0,00   40,59    0,00    0,00    0,00   58,42
15:18:50      15    0,00    0,00    0,00    0,00    0,00   43,00    0,00    0,00    0,00   57,00
15:18:50      16    1,01    0,00    0,00    0,00    0,00    0,00    0,00    0,00    0,00   98,99
15:18:50      17    1,98    0,00    0,00    0,00    0,00    0,00    0,00    0,00    0,00   98,02
15:18:50      18    0,00    0,00    0,00    0,00    0,00    0,00    0,00    0,00    0,00  100,00
15:18:50      19    0,00    0,00    1,00    0,00    0,00    0,00    0,00    0,00    0,00   99,00
15:18:50      20    0,00    0,00    0,00    0,00    0,00    0,00    0,00    0,00    0,00  100,00
15:18:50      21    0,00    0,00    0,00    0,00    0,00    0,00    0,00    0,00    0,00  100,00
15:18:50      22    0,00    0,00    0,00    0,00    0,00    0,00    0,00    0,00    0,00  100,00
15:18:50      23    0,00    0,00    0,00    0,00    0,00    0,00    0,00    0,00    0,00  100,00

15:18:50     CPU    %usr   %nice    %sys %iowait    %irq   %soft  %steal  %guest  %gnice   %idle
15:18:51     all    0,21    0,00    0,09    0,00    0,00   40,45    0,00    0,00    0,00   59,25
15:18:51       0    0,00    0,00    0,00    0,00    0,00   43,43    0,00    0,00    0,00   56,57
15:18:51       1    0,00    0,00    0,00    0,00    0,00  100,00    0,00    0,00    0,00    0,00
15:18:51       2    0,00    0,00    0,00    0,00    0,00  100,00    0,00    0,00    0,00    0,00
15:18:51       3    0,00    0,00    0,00    0,00    0,00   67,68    0,00    0,00    0,00   32,32
15:18:51       4    0,00    0,00    0,00    0,00    0,00  100,00    0,00    0,00    0,00    0,00
15:18:51       5    0,00    0,00    0,00    0,00    0,00   94,06    0,00    0,00    0,00    5,94
15:18:51       6    0,00    0,00    0,00    0,00    0,00   93,20    0,00    0,00    0,00    6,80
15:18:51       7    0,00    0,00    0,00    0,00    0,00   74,39    0,00    0,00    0,00   25,61
15:18:51       8    0,98    0,00    0,00    0,00    0,00   68,63    0,00    0,00    0,00   30,39
15:18:51       9    0,00    0,00    0,00    0,00    0,00   16,00    0,00    0,00    0,00   84,00
15:18:51      10    1,00    0,00    0,00    0,00    0,00   35,00    0,00    0,00    0,00   64,00
15:18:51      11    0,00    0,00    0,00    0,00    0,00    8,16    0,00    0,00    0,00   91,84
15:18:51      12    0,00    0,00    0,00    0,00    0,00   32,00    0,00    0,00    0,00   68,00
15:18:51      13    0,00    0,00    0,00    0,00    0,00   38,38    0,00    0,00    0,00   61,62
15:18:51      14    0,00    0,00    0,00    0,00    0,00   41,00    0,00    0,00    0,00   59,00
15:18:51      15    0,99    0,00    0,00    0,00    0,00   46,53    0,00    0,00    0,00   52,48
15:18:51      16    1,00    0,00    0,00    0,00    0,00    0,00    0,00    0,00    0,00   99,00
15:18:51      17    1,00    0,00    1,00    0,00    0,00    0,00    0,00    0,00    0,00   98,00
15:18:51      18    0,00    0,00    0,00    0,00    0,00    0,00    0,00    0,00    0,00  100,00
15:18:51      19    0,00    0,00    0,00    0,00    0,00    0,00    0,00    0,00    0,00  100,00
15:18:51      20    0,00    0,00    0,00    0,00    0,00    0,00    0,00    0,00    0,00  100,00
15:18:51      21    0,00    0,00    0,99    0,00    0,00    0,00    0,00    0,00    0,00   99,01
15:18:51      22    0,00    0,00    0,00    0,00    0,00    0,00    0,00    0,00    0,00  100,00
15:18:51      23    0,00    0,00    0,00    0,00    0,00    0,00    0,00    0,00    0,00  100,00

15:18:51     CPU    %usr   %nice    %sys %iowait    %irq   %soft  %steal  %guest  %gnice   %idle
15:18:52     all    0,17    0,00    0,04    0,00    0,00   40,51    0,00    0,00    0,00   59,27
15:18:52       0    0,00    0,00    0,00    0,00    0,00   45,00    0,00    0,00    0,00   55,00
15:18:52       1    0,00    0,00    0,00    0,00    0,00  100,00    0,00    0,00    0,00    0,00
15:18:52       2    0,00    0,00    0,00    0,00    0,00  100,00    0,00    0,00    0,00    0,00
15:18:52       3    0,00    0,00    0,00    0,00    0,00   68,32    0,00    0,00    0,00   31,68
15:18:52       4    0,00    0,00    0,00    0,00    0,00  100,00    0,00    0,00    0,00    0,00
15:18:52       5    0,00    0,00    0,00    0,00    0,00   94,12    0,00    0,00    0,00    5,88
15:18:52       6    0,97    0,00    0,97    0,00    0,00   91,26    0,00    0,00    0,00    6,80
15:18:52       7    0,00    0,00    0,00    0,00    0,00   77,53    0,00    0,00    0,00   22,47
15:18:52       8    0,00    0,00    0,00    0,00    0,00   68,69    0,00    0,00    0,00   31,31
15:18:52       9    0,00    0,00    0,00    0,00    0,00   14,29    0,00    0,00    0,00   85,71
15:18:52      10    0,00    0,00    0,00    0,00    0,00   35,35    0,00    0,00    0,00   64,65
15:18:52      11    0,00    0,00    0,00    0,00    0,00    6,25    0,00    0,00    0,00   93,75
15:18:52      12    0,00    0,00    0,00    0,00    0,00   30,61    0,00    0,00    0,00   69,39
15:18:52      13    0,00    0,00    0,00    0,00    0,00   36,00    0,00    0,00    0,00   64,00
15:18:52      14    0,00    0,00    0,00    0,00    0,00   40,40    0,00    0,00    0,00   59,60
15:18:52      15    0,00    0,00    0,00    0,00    0,00   47,00    0,00    0,00    0,00   53,00
15:18:52      16    1,00    0,00    0,00    0,00    0,00    0,00    0,00    0,00    0,00   99,00
15:18:52      17    1,98    0,00    0,00    0,00    0,00    0,00    0,00    0,00    0,00   98,02
15:18:52      18    0,00    0,00    0,00    0,00    0,00    0,00    0,00    0,00    0,00  100,00
15:18:52      19    0,00    0,00    0,00    0,00    0,00    0,00    0,00    0,00    0,00  100,00
15:18:52      20    0,00    0,00    0,00    0,00    0,00    0,00    0,00    0,00    0,00  100,00
15:18:52      21    0,00    0,00    0,00    0,00    0,00    0,00    0,00    0,00    0,00  100,00
15:18:52      22    0,00    0,00    0,00    0,00    0,00    0,00    0,00    0,00    0,00  100,00
15:18:52      23    0,00    0,00    0,00    0,00    0,00    0,00    0,00    0,00    0,00  100,00

15:18:52     CPU    %usr   %nice    %sys %iowait    %irq   %soft  %steal  %guest  %gnice   %idle
15:18:53     all    0,17    0,00    0,34    0,00    0,00   40,81    0,00    0,00    0,00   58,68
15:18:53       0    0,00    0,00    0,00    0,00    0,00   45,54    0,00    0,00    0,00   54,46
15:18:53       1    0,00    0,00    0,00    0,00    0,00  100,00    0,00    0,00    0,00    0,00
15:18:53       2    0,00    0,00    0,00    0,00    0,00  100,00    0,00    0,00    0,00    0,00
15:18:53       3    0,00    0,00    0,00    0,00    0,00   68,00    0,00    0,00    0,00   32,00
15:18:53       4    0,00    0,00    0,00    0,00    0,00  100,00    0,00    0,00    0,00    0,00
15:18:53       5    0,00    0,00    0,00    0,00    0,00   94,06    0,00    0,00    0,00    5,94
15:18:53       6    0,00    0,00    0,00    0,00    0,00   92,23    0,00    0,00    0,00    7,77
15:18:53       7    0,00    0,00    0,00    0,00    0,00   78,35    0,00    0,00    0,00   21,65
15:18:53       8    0,00    0,00    0,00    0,00    0,00   68,32    0,00    0,00    0,00   31,68
15:18:53       9    0,00    0,00    0,00    0,00    0,00   16,67    0,00    0,00    0,00   83,33
15:18:53      10    0,00    0,00    0,00    0,00    0,00   36,63    0,00    0,00    0,00   63,37
15:18:53      11    0,00    0,00    0,00    0,00    0,00    2,17    0,00    0,00    0,00   97,83
15:18:53      12    0,00    0,00    0,00    0,00    0,00   32,00    0,00    0,00    0,00   68,00
15:18:53      13    0,00    0,00    0,00    0,00    0,00   38,24    0,00    0,00    0,00   61,76
15:18:53      14    0,00    0,00    0,00    0,00    0,00   41,00    0,00    0,00    0,00   59,00
15:18:53      15    0,00    0,00    1,00    0,00    0,00   46,00    0,00    0,00    0,00   53,00
15:18:53      16    0,00    0,00    2,02    0,00    0,00    0,00    0,00    0,00    0,00   97,98
15:18:53      17    1,96    0,00    1,96    0,00    0,00    0,00    0,00    0,00    0,00   96,08
15:18:53      18    0,99    0,00    0,99    0,00    0,00    0,00    0,00    0,00    0,00   98,02
15:18:53      19    0,00    0,00    0,00    0,00    0,00    0,00    0,00    0,00    0,00  100,00
15:18:53      20    0,00    0,00    0,00    0,00    0,00    0,00    0,00    0,00    0,00  100,00
15:18:53      21    0,99    0,00    0,00    0,00    0,00    0,00    0,00    0,00    0,00   99,01
15:18:53      22    0,00    0,00    0,99    0,00    0,00    0,00    0,00    0,00    0,00   99,01
15:18:53      23    0,00    0,00    1,00    0,00    0,00    0,00    0,00    0,00    0,00   99,00

15:18:53     CPU    %usr   %nice    %sys %iowait    %irq   %soft  %steal  %guest  %gnice   %idle
15:18:54     all    0,17    0,00    0,25    0,04    0,00   41,15    0,00    0,00    0,00   58,38
15:18:54       0    0,00    0,00    0,00    0,00    0,00   44,00    0,00    0,00    0,00   56,00
15:18:54       1    0,00    0,00    0,00    0,00    0,00  100,00    0,00    0,00    0,00    0,00
15:18:54       2    0,00    0,00    0,00    0,00    0,00  100,00    0,00    0,00    0,00    0,00
15:18:54       3    0,00    0,00    0,00    0,00    0,00   69,00    0,00    0,00    0,00   31,00
15:18:54       4    0,00    0,00    0,00    0,00    0,00  100,00    0,00    0,00    0,00    0,00
15:18:54       5    0,00    0,00    0,00    0,00    0,00   95,05    0,00    0,00    0,00    4,95
15:18:54       6    0,00    0,00    0,00    0,00    0,00   93,20    0,00    0,00    0,00    6,80
15:18:54       7    0,00    0,00    0,00    0,00    0,00   81,00    0,00    0,00    0,00   19,00
15:18:54       8    0,00    0,00    0,99    0,00    0,00   69,31    0,00    0,00    0,00   29,70
15:18:54       9    0,00    0,00    0,00    0,00    0,00   15,15    0,00    0,00    0,00   84,85
15:18:54      10    0,00    0,00    0,00    1,01    0,00   35,35    0,00    0,00    0,00   63,64
15:18:54      11    0,00    0,00    0,00    0,00    0,00    4,17    0,00    0,00    0,00   95,83
15:18:54      12    0,00    0,00    0,00    0,00    0,00   33,33    0,00    0,00    0,00   66,67
15:18:54      13    0,00    0,00    0,00    0,00    0,00   37,62    0,00    0,00    0,00   62,38
15:18:54      14    0,00    0,00    0,00    0,00    0,00   41,18    0,00    0,00    0,00   58,82
15:18:54      15    0,00    0,00    0,00    0,00    0,00   47,52    0,00    0,00    0,00   52,48
15:18:54      16    1,96    0,00    1,96    0,00    0,00    0,00    0,00    0,00    0,00   96,08
15:18:54      17    1,01    0,00    0,00    0,00    0,00    0,00    0,00    0,00    0,00   98,99
15:18:54      18    0,00    0,00    1,00    0,00    0,00    0,00    0,00    0,00    0,00   99,00
15:18:54      19    0,99    0,00    0,00    0,00    0,00    0,00    0,00    0,00    0,00   99,01
15:18:54      20    0,00    0,00    0,00    0,00    0,00    0,00    0,00    0,00    0,00  100,00
15:18:54      21    0,00    0,00    1,00    0,00    0,00    0,00    0,00    0,00    0,00   99,00
15:18:54      22    0,00    0,00    0,00    0,00    0,00    0,00    0,00    0,00    0,00  100,00
15:18:54      23    0,00    0,00    1,00    0,00    0,00    0,00    0,00    0,00    0,00   99,00

15:18:54     CPU    %usr   %nice    %sys %iowait    %irq   %soft  %steal  %guest  %gnice   %idle
15:18:55     all    0,13    0,00    0,08    0,00    0,00   40,97    0,00    0,00    0,00   58,82
15:18:55       0    0,00    0,00    0,00    0,00    0,00   45,00    0,00    0,00    0,00   55,00
15:18:55       1    0,00    0,00    0,99    0,00    0,00   99,01    0,00    0,00    0,00    0,00
15:18:55       2    0,00    0,00    0,99    0,00    0,00   99,01    0,00    0,00    0,00    0,00
15:18:55       3    0,00    0,00    0,00    0,00    0,00   67,68    0,00    0,00    0,00   32,32
15:18:55       4    0,00    0,00    0,00    0,00    0,00  100,00    0,00    0,00    0,00    0,00
15:18:55       5    0,00    0,00    0,00    0,00    0,00   93,27    0,00    0,00    0,00    6,73
15:18:55       6    0,00    0,00    0,00    0,00    0,00   94,12    0,00    0,00    0,00    5,88
15:18:55       7    0,00    0,00    0,00    0,00    0,00   79,21    0,00    0,00    0,00   20,79
15:18:55       8    0,00    0,00    0,00    0,00    0,00   69,61    0,00    0,00    0,00   30,39
15:18:55       9    0,00    0,00    0,00    0,00    0,00   15,84    0,00    0,00    0,00   84,16
15:18:55      10    0,00    0,00    0,00    0,00    0,00   35,35    0,00    0,00    0,00   64,65
15:18:55      11    0,00    0,00    0,00    0,00    0,00    8,16    0,00    0,00    0,00   91,84
15:18:55      12    0,00    0,00    0,00    0,00    0,00   32,00    0,00    0,00    0,00   68,00
15:18:55      13    0,00    0,00    0,00    0,00    0,00   37,00    0,00    0,00    0,00   63,00
15:18:55      14    0,00    0,00    0,00    0,00    0,00   40,40    0,00    0,00    0,00   59,60
15:18:55      15    0,00    0,00    0,00    0,00    0,00   46,46    0,00    0,00    0,00   53,54
15:18:55      16    1,00    0,00    0,00    0,00    0,00    0,00    0,00    0,00    0,00   99,00
15:18:55      17    0,99    0,00    0,00    0,00    0,00    0,00    0,00    0,00    0,00   99,01
15:18:55      18    0,99    0,00    0,00    0,00    0,00    0,00    0,00    0,00    0,00   99,01
15:18:55      19    0,00    0,00    0,00    0,00    0,00    0,00    0,00    0,00    0,00  100,00
15:18:55      20    0,00    0,00    0,00    0,00    0,00    0,00    0,00    0,00    0,00  100,00
15:18:55      21    0,00    0,00    0,00    0,00    0,00    0,00    0,00    0,00    0,00  100,00
15:18:55      22    0,00    0,00    0,00    0,00    0,00    0,00    0,00    0,00    0,00  100,00
15:18:55      23    0,00    0,00    0,00    0,00    0,00    0,00    0,00    0,00    0,00  100,00

15:18:55     CPU    %usr   %nice    %sys %iowait    %irq   %soft  %steal  %guest  %gnice   %idle
15:18:56     all    0,09    0,00    0,09    0,00    0,00   40,72    0,00    0,00    0,00   59,10
15:18:56       0    0,00    0,00    0,00    0,00    0,00   44,55    0,00    0,00    0,00   55,45
15:18:56       1    0,00    0,00    0,00    0,00    0,00  100,00    0,00    0,00    0,00    0,00
15:18:56       2    0,00    0,00    0,00    0,00    0,00  100,00    0,00    0,00    0,00    0,00
15:18:56       3    0,00    0,00    0,00    0,00    0,00   67,68    0,00    0,00    0,00   32,32
15:18:56       4    0,00    0,00    0,00    0,00    0,00  100,00    0,00    0,00    0,00    0,00
15:18:56       5    0,00    0,00    0,99    0,00    0,00   94,06    0,00    0,00    0,00    4,95
15:18:56       6    0,00    0,00    0,00    0,00    0,00   94,95    0,00    0,00    0,00    5,05
15:18:56       7    0,00    0,00    0,00    0,00    0,00   79,80    0,00    0,00    0,00   20,20
15:18:56       8    0,00    0,00    0,00    0,00    0,00   67,35    0,00    0,00    0,00   32,65
15:18:56       9    0,00    0,00    0,00    0,00    0,00   16,00    0,00    0,00    0,00   84,00
15:18:56      10    0,00    0,00    0,00    0,00    0,00   36,00    0,00    0,00    0,00   64,00
15:18:56      11    0,00    0,00    0,00    0,00    0,00    6,00    0,00    0,00    0,00   94,00
15:18:56      12    0,00    0,00    0,00    0,00    0,00   31,31    0,00    0,00    0,00   68,69
15:18:56      13    0,00    0,00    0,00    0,00    0,00   36,00    0,00    0,00    0,00   64,00
15:18:56      14    0,00    0,00    0,00    0,00    0,00   40,00    0,00    0,00    0,00   60,00
15:18:56      15    0,00    0,00    0,00    0,00    0,00   47,00    0,00    0,00    0,00   53,00
15:18:56      16    1,00    0,00    0,00    0,00    0,00    0,00    0,00    0,00    0,00   99,00
15:18:56      17    1,00    0,00    1,00    0,00    0,00    0,00    0,00    0,00    0,00   98,00
15:18:56      18    0,00    0,00    0,00    0,00    0,00    0,00    0,00    0,00    0,00  100,00
15:18:56      19    0,00    0,00    0,00    0,00    0,00    0,00    0,00    0,00    0,00  100,00
15:18:56      20    0,00    0,00    0,00    0,00    0,00    0,00    0,00    0,00    0,00  100,00
15:18:56      21    0,00    0,00    0,00    0,00    0,00    0,00    0,00    0,00    0,00  100,00
15:18:56      22    0,00    0,00    0,00    0,00    0,00    0,00    0,00    0,00    0,00  100,00
15:18:56      23    0,00    0,00    0,00    0,00    0,00    0,00    0,00    0,00    0,00  100,00

15:18:56     CPU    %usr   %nice    %sys %iowait    %irq   %soft  %steal  %guest  %gnice   %idle
15:18:57     all    0,34    0,00    0,13    0,00    0,00   41,23    0,00    0,00    0,00   58,31
15:18:57       0    0,00    0,00    1,00    0,00    0,00   44,00    0,00    0,00    0,00   55,00
15:18:57       1    0,00    0,00    0,00    0,00    0,00  100,00    0,00    0,00    0,00    0,00
15:18:57       2    0,00    0,00    0,00    0,00    0,00  100,00    0,00    0,00    0,00    0,00
15:18:57       3    0,00    0,00    0,00    0,00    0,00   67,68    0,00    0,00    0,00   32,32
15:18:57       4    0,00    0,00    0,00    0,00    0,00  100,00    0,00    0,00    0,00    0,00
15:18:57       5    0,00    0,00    0,00    0,00    0,00   94,06    0,00    0,00    0,00    5,94
15:18:57       6    0,00    0,00    0,00    0,00    0,00   95,10    0,00    0,00    0,00    4,90
15:18:57       7    0,00    0,00    0,00    0,00    0,00   81,00    0,00    0,00    0,00   19,00
15:18:57       8    0,00    0,00    0,00    0,00    0,00   68,69    0,00    0,00    0,00   31,31
15:18:57       9    0,99    0,00    0,00    0,00    0,00   14,85    0,00    0,00    0,00   84,16
15:18:57      10    0,98    0,00    0,00    0,00    0,00   36,27    0,00    0,00    0,00   62,75
15:18:57      11    0,00    0,00    0,00    0,00    0,00   29,69    0,00    0,00    0,00   70,31
15:18:57      12    0,00    0,00    0,00    0,00    0,00   31,68    0,00    0,00    0,00   68,32
15:18:57      13    3,00    0,00    0,00    0,00    0,00   36,00    0,00    0,00    0,00   61,00
15:18:57      14    0,00    0,00    0,00    0,00    0,00   40,00    0,00    0,00    0,00   60,00
15:18:57      15    0,00    0,00    0,00    0,00    0,00   46,53    0,00    0,00    0,00   53,47
15:18:57      16    1,00    0,00    1,00    0,00    0,00    0,00    0,00    0,00    0,00   98,00
15:18:57      17    1,98    0,00    0,00    0,00    0,00    0,00    0,00    0,00    0,00   98,02
15:18:57      18    0,00    0,00    0,00    0,00    0,00    0,00    0,00    0,00    0,00  100,00
15:18:57      19    0,00    0,00    0,00    0,00    0,00    0,00    0,00    0,00    0,00  100,00
15:18:57      20    0,00    0,00    0,99    0,00    0,00    0,00    0,00    0,00    0,00   99,01
15:18:57      21    0,00    0,00    0,00    0,00    0,00    0,00    0,00    0,00    0,00  100,00
15:18:57      22    0,00    0,00    0,00    0,00    0,00    0,00    0,00    0,00    0,00  100,00
15:18:57      23    0,00    0,00    0,00    0,00    0,00    0,00    0,00    0,00    0,00  100,00

15:18:57     CPU    %usr   %nice    %sys %iowait    %irq   %soft  %steal  %guest  %gnice   %idle
15:18:58     all    1,61    0,00    0,89    0,00    0,00   42,28    0,00    0,00    0,00   55,22
15:18:58       0    0,00    0,00    0,00    0,00    0,00   46,00    0,00    0,00    0,00   54,00
15:18:58       1    0,00    0,00    0,00    0,00    0,00  100,00    0,00    0,00    0,00    0,00
15:18:58       2    0,00    0,00    0,00    0,00    0,00  100,00    0,00    0,00    0,00    0,00
15:18:58       3    0,00    0,00    0,00    0,00    0,00   69,70    0,00    0,00    0,00   30,30
15:18:58       4    0,00    0,00    0,00    0,00    0,00  100,00    0,00    0,00    0,00    0,00
15:18:58       5    0,00    0,00    0,00    0,00    0,00   97,00    0,00    0,00    0,00    3,00
15:18:58       6    0,00    0,00    0,00    0,00    0,00   97,03    0,00    0,00    0,00    2,97
15:18:58       7    0,00    0,00    0,00    0,00    0,00   82,35    0,00    0,00    0,00   17,65
15:18:58       8    0,00    0,00    0,00    0,00    0,00   73,74    0,00    0,00    0,00   26,26
15:18:58       9    5,05    0,00    2,02    0,00    0,00   17,17    0,00    0,00    0,00   75,76
15:18:58      10    9,80    0,00    1,96    0,00    0,00   36,27    0,00    0,00    0,00   51,96
15:18:58      11    0,00    0,00    0,00    0,00    0,00   30,16    0,00    0,00    0,00   69,84
15:18:58      12    1,00    0,00    1,00    0,00    0,00   33,00    0,00    0,00    0,00   65,00
15:18:58      13    0,00    0,00    0,00    0,00    0,00   33,70    0,00    0,00    0,00   66,30
15:18:58      14    0,98    0,00    0,98    0,00    0,00   43,14    0,00    0,00    0,00   54,90
15:18:58      15    0,00    0,00    0,00    0,00    0,00   49,00    0,00    0,00    0,00   51,00
15:18:58      16    3,03    0,00    1,01    0,00    0,00    0,00    0,00    0,00    0,00   95,96
15:18:58      17    1,01    0,00    2,02    0,00    0,00    0,00    0,00    0,00    0,00   96,97
15:18:58      18    3,96    0,00    1,98    0,00    0,00    0,00    0,00    0,00    0,00   94,06
15:18:58      19    2,97    0,00    3,96    0,00    0,00    0,00    0,00    0,00    0,00   93,07
15:18:58      20    9,00    0,00    3,00    0,00    0,00    0,00    0,00    0,00    0,00   88,00
15:18:58      21    1,00    0,00    1,00    0,00    0,00    0,00    0,00    0,00    0,00   98,00
15:18:58      22    0,00    0,00    1,00    0,00    0,00    0,00    0,00    0,00    0,00   99,00
15:18:58      23    0,00    0,00    1,01    0,00    0,00    0,00    0,00    0,00    0,00   98,99
