{
  "peak_forwarded_pps": 5081360.0,
  "peak_forwarded_gbps": 2.4390528,
  "sender_injection_pps": 36127550.333333336,
  "packet_loss_pct": 86.41325673856542,
  "nic_drop_rate_mean": 0.0,
  "nic_drop_rate_peak": 0.0,
  "forwarding_efficiency_pct": 13.58674326143458,
  "throughput_std_dev": 660810.0663133856
}