{
  "peak_forwarded_pps": 31004583.0,
  "peak_forwarded_gbps": 20.835080288,
  "sender_injection_pps": 37200390.82608695,
  "packet_loss_pct": 18.00963376632993,
  "nic_drop_rate_mean": 0.0,
  "nic_drop_rate_peak": 0.0,
  "forwarding_efficiency_pct": 81.99036623367007,
  "throughput_std_dev": 366082.8944843474
}