{
  "peak_forwarded_pps": 30852747.0,
  "peak_forwarded_gbps": 20.733047008,
  "sender_injection_pps": 37202110.95652174,
  "packet_loss_pct": 15.893116833627868,
  "nic_drop_rate_mean": 0.0,
  "nic_drop_rate_peak": 0.0,
  "forwarding_efficiency_pct": 84.10688316637213,
  "throughput_std_dev": 8550542.413810302
}