{
  "peak_forwarded_pps": 15498587.5,
  "peak_forwarded_gbps": 10.415050800000001,
  "sender_injection_pps": 40586703.40909091,
  "packet_loss_pct": 61.08164792241816,
  "nic_drop_rate_mean": 0.0,
  "nic_drop_rate_peak": 0.0,
  "forwarding_efficiency_pct": 38.91835207758184,
  "throughput_std_dev": 224713.50765843783
}