Linux 6.8.0-117-generic (testbed-node6) 	03/06/26 	_x86_64_	(24 CPU)

14:04:17     CPU    %usr   %nice    %sys %iowait    %irq   %soft  %steal  %guest  %gnice   %idle
14:04:18     all    1,18    0,00    0,42    0,00    0,00   52,35    0,00    0,00    0,00   46,04
14:04:18       0    0,00    0,00    0,00    0,00    0,00   67,00    0,00    0,00    0,00   33,00
14:04:18       1    0,00    0,00    0,00    0,00    0,00   80,20    0,00    0,00    0,00   19,80
14:04:18       2    0,00    0,00    0,00    0,00    0,00   71,57    0,00    0,00    0,00   28,43
14:04:18       3    0,00    0,00    0,00    0,00    0,00   83,67    0,00    0,00    0,00   16,33
14:04:18       4    0,00    0,00    0,00    0,00    0,00  100,00    0,00    0,00    0,00    0,00
14:04:18       5    0,00    0,00    0,00    0,00    0,00  100,00    0,00    0,00    0,00    0,00
14:04:18       6    0,00    0,00    0,00    0,00    0,00   95,96    0,00    0,00    0,00    4,04
14:04:18       7    0,00    0,00    0,00    0,00    0,00  100,00    0,00    0,00    0,00    0,00
14:04:18       8    0,00    0,00    0,00    0,00    0,00   95,10    0,00    0,00    0,00    4,90
14:04:18       9    0,00    0,00    0,00    0,00    0,00   78,57    0,00    0,00    0,00   21,43
14:04:18      10    0,99    0,00    0,00    0,00    0,00   97,03    0,00    0,00    0,00    1,98
14:04:18      11   19,19    0,00    2,02    0,00    0,00   63,64    0,00    0,00    0,00   15,15
14:04:18      12    0,00    0,00    0,00    0,00    0,00   64,36    0,00    0,00    0,00   35,64
14:04:18      13    0,98    0,00    0,98    0,00    0,00   56,86    0,00    0,00    0,00   41,18
14:04:18      14    1,01    0,00    1,01    0,00    0,00   69,70    0,00    0,00    0,00   28,28
14:04:18      15    0,00    0,00    0,00    0,00    0,00   19,67    0,00    0,00    0,00   80,33
14:04:18      16    2,00    0,00    1,00    0,00    0,00    0,00    0,00    0,00    0,00   97,00
14:04:18      17    0,00    0,00    1,01    0,00    0,00    0,00    0,00    0,00    0,00   98,99
14:04:18      18    1,00    0,00    0,00    0,00    0,00    0,00    0,00    0,00    0,00   99,00
14:04:18      19    0,00    0,00    1,00    0,00    0,00    0,00    0,00    0,00    0,00   99,00
14:04:18      20    1,00    0,00    0,00    0,00    0,00    0,00    0,00    0,00    0,00   99,00
14:04:18      21    0,00    0,00    1,00    0,00    0,00    0,00    0,00    0,00    0,00   99,00
14:04:18      22    0,99    0,00    0,99    0,00    0,00    0,00    0,00    0,00    0,00   98,02
14:04:18      23    1,00    0,00    1,00    0,00    0,00    0,00    0,00    0,00    0,00   98,00

14:04:18     CPU    %usr   %nice    %sys %iowait    %irq   %soft  %steal  %guest  %gnice   %idle
14:04:19     all    0,21    0,00    0,21    0,04    0,00   51,00    0,00    0,00    0,00   48,54
14:04:19       0    0,00    0,00    0,00    0,00    0,00   65,35    0,00    0,00    0,00   34,65
14:04:19       1    0,00    0,00    0,00    0,00    0,00   75,79    0,00    0,00    0,00   24,21
14:04:19       2    0,97    0,00    0,97    0,00    0,00   66,99    0,00    0,00    0,00   31,07
14:04:19       3    0,00    0,00    0,00    0,00    0,00   83,00    0,00    0,00    0,00   17,00
14:04:19       4    0,00    0,00    0,00    0,00    0,00  100,00    0,00    0,00    0,00    0,00
14:04:19       5    0,00    0,00    0,00    0,00    0,00  100,00    0,00    0,00    0,00    0,00
14:04:19       6    0,00    0,00    0,00    0,00    0,00   94,00    0,00    0,00    0,00    6,00
14:04:19       7    0,00    0,00    0,00    0,00    0,00  100,00    0,00    0,00    0,00    0,00
14:04:19       8    0,00    0,00    0,00    0,00    0,00   93,07    0,00    0,00    0,00    6,93
14:04:19       9    0,00    0,00    0,00    0,00    0,00   78,22    0,00    0,00    0,00   21,78
14:04:19      10    0,00    0,00    0,00    0,00    0,00   88,57    0,00    0,00    0,00   11,43
14:04:19      11    0,00    0,00    0,00    0,00    0,00   59,57    0,00    0,00    0,00   40,43
14:04:19      12    0,99    0,00    0,00    0,00    0,00   62,38    0,00    0,00    0,00   36,63
14:04:19      13    0,00    0,00    0,00    0,00    0,00   54,46    0,00    0,00    0,00   45,54
14:04:19      14    0,00    0,00    0,00    0,00    0,00   68,37    0,00    0,00    0,00   31,63
14:04:19      15    0,00    0,00    0,00    0,00    0,00   20,63    0,00    0,00    0,00   79,37
14:04:19      16    0,00    0,00    0,00    0,00    0,00    0,00    0,00    0,00    0,00  100,00
14:04:19      17    1,00    0,00    0,00    0,00    0,00    0,00    0,00    0,00    0,00   99,00
14:04:19      18    1,00    0,00    1,00    0,00    0,00    0,00    0,00    0,00    0,00   98,00
14:04:19      19    1,00    0,00    2,00    1,00    0,00    0,00    0,00    0,00    0,00   96,00
14:04:19      20    0,00    0,00    0,00    0,00    0,00    0,00    0,00    0,00    0,00  100,00
14:04:19      21    0,00    0,00    0,00    0,00    0,00    0,00    0,00    0,00    0,00  100,00
14:04:19      22    0,00    0,00    0,00    0,00    0,00    0,00    0,00    0,00    0,00  100,00
14:04:19      23    0,00    0,00    1,01    0,00    0,00    0,00    0,00    0,00    0,00   98,99

14:04:19     CPU    %usr   %nice    %sys %iowait    %irq   %soft  %steal  %guest  %gnice   %idle
14:04:20     all    0,86    0,00    0,73    0,09    0,00   51,16    0,00    0,00    0,00   47,16
14:04:20       0    0,00    0,00    0,00    0,00    0,00   65,66    0,00    0,00    0,00   34,34
14:04:20       1    0,00    0,00    0,00    0,00    0,00   72,22    0,00    0,00    0,00   27,78
14:04:20       2    0,00    0,00    0,00    0,00    0,00   70,00    0,00    0,00    0,00   30,00
14:04:20       3    0,00    0,00    0,00    0,00    0,00   84,54    0,00    0,00    0,00   15,46
14:04:20       4    0,00    0,00    0,00    0,00    0,00  100,00    0,00    0,00    0,00    0,00
14:04:20       5    0,00    0,00    0,00    0,00    0,00  100,00    0,00    0,00    0,00    0,00
14:04:20       6    0,00    0,00    0,00    0,00    0,00   94,85    0,00    0,00    0,00    5,15
14:04:20       7    0,00    0,00    0,00    0,00    0,00  100,00    0,00    0,00    0,00    0,00
14:04:20       8    0,00    0,00    0,00    0,00    0,00   94,95    0,00    0,00    0,00    5,05
14:04:20       9    0,00    0,00    0,00    0,00    0,00   78,57    0,00    0,00    0,00   21,43
14:04:20      10    0,00    0,00    0,00    0,00    0,00   91,18    0,00    0,00    0,00    8,82
14:04:20      11    4,26    0,00    1,06    0,00    0,00   60,64    0,00    0,00    0,00   34,04
14:04:20      12    0,97    0,00    0,97    0,00    0,00   63,11    0,00    0,00    0,00   34,95
14:04:20      13    0,99    0,00    0,00    0,00    0,00   57,43    0,00    0,00    0,00   41,58
14:04:20      14    0,00    0,00    0,00    0,00    0,00   71,00    0,00    0,00    0,00   29,00
14:04:20      15    0,00    0,00    0,00    0,00    0,00   15,25    0,00    0,00    0,00   84,75
14:04:20      16    2,02    0,00    3,03    1,01    0,00    0,00    0,00    0,00    0,00   93,94
14:04:20      17    4,00    0,00    4,00    1,00    0,00    1,00    0,00    0,00    0,00   90,00
14:04:20      18    1,01    0,00    2,02    0,00    0,00    0,00    0,00    0,00    0,00   96,97
14:04:20      19    1,00    0,00    0,00    0,00    0,00    0,00    0,00    0,00    0,00   99,00
14:04:20      20    2,97    0,00    2,97    0,00    0,00    0,00    0,00    0,00    0,00   94,06
14:04:20      21    1,00    0,00    1,00    0,00    0,00    0,00    0,00    0,00    0,00   98,00
14:04:20      22    1,01    0,00    1,01    0,00    0,00    0,00    0,00    0,00    0,00   97,98
14:04:20      23    0,99    0,00    0,99    0,00    0,00    0,99    0,00    0,00    0,00   97,03

14:04:20     CPU    %usr   %nice    %sys %iowait    %irq   %soft  %steal  %guest  %gnice   %idle
14:04:21     all    1,69    0,00    0,85    0,00    0,00   53,21    0,00    0,00    0,00   44,25
14:04:21       0   11,00    0,00    3,00    0,00    0,00   69,00    0,00    0,00    0,00   17,00
14:04:21       1    7,29    0,00    1,04    0,00    0,00   81,25    0,00    0,00    0,00   10,42
14:04:21       2    0,00    0,00    0,00    0,00    0,00   73,74    0,00    0,00    0,00   26,26
14:04:21       3    0,00    0,00    0,00    0,00    0,00   88,35    0,00    0,00    0,00   11,65
14:04:21       4    0,00    0,00    0,00    0,00    0,00  100,00    0,00    0,00    0,00    0,00
14:04:21       5    0,00    0,00    0,00    0,00    0,00  100,00    0,00    0,00    0,00    0,00
14:04:21       6    0,00    0,00    0,00    0,00    0,00   96,97    0,00    0,00    0,00    3,03
14:04:21       7    0,00    0,00    0,00    0,00    0,00  100,00    0,00    0,00    0,00    0,00
14:04:21       8    0,00    0,00    0,00    0,00    0,00   96,04    0,00    0,00    0,00    3,96
14:04:21       9    0,00    0,00    0,00    0,00    0,00   81,19    0,00    0,00    0,00   18,81
14:04:21      10    0,00    0,00    0,00    0,00    0,00   92,16    0,00    0,00    0,00    7,84
14:04:21      11    0,00    0,00    0,00    0,00    0,00   65,00    0,00    0,00    0,00   35,00
14:04:21      12    0,00    0,00    0,00    0,00    0,00   65,31    0,00    0,00    0,00   34,69
14:04:21      13    0,00    0,00    0,00    0,00    0,00   55,21    0,00    0,00    0,00   44,79
14:04:21      14    0,98    0,00    0,00    0,00    0,00   71,57    0,00    0,00    0,00   27,45
14:04:21      15    0,00    0,00    0,00    0,00    0,00   32,39    0,00    0,00    0,00   67,61
14:04:21      16    2,97    0,00    1,98    0,00    0,00    0,00    0,00    0,00    0,00   95,05
14:04:21      17    1,01    0,00    0,00    0,00    0,00    0,00    0,00    0,00    0,00   98,99
14:04:21      18    3,00    0,00    4,00    0,00    0,00    0,00    0,00    0,00    0,00   93,00
14:04:21      19    4,00    0,00    4,00    0,00    0,00    0,00    0,00    0,00    0,00   92,00
14:04:21      20    3,06    0,00    1,02    0,00    0,00    0,00    0,00    0,00    0,00   95,92
14:04:21      21    1,01    0,00    0,00    0,00    0,00    0,00    0,00    0,00    0,00   98,99
14:04:21      22    2,00    0,00    2,00    0,00    0,00    0,00    0,00    0,00    0,00   96,00
14:04:21      23    4,04    0,00    3,03    0,00    0,00    0,00    0,00    0,00    0,00   92,93

14:04:21     CPU    %usr   %nice    %sys %iowait    %irq   %soft  %steal  %guest  %gnice   %idle
14:04:22     all    0,13    0,00    0,04    0,04    0,00   51,40    0,00    0,00    0,00   48,40
14:04:22       0    0,00    0,00    0,00    0,00    0,00   63,00    0,00    0,00    0,00   37,00
14:04:22       1    0,00    0,00    0,00    0,00    0,00   75,51    0,00    0,00    0,00   24,49
14:04:22       2    0,00    0,00    0,00    0,00    0,00   69,39    0,00    0,00    0,00   30,61
14:04:22       3    0,00    0,00    0,00    0,00    0,00   85,86    0,00    0,00    0,00   14,14
14:04:22       4    0,00    0,00    0,00    0,00    0,00  100,00    0,00    0,00    0,00    0,00
14:04:22       5    0,00    0,00    0,00    0,00    0,00  100,00    0,00    0,00    0,00    0,00
14:04:22       6    0,00    0,00    0,00    0,00    0,00   93,94    0,00    0,00    0,00    6,06
14:04:22       7    0,00    0,00    0,00    0,00    0,00  100,00    0,00    0,00    0,00    0,00
14:04:22       8    0,00    0,00    0,00    0,00    0,00   92,16    0,00    0,00    0,00    7,84
14:04:22       9    0,00    0,00    0,00    0,00    0,00   76,29    0,00    0,00    0,00   23,71
14:04:22      10    0,00    0,00    0,00    0,00    0,00   86,54    0,00    0,00    0,00   13,46
14:04:22      11    0,00    0,00    0,00    0,00    0,00   60,61    0,00    0,00    0,00   39,39
14:04:22      12    0,00    0,00    0,00    0,00    0,00   61,39    0,00    0,00    0,00   38,61
14:04:22      13    0,99    0,00    0,99    0,00    0,00   53,47    0,00    0,00    0,00   44,55
14:04:22      14    0,00    0,00    0,00    0,00    0,00   68,00    0,00    0,00    0,00   32,00
14:04:22      15    0,00    0,00    0,00    0,00    0,00   48,48    0,00    0,00    0,00   51,52
14:04:22      16    0,00    0,00    0,00    0,00    0,00    0,00    0,00    0,00    0,00  100,00
14:04:22      17    0,99    0,00    0,00    0,00    0,00    0,00    0,00    0,00    0,00   99,01
14:04:22      18    0,99    0,00    0,00    0,99    0,00    0,00    0,00    0,00    0,00   98,02
14:04:22      19    0,00    0,00    0,00    0,00    0,00    0,00    0,00    0,00    0,00  100,00
14:04:22      20    0,00    0,00    0,00    0,00    0,00    0,00    0,00    0,00    0,00  100,00
14:04:22      21    0,00    0,00    0,00    0,00    0,00    0,00    0,00    0,00    0,00  100,00
14:04:22      22    0,00    0,00    0,00    0,00    0,00    0,00    0,00    0,00    0,00  100,00
14:04:22      23    0,00    0,00    0,00    0,00    0,00    0,00    0,00    0,00    0,00  100,00

14:04:22     CPU    %usr   %nice    %sys %iowait    %irq   %soft  %steal  %guest  %gnice   %idle
14:04:23     all    0,13    0,00    0,13    0,00    0,00   50,51    0,00    0,00    0,00   49,23
14:04:23       0    0,00    0,00    0,00    0,00    0,00   64,36    0,00    0,00    0,00   35,64
14:04:23       1    0,00    0,00    0,00    0,00    0,00   76,77    0,00    0,00    0,00   23,23
14:04:23       2    0,00    0,00    0,00    0,00    0,00   70,30    0,00    0,00    0,00   29,70
14:04:23       3    0,00    0,00    0,00    0,00    0,00   84,00    0,00    0,00    0,00   16,00
14:04:23       4    0,00    0,00    0,00    0,00    0,00  100,00    0,00    0,00    0,00    0,00
14:04:23       5    0,00    0,00    0,99    0,00    0,00   99,01    0,00    0,00    0,00    0,00
14:04:23       6    0,00    0,00    0,00    0,00    0,00   92,93    0,00    0,00    0,00    7,07
14:04:23       7    0,00    0,00    0,00    0,00    0,00  100,00    0,00    0,00    0,00    0,00
14:04:23       8    0,00    0,00    0,00    0,00    0,00   93,88    0,00    0,00    0,00    6,12
14:04:23       9    0,00    0,00    0,00    0,00    0,00   78,00    0,00    0,00    0,00   22,00
14:04:23      10    0,00    0,00    0,97    0,00    0,00   87,38    0,00    0,00    0,00   11,65
14:04:23      11    0,00    0,00    0,00    0,00    0,00   61,62    0,00    0,00    0,00   38,38
14:04:23      12    0,00    0,00    0,00    0,00    0,00   60,42    0,00    0,00    0,00   39,58
14:04:23      13    0,00    0,00    0,00    0,00    0,00   33,82    0,00    0,00    0,00   66,18
14:04:23      14    0,00    0,00    0,00    0,00    0,00   69,61    0,00    0,00    0,00   30,39
14:04:23      15    0,00    0,00    0,00    0,00    0,00   25,00    0,00    0,00    0,00   75,00
14:04:23      16    0,00    0,00    0,00    0,00    0,00    0,00    0,00    0,00    0,00  100,00
14:04:23      17    0,00    0,00    0,00    0,00    0,00    0,00    0,00    0,00    0,00  100,00
14:04:23      18    0,00    0,00    0,00    0,00    0,00    0,00    0,00    0,00    0,00  100,00
14:04:23      19    0,00    0,00    0,00    0,00    0,00    0,00    0,00    0,00    0,00  100,00
14:04:23      20    0,00    0,00    0,00    0,00    0,00    0,00    0,00    0,00    0,00  100,00
14:04:23      21    0,99    0,00    0,99    0,00    0,00    0,00    0,00    0,00    0,00   98,02
14:04:23      22    1,00    0,00    0,00    0,00    0,00    0,00    0,00    0,00    0,00   99,00
14:04:23      23    0,99    0,00    0,00    0,00    0,00    0,00    0,00    0,00    0,00   99,01

14:04:23     CPU    %usr   %nice    %sys %iowait    %irq   %soft  %steal  %guest  %gnice   %idle
14:04:24     all    0,09    0,00    0,26    0,00    0,00   50,60    0,00    0,00    0,00   49,06
14:04:24       0    0,00    0,00    0,00    0,00    0,00   61,05    0,00    0,00    0,00   38,95
14:04:24       1    0,00    0,00    0,00    0,00    0,00   75,26    0,00    0,00    0,00   24,74
14:04:24       2    0,00    0,00    0,00    0,00    0,00   70,00    0,00    0,00    0,00   30,00
14:04:24       3    0,00    0,00    0,00    0,00    0,00   84,31    0,00    0,00    0,00   15,69
14:04:24       4    0,00    0,00    0,00    0,00    0,00  100,00    0,00    0,00    0,00    0,00
14:04:24       5    0,00    0,00    0,00    0,00    0,00  100,00    0,00    0,00    0,00    0,00
14:04:24       6    0,00    0,00    0,00    0,00    0,00   94,06    0,00    0,00    0,00    5,94
14:04:24       7    0,00    0,00    0,00    0,00    0,00  100,00    0,00    0,00    0,00    0,00
14:04:24       8    0,00    0,00    0,00    0,00    0,00   92,93    0,00    0,00    0,00    7,07
14:04:24       9    0,00    0,00    0,00    0,00    0,00   77,00    0,00    0,00    0,00   23,00
14:04:24      10    0,00    0,00    0,00    0,00    0,00   87,38    0,00    0,00    0,00   12,62
14:04:24      11    0,00    0,00    0,00    0,00    0,00   60,61    0,00    0,00    0,00   39,39
14:04:24      12    0,00    0,00    0,00    0,00    0,00   61,76    0,00    0,00    0,00   38,24
14:04:24      13    0,00    0,00    0,00    0,00    0,00   55,45    0,00    0,00    0,00   44,55
14:04:24      14    0,00    0,00    0,00    0,00    0,00   68,69    0,00    0,00    0,00   31,31
14:04:24      15    0,00    0,00    0,00    0,00    0,00    3,70    0,00    0,00    0,00   96,30
14:04:24      16    0,00    0,00    1,00    0,00    0,00    0,00    0,00    0,00    0,00   99,00
14:04:24      17    1,00    0,00    1,00    0,00    0,00    0,00    0,00    0,00    0,00   98,00
14:04:24      18    0,00    0,00    0,00    0,00    0,00    0,00    0,00    0,00    0,00  100,00
14:04:24      19    0,00    0,00    0,00    0,00    0,00    0,00    0,00    0,00    0,00  100,00
14:04:24      20    0,99    0,00    0,99    0,00    0,00    0,00    0,00    0,00    0,00   98,02
14:04:24      21    0,00    0,00    0,00    0,00    0,00    0,00    0,00    0,00    0,00  100,00
14:04:24      22    0,00    0,00    0,99    0,00    0,00    0,00    0,00    0,00    0,00   99,01
14:04:24      23    0,00    0,00    2,02    0,00    0,00    0,00    0,00    0,00    0,00   97,98

14:04:24     CPU    %usr   %nice    %sys %iowait    %irq   %soft  %steal  %guest  %gnice   %idle
14:04:25     all    0,13    0,00    0,21    0,13    0,00   51,55    0,00    0,00    0,00   47,99
14:04:25       0    0,00    0,00    0,00    0,00    0,00   64,00    0,00    0,00    0,00   36,00
14:04:25       1    0,00    0,00    0,00    0,00    0,00   75,76    0,00    0,00    0,00   24,24
14:04:25       2    0,00    0,00    0,00    0,00    0,00   69,00    0,00    0,00    0,00   31,00
14:04:25       3    0,00    0,00    0,00    0,00    0,00   81,00    0,00    0,00    0,00   19,00
14:04:25       4    0,00    0,00    0,00    0,00    0,00  100,00    0,00    0,00    0,00    0,00
14:04:25       5    0,00    0,00    0,00    0,00    0,00  100,00    0,00    0,00    0,00    0,00
14:04:25       6    0,00    0,00    0,00    0,00    0,00   93,07    0,00    0,00    0,00    6,93
14:04:25       7    0,00    0,00    0,00    0,00    0,00  100,00    0,00    0,00    0,00    0,00
14:04:25       8    0,00    0,00    0,00    0,00    0,00   94,95    0,00    0,00    0,00    5,05
14:04:25       9    0,00    0,00    0,00    0,00    0,00   77,78    0,00    0,00    0,00   22,22
14:04:25      10    0,00    0,00    0,00    0,00    0,00   88,46    0,00    0,00    0,00   11,54
14:04:25      11    0,00    0,00    0,00    0,00    0,00   61,46    0,00    0,00    0,00   38,54
14:04:25      12    0,00    0,00    0,00    0,00    0,00   61,46    0,00    0,00    0,00   38,54
14:04:25      13    0,00    0,00    0,00    0,00    0,00   53,61    0,00    0,00    0,00   46,39
14:04:25      14    0,00    0,00    0,00    0,00    0,00   68,69    0,00    0,00    0,00   31,31
14:04:25      15    0,00    0,00    0,00    0,00    0,00   47,37    0,00    0,00    0,00   52,63
14:04:25      16    1,00    0,00    1,00    0,00    0,00    0,00    0,00    0,00    0,00   98,00
14:04:25      17    0,00    0,00    0,00    2,02    0,00    0,00    0,00    0,00    0,00   97,98
14:04:25      18    0,00    0,00    1,00    1,00    0,00    0,00    0,00    0,00    0,00   98,00
14:04:25      19    0,99    0,00    0,99    0,00    0,00    0,00    0,00    0,00    0,00   98,02
14:04:25      20    0,00    0,00    1,00    0,00    0,00    0,00    0,00    0,00    0,00   99,00
14:04:25      21    0,00    0,00    0,00    0,00    0,00    0,00    0,00    0,00    0,00  100,00
14:04:25      22    1,00    0,00    0,00    0,00    0,00    0,00    0,00    0,00    0,00   99,00
14:04:25      23    0,00    0,00    1,00    0,00    0,00    0,00    0,00    0,00    0,00   99,00

14:04:25     CPU    %usr   %nice    %sys %iowait    %irq   %soft  %steal  %guest  %gnice   %idle
14:04:26     all    0,00    0,00    0,00    0,00    0,00   51,29    0,00    0,00    0,00   48,71
14:04:26       0    0,00    0,00    0,00    0,00    0,00   61,86    0,00    0,00    0,00   38,14
14:04:26       1    0,00    0,00    0,00    0,00    0,00   75,25    0,00    0,00    0,00   24,75
14:04:26       2    0,00    0,00    0,00    0,00    0,00   66,33    0,00    0,00    0,00   33,67
14:04:26       3    0,00    0,00    0,00    0,00    0,00   80,00    0,00    0,00    0,00   20,00
14:04:26       4    0,00    0,00    0,00    0,00    0,00  100,00    0,00    0,00    0,00    0,00
14:04:26       5    0,00    0,00    0,00    0,00    0,00  100,00    0,00    0,00    0,00    0,00
14:04:26       6    0,00    0,00    0,00    0,00    0,00   93,00    0,00    0,00    0,00    7,00
14:04:26       7    0,00    0,00    0,00    0,00    0,00  100,00    0,00    0,00    0,00    0,00
14:04:26       8    0,00    0,00    0,00    0,00    0,00   93,00    0,00    0,00    0,00    7,00
14:04:26       9    0,00    0,00    0,00    0,00    0,00   77,45    0,00    0,00    0,00   22,55
14:04:26      10    0,00    0,00    0,00    0,00    0,00   87,38    0,00    0,00    0,00   12,62
14:04:26      11    0,00    0,00    0,00    0,00    0,00   60,61    0,00    0,00    0,00   39,39
14:04:26      12    0,00    0,00    0,00    0,00    0,00   62,14    0,00    0,00    0,00   37,86
14:04:26      13    0,00    0,00    0,00    0,00    0,00   54,00    0,00    0,00    0,00   46,00
14:04:26      14    0,00    0,00    0,00    0,00    0,00   67,68    0,00    0,00    0,00   32,32
14:04:26      15    0,00    0,00    0,00    0,00    0,00   48,48    0,00    0,00    0,00   51,52
14:04:26      16    0,00    0,00    0,00    0,00    0,00    0,00    0,00    0,00    0,00  100,00
14:04:26      17    0,00    0,00    0,00    0,00    0,00    0,00    0,00    0,00    0,00  100,00
14:04:26      18    0,00    0,00    0,00    0,00    0,00    0,00    0,00    0,00    0,00  100,00
14:04:26      19    0,00    0,00    0,00    0,00    0,00    0,00    0,00    0,00    0,00  100,00
14:04:26      20    0,00    0,00    0,00    0,00    0,00    0,00    0,00    0,00    0,00  100,00
14:04:26      21    0,00    0,00    0,00    0,00    0,00    0,00    0,00    0,00    0,00  100,00
14:04:26      22    0,00    0,00    0,00    0,00    0,00    0,00    0,00    0,00    0,00  100,00
14:04:26      23    0,00    0,00    0,00    0,00    0,00    0,00    0,00    0,00    0,00  100,00

14:04:26     CPU    %usr   %nice    %sys %iowait    %irq   %soft  %steal  %guest  %gnice   %idle
14:04:27     all    0,21    0,00    0,13    0,04    0,00   51,00    0,00    0,00    0,00   48,62
14:04:27       0    0,00    0,00    0,00    0,00    0,00   65,35    0,00    0,00    0,00   34,65
14:04:27       1    0,00    0,00    0,00    0,00    0,00   73,49    0,00    0,00    0,00   26,51
14:04:27       2    0,00    0,00    0,00    0,00    0,00   69,39    0,00    0,00    0,00   30,61
14:04:27       3    0,00    0,00    0,00    0,00    0,00   83,67    0,00    0,00    0,00   16,33
14:04:27       4    0,00    0,00    0,00    0,00    0,00  100,00    0,00    0,00    0,00    0,00
14:04:27       5    0,00    0,00    0,00    0,00    0,00  100,00    0,00    0,00    0,00    0,00
14:04:27       6    0,00    0,00    0,00    0,00    0,00   94,06    0,00    0,00    0,00    5,94
14:04:27       7    0,00    0,00    0,99    0,00    0,00   99,01    0,00    0,00    0,00    0,00
14:04:27       8    0,00    0,00    0,00    0,00    0,00   93,00    0,00    0,00    0,00    7,00
14:04:27       9    0,00    0,00    0,00    0,00    0,00   78,22    0,00    0,00    0,00   21,78
14:04:27      10    0,00    0,00    0,00    0,00    0,00   88,57    0,00    0,00    0,00   11,43
14:04:27      11    0,00    0,00    0,00    0,00    0,00   60,82    0,00    0,00    0,00   39,18
14:04:27      12    0,00    0,00    1,00    0,00    0,00   61,00    0,00    0,00    0,00   38,00
14:04:27      13    0,00    0,00    0,00    0,00    0,00   43,75    0,00    0,00    0,00   56,25
14:04:27      14    0,00    0,00    0,00    0,00    0,00   68,37    0,00    0,00    0,00   31,63
14:04:27      15    0,00    0,00    0,00    0,00    0,00   45,16    0,00    0,00    0,00   54,84
14:04:27      16    1,01    0,00    0,00    0,00    0,00    0,00    0,00    0,00    0,00   98,99
14:04:27      17    1,00    0,00    0,00    0,00    0,00    0,00    0,00    0,00    0,00   99,00
14:04:27      18    0,99    0,00    0,99    0,00    0,00    0,00    0,00    0,00    0,00   98,02
14:04:27      19    1,00    0,00    0,00    1,00    0,00    0,00    0,00    0,00    0,00   98,00
14:04:27      20    0,00    0,00    0,00    0,00    0,00    0,00    0,00    0,00    0,00  100,00
14:04:27      21    0,00    0,00    0,00    0,00    0,00    0,00    0,00    0,00    0,00  100,00
14:04:27      22    0,00    0,00    0,00    0,00    0,00    0,00    0,00    0,00    0,00  100,00
14:04:27      23    1,00    0,00    0,00    0,00    0,00    0,00    0,00    0,00    0,00   99,00

14:04:27     CPU    %usr   %nice    %sys %iowait    %irq   %soft  %steal  %guest  %gnice   %idle
14:04:28     all    0,42    0,00    0,38    0,04    0,00   51,59    0,00    0,00    0,00   47,58
14:04:28       0    0,00    0,00    0,00    0,00    0,00   62,89    0,00    0,00    0,00   37,11
14:04:28       1    0,00    0,00    0,00    0,00    0,00   76,24    0,00    0,00    0,00   23,76
14:04:28       2    2,02    0,00    1,01    1,01    0,00   68,69    0,00    0,00    0,00   27,27
14:04:28       3    0,00    0,00    0,00    0,00    0,00   83,00    0,00    0,00    0,00   17,00
14:04:28       4    0,00    0,00    0,00    0,00    0,00  100,00    0,00    0,00    0,00    0,00
14:04:28       5    0,00    0,00    0,00    0,00    0,00  100,00    0,00    0,00    0,00    0,00
14:04:28       6    0,00    0,00    0,99    0,00    0,00   93,07    0,00    0,00    0,00    5,94
14:04:28       7    0,00    0,00    0,00    0,00    0,00  100,00    0,00    0,00    0,00    0,00
14:04:28       8    0,00    0,00    0,00    0,00    0,00   95,92    0,00    0,00    0,00    4,08
14:04:28       9    2,94    0,00    5,88    0,00    0,00   77,45    0,00    0,00    0,00   13,73
14:04:28      10    0,00    0,00    0,00    0,00    0,00   87,38    0,00    0,00    0,00   12,62
14:04:28      11    0,00    0,00    0,00    0,00    0,00   62,38    0,00    0,00    0,00   37,62
14:04:28      12    0,00    0,00    0,00    0,00    0,00   62,38    0,00    0,00    0,00   37,62
14:04:28      13    0,99    0,00    0,00    0,00    0,00   53,47    0,00    0,00    0,00   45,54
14:04:28      14    0,00    0,00    0,00    0,00    0,00   68,69    0,00    0,00    0,00   31,31
14:04:28      15    0,00    0,00    0,00    0,00    0,00   44,44    0,00    0,00    0,00   55,56
14:04:28      16    1,00    0,00    0,00    0,00    0,00    0,00    0,00    0,00    0,00   99,00
14:04:28      17    1,00    0,00    0,00    0,00    0,00    0,00    0,00    0,00    0,00   99,00
14:04:28      18    1,01    0,00    0,00    0,00    0,00    0,00    0,00    0,00    0,00   98,99
14:04:28      19    0,00    0,00    0,00    0,00    0,00    0,00    0,00    0,00    0,00  100,00
14:04:28      20    0,00    0,00    0,00    0,00    0,00    0,00    0,00    0,00    0,00  100,00
14:04:28      21    0,99    0,00    0,00    0,00    0,00    0,00    0,00    0,00    0,00   99,01
14:04:28      22    0,00    0,00    0,00    0,00    0,00    0,00    0,00    0,00    0,00  100,00
14:04:28      23    0,00    0,00    1,00    0,00    0,00    0,00    0,00    0,00    0,00   99,00

14:04:28     CPU    %usr   %nice    %sys %iowait    %irq   %soft  %steal  %guest  %gnice   %idle
14:04:29     all    0,63    0,00    0,33    0,04    0,00   52,66    0,00    0,00    0,00   46,34
14:04:29       0    0,00    0,00    0,00    0,00    0,00   64,36    0,00    0,00    0,00   35,64
14:04:29       1    0,00    0,00    0,00    0,00    0,00   77,55    0,00    0,00    0,00   22,45
14:04:29       2    0,00    0,00    0,00    0,00    0,00   72,00    0,00    0,00    0,00   28,00
14:04:29       3    0,00    0,00    0,00    0,00    0,00   83,84    0,00    0,00    0,00   16,16
14:04:29       4    0,00    0,00    0,00    0,00    0,00  100,00    0,00    0,00    0,00    0,00
14:04:29       5    0,00    0,00    0,00    0,00    0,00  100,00    0,00    0,00    0,00    0,00
14:04:29       6    0,00    0,00    0,00    0,00    0,00   95,96    0,00    0,00    0,00    4,04
14:04:29       7    0,00    0,00    0,00    0,00    0,00  100,00    0,00    0,00    0,00    0,00
14:04:29       8    0,00    0,00    0,00    0,00    0,00   95,96    0,00    0,00    0,00    4,04
14:04:29       9    0,00    0,00    0,00    0,00    0,00   79,80    0,00    0,00    0,00   20,20
14:04:29      10    0,00    0,00    0,00    0,00    0,00   91,18    0,00    0,00    0,00    8,82
14:04:29      11    0,00    0,00    1,02    0,00    0,00   63,27    0,00    0,00    0,00   35,71
14:04:29      12    1,00    0,00    0,00    0,00    0,00   62,00    0,00    0,00    0,00   37,00
14:04:29      13    0,00    0,00    0,00    0,00    0,00   55,10    0,00    0,00    0,00   44,90
14:04:29      14    0,00    0,00    0,00    0,00    0,00   72,28    0,00    0,00    0,00   27,72
14:04:29      15    0,00    0,00    0,00    0,00    0,00   50,52    0,00    0,00    0,00   49,48
14:04:29      16    4,00    0,00    1,00    0,00    0,00    0,00    0,00    0,00    0,00   95,00
14:04:29      17    5,05    0,00    1,01    1,01    0,00    0,00    0,00    0,00    0,00   92,93
14:04:29      18    1,01    0,00    1,01    0,00    0,00    0,00    0,00    0,00    0,00   97,98
14:04:29      19    2,97    0,00    0,99    0,00    0,00    0,00    0,00    0,00    0,00   96,04
14:04:29      20    1,00    0,00    1,00    0,00    0,00    0,00    0,00    0,00    0,00   98,00
14:04:29      21    0,00    0,00    1,00    0,00    0,00    0,00    0,00    0,00    0,00   99,00
14:04:29      22    0,00    0,00    1,00    0,00    0,00    0,00    0,00    0,00    0,00   99,00
14:04:29      23    0,00    0,00    0,00    0,00    0,00    0,00    0,00    0,00    0,00  100,00

14:04:29     CPU    %usr   %nice    %sys %iowait    %irq   %soft  %steal  %guest  %gnice   %idle
14:04:30     all    0,08    0,00    0,17    0,00    0,00   51,52    0,00    0,00    0,00   48,23
14:04:30       0    0,00    0,00    0,00    0,00    0,00   64,58    0,00    0,00    0,00   35,42
14:04:30       1    0,00    0,00    0,00    0,00    0,00   76,77    0,00    0,00    0,00   23,23
14:04:30       2    0,00    0,00    0,00    0,00    0,00   69,70    0,00    0,00    0,00   30,30
14:04:30       3    0,00    0,00    0,00    0,00    0,00   85,15    0,00    0,00    0,00   14,85
14:04:30       4    0,00    0,00    0,00    0,00    0,00  100,00    0,00    0,00    0,00    0,00
14:04:30       5    0,00    0,00    0,00    0,00    0,00  100,00    0,00    0,00    0,00    0,00
14:04:30       6    0,00    0,00    0,00    0,00    0,00   93,07    0,00    0,00    0,00    6,93
14:04:30       7    0,00    0,00    0,00    0,00    0,00  100,00    0,00    0,00    0,00    0,00
14:04:30       8    0,00    0,00    0,00    0,00    0,00   92,00    0,00    0,00    0,00    8,00
14:04:30       9    0,00    0,00    0,00    0,00    0,00   76,00    0,00    0,00    0,00   24,00
14:04:30      10    0,00    0,00    0,00    0,00    0,00   85,85    0,00    0,00    0,00   14,15
14:04:30      11    0,00    0,00    0,00    0,00    0,00   60,61    0,00    0,00    0,00   39,39
14:04:30      12    0,00    0,00    0,00    0,00    0,00   59,22    0,00    0,00    0,00   40,78
14:04:30      13    0,00    0,00    0,00    0,00    0,00   51,52    0,00    0,00    0,00   48,48
14:04:30      14    0,00    0,00    0,00    0,00    0,00   70,30    0,00    0,00    0,00   29,70
14:04:30      15    0,00    0,00    0,00    0,00    0,00   49,49    0,00    0,00    0,00   50,51
14:04:30      16    0,00    0,00    0,00    0,00    0,00    0,00    0,00    0,00    0,00  100,00
14:04:30      17    0,00    0,00    1,00    0,00    0,00    0,00    0,00    0,00    0,00   99,00
14:04:30      18    0,00    0,00    0,99    0,00    0,00    0,00    0,00    0,00    0,00   99,01
14:04:30      19    0,00    0,00    0,00    0,00    0,00    0,00    0,00    0,00    0,00  100,00
14:04:30      20    0,00    0,00    0,00    0,00    0,00    0,00    0,00    0,00    0,00  100,00
14:04:30      21    0,99    0,00    0,99    0,00    0,00    0,00    0,00    0,00    0,00   98,02
14:04:30      22    0,00    0,00    0,00    0,00    0,00    0,00    0,00    0,00    0,00  100,00
14:04:30      23    0,98    0,00    0,98    0,00    0,00    0,00    0,00    0,00    0,00   98,04

14:04:30     CPU    %usr   %nice    %sys %iowait    %irq   %soft  %steal  %guest  %gnice   %idle
14:04:31     all    0,50    0,00    0,17    0,04    0,00   52,51    0,00    0,00    0,00   46,77
14:04:31       0    0,00    0,00    0,00    0,00    0,00   65,66    0,00    0,00    0,00   34,34
14:04:31       1    0,00    0,00    0,00    0,00    0,00   77,78    0,00    0,00    0,00   22,22
14:04:31       2    0,00    0,00    0,00    0,00    0,00   72,00    0,00    0,00    0,00   28,00
14:04:31       3    0,00    0,00    0,00    0,00    0,00   86,46    0,00    0,00    0,00   13,54
14:04:31       4    0,00    0,00    1,00    0,00    0,00   99,00    0,00    0,00    0,00    0,00
14:04:31       5    0,00    0,00    0,00    0,00    0,00  100,00    0,00    0,00    0,00    0,00
14:04:31       6    0,00    0,00    0,00    0,00    0,00   94,95    0,00    0,00    0,00    5,05
14:04:31       7    0,00    0,00    0,00    0,00    0,00  100,00    0,00    0,00    0,00    0,00
14:04:31       8    0,00    0,00    0,00    0,00    0,00   94,12    0,00    0,00    0,00    5,88
14:04:31       9    0,00    0,00    0,00    0,00    0,00   78,79    0,00    0,00    0,00   21,21
14:04:31      10    0,00    0,00    0,00    0,00    0,00   89,42    0,00    0,00    0,00   10,58
14:04:31      11    0,00    0,00    0,00    0,00    0,00   61,62    0,00    0,00    0,00   38,38
14:04:31      12    0,00    0,00    0,00    0,00    0,00   60,20    0,00    0,00    0,00   39,80
14:04:31      13    0,00    0,00    0,00    0,00    0,00   53,54    0,00    0,00    0,00   46,46
14:04:31      14    0,00    0,00    0,00    0,00    0,00   71,72    0,00    0,00    0,00   28,28
14:04:31      15    0,00    0,00    0,00    0,00    0,00   52,00    0,00    0,00    0,00   48,00
14:04:31      16    1,01    0,00    1,01    0,00    0,00    0,00    0,00    0,00    0,00   97,98
14:04:31      17    0,00    0,00    0,00    1,01    0,00    0,00    0,00    0,00    0,00   98,99
14:04:31      18    2,02    0,00    0,00    0,00    0,00    0,00    0,00    0,00    0,00   97,98
14:04:31      19    3,03    0,00    1,01    0,00    0,00    0,00    0,00    0,00    0,00   95,96
14:04:31      20    2,02    0,00    0,00    0,00    0,00    0,00    0,00    0,00    0,00   97,98
14:04:31      21    3,00    0,00    1,00    0,00    0,00    0,00    0,00    0,00    0,00   96,00
14:04:31      22    1,01    0,00    0,00    0,00    0,00    0,00    0,00    0,00    0,00   98,99
14:04:31      23    0,00    0,00    0,00    0,00    0,00    0,00    0,00    0,00    0,00  100,00

14:04:31     CPU    %usr   %nice    %sys %iowait    %irq   %soft  %steal  %guest  %gnice   %idle
14:04:32     all    0,63    0,00    0,58    0,00    0,00   51,92    0,00    0,00    0,00   46,87
14:04:32       0    0,00    0,00    0,00    0,00    0,00   60,20    0,00    0,00    0,00   39,80
14:04:32       1    0,00    0,00    0,00    0,00    0,00   72,73    0,00    0,00    0,00   27,27
14:04:32       2    0,00    0,00    0,00    0,00    0,00   70,30    0,00    0,00    0,00   29,70
14:04:32       3    0,00    0,00    0,00    0,00    0,00   84,16    0,00    0,00    0,00   15,84
14:04:32       4    0,00    0,00    0,00    0,00    0,00  100,00    0,00    0,00    0,00    0,00
14:04:32       5    0,00    0,00    0,00    0,00    0,00  100,00    0,00    0,00    0,00    0,00
14:04:32       6    0,00    0,00    0,00    0,00    0,00   92,86    0,00    0,00    0,00    7,14
14:04:32       7    0,00    0,00    0,00    0,00    0,00  100,00    0,00    0,00    0,00    0,00
14:04:32       8    0,00    0,00    0,00    0,00    0,00   93,88    0,00    0,00    0,00    6,12
14:04:32       9    0,00    0,00    0,00    0,00    0,00   76,53    0,00    0,00    0,00   23,47
14:04:32      10    0,00    0,00    0,00    0,00    0,00   91,26    0,00    0,00    0,00    8,74
14:04:32      11    4,08    0,00    9,18    0,00    0,00   61,22    0,00    0,00    0,00   25,51
14:04:32      12    1,00    0,00    2,00    0,00    0,00   60,00    0,00    0,00    0,00   37,00
14:04:32      13    0,00    0,00    0,00    0,00    0,00   62,63    0,00    0,00    0,00   37,37
14:04:32      14    0,97    0,00    0,00    0,00    0,00   69,90    0,00    0,00    0,00   29,13
14:04:32      15    0,00    0,00    0,00    0,00    0,00   50,50    0,00    0,00    0,00   49,50
14:04:32      16    1,00    0,00    0,00    0,00    0,00    0,00    0,00    0,00    0,00   99,00
14:04:32      17    2,00    0,00    0,00    0,00    0,00    0,00    0,00    0,00    0,00   98,00
14:04:32      18    1,00    0,00    0,00    0,00    0,00    0,00    0,00    0,00    0,00   99,00
14:04:32      19    0,00    0,00    0,00    0,00    0,00    0,00    0,00    0,00    0,00  100,00
14:04:32      20    1,00    0,00    1,00    0,00    0,00    0,00    0,00    0,00    0,00   98,00
14:04:32      21    1,01    0,00    0,00    0,00    0,00    0,00    0,00    0,00    0,00   98,99
14:04:32      22    2,97    0,00    1,98    0,00    0,00    0,00    0,00    0,00    0,00   95,05
14:04:32      23    0,00    0,00    0,00    0,00    0,00    0,00    0,00    0,00    0,00  100,00

14:04:32     CPU    %usr   %nice    %sys %iowait    %irq   %soft  %steal  %guest  %gnice   %idle
14:04:33     all    0,17    0,00    0,08    0,00    0,00   51,76    0,00    0,00    0,00   47,98
14:04:33       0    0,00    0,00    0,00    0,00    0,00   60,61    0,00    0,00    0,00   39,39
14:04:33       1    0,00    0,00    0,00    0,00    0,00   71,72    0,00    0,00    0,00   28,28
14:04:33       2    0,00    0,00    0,00    0,00    0,00   68,00    0,00    0,00    0,00   32,00
14:04:33       3    0,00    0,00    0,00    0,00    0,00   83,84    0,00    0,00    0,00   16,16
14:04:33       4    0,00    0,00    0,00    0,00    0,00  100,00    0,00    0,00    0,00    0,00
14:04:33       5    0,00    0,00    0,00    0,00    0,00  100,00    0,00    0,00    0,00    0,00
14:04:33       6    0,00    0,00    0,00    0,00    0,00   90,72    0,00    0,00    0,00    9,28
14:04:33       7    0,00    0,00    0,00    0,00    0,00  100,00    0,00    0,00    0,00    0,00
14:04:33       8    0,00    0,00    0,00    0,00    0,00   92,00    0,00    0,00    0,00    8,00
14:04:33       9    0,00    0,00    0,00    0,00    0,00   77,00    0,00    0,00    0,00   23,00
14:04:33      10    0,00    0,00    0,97    0,00    0,00   85,44    0,00    0,00    0,00   13,59
14:04:33      11    1,03    0,00    0,00    0,00    0,00   57,73    0,00    0,00    0,00   41,24
14:04:33      12    0,99    0,00    0,00    0,00    0,00   62,38    0,00    0,00    0,00   36,63
14:04:33      13    0,00    0,00    0,00    0,00    0,00   78,26    0,00    0,00    0,00   21,74
14:04:33      14    0,00    0,00    0,00    0,00    0,00   69,07    0,00    0,00    0,00   30,93
14:04:33      15    0,00    0,00    0,00    0,00    0,00   48,98    0,00    0,00    0,00   51,02
14:04:33      16    0,00    0,00    0,00    0,00    0,00    0,00    0,00    0,00    0,00  100,00
14:04:33      17    0,00    0,00    0,00    0,00    0,00    0,00    0,00    0,00    0,00  100,00
14:04:33      18    0,00    0,00    1,00    0,00    0,00    0,00    0,00    0,00    0,00   99,00
14:04:33      19    0,99    0,00    0,00    0,00    0,00    0,00    0,00    0,00    0,00   99,01
14:04:33      20    0,00    0,00    0,00    0,00    0,00    0,00    0,00    0,00    0,00  100,00
14:04:33      21    0,99    0,00    0,00    0,00    0,00    0,00    0,00    0,00    0,00   99,01
14:04:33      22    0,00    0,00    0,00    0,00    0,00    0,00    0,00    0,00    0,00  100,00
14:04:33      23    0,00    0,00    0,00    0,00    0,00    0,00    0,00    0,00    0,00  100,00

14:04:33     CPU    %usr   %nice    %sys %iowait    %irq   %soft  %steal  %guest  %gnice   %idle
14:04:34     all    0,25    0,00    0,33    0,04    0,00   54,43    0,00    0,00    0,00   44,94
14:04:34       0    0,00    0,00    0,00    0,00    0,00   65,66    0,00    0,00    0,00   34,34
14:04:34       1    0,00    0,00    0,00    0,00    0,00   77,55    0,00    0,00    0,00   22,45
14:04:34       2    0,00    0,00    1,01    0,00    0,00   72,73    0,00    0,00    0,00   26,26
14:04:34       3    0,00    0,00    0,00    0,00    0,00   89,00    0,00    0,00    0,00   11,00
14:04:34       4    0,00    0,00    0,00    0,00    0,00  100,00    0,00    0,00    0,00    0,00
14:04:34       5    0,00    0,00    0,00    0,00    0,00  100,00    0,00    0,00    0,00    0,00
14:04:34       6    0,00    0,00    0,00    0,00    0,00   95,00    0,00    0,00    0,00    5,00
14:04:34       7    0,00    0,00    0,00    0,00    0,00  100,00    0,00    0,00    0,00    0,00
14:04:34       8    0,00    0,00    0,00    0,00    0,00   97,00    0,00    0,00    0,00    3,00
14:04:34       9    0,00    0,00    0,00    0,00    0,00   79,17    0,00    0,00    0,00   20,83
14:04:34      10    0,00    0,00    0,00    0,00    0,00   93,20    0,00    0,00    0,00    6,80
14:04:34      11    0,00    0,00    2,02    0,00    0,00   62,63    0,00    0,00    0,00   35,35
14:04:34      12    0,99    0,00    0,99    0,00    0,00   64,36    0,00    0,00    0,00   33,66
14:04:34      13    0,00    0,00    0,00    0,00    0,00   84,85    0,00    0,00    0,00   15,15
14:04:34      14    0,00    0,00    0,00    0,00    0,00   72,73    0,00    0,00    0,00   27,27
14:04:34      15    0,99    0,00    0,00    0,00    0,00   52,48    0,00    0,00    0,00   46,53
14:04:34      16    1,00    0,00    1,00    0,00    0,00    0,00    0,00    0,00    0,00   98,00
14:04:34      17    0,00    0,00    1,01    0,00    0,00    0,00    0,00    0,00    0,00   98,99
14:04:34      18    1,00    0,00    0,00    0,00    0,00    0,00    0,00    0,00    0,00   99,00
14:04:34      19    1,00    0,00    0,00    0,00    0,00    0,00    0,00    0,00    0,00   99,00
14:04:34      20    0,00    0,00    1,01    1,01    0,00    0,00    0,00    0,00    0,00   97,98
14:04:34      21    0,00    0,00    0,00    0,00    0,00    0,00    0,00    0,00    0,00  100,00
14:04:34      22    0,00    0,00    0,00    0,00    0,00    0,00    0,00    0,00    0,00  100,00
14:04:34      23    0,99    0,00    0,99    0,00    0,00    0,00    0,00    0,00    0,00   98,02

14:04:34     CPU    %usr   %nice    %sys %iowait    %irq   %soft  %steal  %guest  %gnice   %idle
14:04:35     all    0,04    0,00    0,08    0,00    0,00   54,41    0,00    0,00    0,00   45,46
14:04:35       0    0,00    0,00    0,00    0,00    0,00   64,00    0,00    0,00    0,00   36,00
14:04:35       1    0,00    0,00    0,00    0,00    0,00   75,51    0,00    0,00    0,00   24,49
14:04:35       2    1,00    0,00    0,00    0,00    0,00   73,00    0,00    0,00    0,00   26,00
14:04:35       3    0,00    0,00    0,00    0,00    0,00   89,90    0,00    0,00    0,00   10,10
14:04:35       4    0,00    0,00    0,00    0,00    0,00  100,00    0,00    0,00    0,00    0,00
14:04:35       5    0,00    0,00    0,00    0,00    0,00  100,00    0,00    0,00    0,00    0,00
14:04:35       6    0,00    0,00    0,00    0,00    0,00   95,00    0,00    0,00    0,00    5,00
14:04:35       7    0,00    0,00    0,00    0,00    0,00  100,00    0,00    0,00    0,00    0,00
14:04:35       8    0,00    0,00    0,00    0,00    0,00   96,04    0,00    0,00    0,00    3,96
14:04:35       9    0,00    0,00    0,00    0,00    0,00   79,59    0,00    0,00    0,00   20,41
14:04:35      10    0,00    0,00    0,00    0,00    0,00   92,16    0,00    0,00    0,00    7,84
14:04:35      11    0,00    0,00    0,00    0,00    0,00   64,00    0,00    0,00    0,00   36,00
14:04:35      12    0,00    0,00    0,00    0,00    0,00   65,66    0,00    0,00    0,00   34,34
14:04:35      13    0,00    0,00    0,00    0,00    0,00   84,00    0,00    0,00    0,00   16,00
14:04:35      14    0,00    0,00    0,00    0,00    0,00   72,73    0,00    0,00    0,00   27,27
14:04:35      15    0,00    0,00    0,00    0,00    0,00   52,00    0,00    0,00    0,00   48,00
14:04:35      16    0,00    0,00    0,00    0,00    0,00    0,00    0,00    0,00    0,00  100,00
14:04:35      17    0,00    0,00    0,00    0,00    0,00    0,00    0,00    0,00    0,00  100,00
14:04:35      18    0,00    0,00    0,00    0,00    0,00    0,00    0,00    0,00    0,00  100,00
14:04:35      19    0,00    0,00    0,00    0,00    0,00    0,00    0,00    0,00    0,00  100,00
14:04:35      20    0,00    0,00    0,99    0,00    0,00    0,00    0,00    0,00    0,00   99,01
14:04:35      21    0,00    0,00    1,00    0,00    0,00    0,00    0,00    0,00    0,00   99,00
14:04:35      22    0,00    0,00    0,00    0,00    0,00    0,00    0,00    0,00    0,00  100,00
14:04:35      23    0,00    0,00    0,00    0,00    0,00    0,00    0,00    0,00    0,00  100,00

14:04:35     CPU    %usr   %nice    %sys %iowait    %irq   %soft  %steal  %guest  %gnice   %idle
14:04:36     all    0,17    0,00    0,17    0,12    0,00   54,55    0,00    0,00    0,00   45,00
14:04:36       0    0,00    0,00    0,00    0,00    0,00   65,00    0,00    0,00    0,00   35,00
14:04:36       1    0,00    0,00    0,00    0,00    0,00   77,55    0,00    0,00    0,00   22,45
14:04:36       2    0,00    0,00    0,00    0,00    0,00   74,51    0,00    0,00    0,00   25,49
14:04:36       3    0,99    0,00    0,00    0,00    0,00   88,12    0,00    0,00    0,00   10,89
14:04:36       4    0,00    0,00    0,00    0,00    0,00  100,00    0,00    0,00    0,00    0,00
14:04:36       5    0,00    0,00    0,00    0,00    0,00  100,00    0,00    0,00    0,00    0,00
14:04:36       6    0,00    0,00    0,00    0,00    0,00   95,05    0,00    0,00    0,00    4,95
14:04:36       7    0,00    0,00    0,00    0,00    0,00  100,00    0,00    0,00    0,00    0,00
14:04:36       8    0,00    0,00    0,99    0,00    0,00   96,04    0,00    0,00    0,00    2,97
14:04:36       9    0,00    0,00    0,00    0,00    0,00   80,00    0,00    0,00    0,00   20,00
14:04:36      10    0,00    0,00    0,00    0,00    0,00   93,07    0,00    0,00    0,00    6,93
14:04:36      11    0,00    0,00    0,00    0,00    0,00   63,73    0,00    0,00    0,00   36,27
14:04:36      12    1,00    0,00    0,00    0,00    0,00   65,00    0,00    0,00    0,00   34,00
14:04:36      13    0,00    0,00    0,00    0,00    0,00   85,00    0,00    0,00    0,00   15,00
14:04:36      14    0,00    0,00    0,00    0,00    0,00   73,27    0,00    0,00    0,00   26,73
14:04:36      15    0,00    0,00    0,00    0,00    0,00   52,00    0,00    0,00    0,00   48,00
14:04:36      16    0,00    0,00    1,01    1,01    0,00    0,00    0,00    0,00    0,00   97,98
14:04:36      17    0,98    0,00    0,98    1,96    0,00    0,00    0,00    0,00    0,00   96,08
14:04:36      18    0,99    0,00    0,00    0,00    0,00    0,00    0,00    0,00    0,00   99,01
14:04:36      19    0,00    0,00    0,00    0,00    0,00    0,00    0,00    0,00    0,00  100,00
14:04:36      20    0,00    0,00    0,00    0,00    0,00    0,00    0,00    0,00    0,00  100,00
14:04:36      21    0,00    0,00    0,00    0,00    0,00    0,00    0,00    0,00    0,00  100,00
14:04:36      22    0,00    0,00    0,00    0,00    0,00    0,00    0,00    0,00    0,00  100,00
14:04:36      23    0,00    0,00    0,99    0,00    0,00    0,00    0,00    0,00    0,00   99,01

14:04:36     CPU    %usr   %nice    %sys %iowait    %irq   %soft  %steal  %guest  %gnice   %idle
14:04:37     all    0,42    0,00    0,00    0,00    0,00   54,72    0,00    0,00    0,00   44,86
14:04:37       0    0,00    0,00    0,00    0,00    0,00   65,62    0,00    0,00    0,00   34,38
14:04:37       1    0,00    0,00    0,00    0,00    0,00   78,00    0,00    0,00    0,00   22,00
14:04:37       2    0,00    0,00    0,00    0,00    0,00   74,26    0,00    0,00    0,00   25,74
14:04:37       3    0,00    0,00    0,00    0,00    0,00   90,20    0,00    0,00    0,00    9,80
14:04:37       4    0,00    0,00    0,00    0,00    0,00  100,00    0,00    0,00    0,00    0,00
14:04:37       5    0,00    0,00    0,00    0,00    0,00  100,00    0,00    0,00    0,00    0,00
14:04:37       6    0,00    0,00    0,00    0,00    0,00   95,96    0,00    0,00    0,00    4,04
14:04:37       7    0,00    0,00    0,00    0,00    0,00  100,00    0,00    0,00    0,00    0,00
14:04:37       8    0,00    0,00    0,00    0,00    0,00   96,04    0,00    0,00    0,00    3,96
14:04:37       9    0,00    0,00    0,00    0,00    0,00   80,81    0,00    0,00    0,00   19,19
14:04:37      10    0,00    0,00    0,00    0,00    0,00   93,14    0,00    0,00    0,00    6,86
14:04:37      11    0,00    0,00    0,00    0,00    0,00   64,00    0,00    0,00    0,00   36,00
14:04:37      12    0,00    0,00    0,00    0,00    0,00   65,31    0,00    0,00    0,00   34,69
14:04:37      13    0,00    0,00    0,00    0,00    0,00   83,84    0,00    0,00    0,00   16,16
14:04:37      14    0,00    0,00    0,00    0,00    0,00   73,00    0,00    0,00    0,00   27,00
14:04:37      15    0,00    0,00    0,00    0,00    0,00   51,52    0,00    0,00    0,00   48,48
14:04:37      16    1,00    0,00    0,00    0,00    0,00    0,00    0,00    0,00    0,00   99,00
14:04:37      17    1,01    0,00    0,00    0,00    0,00    0,00    0,00    0,00    0,00   98,99
14:04:37      18    3,03    0,00    0,00    0,00    0,00    0,00    0,00    0,00    0,00   96,97
14:04:37      19    1,00    0,00    0,00    0,00    0,00    0,00    0,00    0,00    0,00   99,00
14:04:37      20    0,00    0,00    0,00    0,00    0,00    0,00    0,00    0,00    0,00  100,00
14:04:37      21    4,00    0,00    0,00    0,00    0,00    0,00    0,00    0,00    0,00   96,00
14:04:37      22    0,00    0,00    0,00    0,00    0,00    0,00    0,00    0,00    0,00  100,00
14:04:37      23    0,00    0,00    0,00    0,00    0,00    0,00    0,00    0,00    0,00  100,00

14:04:37     CPU    %usr   %nice    %sys %iowait    %irq   %soft  %steal  %guest  %gnice   %idle
14:04:38     all    0,00    0,00    0,04    0,00    0,00   54,83    0,00    0,00    0,00   45,13
14:04:38       0    0,00    0,00    0,00    0,00    0,00   64,58    0,00    0,00    0,00   35,42
14:04:38       1    0,00    0,00    0,00    0,00    0,00   78,00    0,00    0,00    0,00   22,00
14:04:38       2    0,00    0,00    0,00    0,00    0,00   74,26    0,00    0,00    0,00   25,74
14:04:38       3    0,00    0,00    0,00    0,00    0,00   89,58    0,00    0,00    0,00   10,42
14:04:38       4    0,00    0,00    0,00    0,00    0,00  100,00    0,00    0,00    0,00    0,00
14:04:38       5    0,00    0,00    0,00    0,00    0,00  100,00    0,00    0,00    0,00    0,00
14:04:38       6    0,00    0,00    0,00    0,00    0,00   95,00    0,00    0,00    0,00    5,00
14:04:38       7    0,00    0,00    0,00    0,00    0,00  100,00    0,00    0,00    0,00    0,00
14:04:38       8    0,00    0,00    0,00    0,00    0,00   97,00    0,00    0,00    0,00    3,00
14:04:38       9    0,00    0,00    0,00    0,00    0,00   80,00    0,00    0,00    0,00   20,00
14:04:38      10    0,00    0,00    0,00    0,00    0,00   93,14    0,00    0,00    0,00    6,86
14:04:38      11    0,00    0,00    0,00    0,00    0,00   63,73    0,00    0,00    0,00   36,27
14:04:38      12    0,00    0,00    0,00    0,00    0,00   66,34    0,00    0,00    0,00   33,66
14:04:38      13    0,00    0,00    0,00    0,00    0,00   84,16    0,00    0,00    0,00   15,84
14:04:38      14    0,00    0,00    0,00    0,00    0,00   74,00    0,00    0,00    0,00   26,00
14:04:38      15    0,00    0,00    0,00    0,00    0,00   53,00    0,00    0,00    0,00   47,00
14:04:38      16    0,00    0,00    0,00    0,00    0,00    0,00    0,00    0,00    0,00  100,00
14:04:38      17    0,00    0,00    0,00    0,00    0,00    0,00    0,00    0,00    0,00  100,00
14:04:38      18    0,00    0,00    0,00    0,00    0,00    0,00    0,00    0,00    0,00  100,00
14:04:38      19    0,00    0,00    0,00    0,00    0,00    0,00    0,00    0,00    0,00  100,00
14:04:38      20    0,00    0,00    0,00    0,00    0,00    0,00    0,00    0,00    0,00  100,00
14:04:38      21    0,00    0,00    0,00    0,00    0,00    0,00    0,00    0,00    0,00  100,00
14:04:38      22    0,00    0,00    0,00    0,00    0,00    0,00    0,00    0,00    0,00  100,00
14:04:38      23    0,00    0,00    1,01    0,00    0,00    0,00    0,00    0,00    0,00   98,99

14:04:38     CPU    %usr   %nice    %sys %iowait    %irq   %soft  %steal  %guest  %gnice   %idle
14:04:39     all    0,17    0,00    0,29    0,00    0,00   53,95    0,00    0,00    0,00   45,58
14:04:39       0    0,00    0,00    0,00    0,00    0,00   64,65    0,00    0,00    0,00   35,35
14:04:39       1    0,00    0,00    0,00    0,00    0,00   76,47    0,00    0,00    0,00   23,53
14:04:39       2    0,00    0,00    0,00    0,00    0,00   72,45    0,00    0,00    0,00   27,55
14:04:39       3    0,00    0,00    0,00    0,00    0,00   83,54    0,00    0,00    0,00   16,46
14:04:39       4    0,00    0,00    0,00    0,00    0,00  100,00    0,00    0,00    0,00    0,00
14:04:39       5    0,00    0,00    0,00    0,00    0,00  100,00    0,00    0,00    0,00    0,00
14:04:39       6    0,00    0,00    0,00    0,00    0,00   95,00    0,00    0,00    0,00    5,00
14:04:39       7    0,00    0,00    0,00    0,00    0,00  100,00    0,00    0,00    0,00    0,00
14:04:39       8    0,00    0,00    0,00    0,00    0,00   97,00    0,00    0,00    0,00    3,00
14:04:39       9    0,00    0,00    0,00    0,00    0,00   81,00    0,00    0,00    0,00   19,00
14:04:39      10    0,00    0,00    0,00    0,00    0,00   93,07    0,00    0,00    0,00    6,93
14:04:39      11    0,00    0,00    0,00    0,00    0,00   63,64    0,00    0,00    0,00   36,36
14:04:39      12    0,00    0,00    0,00    0,00    0,00   65,35    0,00    0,00    0,00   34,65
14:04:39      13    0,00    0,00    0,00    0,00    0,00   84,31    0,00    0,00    0,00   15,69
14:04:39      14    0,00    0,00    0,00    0,00    0,00   72,45    0,00    0,00    0,00   27,55
14:04:39      15    0,00    0,00    0,00    0,00    0,00   51,52    0,00    0,00    0,00   48,48
14:04:39      16    0,99    0,00    2,97    0,00    0,00    0,00    0,00    0,00    0,00   96,04
14:04:39      17    1,01    0,00    1,01    0,00    0,00    0,00    0,00    0,00    0,00   97,98
14:04:39      18    0,00    0,00    1,00    0,00    0,00    0,00    0,00    0,00    0,00   99,00
14:04:39      19    0,99    0,00    0,99    0,00    0,00    0,00    0,00    0,00    0,00   98,02
14:04:39      20    0,00    0,00    0,00    0,00    0,00    0,00    0,00    0,00    0,00  100,00
14:04:39      21    0,00    0,00    0,00    0,00    0,00    0,00    0,00    0,00    0,00  100,00
14:04:39      22    0,99    0,00    0,99    0,00    0,00    0,00    0,00    0,00    0,00   98,02
14:04:39      23    0,00    0,00    0,00    0,00    0,00    0,00    0,00    0,00    0,00  100,00

14:04:39     CPU    %usr   %nice    %sys %iowait    %irq   %soft  %steal  %guest  %gnice   %idle
14:04:40     all    0,29    0,00    0,13    0,00    0,00   54,45    0,00    0,00    0,00   45,13
14:04:40       0    0,99    0,00    0,00    0,00    0,00   64,36    0,00    0,00    0,00   34,65
14:04:40       1    0,00    0,00    0,00    0,00    0,00   77,78    0,00    0,00    0,00   22,22
14:04:40       2    0,00    0,00    0,00    0,00    0,00   72,00    0,00    0,00    0,00   28,00
14:04:40       3    0,00    0,00    0,00    0,00    0,00   84,04    0,00    0,00    0,00   15,96
14:04:40       4    0,00    0,00    0,00    0,00    0,00  100,00    0,00    0,00    0,00    0,00
14:04:40       5    0,00    0,00    0,00    0,00    0,00  100,00    0,00    0,00    0,00    0,00
14:04:40       6    0,00    0,00    0,00    0,00    0,00   96,00    0,00    0,00    0,00    4,00
14:04:40       7    0,00    0,00    0,00    0,00    0,00  100,00    0,00    0,00    0,00    0,00
14:04:40       8    0,00    0,00    0,00    0,00    0,00   97,00    0,00    0,00    0,00    3,00
14:04:40       9    0,00    0,00    0,00    0,00    0,00   81,00    0,00    0,00    0,00   19,00
14:04:40      10    0,00    0,00    0,98    0,00    0,00   93,14    0,00    0,00    0,00    5,88
14:04:40      11    0,00    0,00    0,00    0,00    0,00   63,64    0,00    0,00    0,00   36,36
14:04:40      12    0,00    0,00    0,00    0,00    0,00   65,62    0,00    0,00    0,00   34,38
14:04:40      13    0,00    0,00    0,00    0,00    0,00   85,15    0,00    0,00    0,00   14,85
14:04:40      14    0,00    0,00    0,00    0,00    0,00   73,27    0,00    0,00    0,00   26,73
14:04:40      15    0,00    0,00    0,00    0,00    0,00   53,47    0,00    0,00    0,00   46,53
14:04:40      16    1,01    0,00    0,00    0,00    0,00    0,00    0,00    0,00    0,00   98,99
14:04:40      17    1,01    0,00    0,00    0,00    0,00    0,00    0,00    0,00    0,00   98,99
14:04:40      18    1,01    0,00    0,00    0,00    0,00    0,00    0,00    0,00    0,00   98,99
14:04:40      19    0,00    0,00    0,00    0,00    0,00    0,00    0,00    0,00    0,00  100,00
14:04:40      20    0,99    0,00    0,99    0,00    0,00    0,00    0,00    0,00    0,00   98,02
14:04:40      21    1,00    0,00    0,00    0,00    0,00    0,00    0,00    0,00    0,00   99,00
14:04:40      22    0,00    0,00    0,00    0,00    0,00    0,00    0,00    0,00    0,00  100,00
14:04:40      23    0,99    0,00    0,99    0,00    0,00    0,00    0,00    0,00    0,00   98,02

14:04:40     CPU    %usr   %nice    %sys %iowait    %irq   %soft  %steal  %guest  %gnice   %idle
14:04:41     all    0,42    0,00    0,42    0,08    0,00   54,61    0,00    0,00    0,00   44,47
14:04:41       0    0,00    0,00    0,00    0,00    0,00   65,31    0,00    0,00    0,00   34,69
14:04:41       1    0,00    0,00    0,00    0,00    0,00   77,32    0,00    0,00    0,00   22,68
14:04:41       2    3,09    0,00    6,19    0,00    0,00   73,20    0,00    0,00    0,00   17,53
14:04:41       3    0,00    0,00    0,00    0,00    0,00   86,32    0,00    0,00    0,00   13,68
14:04:41       4    0,00    0,00    0,00    0,00    0,00  100,00    0,00    0,00    0,00    0,00
14:04:41       5    0,00    0,00    0,00    0,00    0,00  100,00    0,00    0,00    0,00    0,00
14:04:41       6    0,00    0,00    0,00    0,00    0,00   95,05    0,00    0,00    0,00    4,95
14:04:41       7    0,00    0,00    0,00    0,00    0,00  100,00    0,00    0,00    0,00    0,00
14:04:41       8    0,00    0,00    0,00    0,00    0,00   97,00    0,00    0,00    0,00    3,00
14:04:41       9    0,00    0,00    0,00    0,00    0,00   80,58    0,00    0,00    0,00   19,42
14:04:41      10    0,00    0,00    0,00    0,00    0,00   93,14    0,00    0,00    0,00    6,86
14:04:41      11    0,00    0,00    0,00    0,00    0,00   64,71    0,00    0,00    0,00   35,29
14:04:41      12    0,00    0,00    0,00    0,00    0,00   66,67    0,00    0,00    0,00   33,33
14:04:41      13    0,00    0,00    0,00    0,00    0,00   84,85    0,00    0,00    0,00   15,15
14:04:41      14    0,00    0,00    0,00    0,00    0,00   74,00    0,00    0,00    0,00   26,00
14:04:41      15    0,00    0,00    0,00    0,00    0,00   53,00    0,00    0,00    0,00   47,00
14:04:41      16    0,00    0,00    0,00    0,00    0,00    0,00    0,00    0,00    0,00  100,00
14:04:41      17    2,00    0,00    0,00    1,00    0,00    0,00    0,00    0,00    0,00   97,00
14:04:41      18    2,00    0,00    3,00    1,00    0,00    0,00    0,00    0,00    0,00   94,00
14:04:41      19    0,00    0,00    0,00    0,00    0,00    0,00    0,00    0,00    0,00  100,00
14:04:41      20    1,00    0,00    0,00    0,00    0,00    0,00    0,00    0,00    0,00   99,00
14:04:41      21    0,00    0,00    0,00    0,00    0,00    0,00    0,00    0,00    0,00  100,00
14:04:41      22    0,99    0,00    0,99    0,00    0,00    0,00    0,00    0,00    0,00   98,02
14:04:41      23    1,00    0,00    0,00    0,00    0,00    0,00    0,00    0,00    0,00   99,00

14:04:41     CPU    %usr   %nice    %sys %iowait    %irq   %soft  %steal  %guest  %gnice   %idle
14:04:42     all    0,17    0,00    0,04    0,00    0,00   53,25    0,00    0,00    0,00   46,54
14:04:42       0    0,00    0,00    0,00    0,00    0,00   64,00    0,00    0,00    0,00   36,00
14:04:42       1    0,00    0,00    0,00    0,00    0,00   76,24    0,00    0,00    0,00   23,76
14:04:42       2    0,98    0,00    0,00    0,00    0,00   72,55    0,00    0,00    0,00   26,47
14:04:42       3    0,00    0,00    1,54    0,00    0,00   76,92    0,00    0,00    0,00   21,54
14:04:42       4    0,00    0,00    0,00    0,00    0,00  100,00    0,00    0,00    0,00    0,00
14:04:42       5    0,00    0,00    0,00    0,00    0,00  100,00    0,00    0,00    0,00    0,00
14:04:42       6    0,00    0,00    0,00    0,00    0,00   95,05    0,00    0,00    0,00    4,95
14:04:42       7    0,00    0,00    0,00    0,00    0,00  100,00    0,00    0,00    0,00    0,00
14:04:42       8    0,00    0,00    0,00    0,00    0,00   96,00    0,00    0,00    0,00    4,00
14:04:42       9    0,00    0,00    0,00    0,00    0,00   79,38    0,00    0,00    0,00   20,62
14:04:42      10    0,00    0,00    0,00    0,00    0,00   90,29    0,00    0,00    0,00    9,71
14:04:42      11    0,00    0,00    0,00    0,00    0,00   62,24    0,00    0,00    0,00   37,76
14:04:42      12    0,00    0,00    0,00    0,00    0,00   65,69    0,00    0,00    0,00   34,31
14:04:42      13    0,00    0,00    0,00    0,00    0,00   83,00    0,00    0,00    0,00   17,00
14:04:42      14    1,00    0,00    0,00    0,00    0,00   72,00    0,00    0,00    0,00   27,00
14:04:42      15    0,00    0,00    0,00    0,00    0,00   52,48    0,00    0,00    0,00   47,52
14:04:42      16    0,00    0,00    0,00    0,00    0,00    0,00    0,00    0,00    0,00  100,00
14:04:42      17    0,00    0,00    0,00    0,00    0,00    0,00    0,00    0,00    0,00  100,00
14:04:42      18    0,99    0,00    0,00    0,00    0,00    0,00    0,00    0,00    0,00   99,01
14:04:42      19    0,99    0,00    0,00    0,00    0,00    0,00    0,00    0,00    0,00   99,01
14:04:42      20    0,00    0,00    0,00    0,00    0,00    0,00    0,00    0,00    0,00  100,00
14:04:42      21    0,00    0,00    0,00    0,00    0,00    0,00    0,00    0,00    0,00  100,00
14:04:42      22    0,00    0,00    0,00    0,00    0,00    0,00    0,00    0,00    0,00  100,00
14:04:42      23    0,00    0,00    0,00    0,00    0,00    0,00    0,00    0,00    0,00  100,00

14:04:42     CPU    %usr   %nice    %sys %iowait    %irq   %soft  %steal  %guest  %gnice   %idle
14:04:43     all    0,04    0,00    0,08    0,00    0,00   52,78    0,00    0,00    0,00   47,09
14:04:43       0    0,00    0,00    0,00    0,00    0,00   63,00    0,00    0,00    0,00   37,00
14:04:43       1    0,00    0,00    0,00    0,00    0,00   75,00    0,00    0,00    0,00   25,00
14:04:43       2    0,00    0,00    0,00    0,00    0,00   72,28    0,00    0,00    0,00   27,72
14:04:43       3    0,00    0,00    0,00    0,00    0,00   71,43    0,00    0,00    0,00   28,57
14:04:43       4    0,00    0,00    0,00    0,00    0,00  100,00    0,00    0,00    0,00    0,00
14:04:43       5    0,00    0,00    0,00    0,00    0,00  100,00    0,00    0,00    0,00    0,00
14:04:43       6    0,00    0,00    0,00    0,00    0,00   94,06    0,00    0,00    0,00    5,94
14:04:43       7    0,00    0,00    0,00    0,00    0,00  100,00    0,00    0,00    0,00    0,00
14:04:43       8    0,00    0,00    0,00    0,00    0,00   95,05    0,00    0,00    0,00    4,95
14:04:43       9    0,00    0,00    0,00    0,00    0,00   78,79    0,00    0,00    0,00   21,21
14:04:43      10    0,00    0,00    0,00    0,00    0,00   90,20    0,00    0,00    0,00    9,80
14:04:43      11    0,00    0,00    0,00    0,00    0,00   63,37    0,00    0,00    0,00   36,63
14:04:43      12    0,00    0,00    0,00    0,00    0,00   64,00    0,00    0,00    0,00   36,00
14:04:43      13    0,00    0,00    0,00    0,00    0,00   83,17    0,00    0,00    0,00   16,83
14:04:43      14    0,00    0,00    0,00    0,00    0,00   72,28    0,00    0,00    0,00   27,72
14:04:43      15    0,98    0,00    0,98    0,00    0,00   51,96    0,00    0,00    0,00   46,08
14:04:43      16    0,00    0,00    0,99    0,00    0,00    0,00    0,00    0,00    0,00   99,01
14:04:43      17    0,00    0,00    0,00    0,00    0,00    0,00    0,00    0,00    0,00  100,00
14:04:43      18    0,00    0,00    0,00    0,00    0,00    0,00    0,00    0,00    0,00  100,00
14:04:43      19    0,00    0,00    0,00    0,00    0,00    0,00    0,00    0,00    0,00  100,00
14:04:43      20    0,00    0,00    0,00    0,00    0,00    0,00    0,00    0,00    0,00  100,00
14:04:43      21    0,00    0,00    0,00    0,00    0,00    0,00    0,00    0,00    0,00  100,00
14:04:43      22    0,00    0,00    0,00    0,00    0,00    0,00    0,00    0,00    0,00  100,00
14:04:43      23    0,00    0,00    0,00    0,00    0,00    0,00    0,00    0,00    0,00  100,00

14:04:43     CPU    %usr   %nice    %sys %iowait    %irq   %soft  %steal  %guest  %gnice   %idle
14:04:44     all    0,34    0,00    0,59    0,00    0,00   54,22    0,00    0,00    0,00   44,86
14:04:44       0    0,00    0,00    0,00    0,00    0,00   65,31    0,00    0,00    0,00   34,69
14:04:44       1    0,00    0,00    0,00    0,00    0,00   76,77    0,00    0,00    0,00   23,23
14:04:44       2    0,00    0,00    1,00    0,00    0,00   73,00    0,00    0,00    0,00   26,00
14:04:44       3    0,00    0,00    0,00    0,00    0,00   85,19    0,00    0,00    0,00   14,81
14:04:44       4    0,00    0,00    0,00    0,00    0,00  100,00    0,00    0,00    0,00    0,00
14:04:44       5    0,00    0,00    0,00    0,00    0,00  100,00    0,00    0,00    0,00    0,00
14:04:44       6    0,00    0,00    0,00    0,00    0,00   95,96    0,00    0,00    0,00    4,04
14:04:44       7    0,00    0,00    0,00    0,00    0,00  100,00    0,00    0,00    0,00    0,00
14:04:44       8    0,00    0,00    0,00    0,00    0,00   96,04    0,00    0,00    0,00    3,96
14:04:44       9    0,00    0,00    0,00    0,00    0,00   80,00    0,00    0,00    0,00   20,00
14:04:44      10    0,00    0,00    0,00    0,00    0,00   92,16    0,00    0,00    0,00    7,84
14:04:44      11    0,00    0,00    0,00    0,00    0,00   63,27    0,00    0,00    0,00   36,73
14:04:44      12    2,02    0,00    0,00    0,00    0,00   65,66    0,00    0,00    0,00   32,32
14:04:44      13    0,00    0,00    0,00    0,00    0,00   84,00    0,00    0,00    0,00   16,00
14:04:44      14    2,00    0,00    3,00    0,00    0,00   73,00    0,00    0,00    0,00   22,00
14:04:44      15    0,98    0,00    0,00    0,00    0,00   52,94    0,00    0,00    0,00   46,08
14:04:44      16    0,00    0,00    0,00    0,00    0,00    0,00    0,00    0,00    0,00  100,00
14:04:44      17    0,00    0,00    1,01    0,00    0,00    0,00    0,00    0,00    0,00   98,99
14:04:44      18    0,00    0,00    1,00    0,00    0,00    0,00    0,00    0,00    0,00   99,00
14:04:44      19    2,02    0,00    5,05    0,00    0,00    0,00    0,00    0,00    0,00   92,93
14:04:44      20    0,00    0,00    2,02    0,00    0,00    0,00    0,00    0,00    0,00   97,98
14:04:44      21    0,00    0,00    0,00    0,00    0,00    0,00    0,00    0,00    0,00  100,00
14:04:44      22    1,00    0,00    0,00    0,00    0,00    0,00    0,00    0,00    0,00   99,00
14:04:44      23    0,00    0,00    1,00    0,00    0,00    0,00    0,00    0,00    0,00   99,00

14:04:44     CPU    %usr   %nice    %sys %iowait    %irq   %soft  %steal  %guest  %gnice   %idle
14:04:45     all    0,29    0,00    0,21    0,00    0,00   54,10    0,00    0,00    0,00   45,40
14:04:45       0    0,00    0,00    0,00    0,00    0,00   65,00    0,00    0,00    0,00   35,00
14:04:45       1    0,00    0,00    0,00    0,00    0,00   76,29    0,00    0,00    0,00   23,71
14:04:45       2    0,00    0,00    0,00    0,00    0,00   72,73    0,00    0,00    0,00   27,27
14:04:45       3    0,00    0,00    0,00    0,00    0,00   87,00    0,00    0,00    0,00   13,00
14:04:45       4    0,00    0,00    0,00    0,00    0,00  100,00    0,00    0,00    0,00    0,00
14:04:45       5    0,00    0,00    0,00    0,00    0,00  100,00    0,00    0,00    0,00    0,00
14:04:45       6    0,00    0,00    0,00    0,00    0,00   94,85    0,00    0,00    0,00    5,15
14:04:45       7    0,00    0,00    0,00    0,00    0,00  100,00    0,00    0,00    0,00    0,00
14:04:45       8    0,00    0,00    0,00    0,00    0,00   96,97    0,00    0,00    0,00    3,03
14:04:45       9    0,00    0,00    0,00    0,00    0,00   79,80    0,00    0,00    0,00   20,20
14:04:45      10    0,00    0,00    0,98    0,00    0,00   92,16    0,00    0,00    0,00    6,86
14:04:45      11    0,00    0,00    0,00    0,00    0,00   64,00    0,00    0,00    0,00   36,00
14:04:45      12    0,00    0,00    0,00    0,00    0,00   65,00    0,00    0,00    0,00   35,00
14:04:45      13    0,00    0,00    0,00    0,00    0,00   83,67    0,00    0,00    0,00   16,33
14:04:45      14    0,00    0,00    0,00    0,00    0,00   72,73    0,00    0,00    0,00   27,27
14:04:45      15    0,00    0,00    0,00    0,00    0,00   51,52    0,00    0,00    0,00   48,48
14:04:45      16    0,99    0,00    0,99    0,00    0,00    0,00    0,00    0,00    0,00   98,02
14:04:45      17    0,00    0,00    0,00    0,00    0,00    0,00    0,00    0,00    0,00  100,00
14:04:45      18    1,00    0,00    0,00    0,00    0,00    0,00    0,00    0,00    0,00   99,00
14:04:45      19    1,00    0,00    0,00    0,00    0,00    0,00    0,00    0,00    0,00   99,00
14:04:45      20    0,99    0,00    0,99    0,00    0,00    0,00    0,00    0,00    0,00   98,02
14:04:45      21    0,98    0,00    0,98    0,00    0,00    0,98    0,00    0,00    0,00   97,06
14:04:45      22    1,00    0,00    1,00    0,00    0,00    0,00    0,00    0,00    0,00   98,00
14:04:45      23    1,01    0,00    0,00    0,00    0,00    0,00    0,00    0,00    0,00   98,99

14:04:45     CPU    %usr   %nice    %sys %iowait    %irq   %soft  %steal  %guest  %gnice   %idle
14:04:46     all    0,00    0,00    0,00    0,13    0,00   54,16    0,00    0,00    0,00   45,71
14:04:46       0    0,00    0,00    0,00    0,00    0,00   64,00    0,00    0,00    0,00   36,00
14:04:46       1    0,00    0,00    0,00    0,00    0,00   75,76    0,00    0,00    0,00   24,24
14:04:46       2    0,00    0,00    0,00    0,00    0,00   73,00    0,00    0,00    0,00   27,00
14:04:46       3    0,00    0,00    0,00    0,00    0,00   88,00    0,00    0,00    0,00   12,00
14:04:46       4    0,00    0,00    0,00    0,00    0,00  100,00    0,00    0,00    0,00    0,00
14:04:46       5    0,00    0,00    0,00    0,00    0,00  100,00    0,00    0,00    0,00    0,00
14:04:46       6    0,00    0,00    0,00    0,00    0,00   95,79    0,00    0,00    0,00    4,21
14:04:46       7    0,00    0,00    0,00    0,00    0,00  100,00    0,00    0,00    0,00    0,00
14:04:46       8    0,00    0,00    0,00    0,00    0,00   95,92    0,00    0,00    0,00    4,08
14:04:46       9    0,00    0,00    0,00    0,00    0,00   80,20    0,00    0,00    0,00   19,80
14:04:46      10    0,00    0,00    0,00    0,00    0,00   91,18    0,00    0,00    0,00    8,82
14:04:46      11    0,00    0,00    0,00    0,00    0,00   61,86    0,00    0,00    0,00   38,14
14:04:46      12    0,00    0,00    0,00    0,00    0,00   66,00    0,00    0,00    0,00   34,00
14:04:46      13    0,00    0,00    0,00    0,00    0,00   84,16    0,00    0,00    0,00   15,84
14:04:46      14    0,00    0,00    0,00    0,00    0,00   73,00    0,00    0,00    0,00   27,00
14:04:46      15    0,00    0,00    0,00    0,00    0,00   52,00    0,00    0,00    0,00   48,00
14:04:46      16    0,00    0,00    0,00    1,00    0,00    0,00    0,00    0,00    0,00   99,00
14:04:46      17    0,00    0,00    0,00    2,00    0,00    0,00    0,00    0,00    0,00   98,00
14:04:46      18    0,00    0,00    0,00    0,00    0,00    0,00    0,00    0,00    0,00  100,00
14:04:46      19    0,00    0,00    0,00    0,00    0,00    0,00    0,00    0,00    0,00  100,00
14:04:46      20    0,00    0,00    0,00    0,00    0,00    0,00    0,00    0,00    0,00  100,00
14:04:46      21    0,00    0,00    0,00    0,00    0,00    0,00    0,00    0,00    0,00  100,00
14:04:46      22    0,00    0,00    0,00    0,00    0,00    0,00    0,00    0,00    0,00  100,00
14:04:46      23    0,00    0,00    0,00    0,00    0,00    0,00    0,00    0,00    0,00  100,00

14:04:46     CPU    %usr   %nice    %sys %iowait    %irq   %soft  %steal  %guest  %gnice   %idle
14:04:47     all    0,34    0,00    0,42    0,00    0,00   54,29    0,00    0,00    0,00   44,95
14:04:47       0    0,00    0,00    0,00    0,00    0,00   64,65    0,00    0,00    0,00   35,35
14:04:47       1    0,00    0,00    0,00    0,00    0,00   77,23    0,00    0,00    0,00   22,77
14:04:47       2    0,00    0,00    0,00    0,00    0,00   71,43    0,00    0,00    0,00   28,57
14:04:47       3    0,00    0,00    0,00    0,00    0,00   86,14    0,00    0,00    0,00   13,86
14:04:47       4    0,00    0,00    0,00    0,00    0,00  100,00    0,00    0,00    0,00    0,00
14:04:47       5    0,00    0,00    0,00    0,00    0,00  100,00    0,00    0,00    0,00    0,00
14:04:47       6    0,00    0,00    0,00    0,00    0,00   94,85    0,00    0,00    0,00    5,15
14:04:47       7    0,00    0,00    0,00    0,00    0,00  100,00    0,00    0,00    0,00    0,00
14:04:47       8    0,00    0,00    0,00    0,00    0,00   97,03    0,00    0,00    0,00    2,97
14:04:47       9    0,00    0,00    0,00    0,00    0,00   79,80    0,00    0,00    0,00   20,20
14:04:47      10    0,00    0,00    0,00    0,00    0,00   93,00    0,00    0,00    0,00    7,00
14:04:47      11    0,00    0,00    0,00    0,00    0,00   63,64    0,00    0,00    0,00   36,36
14:04:47      12    0,00    0,00    0,00    0,00    0,00   64,65    0,00    0,00    0,00   35,35
14:04:47      13    0,00    0,00    0,00    0,00    0,00   84,85    0,00    0,00    0,00   15,15
14:04:47      14    0,00    0,00    0,00    0,00    0,00   72,45    0,00    0,00    0,00   27,55
14:04:47      15    0,00    0,00    0,00    0,00    0,00   52,48    0,00    0,00    0,00   47,52
14:04:47      16    0,00    0,00    0,00    0,00    0,00    0,00    0,00    0,00    0,00  100,00
14:04:47      17    0,00    0,00    0,99    0,00    0,00    0,00    0,00    0,00    0,00   99,01
14:04:47      18    0,00    0,00    0,00    0,00    0,00    0,00    0,00    0,00    0,00  100,00
14:04:47      19    1,00    0,00    0,00    0,00    0,00    0,00    0,00    0,00    0,00   99,00
14:04:47      20    7,07    0,00    9,09    0,00    0,00    0,00    0,00    0,00    0,00   83,84
14:04:47      21    0,00    0,00    0,00    0,00    0,00    0,00    0,00    0,00    0,00  100,00
14:04:47      22    0,00    0,00    0,00    0,00    0,00    0,00    0,00    0,00    0,00  100,00
14:04:47      23    0,00    0,00    0,00    0,00    0,00    0,00    0,00    0,00    0,00  100,00

14:04:47     CPU    %usr   %nice    %sys %iowait    %irq   %soft  %steal  %guest  %gnice   %idle
14:04:48     all    0,04    0,00    0,04    0,00    0,00   54,05    0,00    0,00    0,00   45,86
14:04:48       0    0,00    0,00    0,00    0,00    0,00   64,65    0,00    0,00    0,00   35,35
14:04:48       1    0,00    0,00    0,00    0,00    0,00   76,77    0,00    0,00    0,00   23,23
14:04:48       2    0,00    0,00    0,00    0,00    0,00   70,30    0,00    0,00    0,00   29,70
14:04:48       3    0,00    0,00    0,00    0,00    0,00   82,83    0,00    0,00    0,00   17,17
14:04:48       4    0,00    0,00    0,00    0,00    0,00  100,00    0,00    0,00    0,00    0,00
14:04:48       5    0,00    0,00    0,00    0,00    0,00  100,00    0,00    0,00    0,00    0,00
14:04:48       6    0,00    0,00    1,01    0,00    0,00   93,94    0,00    0,00    0,00    5,05
14:04:48       7    0,00    0,00    0,00    0,00    0,00  100,00    0,00    0,00    0,00    0,00
14:04:48       8    0,00    0,00    0,00    0,00    0,00   97,00    0,00    0,00    0,00    3,00
14:04:48       9    0,00    0,00    0,00    0,00    0,00   79,80    0,00    0,00    0,00   20,20
14:04:48      10    0,00    0,00    0,00    0,00    0,00   93,14    0,00    0,00    0,00    6,86
14:04:48      11    0,00    0,00    0,00    0,00    0,00   63,27    0,00    0,00    0,00   36,73
14:04:48      12    0,00    0,00    0,00    0,00    0,00   65,00    0,00    0,00    0,00   35,00
14:04:48      13    0,00    0,00    0,00    0,00    0,00   85,29    0,00    0,00    0,00   14,71
14:04:48      14    0,00    0,00    0,00    0,00    0,00   73,00    0,00    0,00    0,00   27,00
14:04:48      15    0,00    0,00    0,00    0,00    0,00   51,02    0,00    0,00    0,00   48,98
14:04:48      16    0,00    0,00    0,00    0,00    0,00    0,00    0,00    0,00    0,00  100,00
14:04:48      17    0,00    0,00    0,00    0,00    0,00    0,00    0,00    0,00    0,00  100,00
14:04:48      18    0,99    0,00    0,00    0,00    0,00    0,00    0,00    0,00    0,00   99,01
14:04:48      19    0,00    0,00    0,00    0,00    0,00    0,00    0,00    0,00    0,00  100,00
14:04:48      20    0,00    0,00    0,00    0,00    0,00    0,00    0,00    0,00    0,00  100,00
14:04:48      21    0,00    0,00    0,00    0,00    0,00    0,00    0,00    0,00    0,00  100,00
14:04:48      22    0,00    0,00    0,00    0,00    0,00    0,00    0,00    0,00    0,00  100,00
14:04:48      23    0,00    0,00    0,00    0,00    0,00    0,00    0,00    0,00    0,00  100,00

14:04:48     CPU    %usr   %nice    %sys %iowait    %irq   %soft  %steal  %guest  %gnice   %idle
14:04:49     all    0,13    0,00    0,29    0,00    0,00   54,32    0,00    0,00    0,00   45,26
14:04:49       0    0,00    0,00    1,01    0,00    0,00   64,65    0,00    0,00    0,00   34,34
14:04:49       1    0,00    0,00    0,00    0,00    0,00   77,55    0,00    0,00    0,00   22,45
14:04:49       2    0,96    0,00    0,00    0,00    0,00   71,15    0,00    0,00    0,00   27,88
14:04:49       3    0,00    0,00    0,00    0,00    0,00   83,84    0,00    0,00    0,00   16,16
14:04:49       4    0,00    0,00    0,00    0,00    0,00  100,00    0,00    0,00    0,00    0,00
14:04:49       5    0,00    0,00    0,00    0,00    0,00  100,00    0,00    0,00    0,00    0,00
14:04:49       6    0,00    0,00    0,00    0,00    0,00   94,95    0,00    0,00    0,00    5,05
14:04:49       7    0,00    0,00    0,00    0,00    0,00  100,00    0,00    0,00    0,00    0,00
14:04:49       8    0,00    0,00    0,00    0,00    0,00   96,97    0,00    0,00    0,00    3,03
14:04:49       9    0,00    0,00    0,00    0,00    0,00   79,80    0,00    0,00    0,00   20,20
14:04:49      10    0,00    0,00    0,00    0,00    0,00   94,06    0,00    0,00    0,00    5,94
14:04:49      11    0,00    0,00    0,00    0,00    0,00   62,63    0,00    0,00    0,00   37,37
14:04:49      12    0,00    0,00    0,00    0,00    0,00   65,66    0,00    0,00    0,00   34,34
14:04:49      13    0,00    0,00    0,00    0,00    0,00   86,00    0,00    0,00    0,00   14,00
14:04:49      14    0,00    0,00    0,00    0,00    0,00   72,73    0,00    0,00    0,00   27,27
14:04:49      15    0,00    0,00    0,00    0,00    0,00   53,92    0,00    0,00    0,00   46,08
14:04:49      16    0,00    0,00    0,00    0,00    0,00    0,00    0,00    0,00    0,00  100,00
14:04:49      17    1,00    0,00    2,00    0,00    0,00    0,00    0,00    0,00    0,00   97,00
14:04:49      18    0,00    0,00    1,00    0,00    0,00    0,00    0,00    0,00    0,00   99,00
14:04:49      19    0,00    0,00    0,99    0,00    0,00    0,00    0,00    0,00    0,00   99,01
14:04:49      20    0,99    0,00    0,99    0,00    0,00    0,00    0,00    0,00    0,00   98,02
14:04:49      21    0,00    0,00    0,00    0,00    0,00    0,00    0,00    0,00    0,00  100,00
14:04:49      22    0,00    0,00    0,00    0,00    0,00    0,00    0,00    0,00    0,00  100,00
14:04:49      23    0,00    0,00    1,01    0,00    0,00    0,00    0,00    0,00    0,00   98,99

14:04:49     CPU    %usr   %nice    %sys %iowait    %irq   %soft  %steal  %guest  %gnice   %idle
14:04:50     all    0,13    0,00    0,08    0,00    0,00   54,05    0,00    0,00    0,00   45,75
14:04:50       0    0,00    0,00    0,00    0,00    0,00   63,27    0,00    0,00    0,00   36,73
14:04:50       1    0,00    0,00    0,00    0,00    0,00   76,53    0,00    0,00    0,00   23,47
14:04:50       2    0,00    0,00    0,00    0,00    0,00   70,71    0,00    0,00    0,00   29,29
14:04:50       3    0,00    0,00    0,00    0,00    0,00   85,15    0,00    0,00    0,00   14,85
14:04:50       4    0,00    0,00    0,00    0,00    0,00  100,00    0,00    0,00    0,00    0,00
14:04:50       5    0,00    0,00    0,00    0,00    0,00  100,00    0,00    0,00    0,00    0,00
14:04:50       6    0,00    0,00    0,00    0,00    0,00   95,00    0,00    0,00    0,00    5,00
14:04:50       7    0,00    0,00    0,00    0,00    0,00  100,00    0,00    0,00    0,00    0,00
14:04:50       8    0,99    0,00    0,00    0,00    0,00   95,05    0,00    0,00    0,00    3,96
14:04:50       9    0,00    0,00    0,00    0,00    0,00   80,00    0,00    0,00    0,00   20,00
14:04:50      10    0,00    0,00    0,00    0,00    0,00   93,07    0,00    0,00    0,00    6,93
14:04:50      11    0,00    0,00    0,00    0,00    0,00   63,00    0,00    0,00    0,00   37,00
14:04:50      12    0,00    0,00    0,00    0,00    0,00   64,71    0,00    0,00    0,00   35,29
14:04:50      13    0,00    0,00    0,00    0,00    0,00   84,85    0,00    0,00    0,00   15,15
14:04:50      14    0,00    0,00    0,00    0,00    0,00   73,00    0,00    0,00    0,00   27,00
14:04:50      15    0,00    0,00    0,00    0,00    0,00   52,53    0,00    0,00    0,00   47,47
14:04:50      16    1,00    0,00    0,00    0,00    0,00    0,00    0,00    0,00    0,00   99,00
14:04:50      17    0,00    0,00    1,00    0,00    0,00    0,00    0,00    0,00    0,00   99,00
14:04:50      18    0,00    0,00    0,00    0,00    0,00    0,00    0,00    0,00    0,00  100,00
14:04:50      19    0,00    0,00    0,00    0,00    0,00    0,00    0,00    0,00    0,00  100,00
14:04:50      20    0,00    0,00    0,00    0,00    0,00    0,00    0,00    0,00    0,00  100,00
14:04:50      21    0,00    0,00    0,99    0,00    0,00    0,00    0,00    0,00    0,00   99,01
14:04:50      22    0,00    0,00    0,00    0,00    0,00    0,00    0,00    0,00    0,00  100,00
14:04:50      23    0,99    0,00    0,00    0,00    0,00    0,00    0,00    0,00    0,00   99,01

14:04:50     CPU    %usr   %nice    %sys %iowait    %irq   %soft  %steal  %guest  %gnice   %idle
14:04:51     all    0,42    0,00    0,46    0,08    0,00   54,42    0,00    0,00    0,00   44,62
14:04:51       0    0,00    0,00    0,00    0,00    0,00   65,66    0,00    0,00    0,00   34,34
14:04:51       1    0,00    0,00    0,00    0,00    0,00   78,22    0,00    0,00    0,00   21,78
14:04:51       2    1,00    0,00    2,00    0,00    0,00   70,00    0,00    0,00    0,00   27,00
14:04:51       3    0,00    0,00    0,00    0,00    0,00   85,71    0,00    0,00    0,00   14,29
14:04:51       4    0,00    0,00    0,00    0,00    0,00  100,00    0,00    0,00    0,00    0,00
14:04:51       5    0,00    0,00    0,00    0,00    0,00  100,00    0,00    0,00    0,00    0,00
14:04:51       6    0,00    0,00    0,00    0,00    0,00   95,05    0,00    0,00    0,00    4,95
14:04:51       7    0,00    0,00    0,00    0,00    0,00  100,00    0,00    0,00    0,00    0,00
14:04:51       8    0,00    0,00    0,00    0,00    0,00   97,00    0,00    0,00    0,00    3,00
14:04:51       9    0,00    0,00    0,00    0,00    0,00   79,59    0,00    0,00    0,00   20,41
14:04:51      10    0,00    0,00    0,00    0,00    0,00   92,23    0,00    0,00    0,00    7,77
14:04:51      11    0,00    0,00    0,00    0,00    0,00   64,00    0,00    0,00    0,00   36,00
14:04:51      12    2,02    0,00    3,03    0,00    0,00   65,66    0,00    0,00    0,00   29,29
14:04:51      13    0,98    0,00    0,98    0,00    0,00   84,31    0,00    0,00    0,00   13,73
14:04:51      14    0,00    0,00    0,00    0,00    0,00   73,27    0,00    0,00    0,00   26,73
14:04:51      15    0,00    0,00    0,00    0,00    0,00   52,48    0,00    0,00    0,00   47,52
14:04:51      16    0,00    0,00    0,00    1,00    0,00    0,00    0,00    0,00    0,00   99,00
14:04:51      17    1,01    0,00    0,00    1,01    0,00    0,00    0,00    0,00    0,00   97,98
14:04:51      18    0,99    0,00    0,99    0,00    0,00    0,00    0,00    0,00    0,00   98,02
14:04:51      19    1,00    0,00    0,00    0,00    0,00    0,00    0,00    0,00    0,00   99,00
14:04:51      20    0,00    0,00    0,00    0,00    0,00    0,00    0,00    0,00    0,00  100,00
14:04:51      21    3,03    0,00    4,04    0,00    0,00    0,00    0,00    0,00    0,00   92,93
14:04:51      22    0,00    0,00    0,00    0,00    0,00    0,00    0,00    0,00    0,00  100,00
14:04:51      23    0,00    0,00    0,00    0,00    0,00    0,00    0,00    0,00    0,00  100,00

14:04:51     CPU    %usr   %nice    %sys %iowait    %irq   %soft  %steal  %guest  %gnice   %idle
14:04:52     all    0,04    0,00    0,08    0,00    0,00   53,90    0,00    0,00    0,00   45,97
14:04:52       0    0,00    0,00    0,00    0,00    0,00   68,00    0,00    0,00    0,00   32,00
14:04:52       1    0,00    0,00    0,00    0,00    0,00   80,00    0,00    0,00    0,00   20,00
14:04:52       2    0,00    0,00    0,00    0,00    0,00   72,28    0,00    0,00    0,00   27,72
14:04:52       3    0,00    0,00    0,00    0,00    0,00   85,39    0,00    0,00    0,00   14,61
14:04:52       4    0,00    0,00    0,00    0,00    0,00  100,00    0,00    0,00    0,00    0,00
14:04:52       5    0,00    0,00    0,00    0,00    0,00  100,00    0,00    0,00    0,00    0,00
14:04:52       6    0,00    0,00    0,00    0,00    0,00   95,00    0,00    0,00    0,00    5,00
14:04:52       7    0,00    0,00    0,00    0,00    0,00  100,00    0,00    0,00    0,00    0,00
14:04:52       8    0,00    0,00    0,99    0,00    0,00   96,04    0,00    0,00    0,00    2,97
14:04:52       9    0,00    0,00    0,00    0,00    0,00   80,20    0,00    0,00    0,00   19,80
14:04:52      10    0,00    0,00    0,97    0,00    0,00   90,29    0,00    0,00    0,00    8,74
14:04:52      11    0,00    0,00    0,00    0,00    0,00   62,24    0,00    0,00    0,00   37,76
14:04:52      12    0,00    0,00    0,00    0,00    0,00   65,00    0,00    0,00    0,00   35,00
14:04:52      13    0,00    0,00    0,00    0,00    0,00   83,84    0,00    0,00    0,00   16,16
14:04:52      14    0,00    0,00    0,00    0,00    0,00   73,27    0,00    0,00    0,00   26,73
14:04:52      15    0,00    0,00    0,00    0,00    0,00   40,00    0,00    0,00    0,00   60,00
14:04:52      16    0,00    0,00    0,00    0,00    0,00    0,00    0,00    0,00    0,00  100,00
14:04:52      17    0,00    0,00    0,00    0,00    0,00    0,00    0,00    0,00    0,00  100,00
14:04:52      18    0,00    0,00    0,00    0,00    0,00    0,00    0,00    0,00    0,00  100,00
14:04:52      19    0,00    0,00    0,00    0,00    0,00    0,00    0,00    0,00    0,00  100,00
14:04:52      20    0,99    0,00    0,00    0,00    0,00    0,00    0,00    0,00    0,00   99,01
14:04:52      21    0,00    0,00    0,00    0,00    0,00    0,00    0,00    0,00    0,00  100,00
14:04:52      22    0,00    0,00    0,00    0,00    0,00    0,00    0,00    0,00    0,00  100,00
14:04:52      23    0,00    0,00    0,00    0,00    0,00    0,00    0,00    0,00    0,00  100,00

14:04:52     CPU    %usr   %nice    %sys %iowait    %irq   %soft  %steal  %guest  %gnice   %idle
14:04:53     all    0,38    0,00    0,50    0,00    0,00   54,57    0,00    0,00    0,00   44,55
14:04:53       0    0,00    0,00    0,00    0,00    0,00   68,69    0,00    0,00    0,00   31,31
14:04:53       1    0,00    0,00    0,00    0,00    0,00   81,19    0,00    0,00    0,00   18,81
14:04:53       2    3,00    0,00    4,00    0,00    0,00   72,00    0,00    0,00    0,00   21,00
14:04:53       3    0,00    0,00    0,00    0,00    0,00   85,86    0,00    0,00    0,00   14,14
14:04:53       4    0,00    0,00    0,00    0,00    0,00  100,00    0,00    0,00    0,00    0,00
14:04:53       5    0,00    0,00    0,00    0,00    0,00  100,00    0,00    0,00    0,00    0,00
14:04:53       6    0,00    0,00    0,00    0,00    0,00   95,96    0,00    0,00    0,00    4,04
14:04:53       7    0,00    0,00    0,00    0,00    0,00  100,00    0,00    0,00    0,00    0,00
14:04:53       8    0,00    0,00    0,00    0,00    0,00   97,98    0,00    0,00    0,00    2,02
14:04:53       9    0,99    0,00    0,99    0,00    0,00   80,20    0,00    0,00    0,00   17,82
14:04:53      10    0,00    0,00    0,00    0,00    0,00   93,14    0,00    0,00    0,00    6,86
14:04:53      11    0,00    0,00    0,00    0,00    0,00   64,00    0,00    0,00    0,00   36,00
14:04:53      12    1,01    0,00    3,03    0,00    0,00   64,65    0,00    0,00    0,00   31,31
14:04:53      13    0,00    0,00    0,00    0,00    0,00   84,85    0,00    0,00    0,00   15,15
14:04:53      14    0,00    0,00    0,00    0,00    0,00   75,25    0,00    0,00    0,00   24,75
14:04:53      15    0,00    0,00    0,00    0,00    0,00   44,19    0,00    0,00    0,00   55,81
14:04:53      16    0,00    0,00    0,00    0,00    0,00    0,00    0,00    0,00    0,00  100,00
14:04:53      17    1,00    0,00    1,00    0,00    0,00    0,00    0,00    0,00    0,00   98,00
14:04:53      18    0,00    0,00    0,00    0,00    0,00    0,00    0,00    0,00    0,00  100,00
14:04:53      19    1,00    0,00    0,00    0,00    0,00    0,00    0,00    0,00    0,00   99,00
14:04:53      20    0,00    0,00    0,00    0,00    0,00    0,00    0,00    0,00    0,00  100,00
14:04:53      21    0,00    0,00    0,00    0,00    0,00    0,00    0,00    0,00    0,00  100,00
14:04:53      22    2,00    0,00    2,00    0,00    0,00    0,00    0,00    0,00    0,00   96,00
14:04:53      23    0,00    0,00    1,00    0,00    0,00    0,00    0,00    0,00    0,00   99,00

14:04:53     CPU    %usr   %nice    %sys %iowait    %irq   %soft  %steal  %guest  %gnice   %idle
14:04:54     all    0,13    0,00    0,30    0,00    0,00   54,07    0,00    0,00    0,00   45,50
14:04:54       0    0,00    0,00    0,00    0,00    0,00   65,98    0,00    0,00    0,00   34,02
14:04:54       1    0,00    0,00    0,00    0,00    0,00   79,59    0,00    0,00    0,00   20,41
14:04:54       2    0,00    0,00    0,00    0,00    0,00   71,43    0,00    0,00    0,00   28,57
14:04:54       3    0,00    0,00    0,00    0,00    0,00   85,00    0,00    0,00    0,00   15,00
14:04:54       4    0,00    0,00    0,00    0,00    0,00  100,00    0,00    0,00    0,00    0,00
14:04:54       5    0,00    0,00    0,00    0,00    0,00  100,00    0,00    0,00    0,00    0,00
14:04:54       6    0,00    0,00    0,00    0,00    0,00   94,95    0,00    0,00    0,00    5,05
14:04:54       7    0,00    0,00    0,00    0,00    0,00  100,00    0,00    0,00    0,00    0,00
14:04:54       8    0,00    0,00    0,00    0,00    0,00   96,97    0,00    0,00    0,00    3,03
14:04:54       9    0,00    0,00    0,00    0,00    0,00   80,20    0,00    0,00    0,00   19,80
14:04:54      10    0,00    0,00    0,00    0,00    0,00   93,14    0,00    0,00    0,00    6,86
14:04:54      11    0,00    0,00    0,00    0,00    0,00   63,64    0,00    0,00    0,00   36,36
14:04:54      12    0,00    0,00    0,00    0,00    0,00   66,00    0,00    0,00    0,00   34,00
14:04:54      13    0,00    0,00    0,00    0,00    0,00   84,69    0,00    0,00    0,00   15,31
14:04:54      14    0,00    0,00    0,00    0,00    0,00   73,00    0,00    0,00    0,00   27,00
14:04:54      15    0,00    0,00    0,00    0,00    0,00   41,25    0,00    0,00    0,00   58,75
14:04:54      16    1,00    0,00    3,00    0,00    0,00    0,00    0,00    0,00    0,00   96,00
14:04:54      17    1,01    0,00    0,00    0,00    0,00    0,00    0,00    0,00    0,00   98,99
14:04:54      18    0,00    0,00    0,00    0,00    0,00    0,00    0,00    0,00    0,00  100,00
14:04:54      19    1,00    0,00    1,00    0,00    0,00    0,00    0,00    0,00    0,00   98,00
14:04:54      20    0,00    0,00    0,00    0,00    0,00    0,00    0,00    0,00    0,00  100,00
14:04:54      21    0,00    0,00    1,00    0,00    0,00    0,00    0,00    0,00    0,00   99,00
14:04:54      22    0,00    0,00    0,99    0,00    0,00    0,00    0,00    0,00    0,00   99,01
14:04:54      23    0,00    0,00    1,00    0,00    0,00    0,00    0,00    0,00    0,00   99,00

14:04:54     CPU    %usr   %nice    %sys %iowait    %irq   %soft  %steal  %guest  %gnice   %idle
14:04:55     all    0,17    0,00    0,13    0,00    0,00   54,51    0,00    0,00    0,00   45,20
14:04:55       0    0,00    0,00    0,00    0,00    0,00   67,01    0,00    0,00    0,00   32,99
14:04:55       1    0,00    0,00    0,00    0,00    0,00   78,79    0,00    0,00    0,00   21,21
14:04:55       2    0,00    0,00    0,00    0,00    0,00   73,00    0,00    0,00    0,00   27,00
14:04:55       3    0,00    0,00    0,00    0,00    0,00   86,00    0,00    0,00    0,00   14,00
14:04:55       4    0,00    0,00    0,00    0,00    0,00  100,00    0,00    0,00    0,00    0,00
14:04:55       5    0,00    0,00    0,00    0,00    0,00  100,00    0,00    0,00    0,00    0,00
14:04:55       6    0,00    0,00    0,00    0,00    0,00   94,90    0,00    0,00    0,00    5,10
14:04:55       7    0,00    0,00    0,00    0,00    0,00  100,00    0,00    0,00    0,00    0,00
14:04:55       8    0,00    0,00    0,00    0,00    0,00   97,06    0,00    0,00    0,00    2,94
14:04:55       9    0,00    0,00    0,00    0,00    0,00   80,00    0,00    0,00    0,00   20,00
14:04:55      10    0,00    0,00    0,00    0,00    0,00   93,14    0,00    0,00    0,00    6,86
14:04:55      11    0,00    0,00    0,00    0,00    0,00   64,00    0,00    0,00    0,00   36,00
14:04:55      12    0,00    0,00    0,00    0,00    0,00   65,66    0,00    0,00    0,00   34,34
14:04:55      13    0,00    0,00    0,00    0,00    0,00   83,84    0,00    0,00    0,00   16,16
14:04:55      14    0,00    0,00    0,00    0,00    0,00   73,74    0,00    0,00    0,00   26,26
14:04:55      15    0,00    0,00    0,00    0,00    0,00   52,00    0,00    0,00    0,00   48,00
14:04:55      16    0,00    0,00    0,00    0,00    0,00    0,00    0,00    0,00    0,00  100,00
14:04:55      17    1,00    0,00    0,00    0,00    0,00    0,00    0,00    0,00    0,00   99,00
14:04:55      18    0,99    0,00    0,99    0,00    0,00    0,00    0,00    0,00    0,00   98,02
14:04:55      19    1,00    0,00    1,00    0,00    0,00    0,00    0,00    0,00    0,00   98,00
14:04:55      20    0,98    0,00    0,98    0,00    0,00    0,00    0,00    0,00    0,00   98,04
14:04:55      21    0,00    0,00    0,00    0,00    0,00    0,00    0,00    0,00    0,00  100,00
14:04:55      22    0,00    0,00    0,00    0,00    0,00    0,00    0,00    0,00    0,00  100,00
14:04:55      23    0,00    0,00    0,00    0,00    0,00    0,00    0,00    0,00    0,00  100,00

14:04:55     CPU    %usr   %nice    %sys %iowait    %irq   %soft  %steal  %guest  %gnice   %idle
14:04:56     all    0,04    0,00    0,04    0,08    0,00   54,25    0,00    0,00    0,00   45,59
14:04:56       0    0,00    0,00    0,00    0,00    0,00   66,32    0,00    0,00    0,00   33,68
14:04:56       1    0,00    0,00    0,00    0,00    0,00   78,79    0,00    0,00    0,00   21,21
14:04:56       2    0,00    0,00    0,00    0,00    0,00   71,72    0,00    0,00    0,00   28,28
14:04:56       3    0,00    0,00    0,00    0,00    0,00   84,69    0,00    0,00    0,00   15,31
14:04:56       4    0,00    0,00    0,00    0,00    0,00  100,00    0,00    0,00    0,00    0,00
14:04:56       5    0,00    0,00    0,00    0,00    0,00  100,00    0,00    0,00    0,00    0,00
14:04:56       6    0,00    0,00    0,00    0,00    0,00   95,00    0,00    0,00    0,00    5,00
14:04:56       7    0,00    0,00    0,00    0,00    0,00  100,00    0,00    0,00    0,00    0,00
14:04:56       8    0,00    0,00    0,00    0,00    0,00   96,04    0,00    0,00    0,00    3,96
14:04:56       9    0,00    0,00    0,00    0,00    0,00   80,20    0,00    0,00    0,00   19,80
14:04:56      10    0,00    0,00    0,00    0,00    0,00   92,23    0,00    0,00    0,00    7,77
14:04:56      11    0,00    0,00    0,00    0,00    0,00   62,24    0,00    0,00    0,00   37,76
14:04:56      12    0,00    0,00    0,00    0,00    0,00   65,35    0,00    0,00    0,00   34,65
14:04:56      13    0,00    0,00    0,00    0,00    0,00   83,33    0,00    0,00    0,00   16,67
14:04:56      14    0,00    0,00    0,00    0,00    0,00   72,45    0,00    0,00    0,00   27,55
14:04:56      15    0,00    0,00    0,00    0,00    0,00   51,52    0,00    0,00    0,00   48,48
14:04:56      16    0,00    0,00    0,00    1,00    0,00    0,00    0,00    0,00    0,00   99,00
14:04:56      17    1,00    0,00    1,00    1,00    0,00    0,00    0,00    0,00    0,00   97,00
14:04:56      18    0,00    0,00    0,00    0,00    0,00    0,00    0,00    0,00    0,00  100,00
14:04:56      19    0,00    0,00    0,00    0,00    0,00    0,00    0,00    0,00    0,00  100,00
14:04:56      20    0,00    0,00    0,00    0,00    0,00    0,00    0,00    0,00    0,00  100,00
14:04:56      21    0,00    0,00    0,00    0,00    0,00    0,00    0,00    0,00    0,00  100,00
14:04:56      22    0,00    0,00    0,00    0,00    0,00    0,00    0,00    0,00    0,00  100,00
14:04:56      23    0,00    0,00    0,00    0,00    0,00    0,00    0,00    0,00    0,00  100,00

14:04:56     CPU    %usr   %nice    %sys %iowait    %irq   %soft  %steal  %guest  %gnice   %idle
14:04:57     all    0,08    0,00    0,00    0,00    0,00   54,93    0,00    0,00    0,00   44,98
14:04:57       0    0,00    0,00    0,00    0,00    0,00   67,35    0,00    0,00    0,00   32,65
14:04:57       1    0,00    0,00    0,00    0,00    0,00   79,81    0,00    0,00    0,00   20,19
14:04:57       2    0,00    0,00    0,00    0,00    0,00   73,00    0,00    0,00    0,00   27,00
14:04:57       3    0,00    0,00    0,00    0,00    0,00   85,86    0,00    0,00    0,00   14,14
14:04:57       4    0,00    0,00    0,00    0,00    0,00  100,00    0,00    0,00    0,00    0,00
14:04:57       5    0,00    0,00    0,00    0,00    0,00  100,00    0,00    0,00    0,00    0,00
14:04:57       6    0,00    0,00    0,00    0,00    0,00   96,00    0,00    0,00    0,00    4,00
14:04:57       7    0,00    0,00    0,00    0,00    0,00  100,00    0,00    0,00    0,00    0,00
14:04:57       8    0,00    0,00    0,00    0,00    0,00   97,98    0,00    0,00    0,00    2,02
14:04:57       9    0,00    0,00    0,00    0,00    0,00   80,81    0,00    0,00    0,00   19,19
14:04:57      10    0,00    0,00    0,00    0,00    0,00   93,20    0,00    0,00    0,00    6,80
14:04:57      11    0,00    0,00    0,00    0,00    0,00   64,65    0,00    0,00    0,00   35,35
14:04:57      12    0,00    0,00    0,00    0,00    0,00   65,31    0,00    0,00    0,00   34,69
14:04:57      13    0,00    0,00    0,00    0,00    0,00   84,85    0,00    0,00    0,00   15,15
14:04:57      14    0,00    0,00    0,00    0,00    0,00   74,00    0,00    0,00    0,00   26,00
14:04:57      15    0,00    0,00    0,00    0,00    0,00   52,53    0,00    0,00    0,00   47,47
14:04:57      16    1,00    0,00    0,00    0,00    0,00    0,00    0,00    0,00    0,00   99,00
14:04:57      17    0,00    0,00    0,00    0,00    0,00    0,00    0,00    0,00    0,00  100,00
14:04:57      18    1,02    0,00    0,00    0,00    0,00    0,00    0,00    0,00    0,00   98,98
14:04:57      19    0,00    0,00    0,00    0,00    0,00    0,00    0,00    0,00    0,00  100,00
14:04:57      20    0,00    0,00    0,00    0,00    0,00    0,00    0,00    0,00    0,00  100,00
14:04:57      21    0,00    0,00    0,00    0,00    0,00    0,00    0,00    0,00    0,00  100,00
14:04:57      22    0,00    0,00    0,00    0,00    0,00    0,00    0,00    0,00    0,00  100,00
14:04:57      23    0,00    0,00    0,00    0,00    0,00    0,00    0,00    0,00    0,00  100,00

14:04:57     CPU    %usr   %nice    %sys %iowait    %irq   %soft  %steal  %guest  %gnice   %idle
14:04:58     all    0,13    0,00    0,04    0,00    0,00   53,61    0,00    0,00    0,00   46,22
14:04:58       0    1,01    0,00    0,00    0,00    0,00   65,66    0,00    0,00    0,00   33,33
14:04:58       1    0,00    0,00    0,00    0,00    0,00   80,61    0,00    0,00    0,00   19,39
14:04:58       2    0,00    0,00    0,00    0,00    0,00   72,00    0,00    0,00    0,00   28,00
14:04:58       3    0,00    0,00    0,00    0,00    0,00   84,85    0,00    0,00    0,00   15,15
14:04:58       4    0,00    0,00    0,00    0,00    0,00  100,00    0,00    0,00    0,00    0,00
14:04:58       5    0,00    0,00    0,00    0,00    0,00  100,00    0,00    0,00    0,00    0,00
14:04:58       6    0,00    0,00    0,00    0,00    0,00   95,00    0,00    0,00    0,00    5,00
14:04:58       7    0,00    0,00    0,00    0,00    0,00  100,00    0,00    0,00    0,00    0,00
14:04:58       8    0,00    0,00    0,00    0,00    0,00   96,04    0,00    0,00    0,00    3,96
14:04:58       9    0,00    0,00    0,00    0,00    0,00   78,49    0,00    0,00    0,00   21,51
14:04:58      10    0,00    0,00    0,00    0,00    0,00   90,65    0,00    0,00    0,00    9,35
14:04:58      11    0,00    0,00    0,00    0,00    0,00   50,68    0,00    0,00    0,00   49,32
14:04:58      12    0,00    0,00    0,00    0,00    0,00   65,00    0,00    0,00    0,00   35,00
14:04:58      13    0,00    0,00    0,00    0,00    0,00   83,67    0,00    0,00    0,00   16,33
14:04:58      14    0,00    0,00    0,00    0,00    0,00   72,45    0,00    0,00    0,00   27,55
14:04:58      15    0,00    0,00    0,00    0,00    0,00   52,48    0,00    0,00    0,00   47,52
14:04:58      16    0,00    0,00    0,00    0,00    0,00    0,00    0,00    0,00    0,00  100,00
14:04:58      17    0,00    0,00    0,00    0,00    0,00    0,00    0,00    0,00    0,00  100,00
14:04:58      18    0,00    0,00    1,00    0,00    0,00    0,00    0,00    0,00    0,00   99,00
14:04:58      19    0,99    0,00    0,00    0,00    0,00    0,00    0,00    0,00    0,00   99,01
14:04:58      20    0,00    0,00    0,00    0,00    0,00    0,00    0,00    0,00    0,00  100,00
14:04:58      21    0,00    0,00    0,00    0,00    0,00    0,00    0,00    0,00    0,00  100,00
14:04:58      22    0,99    0,00    0,00    0,00    0,00    0,00    0,00    0,00    0,00   99,01
14:04:58      23    0,00    0,00    0,00    0,00    0,00    0,00    0,00    0,00    0,00  100,00

14:04:58     CPU    %usr   %nice    %sys %iowait    %irq   %soft  %steal  %guest  %gnice   %idle
14:04:59     all    0,21    0,00    0,25    0,00    0,00   55,13    0,00    0,00    0,00   44,41
14:04:59       0    0,00    0,00    0,00    0,00    0,00   67,35    0,00    0,00    0,00   32,65
14:04:59       1    0,00    0,00    0,00    0,00    0,00   79,80    0,00    0,00    0,00   20,20
14:04:59       2    0,00    0,00    0,00    0,00    0,00   74,49    0,00    0,00    0,00   25,51
14:04:59       3    0,00    0,00    0,00    0,00    0,00   89,00    0,00    0,00    0,00   11,00
14:04:59       4    0,00    0,00    0,00    0,00    0,00  100,00    0,00    0,00    0,00    0,00
14:04:59       5    0,00    0,00    0,00    0,00    0,00  100,00    0,00    0,00    0,00    0,00
14:04:59       6    0,00    0,00    0,00    0,00    0,00   96,00    0,00    0,00    0,00    4,00
14:04:59       7    0,00    0,00    0,00    0,00    0,00  100,00    0,00    0,00    0,00    0,00
14:04:59       8    0,00    0,00    0,00    0,00    0,00   98,00    0,00    0,00    0,00    2,00
14:04:59       9    0,00    0,00    0,00    0,00    0,00   81,19    0,00    0,00    0,00   18,81
14:04:59      10    0,00    0,00    0,98    0,00    0,00   93,14    0,00    0,00    0,00    5,88
14:04:59      11    0,00    0,00    0,00    0,00    0,00   62,89    0,00    0,00    0,00   37,11
14:04:59      12    0,00    0,00    0,00    0,00    0,00   66,67    0,00    0,00    0,00   33,33
14:04:59      13    0,00    0,00    0,00    0,00    0,00   85,00    0,00    0,00    0,00   15,00
14:04:59      14    0,00    0,00    0,00    0,00    0,00   74,75    0,00    0,00    0,00   25,25
14:04:59      15    0,00    0,00    0,00    0,00    0,00   53,54    0,00    0,00    0,00   46,46
14:04:59      16    1,01    0,00    0,00    0,00    0,00    0,00    0,00    0,00    0,00   98,99
14:04:59      17    1,00    0,00    1,00    0,00    0,00    0,00    0,00    0,00    0,00   98,00
14:04:59      18    2,04    0,00    2,04    0,00    0,00    0,00    0,00    0,00    0,00   95,92
14:04:59      19    0,00    0,00    1,01    0,00    0,00    0,00    0,00    0,00    0,00   98,99
14:04:59      20    0,00    0,00    0,00    0,00    0,00    0,00    0,00    0,00    0,00  100,00
14:04:59      21    0,99    0,00    0,00    0,00    0,00    0,00    0,00    0,00    0,00   99,01
14:04:59      22    0,00    0,00    0,00    0,00    0,00    0,00    0,00    0,00    0,00  100,00
14:04:59      23    0,00    0,00    1,00    0,00    0,00    0,00    0,00    0,00    0,00   99,00

14:04:59     CPU    %usr   %nice    %sys %iowait    %irq   %soft  %steal  %guest  %gnice   %idle
14:05:00     all    0,25    0,00    0,13    0,00    0,00   54,08    0,00    0,00    0,00   45,54
14:05:00       0    0,00    0,00    0,00    0,00    0,00   66,34    0,00    0,00    0,00   33,66
14:05:00       1    0,00    0,00    0,00    0,00    0,00   80,00    0,00    0,00    0,00   20,00
14:05:00       2    0,00    0,00    0,00    0,00    0,00   73,27    0,00    0,00    0,00   26,73
14:05:00       3    0,00    0,00    0,00    0,00    0,00   88,24    0,00    0,00    0,00   11,76
14:05:00       4    0,00    0,00    0,00    0,00    0,00  100,00    0,00    0,00    0,00    0,00
14:05:00       5    0,00    0,00    0,00    0,00    0,00  100,00    0,00    0,00    0,00    0,00
14:05:00       6    0,00    0,00    0,00    0,00    0,00   95,00    0,00    0,00    0,00    5,00
14:05:00       7    0,00    0,00    0,00    0,00    0,00  100,00    0,00    0,00    0,00    0,00
14:05:00       8    0,00    0,00    0,00    0,00    0,00   97,00    0,00    0,00    0,00    3,00
14:05:00       9    0,00    0,00    0,00    0,00    0,00   80,21    0,00    0,00    0,00   19,79
14:05:00      10    0,00    0,00    0,00    0,00    0,00   93,14    0,00    0,00    0,00    6,86
14:05:00      11    0,00    0,00    0,00    0,00    0,00   64,00    0,00    0,00    0,00   36,00
14:05:00      12    1,00    0,00    0,00    0,00    0,00   65,00    0,00    0,00    0,00   34,00
14:05:00      13    0,00    0,00    0,00    0,00    0,00   84,38    0,00    0,00    0,00   15,62
14:05:00      14    0,00    0,00    0,00    0,00    0,00   72,73    0,00    0,00    0,00   27,27
14:05:00      15    0,00    0,00    0,00    0,00    0,00   32,39    0,00    0,00    0,00   67,61
14:05:00      16    1,00    0,00    0,00    0,00    0,00    0,00    0,00    0,00    0,00   99,00
14:05:00      17    1,00    0,00    0,00    0,00    0,00    0,00    0,00    0,00    0,00   99,00
14:05:00      18    0,00    0,00    1,00    0,00    0,00    0,00    0,00    0,00    0,00   99,00
14:05:00      19    1,01    0,00    0,00    0,00    0,00    0,00    0,00    0,00    0,00   98,99
14:05:00      20    1,00    0,00    0,00    0,00    0,00    0,00    0,00    0,00    0,00   99,00
14:05:00      21    0,00    0,00    1,00    0,00    0,00    0,00    0,00    0,00    0,00   99,00
14:05:00      22    0,00    0,00    1,00    0,00    0,00    0,00    0,00    0,00    0,00   99,00
14:05:00      23    1,00    0,00    0,00    0,00    0,00    0,00    0,00    0,00    0,00   99,00

14:05:00     CPU    %usr   %nice    %sys %iowait    %irq   %soft  %steal  %guest  %gnice   %idle
14:05:01     all    0,12    0,00    0,12    0,08    0,00   54,88    0,00    0,00    0,00   44,79
14:05:01       0    0,00    0,00    0,00    0,00    0,00   67,00    0,00    0,00    0,00   33,00
14:05:01       1    0,00    0,00    0,00    0,00    0,00   79,41    0,00    0,00    0,00   20,59
14:05:01       2    0,00    0,00    0,00    0,00    0,00   73,00    0,00    0,00    0,00   27,00
14:05:01       3    0,00    0,00    0,00    0,00    0,00   85,29    0,00    0,00    0,00   14,71
14:05:01       4    0,00    0,00    0,00    0,00    0,00  100,00    0,00    0,00    0,00    0,00
14:05:01       5    0,00    0,00    0,00    0,00    0,00  100,00    0,00    0,00    0,00    0,00
14:05:01       6    0,00    0,00    0,00    0,00    0,00   96,00    0,00    0,00    0,00    4,00
14:05:01       7    0,00    0,00    0,00    0,00    0,00  100,00    0,00    0,00    0,00    0,00
14:05:01       8    0,00    0,00    0,00    0,00    0,00   97,06    0,00    0,00    0,00    2,94
14:05:01       9    0,00    0,00    0,00    0,00    0,00   79,80    0,00    0,00    0,00   20,20
14:05:01      10    0,00    0,00    0,00    0,00    0,00   94,00    0,00    0,00    0,00    6,00
14:05:01      11    0,00    0,00    0,00    0,00    0,00   64,71    0,00    0,00    0,00   35,29
14:05:01      12    0,00    0,00    0,00    0,00    0,00   66,34    0,00    0,00    0,00   33,66
14:05:01      13    0,00    0,00    0,00    0,00    0,00   84,00    0,00    0,00    0,00   16,00
14:05:01      14    0,00    0,00    0,00    0,00    0,00   73,27    0,00    0,00    0,00   26,73
14:05:01      15    0,00    0,00    0,00    0,00    0,00   54,00    0,00    0,00    0,00   46,00
14:05:01      16    1,01    0,00    1,01    0,00    0,00    0,00    0,00    0,00    0,00   97,98
14:05:01      17    0,00    0,00    1,00    2,00    0,00    0,00    0,00    0,00    0,00   97,00
14:05:01      18    0,99    0,00    0,00    0,00    0,00    0,00    0,00    0,00    0,00   99,01
14:05:01      19    0,99    0,00    0,99    0,00    0,00    0,00    0,00    0,00    0,00   98,02
14:05:01      20    0,00    0,00    0,00    0,00    0,00    0,00    0,00    0,00    0,00  100,00
14:05:01      21    0,00    0,00    0,00    0,00    0,00    0,00    0,00    0,00    0,00  100,00
14:05:01      22    0,00    0,00    0,00    0,00    0,00    0,00    0,00    0,00    0,00  100,00
14:05:01      23    0,00    0,00    0,00    0,00    0,00    0,00    0,00    0,00    0,00  100,00

14:05:01     CPU    %usr   %nice    %sys %iowait    %irq   %soft  %steal  %guest  %gnice   %idle
14:05:02     all    0,50    0,00    0,54    0,00    0,00   54,67    0,00    0,00    0,00   44,28
14:05:02       0    0,00    0,00    0,00    0,00    0,00   67,00    0,00    0,00    0,00   33,00
14:05:02       1    0,00    0,00    0,00    0,00    0,00   79,80    0,00    0,00    0,00   20,20
14:05:02       2    0,99    0,00    0,99    0,00    0,00   71,29    0,00    0,00    0,00   26,73
14:05:02       3    0,00    0,00    0,00    0,00    0,00   85,11    0,00    0,00    0,00   14,89
14:05:02       4    0,00    0,00    0,00    0,00    0,00  100,00    0,00    0,00    0,00    0,00
14:05:02       5    0,00    0,00    0,00    0,00    0,00  100,00    0,00    0,00    0,00    0,00
14:05:02       6    0,00    0,00    0,00    0,00    0,00   96,04    0,00    0,00    0,00    3,96
14:05:02       7    0,00    0,00    0,00    0,00    0,00  100,00    0,00    0,00    0,00    0,00
14:05:02       8    0,00    0,00    0,99    0,00    0,00   97,03    0,00    0,00    0,00    1,98
14:05:02       9    0,00    0,00    0,00    0,00    0,00   81,00    0,00    0,00    0,00   19,00
14:05:02      10    0,00    0,00    0,00    0,00    0,00   95,10    0,00    0,00    0,00    4,90
14:05:02      11    3,00    0,00    3,00    0,00    0,00   63,00    0,00    0,00    0,00   31,00
14:05:02      12    0,00    0,00    0,00    0,00    0,00   65,66    0,00    0,00    0,00   34,34
14:05:02      13    0,00    0,00    0,00    0,00    0,00   84,54    0,00    0,00    0,00   15,46
14:05:02      14    0,99    0,00    0,99    0,00    0,00   74,26    0,00    0,00    0,00   23,76
14:05:02      15    0,00    0,00    0,00    0,00    0,00   53,47    0,00    0,00    0,00   46,53
14:05:02      16    1,01    0,00    0,00    0,00    0,00    0,00    0,00    0,00    0,00   98,99
14:05:02      17    1,00    0,00    0,00    0,00    0,00    0,00    0,00    0,00    0,00   99,00
14:05:02      18    0,00    0,00    0,00    0,00    0,00    0,00    0,00    0,00    0,00  100,00
14:05:02      19    1,00    0,00    0,00    0,00    0,00    0,00    0,00    0,00    0,00   99,00
14:05:02      20    0,99    0,00    0,99    0,00    0,00    0,00    0,00    0,00    0,00   98,02
14:05:02      21    0,00    0,00    0,00    0,00    0,00    0,00    0,00    0,00    0,00  100,00
14:05:02      22    3,00    0,00    5,00    0,00    0,00    0,00    0,00    0,00    0,00   92,00
14:05:02      23    0,00    0,00    0,99    0,00    0,00    0,00    0,00    0,00    0,00   99,01

14:05:02     CPU    %usr   %nice    %sys %iowait    %irq   %soft  %steal  %guest  %gnice   %idle
14:05:03     all    0,08    0,00    0,29    0,00    0,00   27,01    0,00    0,00    0,00   72,62
14:05:03       0    0,00    0,00    0,00    0,00    0,00   34,02    0,00    0,00    0,00   65,98
14:05:03       1    0,00    0,00    0,00    0,00    0,00   41,00    0,00    0,00    0,00   59,00
14:05:03       2    0,00    0,00    0,00    0,00    0,00   36,63    0,00    0,00    0,00   63,37
14:05:03       3    0,00    0,00    0,00    0,00    0,00   42,57    0,00    0,00    0,00   57,43
14:05:03       4    0,00    0,00    3,00    0,00    0,00   50,00    0,00    0,00    0,00   47,00
14:05:03       5    0,00    0,00    0,00    0,00    0,00   50,51    0,00    0,00    0,00   49,49
14:05:03       6    0,00    0,00    0,00    0,00    0,00   47,52    0,00    0,00    0,00   52,48
14:05:03       7    0,00    0,00    0,00    0,00    0,00   47,62    0,00    0,00    0,00   52,38
14:05:03       8    0,00    0,00    2,02    0,00    0,00   47,47    0,00    0,00    0,00   50,51
14:05:03       9    0,00    0,00    0,00    0,00    0,00   37,76    0,00    0,00    0,00   62,24
14:05:03      10    0,00    0,00    0,00    0,00    0,00   45,54    0,00    0,00    0,00   54,46
14:05:03      11    0,00    0,00    0,00    0,00    0,00   31,68    0,00    0,00    0,00   68,32
14:05:03      12    0,00    0,00    0,00    0,00    0,00   34,00    0,00    0,00    0,00   66,00
14:05:03      13    0,00    0,00    0,00    0,00    0,00   40,40    0,00    0,00    0,00   59,60
14:05:03      14    0,00    0,00    0,00    0,00    0,00   37,00    0,00    0,00    0,00   63,00
14:05:03      15    0,00    0,00    0,00    0,00    0,00   27,45    0,00    0,00    0,00   72,55
14:05:03      16    0,00    0,00    0,00    0,00    0,00    0,00    0,00    0,00    0,00  100,00
14:05:03      17    0,00    0,00    0,00    0,00    0,00    0,00    0,00    0,00    0,00  100,00
14:05:03      18    0,99    0,00    0,00    0,00    0,00    0,00    0,00    0,00    0,00   99,01
14:05:03      19    0,00    0,00    0,00    0,00    0,00    0,00    0,00    0,00    0,00  100,00
14:05:03      20    0,00    0,00    2,02    0,00    0,00    0,00    0,00    0,00    0,00   97,98
14:05:03      21    1,00    0,00    0,00    0,00    0,00    0,00    0,00    0,00    0,00   99,00
14:05:03      22    0,00    0,00    0,00    0,00    0,00    0,00    0,00    0,00    0,00  100,00
14:05:03      23    0,00    0,00    0,00    0,00    0,00    0,00    0,00    0,00    0,00  100,00

14:05:03     CPU    %usr   %nice    %sys %iowait    %irq   %soft  %steal  %guest  %gnice   %idle
14:05:04     all    0,13    0,00    0,29    0,00    0,00   63,81    0,00    0,00    0,00   35,77
14:05:04       0    0,00    0,00    0,00    0,00    0,00   95,05    0,00    0,00    0,00    4,95
14:05:04       1    0,00    0,00    0,00    0,00    0,00   95,00    0,00    0,00    0,00    5,00
14:05:04       2    0,00    0,00    0,00    0,00    0,00   95,96    0,00    0,00    0,00    4,04
14:05:04       3    0,00    0,00    0,00    0,00    0,00   95,96    0,00    0,00    0,00    4,04
14:05:04       4    0,00    0,00    0,00    0,00    0,00   96,00    0,00    0,00    0,00    4,00
14:05:04       5    0,00    0,00    0,00    0,00    0,00   95,96    0,00    0,00    0,00    4,04
14:05:04       6    0,00    0,00    0,00    0,00    0,00   96,00    0,00    0,00    0,00    4,00
14:05:04       7    0,00    0,00    0,00    0,00    0,00   95,05    0,00    0,00    0,00    4,95
14:05:04       8    0,00    0,00    4,00    0,00    0,00   96,00    0,00    0,00    0,00    0,00
14:05:04       9    0,00    0,00    0,00    0,00    0,00   96,00    0,00    0,00    0,00    4,00
14:05:04      10    0,00    0,00    0,00    0,00    0,00   95,00    0,00    0,00    0,00    5,00
14:05:04      11    0,00    0,00    0,00    0,00    0,00   96,00    0,00    0,00    0,00    4,00
14:05:04      12    0,00    0,00    0,00    0,00    0,00   95,00    0,00    0,00    0,00    5,00
14:05:04      13    0,00    0,00    0,00    0,00    0,00   96,00    0,00    0,00    0,00    4,00
14:05:04      14    0,00    0,00    0,00    0,00    0,00   95,05    0,00    0,00    0,00    4,95
14:05:04      15    0,00    0,00    0,00    0,00    0,00   95,96    0,00    0,00    0,00    4,04
14:05:04      16    1,00    0,00    0,00    0,00    0,00    0,00    0,00    0,00    0,00   99,00
14:05:04      17    0,00    0,00    0,00    0,00    0,00    0,00    0,00    0,00    0,00  100,00
14:05:04      18    1,00    0,00    2,00    0,00    0,00    0,00    0,00    0,00    0,00   97,00
14:05:04      19    1,00    0,00    0,00    0,00    0,00    0,00    0,00    0,00    0,00   99,00
14:05:04      20    0,00    0,00    1,00    0,00    0,00    0,00    0,00    0,00    0,00   99,00
14:05:04      21    0,00    0,00    0,00    0,00    0,00    0,00    0,00    0,00    0,00  100,00
14:05:04      22    0,00    0,00    0,00    0,00    0,00    0,00    0,00    0,00    0,00  100,00
14:05:04      23    0,00    0,00    0,00    0,00    0,00    0,00    0,00    0,00    0,00  100,00

14:05:04     CPU    %usr   %nice    %sys %iowait    %irq   %soft  %steal  %guest  %gnice   %idle
14:05:05     all    0,12    0,00    0,21    0,00    0,00   66,64    0,00    0,00    0,00   33,03
14:05:05       0    0,00    0,00    0,00    0,00    0,00  100,00    0,00    0,00    0,00    0,00
14:05:05       1    0,00    0,00    0,00    0,00    0,00  100,00    0,00    0,00    0,00    0,00
14:05:05       2    0,00    0,00    0,00    0,00    0,00  100,00    0,00    0,00    0,00    0,00
14:05:05       3    0,00    0,00    0,00    0,00    0,00  100,00    0,00    0,00    0,00    0,00
14:05:05       4    0,00    0,00    0,00    0,00    0,00  100,00    0,00    0,00    0,00    0,00
14:05:05       5    0,00    0,00    0,00    0,00    0,00  100,00    0,00    0,00    0,00    0,00
14:05:05       6    0,00    0,00    0,00    0,00    0,00  100,00    0,00    0,00    0,00    0,00
14:05:05       7    0,00    0,00    0,00    0,00    0,00  100,00    0,00    0,00    0,00    0,00
14:05:05       8    0,00    0,00    0,00    0,00    0,00  100,00    0,00    0,00    0,00    0,00
14:05:05       9    0,00    0,00    0,00    0,00    0,00  100,00    0,00    0,00    0,00    0,00
14:05:05      10    0,00    0,00    0,00    0,00    0,00  100,00    0,00    0,00    0,00    0,00
14:05:05      11    0,00    0,00    0,00    0,00    0,00  100,00    0,00    0,00    0,00    0,00
14:05:05      12    0,00    0,00    0,00    0,00    0,00  100,00    0,00    0,00    0,00    0,00
14:05:05      13    0,00    0,00    0,00    0,00    0,00  100,00    0,00    0,00    0,00    0,00
14:05:05      14    0,00    0,00    0,00    0,00    0,00  100,00    0,00    0,00    0,00    0,00
14:05:05      15    0,00    0,00    0,00    0,00    0,00  100,00    0,00    0,00    0,00    0,00
14:05:05      16    1,00    0,00    1,00    0,00    0,00    0,00    0,00    0,00    0,00   98,00
14:05:05      17    0,00    0,00    1,00    0,00    0,00    0,00    0,00    0,00    0,00   99,00
14:05:05      18    1,00    0,00    1,00    0,00    0,00    0,00    0,00    0,00    0,00   98,00
14:05:05      19    0,00    0,00    1,00    0,00    0,00    0,00    0,00    0,00    0,00   99,00
14:05:05      20    0,00    0,00    0,00    0,00    0,00    0,00    0,00    0,00    0,00  100,00
14:05:05      21    0,00    0,00    0,00    0,00    0,00    0,00    0,00    0,00    0,00  100,00
14:05:05      22    0,98    0,00    0,98    0,00    0,00    0,00    0,00    0,00    0,00   98,04
14:05:05      23    0,00    0,00    0,00    0,00    0,00    0,00    0,00    0,00    0,00  100,00

14:05:05     CPU    %usr   %nice    %sys %iowait    %irq   %soft  %steal  %guest  %gnice   %idle
14:05:06     all    0,12    0,00    0,00    0,04    0,00   66,67    0,00    0,00    0,00   33,17
14:05:06       0    0,00    0,00    0,00    0,00    0,00  100,00    0,00    0,00    0,00    0,00
14:05:06       1    0,00    0,00    0,00    0,00    0,00  100,00    0,00    0,00    0,00    0,00
14:05:06       2    0,00    0,00    0,00    0,00    0,00  100,00    0,00    0,00    0,00    0,00
14:05:06       3    0,00    0,00    0,00    0,00    0,00  100,00    0,00    0,00    0,00    0,00
14:05:06       4    0,00    0,00    0,00    0,00    0,00  100,00    0,00    0,00    0,00    0,00
14:05:06       5    0,00    0,00    0,00    0,00    0,00  100,00    0,00    0,00    0,00    0,00
14:05:06       6    0,00    0,00    0,00    0,00    0,00  100,00    0,00    0,00    0,00    0,00
14:05:06       7    0,00    0,00    0,00    0,00    0,00  100,00    0,00    0,00    0,00    0,00
14:05:06       8    0,00    0,00    0,00    0,00    0,00  100,00    0,00    0,00    0,00    0,00
14:05:06       9    0,00    0,00    0,00    0,00    0,00  100,00    0,00    0,00    0,00    0,00
14:05:06      10    0,00    0,00    0,00    0,00    0,00  100,00    0,00    0,00    0,00    0,00
14:05:06      11    0,00    0,00    0,00    0,00    0,00  100,00    0,00    0,00    0,00    0,00
14:05:06      12    0,00    0,00    0,00    0,00    0,00  100,00    0,00    0,00    0,00    0,00
14:05:06      13    0,00    0,00    0,00    0,00    0,00  100,00    0,00    0,00    0,00    0,00
14:05:06      14    0,00    0,00    0,00    0,00    0,00  100,00    0,00    0,00    0,00    0,00
14:05:06      15    0,00    0,00    0,00    0,00    0,00  100,00    0,00    0,00    0,00    0,00
14:05:06      16    0,00    0,00    0,00    0,00    0,00    0,00    0,00    0,00    0,00  100,00
14:05:06      17    0,99    0,00    0,00    0,99    0,00    0,00    0,00    0,00    0,00   98,02
14:05:06      18    0,00    0,00    0,00    0,00    0,00    0,00    0,00    0,00    0,00  100,00
14:05:06      19    1,00    0,00    0,00    0,00    0,00    0,00    0,00    0,00    0,00   99,00
14:05:06      20    0,00    0,00    0,00    0,00    0,00    0,00    0,00    0,00    0,00  100,00
14:05:06      21    0,00    0,00    0,00    0,00    0,00    0,00    0,00    0,00    0,00  100,00
14:05:06      22    0,00    0,00    0,00    0,00    0,00    0,00    0,00    0,00    0,00  100,00
14:05:06      23    0,99    0,00    0,00    0,00    0,00    0,00    0,00    0,00    0,00   99,01

14:05:06     CPU    %usr   %nice    %sys %iowait    %irq   %soft  %steal  %guest  %gnice   %idle
14:05:07     all    0,08    0,00    0,00    0,00    0,00   66,75    0,00    0,00    0,00   33,17
14:05:07       0    0,00    0,00    0,00    0,00    0,00  100,00    0,00    0,00    0,00    0,00
14:05:07       1    0,00    0,00    0,00    0,00    0,00  100,00    0,00    0,00    0,00    0,00
14:05:07       2    0,00    0,00    0,00    0,00    0,00  100,00    0,00    0,00    0,00    0,00
14:05:07       3    0,00    0,00    0,00    0,00    0,00  100,00    0,00    0,00    0,00    0,00
14:05:07       4    0,00    0,00    0,00    0,00    0,00  100,00    0,00    0,00    0,00    0,00
14:05:07       5    0,00    0,00    0,00    0,00    0,00  100,00    0,00    0,00    0,00    0,00
14:05:07       6    0,00    0,00    0,00    0,00    0,00  100,00    0,00    0,00    0,00    0,00
14:05:07       7    0,00    0,00    0,00    0,00    0,00  100,00    0,00    0,00    0,00    0,00
14:05:07       8    0,00    0,00    0,00    0,00    0,00  100,00    0,00    0,00    0,00    0,00
14:05:07       9    0,00    0,00    0,00    0,00    0,00  100,00    0,00    0,00    0,00    0,00
14:05:07      10    0,00    0,00    0,00    0,00    0,00  100,00    0,00    0,00    0,00    0,00
14:05:07      11    0,00    0,00    0,00    0,00    0,00  100,00    0,00    0,00    0,00    0,00
14:05:07      12    0,00    0,00    0,00    0,00    0,00  100,00    0,00    0,00    0,00    0,00
14:05:07      13    0,00    0,00    0,00    0,00    0,00  100,00    0,00    0,00    0,00    0,00
14:05:07      14    0,00    0,00    0,00    0,00    0,00  100,00    0,00    0,00    0,00    0,00
14:05:07      15    0,00    0,00    0,00    0,00    0,00  100,00    0,00    0,00    0,00    0,00
14:05:07      16    0,00    0,00    0,00    0,00    0,00    0,00    0,00    0,00    0,00  100,00
14:05:07      17    0,00    0,00    0,00    0,00    0,00    0,00    0,00    0,00    0,00  100,00
14:05:07      18    1,00    0,00    0,00    0,00    0,00    0,00    0,00    0,00    0,00   99,00
14:05:07      19    1,00    0,00    0,00    0,00    0,00    0,00    0,00    0,00    0,00   99,00
14:05:07      20    0,00    0,00    0,00    0,00    0,00    0,00    0,00    0,00    0,00  100,00
14:05:07      21    0,00    0,00    0,00    0,00    0,00    0,00    0,00    0,00    0,00  100,00
14:05:07      22    0,00    0,00    0,00    0,00    0,00    0,00    0,00    0,00    0,00  100,00
14:05:07      23    0,00    0,00    0,00    0,00    0,00    0,00    0,00    0,00    0,00  100,00

14:05:07     CPU    %usr   %nice    %sys %iowait    %irq   %soft  %steal  %guest  %gnice   %idle
14:05:08     all    0,04    0,00    0,12    0,00    0,00   66,61    0,00    0,00    0,00   33,22
14:05:08       0    0,00    0,00    0,00    0,00    0,00  100,00    0,00    0,00    0,00    0,00
14:05:08       1    0,00    0,00    0,00    0,00    0,00  100,00    0,00    0,00    0,00    0,00
14:05:08       2    0,00    0,00    0,00    0,00    0,00  100,00    0,00    0,00    0,00    0,00
14:05:08       3    0,00    0,00    0,00    0,00    0,00  100,00    0,00    0,00    0,00    0,00
14:05:08       4    0,00    0,00    0,00    0,00    0,00  100,00    0,00    0,00    0,00    0,00
14:05:08       5    0,00    0,00    0,00    0,00    0,00  100,00    0,00    0,00    0,00    0,00
14:05:08       6    0,00    0,00    0,00    0,00    0,00  100,00    0,00    0,00    0,00    0,00
14:05:08       7    0,00    0,00    0,00    0,00    0,00  100,00    0,00    0,00    0,00    0,00
14:05:08       8    0,00    0,00    0,00    0,00    0,00  100,00    0,00    0,00    0,00    0,00
14:05:08       9    0,00    0,00    0,00    0,00    0,00  100,00    0,00    0,00    0,00    0,00
14:05:08      10    0,00    0,00    0,00    0,00    0,00  100,00    0,00    0,00    0,00    0,00
14:05:08      11    0,00    0,00    0,00    0,00    0,00  100,00    0,00    0,00    0,00    0,00
14:05:08      12    0,00    0,00    0,00    0,00    0,00  100,00    0,00    0,00    0,00    0,00
14:05:08      13    0,00    0,00    0,00    0,00    0,00  100,00    0,00    0,00    0,00    0,00
14:05:08      14    0,00    0,00    0,00    0,00    0,00  100,00    0,00    0,00    0,00    0,00
14:05:08      15    0,00    0,00    0,00    0,00    0,00  100,00    0,00    0,00    0,00    0,00
14:05:08      16    0,00    0,00    0,00    0,00    0,00    0,00    0,00    0,00    0,00  100,00
14:05:08      17    0,00    0,00    0,00    0,00    0,00    0,00    0,00    0,00    0,00  100,00
14:05:08      18    0,00    0,00    0,00    0,00    0,00    0,00    0,00    0,00    0,00  100,00
14:05:08      19    0,98    0,00    1,96    0,00    0,00    0,00    0,00    0,00    0,00   97,06
14:05:08      20    0,00    0,00    0,00    0,00    0,00    0,00    0,00    0,00    0,00  100,00
14:05:08      21    0,00    0,00    1,00    0,00    0,00    0,00    0,00    0,00    0,00   99,00
14:05:08      22    0,00    0,00    0,00    0,00    0,00    0,00    0,00    0,00    0,00  100,00
14:05:08      23    0,00    0,00    0,00    0,00    0,00    0,00    0,00    0,00    0,00  100,00

14:05:08     CPU    %usr   %nice    %sys %iowait    %irq   %soft  %steal  %guest  %gnice   %idle
14:05:09     all    0,08    0,00    0,17    0,00    0,00   66,75    0,00    0,00    0,00   33,00
14:05:09       0    0,00    0,00    0,00    0,00    0,00  100,00    0,00    0,00    0,00    0,00
14:05:09       1    0,00    0,00    0,00    0,00    0,00  100,00    0,00    0,00    0,00    0,00
14:05:09       2    0,00    0,00    0,00    0,00    0,00  100,00    0,00    0,00    0,00    0,00
14:05:09       3    0,00    0,00    0,00    0,00    0,00  100,00    0,00    0,00    0,00    0,00
14:05:09       4    0,00    0,00    0,00    0,00    0,00  100,00    0,00    0,00    0,00    0,00
14:05:09       5    0,00    0,00    0,00    0,00    0,00  100,00    0,00    0,00    0,00    0,00
14:05:09       6    0,00    0,00    0,00    0,00    0,00  100,00    0,00    0,00    0,00    0,00
14:05:09       7    0,00    0,00    0,00    0,00    0,00  100,00    0,00    0,00    0,00    0,00
14:05:09       8    0,00    0,00    0,00    0,00    0,00  100,00    0,00    0,00    0,00    0,00
14:05:09       9    0,00    0,00    0,00    0,00    0,00  100,00    0,00    0,00    0,00    0,00
14:05:09      10    0,00    0,00    0,00    0,00    0,00  100,00    0,00    0,00    0,00    0,00
14:05:09      11    0,00    0,00    0,99    0,00    0,00   99,01    0,00    0,00    0,00    0,00
14:05:09      12    0,00    0,00    0,00    0,00    0,00  100,00    0,00    0,00    0,00    0,00
14:05:09      13    0,00    0,00    0,00    0,00    0,00  100,00    0,00    0,00    0,00    0,00
14:05:09      14    0,00    0,00    0,00    0,00    0,00  100,00    0,00    0,00    0,00    0,00
14:05:09      15    0,00    0,00    0,00    0,00    0,00  100,00    0,00    0,00    0,00    0,00
14:05:09      16    0,00    0,00    2,02    0,00    0,00    0,00    0,00    0,00    0,00   97,98
14:05:09      17    0,00    0,00    0,00    0,00    0,00    0,00    0,00    0,00    0,00  100,00
14:05:09      18    1,01    0,00    0,00    0,00    0,00    0,00    0,00    0,00    0,00   98,99
14:05:09      19    1,01    0,00    0,00    0,00    0,00    0,00    0,00    0,00    0,00   98,99
14:05:09      20    0,00    0,00    1,00    0,00    0,00    0,00    0,00    0,00    0,00   99,00
14:05:09      21    0,00    0,00    0,00    0,00    0,00    0,00    0,00    0,00    0,00  100,00
14:05:09      22    0,00    0,00    0,00    0,00    0,00    0,00    0,00    0,00    0,00  100,00
14:05:09      23    0,00    0,00    0,00    0,00    0,00    0,00    0,00    0,00    0,00  100,00

14:05:09     CPU    %usr   %nice    %sys %iowait    %irq   %soft  %steal  %guest  %gnice   %idle
14:05:10     all    0,17    0,00    0,12    0,00    0,00   66,64    0,00    0,00    0,00   33,07
14:05:10       0    0,00    0,00    0,00    0,00    0,00  100,00    0,00    0,00    0,00    0,00
14:05:10       1    0,00    0,00    0,00    0,00    0,00  100,00    0,00    0,00    0,00    0,00
14:05:10       2    0,00    0,00    0,00    0,00    0,00  100,00    0,00    0,00    0,00    0,00
14:05:10       3    0,00    0,00    0,00    0,00    0,00  100,00    0,00    0,00    0,00    0,00
14:05:10       4    0,00    0,00    0,00    0,00    0,00  100,00    0,00    0,00    0,00    0,00
14:05:10       5    0,00    0,00    0,00    0,00    0,00  100,00    0,00    0,00    0,00    0,00
14:05:10       6    0,00    0,00    0,00    0,00    0,00  100,00    0,00    0,00    0,00    0,00
14:05:10       7    0,00    0,00    0,00    0,00    0,00  100,00    0,00    0,00    0,00    0,00
14:05:10       8    0,00    0,00    0,00    0,00    0,00  100,00    0,00    0,00    0,00    0,00
14:05:10       9    0,00    0,00    0,00    0,00    0,00  100,00    0,00    0,00    0,00    0,00
14:05:10      10    0,00    0,00    0,00    0,00    0,00  100,00    0,00    0,00    0,00    0,00
14:05:10      11    0,00    0,00    0,00    0,00    0,00  100,00    0,00    0,00    0,00    0,00
14:05:10      12    0,00    0,00    0,00    0,00    0,00  100,00    0,00    0,00    0,00    0,00
14:05:10      13    0,00    0,00    0,00    0,00    0,00  100,00    0,00    0,00    0,00    0,00
14:05:10      14    0,00    0,00    0,00    0,00    0,00  100,00    0,00    0,00    0,00    0,00
14:05:10      15    0,00    0,00    0,00    0,00    0,00  100,00    0,00    0,00    0,00    0,00
14:05:10      16    1,00    0,00    0,00    0,00    0,00    0,00    0,00    0,00    0,00   99,00
14:05:10      17    0,00    0,00    0,00    0,00    0,00    0,00    0,00    0,00    0,00  100,00
14:05:10      18    1,00    0,00    1,00    0,00    0,00    0,00    0,00    0,00    0,00   98,00
14:05:10      19    0,00    0,00    0,00    0,00    0,00    0,00    0,00    0,00    0,00  100,00
14:05:10      20    1,00    0,00    0,00    0,00    0,00    0,00    0,00    0,00    0,00   99,00
14:05:10      21    1,00    0,00    0,00    0,00    0,00    0,00    0,00    0,00    0,00   99,00
14:05:10      22    0,00    0,00    0,99    0,00    0,00    0,00    0,00    0,00    0,00   99,01
14:05:10      23    0,00    0,00    1,00    0,00    0,00    0,00    0,00    0,00    0,00   99,00

14:05:10     CPU    %usr   %nice    %sys %iowait    %irq   %soft  %steal  %guest  %gnice   %idle
14:05:11     all    0,17    0,00    0,04    0,12    0,00   66,64    0,00    0,00    0,00   33,03
14:05:11       0    0,00    0,00    0,00    0,00    0,00  100,00    0,00    0,00    0,00    0,00
14:05:11       1    0,00    0,00    0,00    0,00    0,00  100,00    0,00    0,00    0,00    0,00
14:05:11       2    0,00    0,00    0,00    0,00    0,00  100,00    0,00    0,00    0,00    0,00
14:05:11       3    0,00    0,00    0,00    0,00    0,00  100,00    0,00    0,00    0,00    0,00
14:05:11       4    0,00    0,00    0,00    0,00    0,00  100,00    0,00    0,00    0,00    0,00
14:05:11       5    0,00    0,00    0,00    0,00    0,00  100,00    0,00    0,00    0,00    0,00
14:05:11       6    0,00    0,00    0,00    0,00    0,00  100,00    0,00    0,00    0,00    0,00
14:05:11       7    0,00    0,00    0,00    0,00    0,00  100,00    0,00    0,00    0,00    0,00
14:05:11       8    0,00    0,00    0,00    0,00    0,00  100,00    0,00    0,00    0,00    0,00
14:05:11       9    0,00    0,00    0,00    0,00    0,00  100,00    0,00    0,00    0,00    0,00
14:05:11      10    0,00    0,00    0,00    0,00    0,00  100,00    0,00    0,00    0,00    0,00
14:05:11      11    0,00    0,00    0,00    0,00    0,00  100,00    0,00    0,00    0,00    0,00
14:05:11      12    0,00    0,00    0,00    0,00    0,00  100,00    0,00    0,00    0,00    0,00
14:05:11      13    0,00    0,00    0,00    0,00    0,00  100,00    0,00    0,00    0,00    0,00
14:05:11      14    0,00    0,00    0,00    0,00    0,00  100,00    0,00    0,00    0,00    0,00
14:05:11      15    0,00    0,00    0,00    0,00    0,00  100,00    0,00    0,00    0,00    0,00
14:05:11      16    0,00    0,00    1,00    1,00    0,00    0,00    0,00    0,00    0,00   98,00
14:05:11      17    0,00    0,00    0,00    0,00    0,00    0,00    0,00    0,00    0,00  100,00
14:05:11      18    0,00    0,00    0,00    1,98    0,00    0,00    0,00    0,00    0,00   98,02
14:05:11      19    0,00    0,00    0,00    0,00    0,00    0,00    0,00    0,00    0,00  100,00
14:05:11      20    0,00    0,00    0,00    0,00    0,00    0,00    0,00    0,00    0,00  100,00
14:05:11      21    1,98    0,00    0,00    0,00    0,00    0,00    0,00    0,00    0,00   98,02
14:05:11      22    2,00    0,00    0,00    0,00    0,00    0,00    0,00    0,00    0,00   98,00
14:05:11      23    0,00    0,00    0,00    0,00    0,00    0,00    0,00    0,00    0,00  100,00

14:05:11     CPU    %usr   %nice    %sys %iowait    %irq   %soft  %steal  %guest  %gnice   %idle
14:05:12     all    0,08    0,00    0,04    0,00    0,00   66,69    0,00    0,00    0,00   33,18
14:05:12       0    0,00    0,00    0,00    0,00    0,00  100,00    0,00    0,00    0,00    0,00
14:05:12       1    0,00    0,00    0,00    0,00    0,00  100,00    0,00    0,00    0,00    0,00
14:05:12       2    0,00    0,00    0,00    0,00    0,00  100,00    0,00    0,00    0,00    0,00
14:05:12       3    0,00    0,00    0,00    0,00    0,00  100,00    0,00    0,00    0,00    0,00
14:05:12       4    0,00    0,00    0,00    0,00    0,00  100,00    0,00    0,00    0,00    0,00
14:05:12       5    0,00    0,00    0,00    0,00    0,00  100,00    0,00    0,00    0,00    0,00
14:05:12       6    0,00    0,00    0,00    0,00    0,00  100,00    0,00    0,00    0,00    0,00
14:05:12       7    0,00    0,00    0,00    0,00    0,00  100,00    0,00    0,00    0,00    0,00
14:05:12       8    0,00    0,00    0,00    0,00    0,00  100,00    0,00    0,00    0,00    0,00
14:05:12       9    0,00    0,00    0,00    0,00    0,00  100,00    0,00    0,00    0,00    0,00
14:05:12      10    0,00    0,00    0,00    0,00    0,00  100,00    0,00    0,00    0,00    0,00
14:05:12      11    0,00    0,00    0,00    0,00    0,00  100,00    0,00    0,00    0,00    0,00
14:05:12      12    0,00    0,00    0,00    0,00    0,00  100,00    0,00    0,00    0,00    0,00
14:05:12      13    0,00    0,00    0,00    0,00    0,00  100,00    0,00    0,00    0,00    0,00
14:05:12      14    0,00    0,00    0,00    0,00    0,00  100,00    0,00    0,00    0,00    0,00
14:05:12      15    0,00    0,00    0,00    0,00    0,00  100,00    0,00    0,00    0,00    0,00
14:05:12      16    0,00    0,00    0,00    0,00    0,00    0,00    0,00    0,00    0,00  100,00
14:05:12      17    0,00    0,00    0,00    0,00    0,00    0,00    0,00    0,00    0,00  100,00
14:05:12      18    0,00    0,00    0,00    0,00    0,00    0,00    0,00    0,00    0,00  100,00
14:05:12      19    0,99    0,00    0,00    0,00    0,00    0,00    0,00    0,00    0,00   99,01
14:05:12      20    0,00    0,00    0,00    0,00    0,00    0,00    0,00    0,00    0,00  100,00
14:05:12      21    0,99    0,00    0,99    0,00    0,00    0,00    0,00    0,00    0,00   98,02
14:05:12      22    0,00    0,00    0,00    0,00    0,00    0,00    0,00    0,00    0,00  100,00
14:05:12      23    0,00    0,00    0,00    0,00    0,00    0,00    0,00    0,00    0,00  100,00

14:05:12     CPU    %usr   %nice    %sys %iowait    %irq   %soft  %steal  %guest  %gnice   %idle
14:05:13     all    0,08    0,00    0,08    0,00    0,00   66,69    0,00    0,00    0,00   33,14
14:05:13       0    0,00    0,00    0,00    0,00    0,00  100,00    0,00    0,00    0,00    0,00
14:05:13       1    0,00    0,00    0,00    0,00    0,00  100,00    0,00    0,00    0,00    0,00
14:05:13       2    0,00    0,00    0,00    0,00    0,00  100,00    0,00    0,00    0,00    0,00
14:05:13       3    0,00    0,00    0,00    0,00    0,00  100,00    0,00    0,00    0,00    0,00
14:05:13       4    0,00    0,00    0,00    0,00    0,00  100,00    0,00    0,00    0,00    0,00
14:05:13       5    0,00    0,00    0,00    0,00    0,00  100,00    0,00    0,00    0,00    0,00
14:05:13       6    0,00    0,00    0,00    0,00    0,00  100,00    0,00    0,00    0,00    0,00
14:05:13       7    0,00    0,00    0,00    0,00    0,00  100,00    0,00    0,00    0,00    0,00
14:05:13       8    0,00    0,00    0,00    0,00    0,00  100,00    0,00    0,00    0,00    0,00
14:05:13       9    0,00    0,00    0,00    0,00    0,00  100,00    0,00    0,00    0,00    0,00
14:05:13      10    0,00    0,00    0,00    0,00    0,00  100,00    0,00    0,00    0,00    0,00
14:05:13      11    0,00    0,00    0,00    0,00    0,00  100,00    0,00    0,00    0,00    0,00
14:05:13      12    0,00    0,00    0,00    0,00    0,00  100,00    0,00    0,00    0,00    0,00
14:05:13      13    0,00    0,00    0,00    0,00    0,00  100,00    0,00    0,00    0,00    0,00
14:05:13      14    0,00    0,00    0,00    0,00    0,00  100,00    0,00    0,00    0,00    0,00
14:05:13      15    0,00    0,00    0,00    0,00    0,00  100,00    0,00    0,00    0,00    0,00
14:05:13      16    0,00    0,00    0,00    0,00    0,00    0,00    0,00    0,00    0,00  100,00
14:05:13      17    0,00    0,00    1,00    0,00    0,00    0,00    0,00    0,00    0,00   99,00
14:05:13      18    0,99    0,00    0,00    0,00    0,00    0,00    0,00    0,00    0,00   99,01
14:05:13      19    0,00    0,00    1,00    0,00    0,00    0,00    0,00    0,00    0,00   99,00
14:05:13      20    0,00    0,00    0,00    0,00    0,00    0,00    0,00    0,00    0,00  100,00
14:05:13      21    1,00    0,00    0,00    0,00    0,00    0,00    0,00    0,00    0,00   99,00
14:05:13      22    0,00    0,00    0,00    0,00    0,00    0,00    0,00    0,00    0,00  100,00
14:05:13      23    0,00    0,00    0,00    0,00    0,00    0,00    0,00    0,00    0,00  100,00

14:05:13     CPU    %usr   %nice    %sys %iowait    %irq   %soft  %steal  %guest  %gnice   %idle
14:05:14     all    0,50    0,00    0,13    0,04    0,00   66,78    0,00    0,00    0,00   32,55
14:05:14       0    0,00    0,00    0,00    0,00    0,00  100,00    0,00    0,00    0,00    0,00
14:05:14       1    0,00    0,00    0,00    0,00    0,00  100,00    0,00    0,00    0,00    0,00
14:05:14       2    0,00    0,00    0,00    0,00    0,00  100,00    0,00    0,00    0,00    0,00
14:05:14       3    0,00    0,00    0,00    0,00    0,00  100,00    0,00    0,00    0,00    0,00
14:05:14       4    0,00    0,00    0,00    0,00    0,00  100,00    0,00    0,00    0,00    0,00
14:05:14       5    0,00    0,00    0,00    0,00    0,00  100,00    0,00    0,00    0,00    0,00
14:05:14       6    0,00    0,00    0,00    0,00    0,00  100,00    0,00    0,00    0,00    0,00
14:05:14       7    0,00    0,00    0,00    0,00    0,00  100,00    0,00    0,00    0,00    0,00
14:05:14       8    0,00    0,00    0,00    0,00    0,00  100,00    0,00    0,00    0,00    0,00
14:05:14       9    0,00    0,00    0,00    0,00    0,00  100,00    0,00    0,00    0,00    0,00
14:05:14      10    0,00    0,00    0,00    0,00    0,00  100,00    0,00    0,00    0,00    0,00
14:05:14      11    0,00    0,00    0,00    0,00    0,00  100,00    0,00    0,00    0,00    0,00
14:05:14      12    0,00    0,00    0,00    0,00    0,00  100,00    0,00    0,00    0,00    0,00
14:05:14      13    0,00    0,00    0,00    0,00    0,00  100,00    0,00    0,00    0,00    0,00
14:05:14      14    0,00    0,00    0,00    0,00    0,00  100,00    0,00    0,00    0,00    0,00
14:05:14      15    0,00    0,00    0,00    0,00    0,00  100,00    0,00    0,00    0,00    0,00
14:05:14      16    1,01    0,00    0,00    0,00    0,00    0,00    0,00    0,00    0,00   98,99
14:05:14      17    4,00    0,00    0,00    0,00    0,00    0,00    0,00    0,00    0,00   96,00
14:05:14      18    0,00    0,00    0,00    0,00    0,00    0,00    0,00    0,00    0,00  100,00
14:05:14      19    0,00    0,00    0,00    0,00    0,00    0,00    0,00    0,00    0,00  100,00
14:05:14      20    0,99    0,00    0,99    0,00    0,00    0,00    0,00    0,00    0,00   98,02
14:05:14      21    3,00    0,00    1,00    0,00    0,00    0,00    0,00    0,00    0,00   96,00
14:05:14      22    1,00    0,00    0,00    1,00    0,00    0,00    0,00    0,00    0,00   98,00
14:05:14      23    2,02    0,00    1,01    0,00    0,00    0,00    0,00    0,00    0,00   96,97

14:05:14     CPU    %usr   %nice    %sys %iowait    %irq   %soft  %steal  %guest  %gnice   %idle
14:05:15     all    0,08    0,00    0,13    0,00    0,00   66,72    0,00    0,00    0,00   33,07
14:05:15       0    0,00    0,00    0,00    0,00    0,00  100,00    0,00    0,00    0,00    0,00
14:05:15       1    0,00    0,00    0,00    0,00    0,00  100,00    0,00    0,00    0,00    0,00
14:05:15       2    0,00    0,00    0,00    0,00    0,00  100,00    0,00    0,00    0,00    0,00
14:05:15       3    0,00    0,00    0,00    0,00    0,00  100,00    0,00    0,00    0,00    0,00
14:05:15       4    0,00    0,00    0,00    0,00    0,00  100,00    0,00    0,00    0,00    0,00
14:05:15       5    0,00    0,00    0,00    0,00    0,00  100,00    0,00    0,00    0,00    0,00
14:05:15       6    0,00    0,00    0,00    0,00    0,00  100,00    0,00    0,00    0,00    0,00
14:05:15       7    0,00    0,00    0,00    0,00    0,00  100,00    0,00    0,00    0,00    0,00
14:05:15       8    0,00    0,00    0,00    0,00    0,00  100,00    0,00    0,00    0,00    0,00
14:05:15       9    0,00    0,00    0,00    0,00    0,00  100,00    0,00    0,00    0,00    0,00
14:05:15      10    0,00    0,00    0,00    0,00    0,00  100,00    0,00    0,00    0,00    0,00
14:05:15      11    0,00    0,00    0,00    0,00    0,00  100,00    0,00    0,00    0,00    0,00
14:05:15      12    0,00    0,00    0,00    0,00    0,00  100,00    0,00    0,00    0,00    0,00
14:05:15      13    0,00    0,00    0,00    0,00    0,00  100,00    0,00    0,00    0,00    0,00
14:05:15      14    0,00    0,00    0,00    0,00    0,00  100,00    0,00    0,00    0,00    0,00
14:05:15      15    0,00    0,00    0,00    0,00    0,00  100,00    0,00    0,00    0,00    0,00
14:05:15      16    0,00    0,00    1,01    0,00    0,00    0,00    0,00    0,00    0,00   98,99
14:05:15      17    0,00    0,00    0,00    0,00    0,00    0,00    0,00    0,00    0,00  100,00
14:05:15      18    0,99    0,00    0,99    0,00    0,00    0,00    0,00    0,00    0,00   98,02
14:05:15      19    0,99    0,00    0,00    0,00    0,00    0,00    0,00    0,00    0,00   99,01
14:05:15      20    0,00    0,00    0,00    0,00    0,00    0,00    0,00    0,00    0,00  100,00
14:05:15      21    0,00    0,00    0,00    0,00    0,00    0,00    0,00    0,00    0,00  100,00
14:05:15      22    0,00    0,00    0,00    0,00    0,00    0,00    0,00    0,00    0,00  100,00
14:05:15      23    0,00    0,00    0,99    0,00    0,00    0,00    0,00    0,00    0,00   99,01

14:05:15     CPU    %usr   %nice    %sys %iowait    %irq   %soft  %steal  %guest  %gnice   %idle
14:05:16     all    0,42    0,00    0,21    0,08    0,00   66,64    0,00    0,00    0,00   32,65
14:05:16       0    0,00    0,00    0,00    0,00    0,00  100,00    0,00    0,00    0,00    0,00
14:05:16       1    0,00    0,00    0,00    0,00    0,00  100,00    0,00    0,00    0,00    0,00
14:05:16       2    0,00    0,00    0,00    0,00    0,00  100,00    0,00    0,00    0,00    0,00
14:05:16       3    0,00    0,00    0,00    0,00    0,00  100,00    0,00    0,00    0,00    0,00
14:05:16       4    0,00    0,00    0,00    0,00    0,00  100,00    0,00    0,00    0,00    0,00
14:05:16       5    0,00    0,00    0,00    0,00    0,00  100,00    0,00    0,00    0,00    0,00
14:05:16       6    0,00    0,00    0,00    0,00    0,00  100,00    0,00    0,00    0,00    0,00
14:05:16       7    0,00    0,00    0,00    0,00    0,00  100,00    0,00    0,00    0,00    0,00
14:05:16       8    0,00    0,00    0,00    0,00    0,00  100,00    0,00    0,00    0,00    0,00
14:05:16       9    0,00    0,00    0,00    0,00    0,00  100,00    0,00    0,00    0,00    0,00
14:05:16      10    0,00    0,00    0,00    0,00    0,00  100,00    0,00    0,00    0,00    0,00
14:05:16      11    0,00    0,00    0,00    0,00    0,00  100,00    0,00    0,00    0,00    0,00
14:05:16      12    0,00    0,00    0,00    0,00    0,00  100,00    0,00    0,00    0,00    0,00
14:05:16      13    0,00    0,00    0,99    0,00    0,00   99,01    0,00    0,00    0,00    0,00
14:05:16      14    0,00    0,00    0,00    0,00    0,00  100,00    0,00    0,00    0,00    0,00
14:05:16      15    0,00    0,00    0,00    0,00    0,00  100,00    0,00    0,00    0,00    0,00
14:05:16      16    1,00    0,00    0,00    1,00    0,00    0,00    0,00    0,00    0,00   98,00
14:05:16      17    1,98    0,00    0,99    0,00    0,00    0,00    0,00    0,00    0,00   97,03
14:05:16      18    1,01    0,00    0,00    1,01    0,00    0,00    0,00    0,00    0,00   97,98
14:05:16      19    1,01    0,00    1,01    0,00    0,00    0,00    0,00    0,00    0,00   97,98
14:05:16      20    0,00    0,00    1,00    0,00    0,00    0,00    0,00    0,00    0,00   99,00
14:05:16      21    1,00    0,00    0,00    0,00    0,00    0,00    0,00    0,00    0,00   99,00
14:05:16      22    0,98    0,00    0,98    0,00    0,00    0,00    0,00    0,00    0,00   98,04
14:05:16      23    3,03    0,00    0,00    0,00    0,00    0,00    0,00    0,00    0,00   96,97

14:05:16     CPU    %usr   %nice    %sys %iowait    %irq   %soft  %steal  %guest  %gnice   %idle
14:05:17     all    0,08    0,00    0,13    0,00    0,00   66,69    0,00    0,00    0,00   33,10
14:05:17       0    0,00    0,00    0,00    0,00    0,00  100,00    0,00    0,00    0,00    0,00
14:05:17       1    0,00    0,00    0,00    0,00    0,00  100,00    0,00    0,00    0,00    0,00
14:05:17       2    0,00    0,00    0,00    0,00    0,00  100,00    0,00    0,00    0,00    0,00
14:05:17       3    0,00    0,00    0,00    0,00    0,00  100,00    0,00    0,00    0,00    0,00
14:05:17       4    0,00    0,00    0,00    0,00    0,00  100,00    0,00    0,00    0,00    0,00
14:05:17       5    0,00    0,00    0,00    0,00    0,00  100,00    0,00    0,00    0,00    0,00
14:05:17       6    0,00    0,00    0,00    0,00    0,00  100,00    0,00    0,00    0,00    0,00
14:05:17       7    0,00    0,00    0,00    0,00    0,00  100,00    0,00    0,00    0,00    0,00
14:05:17       8    0,00    0,00    0,00    0,00    0,00  100,00    0,00    0,00    0,00    0,00
14:05:17       9    0,00    0,00    0,00    0,00    0,00  100,00    0,00    0,00    0,00    0,00
14:05:17      10    0,00    0,00    0,00    0,00    0,00  100,00    0,00    0,00    0,00    0,00
14:05:17      11    0,00    0,00    0,00    0,00    0,00  100,00    0,00    0,00    0,00    0,00
14:05:17      12    0,00    0,00    0,00    0,00    0,00  100,00    0,00    0,00    0,00    0,00
14:05:17      13    0,00    0,00    0,00    0,00    0,00  100,00    0,00    0,00    0,00    0,00
14:05:17      14    0,00    0,00    0,00    0,00    0,00  100,00    0,00    0,00    0,00    0,00
14:05:17      15    0,00    0,00    0,00    0,00    0,00  100,00    0,00    0,00    0,00    0,00
14:05:17      16    0,00    0,00    1,00    0,00    0,00    0,00    0,00    0,00    0,00   99,00
14:05:17      17    1,01    0,00    0,00    0,00    0,00    0,00    0,00    0,00    0,00   98,99
14:05:17      18    0,00    0,00    0,00    0,00    0,00    0,00    0,00    0,00    0,00  100,00
14:05:17      19    1,00    0,00    1,00    0,00    0,00    0,00    0,00    0,00    0,00   98,00
14:05:17      20    0,00    0,00    0,00    0,00    0,00    0,00    0,00    0,00    0,00  100,00
14:05:17      21    0,00    0,00    0,99    0,00    0,00    0,00    0,00    0,00    0,00   99,01
14:05:17      22    0,00    0,00    0,00    0,00    0,00    0,00    0,00    0,00    0,00  100,00
14:05:17      23    0,00    0,00    0,00    0,00    0,00    0,00    0,00    0,00    0,00  100,00

14:05:17     CPU    %usr   %nice    %sys %iowait    %irq   %soft  %steal  %guest  %gnice   %idle
14:05:18     all    0,63    0,00    1,55    0,00    0,00   58,21    0,00    0,00    0,00   39,62
14:05:18       0    0,00    0,00    0,00    0,00    0,00   86,87    0,00    0,00    0,00   13,13
14:05:18       1    0,00    0,00    0,00    0,00    0,00   87,13    0,00    0,00    0,00   12,87
14:05:18       2    0,00    0,00    5,05    0,00    0,00   88,89    0,00    0,00    0,00    6,06
14:05:18       3    0,00    0,00    0,00    0,00    0,00   88,00    0,00    0,00    0,00   12,00
14:05:18       4    0,00    0,00    0,00    0,00    0,00   87,88    0,00    0,00    0,00   12,12
14:05:18       5    0,00    0,00    0,00    0,00    0,00   88,00    0,00    0,00    0,00   12,00
14:05:18       6    0,00    0,00    0,00    0,00    0,00   88,00    0,00    0,00    0,00   12,00
14:05:18       7    0,00    0,00    0,00    0,00    0,00   87,88    0,00    0,00    0,00   12,12
14:05:18       8    0,00    0,00    0,00    0,00    0,00   87,88    0,00    0,00    0,00   12,12
14:05:18       9    0,00    0,00    0,00    0,00    0,00   86,00    0,00    0,00    0,00   14,00
14:05:18      10    0,00    0,00    0,00    0,00    0,00   87,00    0,00    0,00    0,00   13,00
14:05:18      11    0,00    0,00    0,00    0,00    0,00   86,00    0,00    0,00    0,00   14,00
14:05:18      12    0,00    0,00    0,00    0,00    0,00   87,00    0,00    0,00    0,00   13,00
14:05:18      13    0,00    0,00    0,00    0,00    0,00   86,00    0,00    0,00    0,00   14,00
14:05:18      14    0,00    0,00    0,00    0,00    0,00   86,87    0,00    0,00    0,00   13,13
14:05:18      15    0,00    0,00    0,00    0,00    0,00   86,14    0,00    0,00    0,00   13,86
14:05:18      16    0,99    0,00    0,00    0,00    0,00    0,99    0,00    0,00    0,00   98,02
14:05:18      17    0,00    0,00    0,00    0,00    0,00    0,00    0,00    0,00    0,00  100,00
14:05:18      18    0,00    0,00    0,00    0,00    0,00    0,00    0,00    0,00    0,00  100,00
14:05:18      19    1,00    0,00    0,00    0,00    0,00    0,00    0,00    0,00    0,00   99,00
14:05:18      20    1,00    0,00    2,00    0,00    0,00    0,00    0,00    0,00    0,00   97,00
14:05:18      21   12,12    0,00   18,18    0,00    0,00    0,00    0,00    0,00    0,00   69,70
14:05:18      22    0,00    0,00   12,12    0,00    0,00    0,00    0,00    0,00    0,00   87,88
14:05:18      23    0,00    0,00    0,00    0,00    0,00    0,00    0,00    0,00    0,00  100,00

14:05:18     CPU    %usr   %nice    %sys %iowait    %irq   %soft  %steal  %guest  %gnice   %idle
14:05:19     all    0,67    0,00    1,17    0,04    0,00   66,67    0,00    0,00    0,00   31,46
14:05:19       0    0,00    0,00    0,00    0,00    0,00  100,00    0,00    0,00    0,00    0,00
14:05:19       1    0,00    0,00    0,00    0,00    0,00  100,00    0,00    0,00    0,00    0,00
14:05:19       2    0,00    0,00    0,00    0,00    0,00  100,00    0,00    0,00    0,00    0,00
14:05:19       3    0,00    0,00    0,00    0,00    0,00  100,00    0,00    0,00    0,00    0,00
14:05:19       4    0,00    0,00    0,00    0,00    0,00  100,00    0,00    0,00    0,00    0,00
14:05:19       5    0,00    0,00    0,00    0,00    0,00  100,00    0,00    0,00    0,00    0,00
14:05:19       6    0,00    0,00    0,00    0,00    0,00  100,00    0,00    0,00    0,00    0,00
14:05:19       7    0,00    0,00    0,00    0,00    0,00  100,00    0,00    0,00    0,00    0,00
14:05:19       8    0,00    0,00    0,00    0,00    0,00  100,00    0,00    0,00    0,00    0,00
14:05:19       9    0,00    0,00    0,00    0,00    0,00  100,00    0,00    0,00    0,00    0,00
14:05:19      10    0,00    0,00    0,00    0,00    0,00  100,00    0,00    0,00    0,00    0,00
14:05:19      11    0,00    0,00    0,00    0,00    0,00  100,00    0,00    0,00    0,00    0,00
14:05:19      12    0,00    0,00    0,00    0,00    0,00  100,00    0,00    0,00    0,00    0,00
14:05:19      13    0,00    0,00    0,00    0,00    0,00  100,00    0,00    0,00    0,00    0,00
14:05:19      14    0,00    0,00    0,00    0,00    0,00  100,00    0,00    0,00    0,00    0,00
14:05:19      15    0,00    0,00    0,00    0,00    0,00  100,00    0,00    0,00    0,00    0,00
14:05:19      16    1,02    0,00    0,00    0,00    0,00    0,00    0,00    0,00    0,00   98,98
14:05:19      17    0,99    0,00    0,99    0,00    0,00    0,00    0,00    0,00    0,00   98,02
14:05:19      18    0,99    0,00    1,98    0,99    0,00    0,00    0,00    0,00    0,00   96,04
14:05:19      19    4,00    0,00    7,00    0,00    0,00    0,00    0,00    0,00    0,00   89,00
14:05:19      20    7,07    0,00   11,11    0,00    0,00    0,00    0,00    0,00    0,00   81,82
14:05:19      21    0,99    0,00    5,94    0,00    0,00    0,00    0,00    0,00    0,00   93,07
14:05:19      22    0,00    0,00    0,00    0,00    0,00    0,00    0,00    0,00    0,00  100,00
14:05:19      23    0,99    0,00    0,99    0,00    0,00    0,00    0,00    0,00    0,00   98,02

14:05:19     CPU    %usr   %nice    %sys %iowait    %irq   %soft  %steal  %guest  %gnice   %idle
14:05:20     all    0,04    0,00    0,08    0,00    0,00   66,83    0,00    0,00    0,00   33,04
14:05:20       0    0,00    0,00    0,00    0,00    0,00  100,00    0,00    0,00    0,00    0,00
14:05:20       1    0,00    0,00    0,00    0,00    0,00  100,00    0,00    0,00    0,00    0,00
14:05:20       2    0,00    0,00    0,00    0,00    0,00  100,00    0,00    0,00    0,00    0,00
14:05:20       3    0,00    0,00    0,00    0,00    0,00  100,00    0,00    0,00    0,00    0,00
14:05:20       4    0,00    0,00    0,00    0,00    0,00  100,00    0,00    0,00    0,00    0,00
14:05:20       5    0,00    0,00    0,00    0,00    0,00  100,00    0,00    0,00    0,00    0,00
14:05:20       6    0,00    0,00    0,00    0,00    0,00  100,00    0,00    0,00    0,00    0,00
14:05:20       7    0,00    0,00    0,00    0,00    0,00  100,00    0,00    0,00    0,00    0,00
14:05:20       8    0,00    0,00    0,00    0,00    0,00  100,00    0,00    0,00    0,00    0,00
14:05:20       9    0,00    0,00    0,00    0,00    0,00  100,00    0,00    0,00    0,00    0,00
14:05:20      10    0,00    0,00    0,00    0,00    0,00  100,00    0,00    0,00    0,00    0,00
14:05:20      11    0,00    0,00    0,00    0,00    0,00  100,00    0,00    0,00    0,00    0,00
14:05:20      12    0,00    0,00    0,00    0,00    0,00  100,00    0,00    0,00    0,00    0,00
14:05:20      13    0,00    0,00    0,00    0,00    0,00  100,00    0,00    0,00    0,00    0,00
14:05:20      14    0,00    0,00    0,00    0,00    0,00  100,00    0,00    0,00    0,00    0,00
14:05:20      15    0,00    0,00    0,00    0,00    0,00  100,00    0,00    0,00    0,00    0,00
14:05:20      16    0,00    0,00    0,00    0,00    0,00    0,00    0,00    0,00    0,00  100,00
14:05:20      17    0,00    0,00    0,00    0,00    0,00    0,00    0,00    0,00    0,00  100,00
14:05:20      18    0,00    0,00    1,00    0,00    0,00    0,00    0,00    0,00    0,00   99,00
14:05:20      19    0,00    0,00    0,00    0,00    0,00    0,00    0,00    0,00    0,00  100,00
14:05:20      20    0,00    0,00    0,00    0,00    0,00    0,00    0,00    0,00    0,00  100,00
14:05:20      21    0,00    0,00    0,00    0,00    0,00    0,00    0,00    0,00    0,00  100,00
14:05:20      22    0,00    0,00    1,00    0,00    0,00    0,00    0,00    0,00    0,00   99,00
14:05:20      23    1,01    0,00    0,00    0,00    0,00    0,00    0,00    0,00    0,00   98,99

14:05:20     CPU    %usr   %nice    %sys %iowait    %irq   %soft  %steal  %guest  %gnice   %idle
14:05:21     all    0,08    0,00    0,04    0,08    0,00   66,65    0,00    0,00    0,00   33,14
14:05:21       0    0,00    0,00    0,00    0,00    0,00  100,00    0,00    0,00    0,00    0,00
14:05:21       1    0,00    0,00    0,00    0,00    0,00  100,00    0,00    0,00    0,00    0,00
14:05:21       2    0,00    0,00    0,00    0,00    0,00  100,00    0,00    0,00    0,00    0,00
14:05:21       3    0,00    0,00    0,00    0,00    0,00  100,00    0,00    0,00    0,00    0,00
14:05:21       4    0,00    0,00    0,00    0,00    0,00  100,00    0,00    0,00    0,00    0,00
14:05:21       5    0,00    0,00    0,00    0,00    0,00  100,00    0,00    0,00    0,00    0,00
14:05:21       6    0,00    0,00    0,00    0,00    0,00  100,00    0,00    0,00    0,00    0,00
14:05:21       7    0,00    0,00    0,00    0,00    0,00  100,00    0,00    0,00    0,00    0,00
14:05:21       8    0,00    0,00    0,00    0,00    0,00  100,00    0,00    0,00    0,00    0,00
14:05:21       9    0,00    0,00    0,00    0,00    0,00  100,00    0,00    0,00    0,00    0,00
14:05:21      10    0,00    0,00    0,00    0,00    0,00  100,00    0,00    0,00    0,00    0,00
14:05:21      11    0,00    0,00    0,00    0,00    0,00  100,00    0,00    0,00    0,00    0,00
14:05:21      12    0,00    0,00    0,00    0,00    0,00  100,00    0,00    0,00    0,00    0,00
14:05:21      13    0,00    0,00    0,00    0,00    0,00  100,00    0,00    0,00    0,00    0,00
14:05:21      14    0,00    0,00    0,00    0,00    0,00  100,00    0,00    0,00    0,00    0,00
14:05:21      15    0,00    0,00    0,00    0,00    0,00  100,00    0,00    0,00    0,00    0,00
14:05:21      16    0,99    0,00    0,99    0,99    0,00    0,00    0,00    0,00    0,00   97,03
14:05:21      17    0,00    0,00    0,00    0,00    0,00    0,00    0,00    0,00    0,00  100,00
14:05:21      18    0,00    0,00    0,00    1,01    0,00    0,00    0,00    0,00    0,00   98,99
14:05:21      19    0,00    0,00    0,00    0,00    0,00    0,00    0,00    0,00    0,00  100,00
14:05:21      20    0,00    0,00    0,00    0,00    0,00    0,00    0,00    0,00    0,00  100,00
14:05:21      21    0,00    0,00    0,00    0,00    0,00    0,00    0,00    0,00    0,00  100,00
14:05:21      22    0,00    0,00    0,00    0,00    0,00    0,00    0,00    0,00    0,00  100,00
14:05:21      23    1,00    0,00    0,00    0,00    0,00    0,00    0,00    0,00    0,00   99,00

14:05:21     CPU    %usr   %nice    %sys %iowait    %irq   %soft  %steal  %guest  %gnice   %idle
14:05:22     all    0,08    0,00    0,08    0,00    0,00   66,76    0,00    0,00    0,00   33,07
14:05:22       0    0,00    0,00    0,00    0,00    0,00  100,00    0,00    0,00    0,00    0,00
14:05:22       1    0,00    0,00    0,00    0,00    0,00  100,00    0,00    0,00    0,00    0,00
14:05:22       2    0,00    0,00    0,00    0,00    0,00  100,00    0,00    0,00    0,00    0,00
14:05:22       3    0,00    0,00    0,00    0,00    0,00  100,00    0,00    0,00    0,00    0,00
14:05:22       4    0,00    0,00    0,00    0,00    0,00  100,00    0,00    0,00    0,00    0,00
14:05:22       5    0,00    0,00    0,00    0,00    0,00  100,00    0,00    0,00    0,00    0,00
14:05:22       6    0,00    0,00    0,00    0,00    0,00  100,00    0,00    0,00    0,00    0,00
14:05:22       7    0,00    0,00    0,00    0,00    0,00  100,00    0,00    0,00    0,00    0,00
14:05:22       8    0,00    0,00    0,00    0,00    0,00  100,00    0,00    0,00    0,00    0,00
14:05:22       9    0,00    0,00    0,00    0,00    0,00  100,00    0,00    0,00    0,00    0,00
14:05:22      10    0,00    0,00    0,00    0,00    0,00  100,00    0,00    0,00    0,00    0,00
14:05:22      11    0,00    0,00    0,00    0,00    0,00  100,00    0,00    0,00    0,00    0,00
14:05:22      12    0,00    0,00    0,99    0,00    0,00   99,01    0,00    0,00    0,00    0,00
14:05:22      13    0,00    0,00    0,00    0,00    0,00  100,00    0,00    0,00    0,00    0,00
14:05:22      14    0,00    0,00    0,00    0,00    0,00  100,00    0,00    0,00    0,00    0,00
14:05:22      15    0,00    0,00    0,00    0,00    0,00  100,00    0,00    0,00    0,00    0,00
14:05:22      16    0,00    0,00    0,00    0,00    0,00    0,00    0,00    0,00    0,00  100,00
14:05:22      17    0,00    0,00    0,00    0,00    0,00    1,00    0,00    0,00    0,00   99,00
14:05:22      18    0,00    0,00    0,00    0,00    0,00    0,00    0,00    0,00    0,00  100,00
14:05:22      19    0,00    0,00    0,00    0,00    0,00    0,00    0,00    0,00    0,00  100,00
14:05:22      20    0,00    0,00    1,00    0,00    0,00    0,00    0,00    0,00    0,00   99,00
14:05:22      21    1,00    0,00    0,00    0,00    0,00    0,00    0,00    0,00    0,00   99,00
14:05:22      22    1,00    0,00    0,00    0,00    0,00    0,00    0,00    0,00    0,00   99,00
14:05:22      23    0,00    0,00    0,00    0,00    0,00    0,00    0,00    0,00    0,00  100,00

14:05:22     CPU    %usr   %nice    %sys %iowait    %irq   %soft  %steal  %guest  %gnice   %idle
14:05:23     all    0,33    0,00    0,12    0,00    0,00   66,58    0,00    0,00    0,00   32,96
14:05:23       0    0,00    0,00    0,00    0,00    0,00  100,00    0,00    0,00    0,00    0,00
14:05:23       1    0,00    0,00    0,00    0,00    0,00  100,00    0,00    0,00    0,00    0,00
14:05:23       2    0,00    0,00    0,00    0,00    0,00  100,00    0,00    0,00    0,00    0,00
14:05:23       3    0,00    0,00    0,00    0,00    0,00  100,00    0,00    0,00    0,00    0,00
14:05:23       4    0,00    0,00    0,00    0,00    0,00  100,00    0,00    0,00    0,00    0,00
14:05:23       5    0,00    0,00    0,00    0,00    0,00  100,00    0,00    0,00    0,00    0,00
14:05:23       6    0,00    0,00    0,00    0,00    0,00  100,00    0,00    0,00    0,00    0,00
14:05:23       7    0,00    0,00    0,00    0,00    0,00  100,00    0,00    0,00    0,00    0,00
14:05:23       8    0,00    0,00    0,00    0,00    0,00  100,00    0,00    0,00    0,00    0,00
14:05:23       9    0,00    0,00    0,00    0,00    0,00  100,00    0,00    0,00    0,00    0,00
14:05:23      10    0,00    0,00    0,00    0,00    0,00  100,00    0,00    0,00    0,00    0,00
14:05:23      11    0,00    0,00    0,00    0,00    0,00  100,00    0,00    0,00    0,00    0,00
14:05:23      12    0,00    0,00    0,00    0,00    0,00  100,00    0,00    0,00    0,00    0,00
14:05:23      13    0,00    0,00    0,00    0,00    0,00  100,00    0,00    0,00    0,00    0,00
14:05:23      14    0,00    0,00    0,00    0,00    0,00  100,00    0,00    0,00    0,00    0,00
14:05:23      15    0,00    0,00    0,00    0,00    0,00  100,00    0,00    0,00    0,00    0,00
14:05:23      16    1,00    0,00    0,00    0,00    0,00    0,00    0,00    0,00    0,00   99,00
14:05:23      17    1,00    0,00    0,00    0,00    0,00    0,00    0,00    0,00    0,00   99,00
14:05:23      18    0,99    0,00    0,99    0,00    0,00    0,00    0,00    0,00    0,00   98,02
14:05:23      19    0,99    0,00    0,99    0,00    0,00    0,00    0,00    0,00    0,00   98,02
14:05:23      20    1,00    0,00    0,00    0,00    0,00    0,00    0,00    0,00    0,00   99,00
14:05:23      21    0,99    0,00    0,99    0,00    0,00    0,00    0,00    0,00    0,00   98,02
14:05:23      22    1,00    0,00    0,00    0,00    0,00    0,00    0,00    0,00    0,00   99,00
14:05:23      23    1,00    0,00    0,00    0,00    0,00    0,00    0,00    0,00    0,00   99,00

14:05:23     CPU    %usr   %nice    %sys %iowait    %irq   %soft  %steal  %guest  %gnice   %idle
14:05:24     all    0,29    0,00    0,25    0,00    0,00   66,69    0,00    0,00    0,00   32,76
14:05:24       0    0,00    0,00    0,00    0,00    0,00  100,00    0,00    0,00    0,00    0,00
14:05:24       1    0,00    0,00    0,00    0,00    0,00  100,00    0,00    0,00    0,00    0,00
14:05:24       2    0,00    0,00    0,00    0,00    0,00  100,00    0,00    0,00    0,00    0,00
14:05:24       3    0,00    0,00    0,00    0,00    0,00  100,00    0,00    0,00    0,00    0,00
14:05:24       4    0,00    0,00    0,00    0,00    0,00  100,00    0,00    0,00    0,00    0,00
14:05:24       5    0,00    0,00    0,00    0,00    0,00  100,00    0,00    0,00    0,00    0,00
14:05:24       6    0,00    0,00    0,00    0,00    0,00  100,00    0,00    0,00    0,00    0,00
14:05:24       7    0,00    0,00    0,00    0,00    0,00  100,00    0,00    0,00    0,00    0,00
14:05:24       8    0,00    0,00    0,00    0,00    0,00  100,00    0,00    0,00    0,00    0,00
14:05:24       9    0,00    0,00    0,00    0,00    0,00  100,00    0,00    0,00    0,00    0,00
14:05:24      10    0,00    0,00    0,00    0,00    0,00  100,00    0,00    0,00    0,00    0,00
14:05:24      11    0,00    0,00    0,00    0,00    0,00  100,00    0,00    0,00    0,00    0,00
14:05:24      12    0,00    0,00    0,00    0,00    0,00  100,00    0,00    0,00    0,00    0,00
14:05:24      13    0,00    0,00    0,00    0,00    0,00  100,00    0,00    0,00    0,00    0,00
14:05:24      14    0,00    0,00    0,00    0,00    0,00  100,00    0,00    0,00    0,00    0,00
14:05:24      15    0,00    0,00    0,00    0,00    0,00  100,00    0,00    0,00    0,00    0,00
14:05:24      16    1,00    0,00    1,00    0,00    0,00    0,00    0,00    0,00    0,00   98,00
14:05:24      17    2,00    0,00    1,00    0,00    0,00    0,00    0,00    0,00    0,00   97,00
14:05:24      18    0,00    0,00    2,00    0,00    0,00    0,00    0,00    0,00    0,00   98,00
14:05:24      19    1,00    0,00    0,00    0,00    0,00    0,00    0,00    0,00    0,00   99,00
14:05:24      20    2,02    0,00    0,00    0,00    0,00    0,00    0,00    0,00    0,00   97,98
14:05:24      21    1,00    0,00    0,00    0,00    0,00    0,00    0,00    0,00    0,00   99,00
14:05:24      22    0,00    0,00    1,00    0,00    0,00    0,00    0,00    0,00    0,00   99,00
14:05:24      23    0,00    0,00    1,00    0,00    0,00    0,00    0,00    0,00    0,00   99,00

14:05:24     CPU    %usr   %nice    %sys %iowait    %irq   %soft  %steal  %guest  %gnice   %idle
14:05:25     all    0,17    0,00    0,08    0,00    0,00   66,78    0,00    0,00    0,00   32,97
14:05:25       0    0,00    0,00    0,99    0,00    0,00   99,01    0,00    0,00    0,00    0,00
14:05:25       1    0,00    0,00    0,00    0,00    0,00  100,00    0,00    0,00    0,00    0,00
14:05:25       2    0,00    0,00    0,00    0,00    0,00  100,00    0,00    0,00    0,00    0,00
14:05:25       3    0,00    0,00    0,00    0,00    0,00  100,00    0,00    0,00    0,00    0,00
14:05:25       4    0,00    0,00    0,00    0,00    0,00  100,00    0,00    0,00    0,00    0,00
14:05:25       5    0,00    0,00    0,00    0,00    0,00  100,00    0,00    0,00    0,00    0,00
14:05:25       6    0,00    0,00    0,00    0,00    0,00  100,00    0,00    0,00    0,00    0,00
14:05:25       7    0,00    0,00    0,00    0,00    0,00  100,00    0,00    0,00    0,00    0,00
14:05:25       8    0,00    0,00    0,00    0,00    0,00  100,00    0,00    0,00    0,00    0,00
14:05:25       9    0,00    0,00    0,00    0,00    0,00  100,00    0,00    0,00    0,00    0,00
14:05:25      10    0,00    0,00    0,00    0,00    0,00  100,00    0,00    0,00    0,00    0,00
14:05:25      11    0,00    0,00    0,00    0,00    0,00  100,00    0,00    0,00    0,00    0,00
14:05:25      12    0,00    0,00    0,00    0,00    0,00  100,00    0,00    0,00    0,00    0,00
14:05:25      13    0,00    0,00    0,00    0,00    0,00  100,00    0,00    0,00    0,00    0,00
14:05:25      14    0,00    0,00    0,00    0,00    0,00  100,00    0,00    0,00    0,00    0,00
14:05:25      15    0,00    0,00    0,00    0,00    0,00  100,00    0,00    0,00    0,00    0,00
14:05:25      16    0,00    0,00    0,00    0,00    0,00    0,00    0,00    0,00    0,00  100,00
14:05:25      17    1,01    0,00    0,00    0,00    0,00    0,00    0,00    0,00    0,00   98,99
14:05:25      18    1,00    0,00    0,00    0,00    0,00    0,00    0,00    0,00    0,00   99,00
14:05:25      19    0,00    0,00    0,00    0,00    0,00    0,00    0,00    0,00    0,00  100,00
14:05:25      20    0,00    0,00    0,00    0,00    0,00    0,00    0,00    0,00    0,00  100,00
14:05:25      21    0,00    0,00    0,00    0,00    0,00    0,00    0,00    0,00    0,00  100,00
14:05:25      22    1,01    0,00    0,00    0,00    0,00    0,00    0,00    0,00    0,00   98,99
14:05:25      23    0,99    0,00    0,99    0,00    0,00    0,00    0,00    0,00    0,00   98,02

14:05:25     CPU    %usr   %nice    %sys %iowait    %irq   %soft  %steal  %guest  %gnice   %idle
14:05:26     all    0,21    0,00    0,04    0,12    0,00   66,56    0,00    0,00    0,00   33,07
14:05:26       0    0,00    0,00    0,00    0,00    0,00  100,00    0,00    0,00    0,00    0,00
14:05:26       1    0,00    0,00    0,00    0,00    0,00  100,00    0,00    0,00    0,00    0,00
14:05:26       2    0,00    0,00    0,00    0,00    0,00  100,00    0,00    0,00    0,00    0,00
14:05:26       3    0,00    0,00    0,00    0,00    0,00  100,00    0,00    0,00    0,00    0,00
14:05:26       4    0,00    0,00    0,00    0,00    0,00  100,00    0,00    0,00    0,00    0,00
14:05:26       5    0,00    0,00    0,00    0,00    0,00  100,00    0,00    0,00    0,00    0,00
14:05:26       6    0,00    0,00    0,00    0,00    0,00  100,00    0,00    0,00    0,00    0,00
14:05:26       7    0,00    0,00    0,00    0,00    0,00  100,00    0,00    0,00    0,00    0,00
14:05:26       8    0,00    0,00    0,00    0,00    0,00  100,00    0,00    0,00    0,00    0,00
14:05:26       9    0,00    0,00    0,00    0,00    0,00  100,00    0,00    0,00    0,00    0,00
14:05:26      10    0,00    0,00    0,00    0,00    0,00  100,00    0,00    0,00    0,00    0,00
14:05:26      11    0,00    0,00    0,00    0,00    0,00  100,00    0,00    0,00    0,00    0,00
14:05:26      12    0,00    0,00    0,00    0,00    0,00  100,00    0,00    0,00    0,00    0,00
14:05:26      13    0,00    0,00    0,00    0,00    0,00  100,00    0,00    0,00    0,00    0,00
14:05:26      14    0,00    0,00    0,00    0,00    0,00  100,00    0,00    0,00    0,00    0,00
14:05:26      15    0,00    0,00    0,00    0,00    0,00  100,00    0,00    0,00    0,00    0,00
14:05:26      16    0,00    0,00    0,00    0,00    0,00    0,00    0,00    0,00    0,00  100,00
14:05:26      17    0,99    0,00    0,00    0,99    0,00    0,00    0,00    0,00    0,00   98,02
14:05:26      18    0,00    0,00    0,00    2,00    0,00    0,00    0,00    0,00    0,00   98,00
14:05:26      19    1,00    0,00    0,00    0,00    0,00    0,00    0,00    0,00    0,00   99,00
14:05:26      20    0,99    0,00    0,99    0,00    0,00    0,00    0,00    0,00    0,00   98,02
14:05:26      21    0,99    0,00    0,00    0,00    0,00    0,00    0,00    0,00    0,00   99,01
14:05:26      22    0,99    0,00    0,00    0,00    0,00    0,00    0,00    0,00    0,00   99,01
14:05:26      23    0,00    0,00    0,00    0,00    0,00    0,00    0,00    0,00    0,00  100,00

14:05:26     CPU    %usr   %nice    %sys %iowait    %irq   %soft  %steal  %guest  %gnice   %idle
14:05:27     all    0,08    0,00    0,04    0,04    0,00   66,69    0,00    0,00    0,00   33,14
14:05:27       0    0,00    0,00    0,00    0,00    0,00  100,00    0,00    0,00    0,00    0,00
14:05:27       1    0,00    0,00    0,00    0,00    0,00  100,00    0,00    0,00    0,00    0,00
14:05:27       2    0,00    0,00    0,00    0,00    0,00  100,00    0,00    0,00    0,00    0,00
14:05:27       3    0,00    0,00    0,00    0,00    0,00  100,00    0,00    0,00    0,00    0,00
14:05:27       4    0,00    0,00    0,00    0,00    0,00  100,00    0,00    0,00    0,00    0,00
14:05:27       5    0,00    0,00    0,00    0,00    0,00  100,00    0,00    0,00    0,00    0,00
14:05:27       6    0,00    0,00    0,00    0,00    0,00  100,00    0,00    0,00    0,00    0,00
14:05:27       7    0,00    0,00    0,00    0,00    0,00  100,00    0,00    0,00    0,00    0,00
14:05:27       8    0,00    0,00    0,00    0,00    0,00  100,00    0,00    0,00    0,00    0,00
14:05:27       9    0,00    0,00    0,00    0,00    0,00  100,00    0,00    0,00    0,00    0,00
14:05:27      10    0,00    0,00    0,00    0,00    0,00  100,00    0,00    0,00    0,00    0,00
14:05:27      11    0,00    0,00    0,00    0,00    0,00  100,00    0,00    0,00    0,00    0,00
14:05:27      12    0,00    0,00    0,00    0,00    0,00  100,00    0,00    0,00    0,00    0,00
14:05:27      13    0,00    0,00    0,00    0,00    0,00  100,00    0,00    0,00    0,00    0,00
14:05:27      14    0,00    0,00    0,00    0,00    0,00  100,00    0,00    0,00    0,00    0,00
14:05:27      15    0,00    0,00    0,00    0,00    0,00  100,00    0,00    0,00    0,00    0,00
14:05:27      16    1,00    0,00    0,00    1,00    0,00    0,00    0,00    0,00    0,00   98,00
14:05:27      17    0,00    0,00    0,00    0,00    0,00    0,00    0,00    0,00    0,00  100,00
14:05:27      18    0,00    0,00    0,00    0,00    0,00    0,00    0,00    0,00    0,00  100,00
14:05:27      19    0,99    0,00    0,99    0,00    0,00    0,00    0,00    0,00    0,00   98,02
14:05:27      20    0,00    0,00    0,00    0,00    0,00    0,00    0,00    0,00    0,00  100,00
14:05:27      21    0,00    0,00    0,00    0,00    0,00    0,00    0,00    0,00    0,00  100,00
14:05:27      22    0,00    0,00    0,00    0,00    0,00    0,00    0,00    0,00    0,00  100,00
14:05:27      23    0,00    0,00    0,00    0,00    0,00    0,00    0,00    0,00    0,00  100,00

14:05:27     CPU    %usr   %nice    %sys %iowait    %irq   %soft  %steal  %guest  %gnice   %idle
14:05:28     all    0,13    0,00    0,04    0,08    0,00   66,75    0,00    0,00    0,00   33,00
14:05:28       0    0,00    0,00    0,00    0,00    0,00  100,00    0,00    0,00    0,00    0,00
14:05:28       1    0,00    0,00    0,00    0,00    0,00  100,00    0,00    0,00    0,00    0,00
14:05:28       2    0,00    0,00    0,00    0,00    0,00  100,00    0,00    0,00    0,00    0,00
14:05:28       3    0,00    0,00    0,00    0,00    0,00  100,00    0,00    0,00    0,00    0,00
14:05:28       4    0,00    0,00    0,00    0,00    0,00  100,00    0,00    0,00    0,00    0,00
14:05:28       5    0,00    0,00    0,00    0,00    0,00  100,00    0,00    0,00    0,00    0,00
14:05:28       6    0,00    0,00    0,00    0,00    0,00  100,00    0,00    0,00    0,00    0,00
14:05:28       7    0,00    0,00    0,00    0,00    0,00  100,00    0,00    0,00    0,00    0,00
14:05:28       8    0,00    0,00    0,00    0,00    0,00  100,00    0,00    0,00    0,00    0,00
14:05:28       9    0,00    0,00    0,00    0,00    0,00  100,00    0,00    0,00    0,00    0,00
14:05:28      10    0,00    0,00    0,00    0,00    0,00  100,00    0,00    0,00    0,00    0,00
14:05:28      11    0,00    0,00    0,00    0,00    0,00  100,00    0,00    0,00    0,00    0,00
14:05:28      12    0,00    0,00    0,00    0,00    0,00  100,00    0,00    0,00    0,00    0,00
14:05:28      13    0,00    0,00    0,00    0,00    0,00  100,00    0,00    0,00    0,00    0,00
14:05:28      14    0,00    0,00    0,00    0,00    0,00  100,00    0,00    0,00    0,00    0,00
14:05:28      15    0,00    0,00    0,00    0,00    0,00  100,00    0,00    0,00    0,00    0,00
14:05:28      16    0,00    0,00    1,00    0,00    0,00    0,00    0,00    0,00    0,00   99,00
14:05:28      17    0,00    0,00    0,00    0,00    0,00    0,00    0,00    0,00    0,00  100,00
14:05:28      18    0,00    0,00    0,00    1,01    0,00    0,00    0,00    0,00    0,00   98,99
14:05:28      19    0,00    0,00    0,00    0,00    0,00    0,00    0,00    0,00    0,00  100,00
14:05:28      20    0,00    0,00    0,00    0,00    0,00    0,00    0,00    0,00    0,00  100,00
14:05:28      21    0,99    0,00    0,00    0,00    0,00    0,00    0,00    0,00    0,00   99,01
14:05:28      22    1,98    0,00    0,00    0,00    0,00    0,00    0,00    0,00    0,00   98,02
14:05:28      23    0,00    0,00    0,00    1,01    0,00    0,00    0,00    0,00    0,00   98,99

14:05:28     CPU    %usr   %nice    %sys %iowait    %irq   %soft  %steal  %guest  %gnice   %idle
14:05:29     all    0,17    0,00    0,21    0,00    0,00   66,69    0,00    0,00    0,00   32,93
14:05:29       0    0,00    0,00    0,00    0,00    0,00  100,00    0,00    0,00    0,00    0,00
14:05:29       1    0,00    0,00    0,00    0,00    0,00  100,00    0,00    0,00    0,00    0,00
14:05:29       2    0,00    0,00    0,00    0,00    0,00  100,00    0,00    0,00    0,00    0,00
14:05:29       3    0,00    0,00    0,00    0,00    0,00  100,00    0,00    0,00    0,00    0,00
14:05:29       4    0,00    0,00    0,00    0,00    0,00  100,00    0,00    0,00    0,00    0,00
14:05:29       5    0,00    0,00    0,00    0,00    0,00  100,00    0,00    0,00    0,00    0,00
14:05:29       6    0,00    0,00    0,00    0,00    0,00  100,00    0,00    0,00    0,00    0,00
14:05:29       7    0,00    0,00    0,00    0,00    0,00  100,00    0,00    0,00    0,00    0,00
14:05:29       8    0,00    0,00    0,00    0,00    0,00  100,00    0,00    0,00    0,00    0,00
14:05:29       9    0,00    0,00    0,00    0,00    0,00  100,00    0,00    0,00    0,00    0,00
14:05:29      10    0,00    0,00    0,00    0,00    0,00  100,00    0,00    0,00    0,00    0,00
14:05:29      11    0,00    0,00    0,00    0,00    0,00  100,00    0,00    0,00    0,00    0,00
14:05:29      12    0,00    0,00    0,00    0,00    0,00  100,00    0,00    0,00    0,00    0,00
14:05:29      13    0,00    0,00    0,00    0,00    0,00  100,00    0,00    0,00    0,00    0,00
14:05:29      14    0,00    0,00    0,00    0,00    0,00  100,00    0,00    0,00    0,00    0,00
14:05:29      15    0,00    0,00    0,00    0,00    0,00  100,00    0,00    0,00    0,00    0,00
14:05:29      16    0,00    0,00    0,00    0,00    0,00    0,00    0,00    0,00    0,00  100,00
14:05:29      17    0,00    0,00    1,00    0,00    0,00    0,00    0,00    0,00    0,00   99,00
14:05:29      18    0,99    0,00    1,98    0,00    0,00    0,00    0,00    0,00    0,00   97,03
14:05:29      19    1,01    0,00    0,00    0,00    0,00    0,00    0,00    0,00    0,00   98,99
14:05:29      20    0,98    0,00    0,98    0,00    0,00    0,00    0,00    0,00    0,00   98,04
14:05:29      21    0,00    0,00    0,00    0,00    0,00    0,00    0,00    0,00    0,00  100,00
14:05:29      22    0,00    0,00    1,00    0,00    0,00    0,00    0,00    0,00    0,00   99,00
14:05:29      23    1,00    0,00    0,00    0,00    0,00    0,00    0,00    0,00    0,00   99,00

14:05:29     CPU    %usr   %nice    %sys %iowait    %irq   %soft  %steal  %guest  %gnice   %idle
14:05:30     all    0,13    0,00    0,13    0,00    0,00   66,68    0,00    0,00    0,00   33,07
14:05:30       0    0,00    0,00    0,00    0,00    0,00  100,00    0,00    0,00    0,00    0,00
14:05:30       1    0,00    0,00    0,00    0,00    0,00  100,00    0,00    0,00    0,00    0,00
14:05:30       2    0,00    0,00    0,00    0,00    0,00  100,00    0,00    0,00    0,00    0,00
14:05:30       3    0,00    0,00    0,00    0,00    0,00  100,00    0,00    0,00    0,00    0,00
14:05:30       4    0,00    0,00    0,00    0,00    0,00  100,00    0,00    0,00    0,00    0,00
14:05:30       5    0,00    0,00    0,00    0,00    0,00  100,00    0,00    0,00    0,00    0,00
14:05:30       6    0,00    0,00    0,00    0,00    0,00  100,00    0,00    0,00    0,00    0,00
14:05:30       7    0,00    0,00    0,00    0,00    0,00  100,00    0,00    0,00    0,00    0,00
14:05:30       8    0,00    0,00    0,00    0,00    0,00  100,00    0,00    0,00    0,00    0,00
14:05:30       9    0,00    0,00    0,00    0,00    0,00  100,00    0,00    0,00    0,00    0,00
14:05:30      10    0,00    0,00    0,00    0,00    0,00  100,00    0,00    0,00    0,00    0,00
14:05:30      11    0,00    0,00    0,00    0,00    0,00  100,00    0,00    0,00    0,00    0,00
14:05:30      12    0,00    0,00    0,00    0,00    0,00  100,00    0,00    0,00    0,00    0,00
14:05:30      13    0,00    0,00    0,00    0,00    0,00  100,00    0,00    0,00    0,00    0,00
14:05:30      14    0,00    0,00    0,00    0,00    0,00  100,00    0,00    0,00    0,00    0,00
14:05:30      15    0,00    0,00    0,00    0,00    0,00  100,00    0,00    0,00    0,00    0,00
14:05:30      16    1,96    0,00    0,98    0,00    0,00    0,00    0,00    0,00    0,00   97,06
14:05:30      17    0,00    0,00    0,00    0,00    0,00    0,00    0,00    0,00    0,00  100,00
14:05:30      18    1,00    0,00    0,00    0,00    0,00    0,00    0,00    0,00    0,00   99,00
14:05:30      19    0,00    0,00    0,99    0,00    0,00    0,00    0,00    0,00    0,00   99,01
14:05:30      20    0,00    0,00    0,00    0,00    0,00    0,00    0,00    0,00    0,00  100,00
14:05:30      21    0,00    0,00    1,00    0,00    0,00    0,00    0,00    0,00    0,00   99,00
14:05:30      22    0,00    0,00    0,00    0,00    0,00    0,00    0,00    0,00    0,00  100,00
14:05:30      23    0,00    0,00    0,00    0,00    0,00    0,00    0,00    0,00    0,00  100,00

14:05:30     CPU    %usr   %nice    %sys %iowait    %irq   %soft  %steal  %guest  %gnice   %idle
14:05:31     all    0,08    0,00    0,00    0,08    0,00   66,71    0,00    0,00    0,00   33,12
14:05:31       0    0,00    0,00    0,00    0,00    0,00  100,00    0,00    0,00    0,00    0,00
14:05:31       1    0,00    0,00    0,00    0,00    0,00  100,00    0,00    0,00    0,00    0,00
14:05:31       2    0,00    0,00    0,00    0,00    0,00  100,00    0,00    0,00    0,00    0,00
14:05:31       3    0,00    0,00    0,00    0,00    0,00  100,00    0,00    0,00    0,00    0,00
14:05:31       4    0,00    0,00    0,00    0,00    0,00  100,00    0,00    0,00    0,00    0,00
14:05:31       5    0,00    0,00    0,00    0,00    0,00  100,00    0,00    0,00    0,00    0,00
14:05:31       6    0,00    0,00    0,00    0,00    0,00  100,00    0,00    0,00    0,00    0,00
14:05:31       7    0,00    0,00    0,00    0,00    0,00  100,00    0,00    0,00    0,00    0,00
14:05:31       8    0,00    0,00    0,00    0,00    0,00  100,00    0,00    0,00    0,00    0,00
14:05:31       9    0,00    0,00    0,00    0,00    0,00  100,00    0,00    0,00    0,00    0,00
14:05:31      10    0,00    0,00    0,00    0,00    0,00  100,00    0,00    0,00    0,00    0,00
14:05:31      11    0,00    0,00    0,00    0,00    0,00  100,00    0,00    0,00    0,00    0,00
14:05:31      12    0,00    0,00    0,00    0,00    0,00  100,00    0,00    0,00    0,00    0,00
14:05:31      13    0,00    0,00    0,00    0,00    0,00  100,00    0,00    0,00    0,00    0,00
14:05:31      14    0,00    0,00    0,00    0,00    0,00  100,00    0,00    0,00    0,00    0,00
14:05:31      15    0,00    0,00    0,00    0,00    0,00  100,00    0,00    0,00    0,00    0,00
14:05:31      16    0,00    0,00    0,00    1,01    0,00    0,00    0,00    0,00    0,00   98,99
14:05:31      17    0,99    0,00    0,00    0,00    0,00    0,00    0,00    0,00    0,00   99,01
14:05:31      18    0,00    0,00    0,00    1,01    0,00    0,00    0,00    0,00    0,00   98,99
14:05:31      19    1,01    0,00    0,00    0,00    0,00    0,00    0,00    0,00    0,00   98,99
14:05:31      20    0,00    0,00    0,00    0,00    0,00    0,00    0,00    0,00    0,00  100,00
14:05:31      21    0,00    0,00    0,00    0,00    0,00    0,00    0,00    0,00    0,00  100,00
14:05:31      22    0,00    0,00    0,00    0,00    0,00    0,00    0,00    0,00    0,00  100,00
14:05:31      23    0,00    0,00    0,00    0,00    0,00    0,00    0,00    0,00    0,00  100,00

14:05:31     CPU    %usr   %nice    %sys %iowait    %irq   %soft  %steal  %guest  %gnice   %idle
14:05:32     all    0,08    0,00    0,04    0,00    0,00   66,64    0,00    0,00    0,00   33,24
14:05:32       0    0,00    0,00    0,00    0,00    0,00  100,00    0,00    0,00    0,00    0,00
14:05:32       1    0,00    0,00    0,00    0,00    0,00  100,00    0,00    0,00    0,00    0,00
14:05:32       2    0,00    0,00    0,00    0,00    0,00  100,00    0,00    0,00    0,00    0,00
14:05:32       3    0,00    0,00    0,00    0,00    0,00  100,00    0,00    0,00    0,00    0,00
14:05:32       4    0,00    0,00    0,00    0,00    0,00  100,00    0,00    0,00    0,00    0,00
14:05:32       5    0,00    0,00    0,00    0,00    0,00  100,00    0,00    0,00    0,00    0,00
14:05:32       6    0,00    0,00    0,00    0,00    0,00  100,00    0,00    0,00    0,00    0,00
14:05:32       7    0,00    0,00    0,00    0,00    0,00  100,00    0,00    0,00    0,00    0,00
14:05:32       8    0,00    0,00    0,00    0,00    0,00  100,00    0,00    0,00    0,00    0,00
14:05:32       9    0,00    0,00    0,00    0,00    0,00  100,00    0,00    0,00    0,00    0,00
14:05:32      10    0,00    0,00    0,00    0,00    0,00  100,00    0,00    0,00    0,00    0,00
14:05:32      11    0,00    0,00    0,00    0,00    0,00  100,00    0,00    0,00    0,00    0,00
14:05:32      12    0,00    0,00    0,00    0,00    0,00  100,00    0,00    0,00    0,00    0,00
14:05:32      13    0,00    0,00    0,00    0,00    0,00  100,00    0,00    0,00    0,00    0,00
14:05:32      14    0,00    0,00    0,00    0,00    0,00  100,00    0,00    0,00    0,00    0,00
14:05:32      15    0,00    0,00    0,00    0,00    0,00  100,00    0,00    0,00    0,00    0,00
14:05:32      16    0,00    0,00    0,00    0,00    0,00    0,00    0,00    0,00    0,00  100,00
14:05:32      17    0,00    0,00    0,00    0,00    0,00    0,00    0,00    0,00    0,00  100,00
14:05:32      18    0,00    0,00    0,00    0,00    0,00    0,00    0,00    0,00    0,00  100,00
14:05:32      19    1,96    0,00    0,98    0,00    0,00    0,00    0,00    0,00    0,00   97,06
14:05:32      20    0,00    0,00    0,00    0,00    0,00    0,00    0,00    0,00    0,00  100,00
14:05:32      21    0,00    0,00    0,00    0,00    0,00    0,00    0,00    0,00    0,00  100,00
14:05:32      22    0,00    0,00    0,00    0,00    0,00    0,00    0,00    0,00    0,00  100,00
14:05:32      23    0,00    0,00    0,00    0,00    0,00    0,00    0,00    0,00    0,00  100,00

14:05:32     CPU    %usr   %nice    %sys %iowait    %irq   %soft  %steal  %guest  %gnice   %idle
14:05:33     all    0,04    0,00    0,00    0,00    0,00   66,75    0,00    0,00    0,00   33,21
14:05:33       0    0,00    0,00    0,00    0,00    0,00  100,00    0,00    0,00    0,00    0,00
14:05:33       1    0,00    0,00    0,00    0,00    0,00  100,00    0,00    0,00    0,00    0,00
14:05:33       2    0,00    0,00    0,00    0,00    0,00  100,00    0,00    0,00    0,00    0,00
14:05:33       3    0,00    0,00    0,00    0,00    0,00  100,00    0,00    0,00    0,00    0,00
14:05:33       4    0,00    0,00    0,00    0,00    0,00  100,00    0,00    0,00    0,00    0,00
14:05:33       5    0,00    0,00    0,00    0,00    0,00  100,00    0,00    0,00    0,00    0,00
14:05:33       6    0,00    0,00    0,00    0,00    0,00  100,00    0,00    0,00    0,00    0,00
14:05:33       7    0,00    0,00    0,00    0,00    0,00  100,00    0,00    0,00    0,00    0,00
14:05:33       8    0,00    0,00    0,00    0,00    0,00  100,00    0,00    0,00    0,00    0,00
14:05:33       9    0,00    0,00    0,00    0,00    0,00  100,00    0,00    0,00    0,00    0,00
14:05:33      10    0,00    0,00    0,00    0,00    0,00  100,00    0,00    0,00    0,00    0,00
14:05:33      11    0,00    0,00    0,00    0,00    0,00  100,00    0,00    0,00    0,00    0,00
14:05:33      12    0,00    0,00    0,00    0,00    0,00  100,00    0,00    0,00    0,00    0,00
14:05:33      13    0,00    0,00    0,00    0,00    0,00  100,00    0,00    0,00    0,00    0,00
14:05:33      14    0,00    0,00    0,00    0,00    0,00  100,00    0,00    0,00    0,00    0,00
14:05:33      15    0,00    0,00    0,00    0,00    0,00  100,00    0,00    0,00    0,00    0,00
14:05:33      16    0,00    0,00    0,00    0,00    0,00    0,00    0,00    0,00    0,00  100,00
14:05:33      17    0,00    0,00    0,00    0,00    0,00    0,00    0,00    0,00    0,00  100,00
14:05:33      18    0,00    0,00    0,00    0,00    0,00    0,00    0,00    0,00    0,00  100,00
14:05:33      19    1,00    0,00    0,00    0,00    0,00    0,00    0,00    0,00    0,00   99,00
14:05:33      20    0,00    0,00    0,00    0,00    0,00    0,00    0,00    0,00    0,00  100,00
14:05:33      21    0,00    0,00    0,00    0,00    0,00    0,00    0,00    0,00    0,00  100,00
14:05:33      22    0,00    0,00    0,00    0,00    0,00    0,00    0,00    0,00    0,00  100,00
14:05:33      23    0,00    0,00    0,00    0,00    0,00    0,00    0,00    0,00    0,00  100,00

14:05:33     CPU    %usr   %nice    %sys %iowait    %irq   %soft  %steal  %guest  %gnice   %idle
14:05:34     all    0,50    0,00    0,58    0,00    0,00   66,56    0,00    0,00    0,00   32,36
14:05:34       0    0,00    0,00    0,00    0,00    0,00  100,00    0,00    0,00    0,00    0,00
14:05:34       1    0,00    0,00    0,00    0,00    0,00  100,00    0,00    0,00    0,00    0,00
14:05:34       2    0,00    0,00    0,00    0,00    0,00  100,00    0,00    0,00    0,00    0,00
14:05:34       3    0,00    0,00    0,00    0,00    0,00  100,00    0,00    0,00    0,00    0,00
14:05:34       4    0,00    0,00    0,00    0,00    0,00  100,00    0,00    0,00    0,00    0,00
14:05:34       5    0,00    0,00    0,00    0,00    0,00  100,00    0,00    0,00    0,00    0,00
14:05:34       6    0,00    0,00    0,00    0,00    0,00  100,00    0,00    0,00    0,00    0,00
14:05:34       7    0,00    0,00    0,00    0,00    0,00  100,00    0,00    0,00    0,00    0,00
14:05:34       8    0,00    0,00    0,00    0,00    0,00  100,00    0,00    0,00    0,00    0,00
14:05:34       9    0,00    0,00    0,00    0,00    0,00  100,00    0,00    0,00    0,00    0,00
14:05:34      10    0,00    0,00    0,00    0,00    0,00  100,00    0,00    0,00    0,00    0,00
14:05:34      11    0,00    0,00    0,00    0,00    0,00  100,00    0,00    0,00    0,00    0,00
14:05:34      12    0,00    0,00    0,00    0,00    0,00  100,00    0,00    0,00    0,00    0,00
14:05:34      13    0,00    0,00    0,00    0,00    0,00  100,00    0,00    0,00    0,00    0,00
14:05:34      14    0,00    0,00    0,00    0,00    0,00  100,00    0,00    0,00    0,00    0,00
14:05:34      15    0,00    0,00    0,00    0,00    0,00  100,00    0,00    0,00    0,00    0,00
14:05:34      16    1,00    0,00    0,00    0,00    0,00    0,00    0,00    0,00    0,00   99,00
14:05:34      17    0,00    0,00    0,99    0,00    0,00    0,00    0,00    0,00    0,00   99,01
14:05:34      18    0,99    0,00    0,99    0,00    0,00    0,00    0,00    0,00    0,00   98,02
14:05:34      19    1,96    0,00    0,98    0,00    0,00    0,00    0,00    0,00    0,00   97,06
14:05:34      20    0,00    0,00    0,00    0,00    0,00    0,00    0,00    0,00    0,00  100,00
14:05:34      21    0,00    0,00    0,00    0,00    0,00    0,00    0,00    0,00    0,00  100,00
14:05:34      22    1,00    0,00    0,00    0,00    0,00    0,00    0,00    0,00    0,00   99,00
14:05:34      23    6,93    0,00   10,89    0,00    0,00    0,00    0,00    0,00    0,00   82,18

14:05:34     CPU    %usr   %nice    %sys %iowait    %irq   %soft  %steal  %guest  %gnice   %idle
14:05:35     all    0,17    0,00    0,21    0,04    0,00   66,75    0,00    0,00    0,00   32,83
14:05:35       0    0,00    0,00    0,00    0,00    0,00  100,00    0,00    0,00    0,00    0,00
14:05:35       1    0,00    0,00    0,00    0,00    0,00  100,00    0,00    0,00    0,00    0,00
14:05:35       2    0,00    0,00    0,00    0,00    0,00  100,00    0,00    0,00    0,00    0,00
14:05:35       3    0,00    0,00    0,00    0,00    0,00  100,00    0,00    0,00    0,00    0,00
14:05:35       4    0,00    0,00    0,00    0,00    0,00  100,00    0,00    0,00    0,00    0,00
14:05:35       5    0,00    0,00    0,00    0,00    0,00  100,00    0,00    0,00    0,00    0,00
14:05:35       6    0,00    0,00    0,00    0,00    0,00  100,00    0,00    0,00    0,00    0,00
14:05:35       7    0,00    0,00    0,00    0,00    0,00  100,00    0,00    0,00    0,00    0,00
14:05:35       8    0,00    0,00    0,00    0,00    0,00  100,00    0,00    0,00    0,00    0,00
14:05:35       9    0,00    0,00    0,00    0,00    0,00  100,00    0,00    0,00    0,00    0,00
14:05:35      10    0,00    0,00    0,00    0,00    0,00  100,00    0,00    0,00    0,00    0,00
14:05:35      11    0,00    0,00    0,00    0,00    0,00  100,00    0,00    0,00    0,00    0,00
14:05:35      12    0,00    0,00    0,00    0,00    0,00  100,00    0,00    0,00    0,00    0,00
14:05:35      13    0,00    0,00    0,00    0,00    0,00  100,00    0,00    0,00    0,00    0,00
14:05:35      14    0,00    0,00    0,99    0,00    0,00   99,01    0,00    0,00    0,00    0,00
14:05:35      15    0,00    0,00    0,00    0,00    0,00  100,00    0,00    0,00    0,00    0,00
14:05:35      16    0,99    0,00    1,98    0,00    0,00    0,00    0,00    0,00    0,00   97,03
14:05:35      17    0,00    0,00    0,00    0,00    0,00    0,00    0,00    0,00    0,00  100,00
14:05:35      18    0,00    0,00    0,00    1,01    0,00    0,00    0,00    0,00    0,00   98,99
14:05:35      19    0,00    0,00    0,00    0,00    0,00    0,00    0,00    0,00    0,00  100,00
14:05:35      20    0,99    0,00    0,00    0,00    0,00    0,00    0,00    0,00    0,00   99,01
14:05:35      21    1,00    0,00    0,00    0,00    0,00    0,00    0,00    0,00    0,00   99,00
14:05:35      22    0,00    0,00    1,00    0,00    0,00    0,00    0,00    0,00    0,00   99,00
14:05:35      23    1,01    0,00    1,01    0,00    0,00    0,00    0,00    0,00    0,00   97,98

14:05:35     CPU    %usr   %nice    %sys %iowait    %irq   %soft  %steal  %guest  %gnice   %idle
14:05:36     all    0,08    0,00    0,08    0,00    0,00   66,61    0,00    0,00    0,00   33,22
14:05:36       0    0,00    0,00    0,00    0,00    0,00  100,00    0,00    0,00    0,00    0,00
14:05:36       1    0,00    0,00    0,00    0,00    0,00  100,00    0,00    0,00    0,00    0,00
14:05:36       2    0,00    0,00    0,00    0,00    0,00  100,00    0,00    0,00    0,00    0,00
14:05:36       3    0,00    0,00    0,00    0,00    0,00  100,00    0,00    0,00    0,00    0,00
14:05:36       4    0,00    0,00    0,00    0,00    0,00  100,00    0,00    0,00    0,00    0,00
14:05:36       5    0,00    0,00    0,00    0,00    0,00  100,00    0,00    0,00    0,00    0,00
14:05:36       6    0,00    0,00    0,00    0,00    0,00  100,00    0,00    0,00    0,00    0,00
14:05:36       7    0,00    0,00    0,00    0,00    0,00  100,00    0,00    0,00    0,00    0,00
14:05:36       8    0,00    0,00    0,00    0,00    0,00  100,00    0,00    0,00    0,00    0,00
14:05:36       9    0,00    0,00    0,00    0,00    0,00  100,00    0,00    0,00    0,00    0,00
14:05:36      10    0,00    0,00    0,99    0,00    0,00   99,01    0,00    0,00    0,00    0,00
14:05:36      11    0,00    0,00    0,00    0,00    0,00  100,00    0,00    0,00    0,00    0,00
14:05:36      12    0,00    0,00    0,00    0,00    0,00  100,00    0,00    0,00    0,00    0,00
14:05:36      13    0,00    0,00    0,00    0,00    0,00  100,00    0,00    0,00    0,00    0,00
14:05:36      14    0,00    0,00    0,00    0,00    0,00  100,00    0,00    0,00    0,00    0,00
14:05:36      15    0,00    0,00    0,00    0,00    0,00  100,00    0,00    0,00    0,00    0,00
14:05:36      16    0,00    0,00    0,00    0,00    0,00    0,00    0,00    0,00    0,00  100,00
14:05:36      17    0,00    0,00    0,00    0,00    0,00    0,00    0,00    0,00    0,00  100,00
14:05:36      18    0,00    0,00    0,00    0,00    0,00    0,00    0,00    0,00    0,00  100,00
14:05:36      19    1,96    0,00    0,98    0,00    0,00    0,00    0,00    0,00    0,00   97,06
14:05:36      20    0,00    0,00    0,00    0,00    0,00    0,00    0,00    0,00    0,00  100,00
14:05:36      21    0,00    0,00    0,00    0,00    0,00    0,00    0,00    0,00    0,00  100,00
14:05:36      22    0,00    0,00    0,00    0,00    0,00    0,00    0,00    0,00    0,00  100,00
14:05:36      23    0,00    0,00    0,00    0,00    0,00    0,00    0,00    0,00    0,00  100,00

14:05:36     CPU    %usr   %nice    %sys %iowait    %irq   %soft  %steal  %guest  %gnice   %idle
14:05:37     all    0,29    0,00    0,50    0,04    0,00   66,67    0,00    0,00    0,00   32,50
14:05:37       0    0,00    0,00    0,00    0,00    0,00  100,00    0,00    0,00    0,00    0,00
14:05:37       1    0,00    0,00    0,00    0,00    0,00  100,00    0,00    0,00    0,00    0,00
14:05:37       2    0,00    0,00    0,00    0,00    0,00  100,00    0,00    0,00    0,00    0,00
14:05:37       3    0,00    0,00    0,00    0,00    0,00  100,00    0,00    0,00    0,00    0,00
14:05:37       4    0,00    0,00    0,00    0,00    0,00  100,00    0,00    0,00    0,00    0,00
14:05:37       5    0,00    0,00    0,00    0,00    0,00  100,00    0,00    0,00    0,00    0,00
14:05:37       6    0,00    0,00    0,00    0,00    0,00  100,00    0,00    0,00    0,00    0,00
14:05:37       7    0,00    0,00    0,00    0,00    0,00  100,00    0,00    0,00    0,00    0,00
14:05:37       8    0,00    0,00    0,00    0,00    0,00  100,00    0,00    0,00    0,00    0,00
14:05:37       9    0,00    0,00    0,00    0,00    0,00  100,00    0,00    0,00    0,00    0,00
14:05:37      10    0,00    0,00    0,00    0,00    0,00  100,00    0,00    0,00    0,00    0,00
14:05:37      11    0,00    0,00    0,00    0,00    0,00  100,00    0,00    0,00    0,00    0,00
14:05:37      12    0,00    0,00    0,00    0,00    0,00  100,00    0,00    0,00    0,00    0,00
14:05:37      13    0,00    0,00    0,00    0,00    0,00  100,00    0,00    0,00    0,00    0,00
14:05:37      14    0,00    0,00    0,00    0,00    0,00  100,00    0,00    0,00    0,00    0,00
14:05:37      15    0,00    0,00    0,00    0,00    0,00  100,00    0,00    0,00    0,00    0,00
14:05:37      16    0,00    0,00    0,00    0,00    0,00    0,00    0,00    0,00    0,00  100,00
14:05:37      17    0,00    0,00    0,00    0,00    0,00    0,00    0,00    0,00    0,00  100,00
14:05:37      18    0,99    0,00    0,00    0,00    0,00    0,00    0,00    0,00    0,00   99,01
14:05:37      19    0,00    0,00    0,00    1,01    0,00    0,00    0,00    0,00    0,00   98,99
14:05:37      20    0,00    0,00    0,00    0,00    0,00    0,00    0,00    0,00    0,00  100,00
14:05:37      21    0,00    0,00    0,99    0,00    0,00    0,00    0,00    0,00    0,00   99,01
14:05:37      22    0,00    0,00    0,00    0,00    0,00    0,00    0,00    0,00    0,00  100,00
14:05:37      23    6,00    0,00   11,00    0,00    0,00    0,00    0,00    0,00    0,00   83,00

14:05:37     CPU    %usr   %nice    %sys %iowait    %irq   %soft  %steal  %guest  %gnice   %idle
14:05:38     all    0,08    0,00    0,04    0,00    0,00   66,69    0,00    0,00    0,00   33,18
14:05:38       0    0,00    0,00    0,00    0,00    0,00  100,00    0,00    0,00    0,00    0,00
14:05:38       1    0,00    0,00    0,00    0,00    0,00  100,00    0,00    0,00    0,00    0,00
14:05:38       2    0,00    0,00    0,00    0,00    0,00  100,00    0,00    0,00    0,00    0,00
14:05:38       3    0,00    0,00    0,00    0,00    0,00  100,00    0,00    0,00    0,00    0,00
14:05:38       4    0,00    0,00    0,00    0,00    0,00  100,00    0,00    0,00    0,00    0,00
14:05:38       5    0,00    0,00    0,00    0,00    0,00  100,00    0,00    0,00    0,00    0,00
14:05:38       6    0,00    0,00    0,00    0,00    0,00  100,00    0,00    0,00    0,00    0,00
14:05:38       7    0,00    0,00    0,00    0,00    0,00  100,00    0,00    0,00    0,00    0,00
14:05:38       8    0,00    0,00    0,00    0,00    0,00  100,00    0,00    0,00    0,00    0,00
14:05:38       9    0,00    0,00    0,00    0,00    0,00  100,00    0,00    0,00    0,00    0,00
14:05:38      10    0,00    0,00    0,00    0,00    0,00  100,00    0,00    0,00    0,00    0,00
14:05:38      11    0,00    0,00    0,00    0,00    0,00  100,00    0,00    0,00    0,00    0,00
14:05:38      12    0,00    0,00    0,00    0,00    0,00  100,00    0,00    0,00    0,00    0,00
14:05:38      13    0,00    0,00    0,00    0,00    0,00  100,00    0,00    0,00    0,00    0,00
14:05:38      14    0,00    0,00    0,00    0,00    0,00  100,00    0,00    0,00    0,00    0,00
14:05:38      15    0,00    0,00    0,00    0,00    0,00  100,00    0,00    0,00    0,00    0,00
14:05:38      16    1,00    0,00    0,00    0,00    0,00    0,00    0,00    0,00    0,00   99,00
14:05:38      17    0,00    0,00    0,00    0,00    0,00    0,00    0,00    0,00    0,00  100,00
14:05:38      18    0,00    0,00    1,00    0,00    0,00    0,00    0,00    0,00    0,00   99,00
14:05:38      19    1,00    0,00    0,00    0,00    0,00    0,00    0,00    0,00    0,00   99,00
14:05:38      20    0,00    0,00    0,00    0,00    0,00    0,00    0,00    0,00    0,00  100,00
14:05:38      21    0,00    0,00    0,00    0,00    0,00    0,00    0,00    0,00    0,00  100,00
14:05:38      22    0,00    0,00    0,00    0,00    0,00    0,00    0,00    0,00    0,00  100,00
14:05:38      23    0,00    0,00    0,00    0,00    0,00    0,00    0,00    0,00    0,00  100,00

14:05:38     CPU    %usr   %nice    %sys %iowait    %irq   %soft  %steal  %guest  %gnice   %idle
14:05:39     all    0,12    0,00    0,17    0,00    0,00   66,69    0,00    0,00    0,00   33,01
14:05:39       0    0,00    0,00    0,00    0,00    0,00  100,00    0,00    0,00    0,00    0,00
14:05:39       1    0,00    0,00    0,00    0,00    0,00  100,00    0,00    0,00    0,00    0,00
14:05:39       2    0,00    0,00    0,00    0,00    0,00  100,00    0,00    0,00    0,00    0,00
14:05:39       3    0,00    0,00    0,00    0,00    0,00  100,00    0,00    0,00    0,00    0,00
14:05:39       4    0,00    0,00    0,00    0,00    0,00  100,00    0,00    0,00    0,00    0,00
14:05:39       5    0,00    0,00    0,00    0,00    0,00  100,00    0,00    0,00    0,00    0,00
14:05:39       6    0,00    0,00    0,00    0,00    0,00  100,00    0,00    0,00    0,00    0,00
14:05:39       7    0,00    0,00    0,00    0,00    0,00  100,00    0,00    0,00    0,00    0,00
14:05:39       8    0,00    0,00    0,00    0,00    0,00  100,00    0,00    0,00    0,00    0,00
14:05:39       9    0,00    0,00    0,00    0,00    0,00  100,00    0,00    0,00    0,00    0,00
14:05:39      10    0,00    0,00    0,00    0,00    0,00  100,00    0,00    0,00    0,00    0,00
14:05:39      11    0,00    0,00    0,00    0,00    0,00  100,00    0,00    0,00    0,00    0,00
14:05:39      12    0,00    0,00    0,00    0,00    0,00  100,00    0,00    0,00    0,00    0,00
14:05:39      13    0,00    0,00    0,00    0,00    0,00  100,00    0,00    0,00    0,00    0,00
14:05:39      14    0,00    0,00    0,00    0,00    0,00  100,00    0,00    0,00    0,00    0,00
14:05:39      15    0,00    0,00    0,00    0,00    0,00  100,00    0,00    0,00    0,00    0,00
14:05:39      16    0,00    0,00    1,00    0,00    0,00    0,00    0,00    0,00    0,00   99,00
14:05:39      17    1,00    0,00    2,00    0,00    0,00    0,00    0,00    0,00    0,00   97,00
14:05:39      18    0,00    0,00    0,00    0,00    0,00    0,00    0,00    0,00    0,00  100,00
14:05:39      19    1,00    0,00    0,00    0,00    0,00    0,00    0,00    0,00    0,00   99,00
14:05:39      20    0,00    0,00    1,00    0,00    0,00    0,00    0,00    0,00    0,00   99,00
14:05:39      21    0,00    0,00    0,00    0,00    0,00    0,00    0,00    0,00    0,00  100,00
14:05:39      22    0,00    0,00    0,00    0,00    0,00    0,00    0,00    0,00    0,00  100,00
14:05:39      23    0,99    0,00    0,00    0,00    0,00    0,00    0,00    0,00    0,00   99,01

14:05:39     CPU    %usr   %nice    %sys %iowait    %irq   %soft  %steal  %guest  %gnice   %idle
14:05:40     all    0,12    0,00    0,83    0,12    0,00   43,94    0,00    0,00    0,00   54,98
14:05:40       0    0,00    0,00    0,00    0,00    0,00   65,35    0,00    0,00    0,00   34,65
14:05:40       1    0,00    0,00    0,00    0,00    0,00   66,67    0,00    0,00    0,00   33,33
14:05:40       2    0,00    0,00    0,00    0,00    0,00   67,00    0,00    0,00    0,00   33,00
14:05:40       3    0,00    0,00    0,00    0,00    0,00   66,00    0,00    0,00    0,00   34,00
14:05:40       4    0,00    0,00    0,00    0,00    0,00   66,67    0,00    0,00    0,00   33,33
14:05:40       5    0,00    0,00    0,00    0,00    0,00   66,34    0,00    0,00    0,00   33,66
14:05:40       6    0,00    0,00    0,00    0,00    0,00   66,00    0,00    0,00    0,00   34,00
14:05:40       7    0,00    0,00    0,00    0,00    0,00   66,67    0,00    0,00    0,00   33,33
14:05:40       8    0,00    0,00    0,00    0,00    0,00   66,00    0,00    0,00    0,00   34,00
14:05:40       9    0,00    0,00    0,00    0,00    0,00   66,00    0,00    0,00    0,00   34,00
14:05:40      10    0,00    0,00    0,00    0,00    0,00   65,00    0,00    0,00    0,00   35,00
14:05:40      11    0,00    0,00    0,00    0,00    0,00   66,00    0,00    0,00    0,00   34,00
14:05:40      12    0,00    0,00    0,00    0,00    0,00   65,35    0,00    0,00    0,00   34,65
14:05:40      13    0,00    0,00    0,00    0,00    0,00   65,66    0,00    0,00    0,00   34,34
14:05:40      14    0,00    0,00    0,00    0,00    0,00   65,35    0,00    0,00    0,00   34,65
14:05:40      15    0,00    0,00    0,00    0,00    0,00   65,66    0,00    0,00    0,00   34,34
14:05:40      16    0,99    0,00    0,99    0,00    0,00    0,00    0,00    0,00    0,00   98,02
14:05:40      17    0,00    0,00    0,00    0,00    0,00    0,00    0,00    0,00    0,00  100,00
14:05:40      18    0,00    0,00    0,99    1,98    0,00    0,00    0,00    0,00    0,00   97,03
14:05:40      19    0,99    0,00    0,99    0,00    0,00    0,00    0,00    0,00    0,00   98,02
14:05:40      20    0,00    0,00    0,00    0,00    0,00    0,00    0,00    0,00    0,00  100,00
14:05:40      21    1,00    0,00    0,00    0,00    0,00    0,00    0,00    0,00    0,00   99,00
14:05:40      22    0,00    0,00    1,01    0,00    0,00    0,00    0,00    0,00    0,00   98,99
14:05:40      23    0,00    0,00   16,00    1,00    0,00    0,00    0,00    0,00    0,00   83,00

14:05:40     CPU    %usr   %nice    %sys %iowait    %irq   %soft  %steal  %guest  %gnice   %idle
14:05:41     all    0,08    0,00    0,00    0,00    0,00   66,71    0,00    0,00    0,00   33,21
14:05:41       0    0,00    0,00    0,00    0,00    0,00  100,00    0,00    0,00    0,00    0,00
14:05:41       1    0,00    0,00    0,00    0,00    0,00  100,00    0,00    0,00    0,00    0,00
14:05:41       2    0,00    0,00    0,00    0,00    0,00  100,00    0,00    0,00    0,00    0,00
14:05:41       3    0,00    0,00    0,00    0,00    0,00  100,00    0,00    0,00    0,00    0,00
14:05:41       4    0,00    0,00    0,00    0,00    0,00  100,00    0,00    0,00    0,00    0,00
14:05:41       5    0,00    0,00    0,00    0,00    0,00  100,00    0,00    0,00    0,00    0,00
14:05:41       6    0,00    0,00    0,00    0,00    0,00  100,00    0,00    0,00    0,00    0,00
14:05:41       7    0,00    0,00    0,00    0,00    0,00  100,00    0,00    0,00    0,00    0,00
14:05:41       8    0,00    0,00    0,00    0,00    0,00  100,00    0,00    0,00    0,00    0,00
14:05:41       9    0,00    0,00    0,00    0,00    0,00  100,00    0,00    0,00    0,00    0,00
14:05:41      10    0,00    0,00    0,00    0,00    0,00  100,00    0,00    0,00    0,00    0,00
14:05:41      11    0,00    0,00    0,00    0,00    0,00  100,00    0,00    0,00    0,00    0,00
14:05:41      12    0,00    0,00    0,00    0,00    0,00  100,00    0,00    0,00    0,00    0,00
14:05:41      13    0,00    0,00    0,00    0,00    0,00  100,00    0,00    0,00    0,00    0,00
14:05:41      14    0,00    0,00    0,00    0,00    0,00  100,00    0,00    0,00    0,00    0,00
14:05:41      15    0,00    0,00    0,00    0,00    0,00  100,00    0,00    0,00    0,00    0,00
14:05:41      16    1,00    0,00    0,00    0,00    0,00    0,00    0,00    0,00    0,00   99,00
14:05:41      17    0,00    0,00    0,00    0,00    0,00    0,00    0,00    0,00    0,00  100,00
14:05:41      18    1,00    0,00    0,00    0,00    0,00    0,00    0,00    0,00    0,00   99,00
14:05:41      19    0,00    0,00    0,00    0,00    0,00    0,00    0,00    0,00    0,00  100,00
14:05:41      20    0,00    0,00    0,00    0,00    0,00    0,00    0,00    0,00    0,00  100,00
14:05:41      21    0,00    0,00    0,00    0,00    0,00    0,00    0,00    0,00    0,00  100,00
14:05:41      22    0,00    0,00    0,00    0,00    0,00    0,00    0,00    0,00    0,00  100,00
14:05:41      23    0,00    0,00    0,00    0,00    0,00    0,00    0,00    0,00    0,00  100,00

14:05:41     CPU    %usr   %nice    %sys %iowait    %irq   %soft  %steal  %guest  %gnice   %idle
14:05:42     all    0,08    0,00    0,04    0,00    0,00   66,67    0,00    0,00    0,00   33,21
14:05:42       0    0,00    0,00    0,00    0,00    0,00  100,00    0,00    0,00    0,00    0,00
14:05:42       1    0,00    0,00    0,00    0,00    0,00  100,00    0,00    0,00    0,00    0,00
14:05:42       2    0,00    0,00    0,00    0,00    0,00  100,00    0,00    0,00    0,00    0,00
14:05:42       3    0,00    0,00    0,00    0,00    0,00  100,00    0,00    0,00    0,00    0,00
14:05:42       4    0,00    0,00    0,00    0,00    0,00  100,00    0,00    0,00    0,00    0,00
14:05:42       5    0,00    0,00    0,00    0,00    0,00  100,00    0,00    0,00    0,00    0,00
14:05:42       6    0,00    0,00    0,00    0,00    0,00  100,00    0,00    0,00    0,00    0,00
14:05:42       7    0,00    0,00    0,00    0,00    0,00  100,00    0,00    0,00    0,00    0,00
14:05:42       8    0,00    0,00    0,00    0,00    0,00  100,00    0,00    0,00    0,00    0,00
14:05:42       9    0,00    0,00    0,00    0,00    0,00  100,00    0,00    0,00    0,00    0,00
14:05:42      10    0,00    0,00    0,00    0,00    0,00  100,00    0,00    0,00    0,00    0,00
14:05:42      11    0,00    0,00    0,00    0,00    0,00  100,00    0,00    0,00    0,00    0,00
14:05:42      12    0,00    0,00    0,00    0,00    0,00  100,00    0,00    0,00    0,00    0,00
14:05:42      13    0,00    0,00    0,00    0,00    0,00  100,00    0,00    0,00    0,00    0,00
14:05:42      14    0,00    0,00    0,00    0,00    0,00  100,00    0,00    0,00    0,00    0,00
14:05:42      15    0,00    0,00    0,00    0,00    0,00  100,00    0,00    0,00    0,00    0,00
14:05:42      16    0,00    0,00    0,00    0,00    0,00    0,00    0,00    0,00    0,00  100,00
14:05:42      17    0,00    0,00    0,99    0,00    0,00    0,00    0,00    0,00    0,00   99,01
14:05:42      18    0,00    0,00    0,00    0,00    0,00    0,00    0,00    0,00    0,00  100,00
14:05:42      19    0,00    0,00    0,00    0,00    0,00    0,00    0,00    0,00    0,00  100,00
14:05:42      20    0,99    0,00    0,00    0,00    0,00    0,00    0,00    0,00    0,00   99,01
14:05:42      21    0,00    0,00    0,00    0,00    0,00    0,00    0,00    0,00    0,00  100,00
14:05:42      22    0,00    0,00    0,00    0,00    0,00    0,00    0,00    0,00    0,00  100,00
14:05:42      23    1,00    0,00    0,00    0,00    0,00    0,00    0,00    0,00    0,00   99,00

14:05:42     CPU    %usr   %nice    %sys %iowait    %irq   %soft  %steal  %guest  %gnice   %idle
14:05:43     all    0,08    0,00    0,00    0,00    0,00   66,67    0,00    0,00    0,00   33,25
14:05:43       0    0,00    0,00    0,00    0,00    0,00  100,00    0,00    0,00    0,00    0,00
14:05:43       1    0,00    0,00    0,00    0,00    0,00  100,00    0,00    0,00    0,00    0,00
14:05:43       2    0,00    0,00    0,00    0,00    0,00  100,00    0,00    0,00    0,00    0,00
14:05:43       3    0,00    0,00    0,00    0,00    0,00  100,00    0,00    0,00    0,00    0,00
14:05:43       4    0,00    0,00    0,00    0,00    0,00  100,00    0,00    0,00    0,00    0,00
14:05:43       5    0,00    0,00    0,00    0,00    0,00  100,00    0,00    0,00    0,00    0,00
14:05:43       6    0,00    0,00    0,00    0,00    0,00  100,00    0,00    0,00    0,00    0,00
14:05:43       7    0,00    0,00    0,00    0,00    0,00  100,00    0,00    0,00    0,00    0,00
14:05:43       8    0,00    0,00    0,00    0,00    0,00  100,00    0,00    0,00    0,00    0,00
14:05:43       9    0,00    0,00    0,00    0,00    0,00  100,00    0,00    0,00    0,00    0,00
14:05:43      10    0,00    0,00    0,00    0,00    0,00  100,00    0,00    0,00    0,00    0,00
14:05:43      11    0,00    0,00    0,00    0,00    0,00  100,00    0,00    0,00    0,00    0,00
14:05:43      12    0,00    0,00    0,00    0,00    0,00  100,00    0,00    0,00    0,00    0,00
14:05:43      13    0,00    0,00    0,00    0,00    0,00  100,00    0,00    0,00    0,00    0,00
14:05:43      14    0,00    0,00    0,00    0,00    0,00  100,00    0,00    0,00    0,00    0,00
14:05:43      15    0,00    0,00    0,00    0,00    0,00  100,00    0,00    0,00    0,00    0,00
14:05:43      16    1,00    0,00    0,00    0,00    0,00    0,00    0,00    0,00    0,00   99,00
14:05:43      17    0,00    0,00    0,00    0,00    0,00    0,00    0,00    0,00    0,00  100,00
14:05:43      18    0,99    0,00    0,00    0,00    0,00    0,00    0,00    0,00    0,00   99,01
14:05:43      19    0,00    0,00    0,00    0,00    0,00    0,00    0,00    0,00    0,00  100,00
14:05:43      20    0,00    0,00    0,00    0,00    0,00    0,00    0,00    0,00    0,00  100,00
14:05:43      21    0,00    0,00    0,00    0,00    0,00    0,00    0,00    0,00    0,00  100,00
14:05:43      22    0,00    0,00    0,00    0,00    0,00    0,00    0,00    0,00    0,00  100,00
14:05:43      23    0,00    0,00    0,00    0,00    0,00    0,00    0,00    0,00    0,00  100,00

14:05:43     CPU    %usr   %nice    %sys %iowait    %irq   %soft  %steal  %guest  %gnice   %idle
14:05:44     all    0,08    0,00    0,13    0,00    0,00   66,74    0,00    0,00    0,00   33,06
14:05:44       0    0,00    0,00    0,00    0,00    0,00  100,00    0,00    0,00    0,00    0,00
14:05:44       1    0,00    0,00    0,00    0,00    0,00  100,00    0,00    0,00    0,00    0,00
14:05:44       2    0,00    0,00    0,00    0,00    0,00  100,00    0,00    0,00    0,00    0,00
14:05:44       3    0,00    0,00    0,00    0,00    0,00  100,00    0,00    0,00    0,00    0,00
14:05:44       4    0,00    0,00    0,00    0,00    0,00  100,00    0,00    0,00    0,00    0,00
14:05:44       5    0,00    0,00    0,00    0,00    0,00  100,00    0,00    0,00    0,00    0,00
14:05:44       6    0,00    0,00    0,00    0,00    0,00  100,00    0,00    0,00    0,00    0,00
14:05:44       7    0,00    0,00    0,00    0,00    0,00  100,00    0,00    0,00    0,00    0,00
14:05:44       8    0,00    0,00    0,00    0,00    0,00  100,00    0,00    0,00    0,00    0,00
14:05:44       9    0,00    0,00    0,00    0,00    0,00  100,00    0,00    0,00    0,00    0,00
14:05:44      10    0,00    0,00    0,00    0,00    0,00  100,00    0,00    0,00    0,00    0,00
14:05:44      11    0,00    0,00    0,00    0,00    0,00  100,00    0,00    0,00    0,00    0,00
14:05:44      12    0,00    0,00    0,00    0,00    0,00  100,00    0,00    0,00    0,00    0,00
14:05:44      13    0,00    0,00    0,00    0,00    0,00  100,00    0,00    0,00    0,00    0,00
14:05:44      14    0,00    0,00    0,00    0,00    0,00  100,00    0,00    0,00    0,00    0,00
14:05:44      15    0,00    0,00    0,00    0,00    0,00  100,00    0,00    0,00    0,00    0,00
14:05:44      16    0,00    0,00    1,01    0,00    0,00    0,00    0,00    0,00    0,00   98,99
14:05:44      17    1,00    0,00    0,00    0,00    0,00    0,00    0,00    0,00    0,00   99,00
14:05:44      18    1,01    0,00    1,01    0,00    0,00    0,00    0,00    0,00    0,00   97,98
14:05:44      19    0,00    0,00    0,00    0,00    0,00    0,00    0,00    0,00    0,00  100,00
14:05:44      20    0,00    0,00    1,00    0,00    0,00    0,00    0,00    0,00    0,00   99,00
14:05:44      21    0,00    0,00    0,00    0,00    0,00    0,00    0,00    0,00    0,00  100,00
14:05:44      22    0,00    0,00    0,00    0,00    0,00    0,00    0,00    0,00    0,00  100,00
14:05:44      23    0,00    0,00    0,00    0,00    0,00    0,00    0,00    0,00    0,00  100,00

14:05:44     CPU    %usr   %nice    %sys %iowait    %irq   %soft  %steal  %guest  %gnice   %idle
14:05:45     all    0,25    0,00    1,04    0,08    0,00   58,03    0,00    0,00    0,00   40,60
14:05:45       0    0,00    0,00    0,00    0,00    0,00   86,87    0,00    0,00    0,00   13,13
14:05:45       1    0,00    0,00    0,00    0,00    0,00   87,00    0,00    0,00    0,00   13,00
14:05:45       2    0,00    0,00    0,00    0,00    0,00   87,13    0,00    0,00    0,00   12,87
14:05:45       3    0,00    0,00    0,00    0,00    0,00   88,00    0,00    0,00    0,00   12,00
14:05:45       4    0,00    0,00    5,94    0,00    0,00   87,13    0,00    0,00    0,00    6,93
14:05:45       5    0,00    0,00    0,00    0,00    0,00   87,88    0,00    0,00    0,00   12,12
14:05:45       6    0,00    0,00    0,00    0,00    0,00   88,00    0,00    0,00    0,00   12,00
14:05:45       7    0,00    0,00    0,00    0,00    0,00   87,13    0,00    0,00    0,00   12,87
14:05:45       8    0,00    0,00    0,98    0,00    0,00   86,27    0,00    0,00    0,00   12,75
14:05:45       9    0,00    0,00    0,00    0,00    0,00   86,00    0,00    0,00    0,00   14,00
14:05:45      10    0,00    0,00    0,00    0,00    0,00   87,00    0,00    0,00    0,00   13,00
14:05:45      11    0,00    0,00    0,00    0,00    0,00   86,14    0,00    0,00    0,00   13,86
14:05:45      12    0,00    0,00    0,00    0,00    0,00   87,00    0,00    0,00    0,00   13,00
14:05:45      13    0,00    0,00    0,00    0,00    0,00   86,14    0,00    0,00    0,00   13,86
14:05:45      14    0,00    0,00    0,00    0,00    0,00   86,87    0,00    0,00    0,00   13,13
14:05:45      15    0,00    0,00    0,00    0,00    0,00   86,14    0,00    0,00    0,00   13,86
14:05:45      16    2,97    0,00    3,96    0,99    0,00    0,00    0,00    0,00    0,00   92,08
14:05:45      17    1,00    0,00    1,00    0,00    0,00    0,00    0,00    0,00    0,00   98,00
14:05:45      18    0,00    0,00    1,01    1,01    0,00    0,00    0,00    0,00    0,00   97,98
14:05:45      19    0,99    0,00    0,00    0,00    0,00    0,00    0,00    0,00    0,00   99,01
14:05:45      20    0,00    0,00    0,00    0,00    0,00    0,00    0,00    0,00    0,00  100,00
14:05:45      21    0,00    0,00    0,00    0,00    0,00    0,00    0,00    0,00    0,00  100,00
14:05:45      22    1,00    0,00   12,00    0,00    0,00    0,00    0,00    0,00    0,00   87,00
14:05:45      23    0,00    0,00    0,00    0,00    0,00    0,00    0,00    0,00    0,00  100,00

14:05:45     CPU    %usr   %nice    %sys %iowait    %irq   %soft  %steal  %guest  %gnice   %idle
14:05:46     all    1,09    0,00    1,79    0,00    0,00   66,78    0,00    0,00    0,00   30,34
14:05:46       0    0,00    0,00    0,00    0,00    0,00  100,00    0,00    0,00    0,00    0,00
14:05:46       1    0,00    0,00    0,00    0,00    0,00  100,00    0,00    0,00    0,00    0,00
14:05:46       2    0,00    0,00    0,00    0,00    0,00  100,00    0,00    0,00    0,00    0,00
14:05:46       3    0,00    0,00    0,00    0,00    0,00  100,00    0,00    0,00    0,00    0,00
14:05:46       4    0,00    0,00    0,00    0,00    0,00  100,00    0,00    0,00    0,00    0,00
14:05:46       5    0,00    0,00    0,00    0,00    0,00  100,00    0,00    0,00    0,00    0,00
14:05:46       6    0,00    0,00    0,00    0,00    0,00  100,00    0,00    0,00    0,00    0,00
14:05:46       7    0,00    0,00    0,00    0,00    0,00  100,00    0,00    0,00    0,00    0,00
14:05:46       8    0,00    0,00    0,00    0,00    0,00  100,00    0,00    0,00    0,00    0,00
14:05:46       9    0,00    0,00    0,00    0,00    0,00  100,00    0,00    0,00    0,00    0,00
14:05:46      10    0,00    0,00    0,00    0,00    0,00  100,00    0,00    0,00    0,00    0,00
14:05:46      11    0,00    0,00    0,00    0,00    0,00  100,00    0,00    0,00    0,00    0,00
14:05:46      12    0,00    0,00    0,00    0,00    0,00  100,00    0,00    0,00    0,00    0,00
14:05:46      13    0,00    0,00    0,00    0,00    0,00  100,00    0,00    0,00    0,00    0,00
14:05:46      14    0,00    0,00    0,00    0,00    0,00  100,00    0,00    0,00    0,00    0,00
14:05:46      15    0,00    0,00    0,00    0,00    0,00  100,00    0,00    0,00    0,00    0,00
14:05:46      16   19,39    0,00   30,61    0,00    0,00    0,00    0,00    0,00    0,00   50,00
14:05:46      17    0,00    0,00    0,00    0,00    0,00    0,00    0,00    0,00    0,00  100,00
14:05:46      18    0,00    0,00    0,00    0,00    0,00    0,00    0,00    0,00    0,00  100,00
14:05:46      19    0,00    0,00    0,00    0,00    0,00    0,00    0,00    0,00    0,00  100,00
14:05:46      20    0,00    0,00    0,00    0,00    0,00    0,00    0,00    0,00    0,00  100,00
14:05:46      21    7,00    0,00   11,00    0,00    0,00    0,00    0,00    0,00    0,00   82,00
14:05:46      22    0,00    0,00    1,01    0,00    0,00    0,00    0,00    0,00    0,00   98,99
14:05:46      23    0,00    0,00    0,99    0,00    0,00    0,00    0,00    0,00    0,00   99,01

14:05:46     CPU    %usr   %nice    %sys %iowait    %irq   %soft  %steal  %guest  %gnice   %idle
14:05:47     all    0,38    0,00    0,50    0,04    0,00   66,69    0,00    0,00    0,00   32,39
14:05:47       0    0,00    0,00    0,00    0,00    0,00  100,00    0,00    0,00    0,00    0,00
14:05:47       1    0,00    0,00    0,00    0,00    0,00  100,00    0,00    0,00    0,00    0,00
14:05:47       2    0,00    0,00    0,00    0,00    0,00  100,00    0,00    0,00    0,00    0,00
14:05:47       3    0,00    0,00    0,00    0,00    0,00  100,00    0,00    0,00    0,00    0,00
14:05:47       4    0,00    0,00    0,00    0,00    0,00  100,00    0,00    0,00    0,00    0,00
14:05:47       5    0,00    0,00    0,00    0,00    0,00  100,00    0,00    0,00    0,00    0,00
14:05:47       6    0,00    0,00    0,00    0,00    0,00  100,00    0,00    0,00    0,00    0,00
14:05:47       7    0,00    0,00    0,00    0,00    0,00  100,00    0,00    0,00    0,00    0,00
14:05:47       8    0,00    0,00    0,00    0,00    0,00  100,00    0,00    0,00    0,00    0,00
14:05:47       9    0,00    0,00    0,00    0,00    0,00  100,00    0,00    0,00    0,00    0,00
14:05:47      10    0,00    0,00    0,00    0,00    0,00  100,00    0,00    0,00    0,00    0,00
14:05:47      11    0,00    0,00    0,00    0,00    0,00  100,00    0,00    0,00    0,00    0,00
14:05:47      12    0,00    0,00    0,00    0,00    0,00  100,00    0,00    0,00    0,00    0,00
14:05:47      13    0,00    0,00    0,00    0,00    0,00  100,00    0,00    0,00    0,00    0,00
14:05:47      14    0,00    0,00    0,00    0,00    0,00  100,00    0,00    0,00    0,00    0,00
14:05:47      15    0,00    0,00    0,00    0,00    0,00  100,00    0,00    0,00    0,00    0,00
14:05:47      16    0,00    0,00    1,00    0,00    0,00    0,00    0,00    0,00    0,00   99,00
14:05:47      17    0,00    0,00    0,00    0,00    0,00    0,00    0,00    0,00    0,00  100,00
14:05:47      18    0,99    0,00    0,99    0,00    0,00    0,00    0,00    0,00    0,00   98,02
14:05:47      19    0,00    0,00    0,00    0,00    0,00    0,00    0,00    0,00    0,00  100,00
14:05:47      20    1,00    0,00    0,00    0,00    0,00    0,00    0,00    0,00    0,00   99,00
14:05:47      21    7,00    0,00   10,00    1,00    0,00    0,00    0,00    0,00    0,00   82,00
14:05:47      22    0,00    0,00    0,00    0,00    0,00    0,00    0,00    0,00    0,00  100,00
14:05:47      23    0,00    0,00    0,00    0,00    0,00    0,00    0,00    0,00    0,00  100,00

14:05:47     CPU    %usr   %nice    %sys %iowait    %irq   %soft  %steal  %guest  %gnice   %idle
14:05:48     all    0,04    0,00    0,00    0,00    0,00   66,69    0,00    0,00    0,00   33,26
14:05:48       0    0,00    0,00    0,00    0,00    0,00  100,00    0,00    0,00    0,00    0,00
14:05:48       1    0,00    0,00    0,00    0,00    0,00  100,00    0,00    0,00    0,00    0,00
14:05:48       2    0,00    0,00    0,00    0,00    0,00  100,00    0,00    0,00    0,00    0,00
14:05:48       3    0,00    0,00    0,00    0,00    0,00  100,00    0,00    0,00    0,00    0,00
14:05:48       4    0,00    0,00    0,00    0,00    0,00  100,00    0,00    0,00    0,00    0,00
14:05:48       5    0,00    0,00    0,00    0,00    0,00  100,00    0,00    0,00    0,00    0,00
14:05:48       6    0,00    0,00    0,00    0,00    0,00  100,00    0,00    0,00    0,00    0,00
14:05:48       7    0,00    0,00    0,00    0,00    0,00  100,00    0,00    0,00    0,00    0,00
14:05:48       8    0,00    0,00    0,00    0,00    0,00  100,00    0,00    0,00    0,00    0,00
14:05:48       9    0,00    0,00    0,00    0,00    0,00  100,00    0,00    0,00    0,00    0,00
14:05:48      10    0,00    0,00    0,00    0,00    0,00  100,00    0,00    0,00    0,00    0,00
14:05:48      11    0,00    0,00    0,00    0,00    0,00  100,00    0,00    0,00    0,00    0,00
14:05:48      12    0,00    0,00    0,00    0,00    0,00  100,00    0,00    0,00    0,00    0,00
14:05:48      13    0,00    0,00    0,00    0,00    0,00  100,00    0,00    0,00    0,00    0,00
14:05:48      14    0,00    0,00    0,00    0,00    0,00  100,00    0,00    0,00    0,00    0,00
14:05:48      15    0,00    0,00    0,00    0,00    0,00  100,00    0,00    0,00    0,00    0,00
14:05:48      16    0,00    0,00    0,00    0,00    0,00    0,00    0,00    0,00    0,00  100,00
14:05:48      17    1,00    0,00    0,00    0,00    0,00    0,00    0,00    0,00    0,00   99,00
14:05:48      18    0,00    0,00    0,00    0,00    0,00    0,00    0,00    0,00    0,00  100,00
14:05:48      19    0,00    0,00    0,00    0,00    0,00    0,00    0,00    0,00    0,00  100,00
14:05:48      20    0,00    0,00    0,00    0,00    0,00    0,00    0,00    0,00    0,00  100,00
14:05:48      21    0,00    0,00    0,00    0,00    0,00    0,00    0,00    0,00    0,00  100,00
14:05:48      22    0,00    0,00    0,00    0,00    0,00    0,00    0,00    0,00    0,00  100,00
14:05:48      23    0,00    0,00    0,00    0,00    0,00    0,00    0,00    0,00    0,00  100,00

14:05:48     CPU    %usr   %nice    %sys %iowait    %irq   %soft  %steal  %guest  %gnice   %idle
14:05:49     all    0,17    0,00    0,25    0,00    0,00   66,63    0,00    0,00    0,00   32,96
14:05:49       0    0,00    0,00    0,00    0,00    0,00  100,00    0,00    0,00    0,00    0,00
14:05:49       1    0,00    0,00    0,00    0,00    0,00  100,00    0,00    0,00    0,00    0,00
14:05:49       2    0,00    0,00    0,00    0,00    0,00  100,00    0,00    0,00    0,00    0,00
14:05:49       3    0,00    0,00    0,00    0,00    0,00  100,00    0,00    0,00    0,00    0,00
14:05:49       4    0,00    0,00    0,00    0,00    0,00  100,00    0,00    0,00    0,00    0,00
14:05:49       5    0,00    0,00    0,00    0,00    0,00  100,00    0,00    0,00    0,00    0,00
14:05:49       6    0,00    0,00    0,00    0,00    0,00  100,00    0,00    0,00    0,00    0,00
14:05:49       7    0,00    0,00    0,00    0,00    0,00  100,00    0,00    0,00    0,00    0,00
14:05:49       8    0,00    0,00    0,00    0,00    0,00  100,00    0,00    0,00    0,00    0,00
14:05:49       9    0,00    0,00    0,00    0,00    0,00  100,00    0,00    0,00    0,00    0,00
14:05:49      10    0,00    0,00    0,00    0,00    0,00  100,00    0,00    0,00    0,00    0,00
14:05:49      11    0,00    0,00    0,00    0,00    0,00  100,00    0,00    0,00    0,00    0,00
14:05:49      12    0,00    0,00    0,00    0,00    0,00  100,00    0,00    0,00    0,00    0,00
14:05:49      13    0,00    0,00    0,00    0,00    0,00  100,00    0,00    0,00    0,00    0,00
14:05:49      14    0,00    0,00    0,00    0,00    0,00  100,00    0,00    0,00    0,00    0,00
14:05:49      15    0,00    0,00    0,00    0,00    0,00  100,00    0,00    0,00    0,00    0,00
14:05:49      16    1,00    0,00    0,00    0,00    0,00    0,00    0,00    0,00    0,00   99,00
14:05:49      17    0,99    0,00    0,99    0,00    0,00    0,00    0,00    0,00    0,00   98,02
14:05:49      18    0,99    0,00    0,99    0,00    0,00    0,99    0,00    0,00    0,00   97,03
14:05:49      19    1,00    0,00    2,00    0,00    0,00    0,00    0,00    0,00    0,00   97,00
14:05:49      20    0,00    0,00    1,00    0,00    0,00    0,00    0,00    0,00    0,00   99,00
14:05:49      21    0,00    0,00    0,99    0,00    0,00    0,00    0,00    0,00    0,00   99,01
14:05:49      22    0,00    0,00    0,00    0,00    0,00    0,00    0,00    0,00    0,00  100,00
14:05:49      23    0,00    0,00    0,00    0,00    0,00    0,00    0,00    0,00    0,00  100,00

14:05:49     CPU    %usr   %nice    %sys %iowait    %irq   %soft  %steal  %guest  %gnice   %idle
14:05:50     all    0,12    0,00    0,12    0,08    0,00   66,64    0,00    0,00    0,00   33,03
14:05:50       0    0,00    0,00    0,00    0,00    0,00  100,00    0,00    0,00    0,00    0,00
14:05:50       1    0,00    0,00    0,00    0,00    0,00  100,00    0,00    0,00    0,00    0,00
14:05:50       2    0,00    0,00    0,00    0,00    0,00  100,00    0,00    0,00    0,00    0,00
14:05:50       3    0,00    0,00    0,00    0,00    0,00  100,00    0,00    0,00    0,00    0,00
14:05:50       4    0,00    0,00    0,00    0,00    0,00  100,00    0,00    0,00    0,00    0,00
14:05:50       5    0,00    0,00    0,00    0,00    0,00  100,00    0,00    0,00    0,00    0,00
14:05:50       6    0,00    0,00    0,00    0,00    0,00  100,00    0,00    0,00    0,00    0,00
14:05:50       7    0,00    0,00    0,00    0,00    0,00  100,00    0,00    0,00    0,00    0,00
14:05:50       8    0,00    0,00    0,00    0,00    0,00  100,00    0,00    0,00    0,00    0,00
14:05:50       9    0,00    0,00    0,00    0,00    0,00  100,00    0,00    0,00    0,00    0,00
14:05:50      10    0,00    0,00    0,00    0,00    0,00  100,00    0,00    0,00    0,00    0,00
14:05:50      11    0,00    0,00    0,00    0,00    0,00  100,00    0,00    0,00    0,00    0,00
14:05:50      12    0,00    0,00    0,00    0,00    0,00  100,00    0,00    0,00    0,00    0,00
14:05:50      13    0,00    0,00    0,00    0,00    0,00  100,00    0,00    0,00    0,00    0,00
14:05:50      14    0,00    0,00    0,00    0,00    0,00  100,00    0,00    0,00    0,00    0,00
14:05:50      15    0,00    0,00    0,00    0,00    0,00  100,00    0,00    0,00    0,00    0,00
14:05:50      16    0,00    0,00    0,00    0,00    0,00    0,00    0,00    0,00    0,00  100,00
14:05:50      17    1,00    0,00    1,00    0,00    0,00    0,00    0,00    0,00    0,00   98,00
14:05:50      18    0,00    0,00    0,00    2,00    0,00    0,00    0,00    0,00    0,00   98,00
14:05:50      19    0,99    0,00    0,00    0,00    0,00    0,00    0,00    0,00    0,00   99,01
14:05:50      20    0,00    0,00    0,99    0,00    0,00    0,00    0,00    0,00    0,00   99,01
14:05:50      21    0,00    0,00    0,00    0,00    0,00    0,00    0,00    0,00    0,00  100,00
14:05:50      22    0,00    0,00    1,00    0,00    0,00    0,00    0,00    0,00    0,00   99,00
14:05:50      23    0,99    0,00    0,00    0,00    0,00    0,00    0,00    0,00    0,00   99,01

14:05:50     CPU    %usr   %nice    %sys %iowait    %irq   %soft  %steal  %guest  %gnice   %idle
14:05:51     all    0,04    0,00    0,00    0,00    0,00   66,78    0,00    0,00    0,00   33,18
14:05:51       0    0,00    0,00    0,00    0,00    0,00  100,00    0,00    0,00    0,00    0,00
14:05:51       1    0,00    0,00    0,00    0,00    0,00  100,00    0,00    0,00    0,00    0,00
14:05:51       2    0,00    0,00    0,00    0,00    0,00  100,00    0,00    0,00    0,00    0,00
14:05:51       3    0,00    0,00    0,00    0,00    0,00  100,00    0,00    0,00    0,00    0,00
14:05:51       4    0,00    0,00    0,00    0,00    0,00  100,00    0,00    0,00    0,00    0,00
14:05:51       5    0,00    0,00    0,00    0,00    0,00  100,00    0,00    0,00    0,00    0,00
14:05:51       6    0,00    0,00    0,00    0,00    0,00  100,00    0,00    0,00    0,00    0,00
14:05:51       7    0,00    0,00    0,00    0,00    0,00  100,00    0,00    0,00    0,00    0,00
14:05:51       8    0,00    0,00    0,00    0,00    0,00  100,00    0,00    0,00    0,00    0,00
14:05:51       9    0,00    0,00    0,00    0,00    0,00  100,00    0,00    0,00    0,00    0,00
14:05:51      10    0,00    0,00    0,00    0,00    0,00  100,00    0,00    0,00    0,00    0,00
14:05:51      11    0,00    0,00    0,00    0,00    0,00  100,00    0,00    0,00    0,00    0,00
14:05:51      12    0,00    0,00    0,00    0,00    0,00  100,00    0,00    0,00    0,00    0,00
14:05:51      13    0,00    0,00    0,00    0,00    0,00  100,00    0,00    0,00    0,00    0,00
14:05:51      14    0,00    0,00    0,00    0,00    0,00  100,00    0,00    0,00    0,00    0,00
14:05:51      15    0,00    0,00    0,00    0,00    0,00  100,00    0,00    0,00    0,00    0,00
14:05:51      16    1,00    0,00    0,00    0,00    0,00    0,00    0,00    0,00    0,00   99,00
14:05:51      17    0,00    0,00    0,00    0,00    0,00    0,00    0,00    0,00    0,00  100,00
14:05:51      18    0,00    0,00    0,00    0,00    0,00    0,00    0,00    0,00    0,00  100,00
14:05:51      19    0,00    0,00    0,00    0,00    0,00    0,00    0,00    0,00    0,00  100,00
14:05:51      20    0,00    0,00    0,00    0,00    0,00    0,00    0,00    0,00    0,00  100,00
14:05:51      21    0,00    0,00    0,00    0,00    0,00    0,00    0,00    0,00    0,00  100,00
14:05:51      22    0,00    0,00    0,00    0,00    0,00    0,00    0,00    0,00    0,00  100,00
14:05:51      23    0,00    0,00    0,00    0,00    0,00    0,00    0,00    0,00    0,00  100,00

14:05:51     CPU    %usr   %nice    %sys %iowait    %irq   %soft  %steal  %guest  %gnice   %idle
14:05:52     all    0,04    0,00    0,04    0,00    0,00   66,69    0,00    0,00    0,00   33,22
14:05:52       0    0,00    0,00    0,00    0,00    0,00  100,00    0,00    0,00    0,00    0,00
14:05:52       1    0,00    0,00    0,00    0,00    0,00  100,00    0,00    0,00    0,00    0,00
14:05:52       2    0,00    0,00    0,00    0,00    0,00  100,00    0,00    0,00    0,00    0,00
14:05:52       3    0,00    0,00    0,00    0,00    0,00  100,00    0,00    0,00    0,00    0,00
14:05:52       4    0,00    0,00    0,00    0,00    0,00  100,00    0,00    0,00    0,00    0,00
14:05:52       5    0,00    0,00    0,00    0,00    0,00  100,00    0,00    0,00    0,00    0,00
14:05:52       6    0,00    0,00    0,00    0,00    0,00  100,00    0,00    0,00    0,00    0,00
14:05:52       7    0,00    0,00    0,00    0,00    0,00  100,00    0,00    0,00    0,00    0,00
14:05:52       8    0,00    0,00    0,00    0,00    0,00  100,00    0,00    0,00    0,00    0,00
14:05:52       9    0,00    0,00    0,00    0,00    0,00  100,00    0,00    0,00    0,00    0,00
14:05:52      10    0,00    0,00    0,00    0,00    0,00  100,00    0,00    0,00    0,00    0,00
14:05:52      11    0,00    0,00    0,00    0,00    0,00  100,00    0,00    0,00    0,00    0,00
14:05:52      12    0,00    0,00    0,00    0,00    0,00  100,00    0,00    0,00    0,00    0,00
14:05:52      13    0,00    0,00    0,00    0,00    0,00  100,00    0,00    0,00    0,00    0,00
14:05:52      14    0,00    0,00    0,00    0,00    0,00  100,00    0,00    0,00    0,00    0,00
14:05:52      15    0,00    0,00    0,00    0,00    0,00  100,00    0,00    0,00    0,00    0,00
14:05:52      16    1,00    0,00    0,00    0,00    0,00    0,00    0,00    0,00    0,00   99,00
14:05:52      17    0,00    0,00    0,00    0,00    0,00    0,00    0,00    0,00    0,00  100,00
14:05:52      18    0,00    0,00    0,99    0,00    0,00    0,00    0,00    0,00    0,00   99,01
14:05:52      19    0,00    0,00    0,00    0,00    0,00    0,00    0,00    0,00    0,00  100,00
14:05:52      20    0,00    0,00    0,00    0,00    0,00    0,00    0,00    0,00    0,00  100,00
14:05:52      21    0,00    0,00    0,00    0,00    0,00    0,00    0,00    0,00    0,00  100,00
14:05:52      22    0,00    0,00    0,00    0,00    0,00    0,00    0,00    0,00    0,00  100,00
14:05:52      23    0,00    0,00    0,00    0,00    0,00    0,00    0,00    0,00    0,00  100,00

14:05:52     CPU    %usr   %nice    %sys %iowait    %irq   %soft  %steal  %guest  %gnice   %idle
14:05:53     all    0,21    0,00    0,04    0,00    0,00   66,61    0,00    0,00    0,00   33,14
14:05:53       0    0,00    0,00    0,00    0,00    0,00  100,00    0,00    0,00    0,00    0,00
14:05:53       1    0,00    0,00    0,00    0,00    0,00  100,00    0,00    0,00    0,00    0,00
14:05:53       2    0,00    0,00    0,00    0,00    0,00  100,00    0,00    0,00    0,00    0,00
14:05:53       3    0,00    0,00    0,00    0,00    0,00  100,00    0,00    0,00    0,00    0,00
14:05:53       4    0,00    0,00    0,00    0,00    0,00  100,00    0,00    0,00    0,00    0,00
14:05:53       5    0,00    0,00    0,00    0,00    0,00  100,00    0,00    0,00    0,00    0,00
14:05:53       6    0,00    0,00    0,00    0,00    0,00  100,00    0,00    0,00    0,00    0,00
14:05:53       7    0,00    0,00    0,00    0,00    0,00  100,00    0,00    0,00    0,00    0,00
14:05:53       8    0,00    0,00    0,00    0,00    0,00  100,00    0,00    0,00    0,00    0,00
14:05:53       9    0,00    0,00    0,00    0,00    0,00  100,00    0,00    0,00    0,00    0,00
14:05:53      10    0,00    0,00    0,00    0,00    0,00  100,00    0,00    0,00    0,00    0,00
14:05:53      11    0,00    0,00    0,00    0,00    0,00  100,00    0,00    0,00    0,00    0,00
14:05:53      12    0,00    0,00    0,00    0,00    0,00  100,00    0,00    0,00    0,00    0,00
14:05:53      13    0,00    0,00    0,00    0,00    0,00  100,00    0,00    0,00    0,00    0,00
14:05:53      14    0,00    0,00    0,00    0,00    0,00  100,00    0,00    0,00    0,00    0,00
14:05:53      15    0,00    0,00    0,00    0,00    0,00  100,00    0,00    0,00    0,00    0,00
14:05:53      16    0,99    0,00    0,99    0,00    0,00    0,00    0,00    0,00    0,00   98,02
14:05:53      17    0,99    0,00    0,00    0,00    0,00    0,00    0,00    0,00    0,00   99,01
14:05:53      18    0,00    0,00    0,00    0,00    0,00    0,00    0,00    0,00    0,00  100,00
14:05:53      19    0,00    0,00    0,00    0,00    0,00    0,00    0,00    0,00    0,00  100,00
14:05:53      20    1,00    0,00    0,00    0,00    0,00    0,00    0,00    0,00    0,00   99,00
14:05:53      21    1,00    0,00    0,00    0,00    0,00    0,00    0,00    0,00    0,00   99,00
14:05:53      22    0,99    0,00    0,00    0,00    0,00    0,00    0,00    0,00    0,00   99,01
14:05:53      23    0,00    0,00    0,00    0,00    0,00    0,00    0,00    0,00    0,00  100,00

14:05:53     CPU    %usr   %nice    %sys %iowait    %irq   %soft  %steal  %guest  %gnice   %idle
14:05:54     all    0,17    0,00    0,29    0,00    0,00   66,64    0,00    0,00    0,00   32,90
14:05:54       0    0,00    0,00    0,00    0,00    0,00  100,00    0,00    0,00    0,00    0,00
14:05:54       1    0,00    0,00    0,00    0,00    0,00  100,00    0,00    0,00    0,00    0,00
14:05:54       2    0,00    0,00    0,00    0,00    0,00  100,00    0,00    0,00    0,00    0,00
14:05:54       3    0,00    0,00    0,00    0,00    0,00  100,00    0,00    0,00    0,00    0,00
14:05:54       4    0,00    0,00    0,00    0,00    0,00  100,00    0,00    0,00    0,00    0,00
14:05:54       5    0,00    0,00    0,00    0,00    0,00  100,00    0,00    0,00    0,00    0,00
14:05:54       6    0,00    0,00    0,00    0,00    0,00  100,00    0,00    0,00    0,00    0,00
14:05:54       7    0,00    0,00    0,00    0,00    0,00  100,00    0,00    0,00    0,00    0,00
14:05:54       8    0,00    0,00    0,00    0,00    0,00  100,00    0,00    0,00    0,00    0,00
14:05:54       9    0,00    0,00    0,00    0,00    0,00  100,00    0,00    0,00    0,00    0,00
14:05:54      10    0,00    0,00    0,00    0,00    0,00  100,00    0,00    0,00    0,00    0,00
14:05:54      11    0,00    0,00    0,00    0,00    0,00  100,00    0,00    0,00    0,00    0,00
14:05:54      12    0,00    0,00    0,00    0,00    0,00  100,00    0,00    0,00    0,00    0,00
14:05:54      13    0,00    0,00    0,00    0,00    0,00  100,00    0,00    0,00    0,00    0,00
14:05:54      14    0,00    0,00    0,00    0,00    0,00  100,00    0,00    0,00    0,00    0,00
14:05:54      15    0,00    0,00    0,00    0,00    0,00  100,00    0,00    0,00    0,00    0,00
14:05:54      16    0,00    0,00    0,00    0,00    0,00    0,00    0,00    0,00    0,00  100,00
14:05:54      17    0,00    0,00    1,01    0,00    0,00    0,00    0,00    0,00    0,00   98,99
14:05:54      18    1,98    0,00    2,97    0,00    0,00    0,00    0,00    0,00    0,00   95,05
14:05:54      19    0,00    0,00    1,00    0,00    0,00    0,00    0,00    0,00    0,00   99,00
14:05:54      20    0,99    0,00    0,99    0,00    0,00    0,00    0,00    0,00    0,00   98,02
14:05:54      21    0,00    0,00    0,00    0,00    0,00    0,00    0,00    0,00    0,00  100,00
14:05:54      22    0,00    0,00    0,00    0,00    0,00    0,00    0,00    0,00    0,00  100,00
14:05:54      23    0,99    0,00    0,99    0,00    0,00    0,00    0,00    0,00    0,00   98,02

14:05:54     CPU    %usr   %nice    %sys %iowait    %irq   %soft  %steal  %guest  %gnice   %idle
14:05:55     all    0,13    0,00    0,04    0,08    0,00   66,81    0,00    0,00    0,00   32,94
14:05:55       0    0,00    0,00    0,00    0,00    0,00  100,00    0,00    0,00    0,00    0,00
14:05:55       1    0,00    0,00    0,00    0,00    0,00  100,00    0,00    0,00    0,00    0,00
14:05:55       2    0,00    0,00    0,00    0,00    0,00  100,00    0,00    0,00    0,00    0,00
14:05:55       3    0,00    0,00    0,00    0,00    0,00  100,00    0,00    0,00    0,00    0,00
14:05:55       4    0,00    0,00    0,00    0,00    0,00  100,00    0,00    0,00    0,00    0,00
14:05:55       5    0,00    0,00    0,00    0,00    0,00  100,00    0,00    0,00    0,00    0,00
14:05:55       6    0,00    0,00    0,00    0,00    0,00  100,00    0,00    0,00    0,00    0,00
14:05:55       7    0,00    0,00    0,00    0,00    0,00  100,00    0,00    0,00    0,00    0,00
14:05:55       8    0,00    0,00    0,00    0,00    0,00  100,00    0,00    0,00    0,00    0,00
14:05:55       9    0,00    0,00    0,00    0,00    0,00  100,00    0,00    0,00    0,00    0,00
14:05:55      10    0,00    0,00    0,00    0,00    0,00  100,00    0,00    0,00    0,00    0,00
14:05:55      11    0,00    0,00    0,00    0,00    0,00  100,00    0,00    0,00    0,00    0,00
14:05:55      12    0,00    0,00    0,00    0,00    0,00  100,00    0,00    0,00    0,00    0,00
14:05:55      13    0,00    0,00    0,00    0,00    0,00  100,00    0,00    0,00    0,00    0,00
14:05:55      14    0,00    0,00    0,00    0,00    0,00  100,00    0,00    0,00    0,00    0,00
14:05:55      15    0,00    0,00    0,00    0,00    0,00  100,00    0,00    0,00    0,00    0,00
14:05:55      16    0,00    0,00    0,00    1,02    0,00    0,00    0,00    0,00    0,00   98,98
14:05:55      17    1,00    0,00    0,00    0,00    0,00    0,00    0,00    0,00    0,00   99,00
14:05:55      18    0,00    0,00    0,00    1,01    0,00    0,00    0,00    0,00    0,00   98,99
14:05:55      19    1,00    0,00    0,00    0,00    0,00    0,00    0,00    0,00    0,00   99,00
14:05:55      20    0,00    0,00    0,00    0,00    0,00    0,00    0,00    0,00    0,00  100,00
14:05:55      21    0,00    0,00    1,00    0,00    0,00    0,00    0,00    0,00    0,00   99,00
14:05:55      22    0,00    0,00    0,00    0,00    0,00    0,00    0,00    0,00    0,00  100,00
14:05:55      23    1,00    0,00    0,00    0,00    0,00    0,00    0,00    0,00    0,00   99,00

14:05:55     CPU    %usr   %nice    %sys %iowait    %irq   %soft  %steal  %guest  %gnice   %idle
14:05:56     all    0,17    0,00    0,04    0,00    0,00   66,64    0,00    0,00    0,00   33,15
14:05:56       0    0,00    0,00    0,00    0,00    0,00  100,00    0,00    0,00    0,00    0,00
14:05:56       1    0,00    0,00    0,00    0,00    0,00  100,00    0,00    0,00    0,00    0,00
14:05:56       2    0,00    0,00    0,00    0,00    0,00  100,00    0,00    0,00    0,00    0,00
14:05:56       3    0,00    0,00    0,00    0,00    0,00  100,00    0,00    0,00    0,00    0,00
14:05:56       4    0,00    0,00    0,00    0,00    0,00  100,00    0,00    0,00    0,00    0,00
14:05:56       5    0,00    0,00    0,00    0,00    0,00  100,00    0,00    0,00    0,00    0,00
14:05:56       6    0,00    0,00    0,00    0,00    0,00  100,00    0,00    0,00    0,00    0,00
14:05:56       7    0,00    0,00    0,00    0,00    0,00  100,00    0,00    0,00    0,00    0,00
14:05:56       8    0,00    0,00    0,00    0,00    0,00  100,00    0,00    0,00    0,00    0,00
14:05:56       9    0,00    0,00    0,00    0,00    0,00  100,00    0,00    0,00    0,00    0,00
14:05:56      10    0,00    0,00    0,00    0,00    0,00  100,00    0,00    0,00    0,00    0,00
14:05:56      11    0,00    0,00    0,00    0,00    0,00  100,00    0,00    0,00    0,00    0,00
14:05:56      12    0,00    0,00    0,00    0,00    0,00  100,00    0,00    0,00    0,00    0,00
14:05:56      13    0,00    0,00    0,00    0,00    0,00  100,00    0,00    0,00    0,00    0,00
14:05:56      14    0,00    0,00    0,00    0,00    0,00  100,00    0,00    0,00    0,00    0,00
14:05:56      15    0,00    0,00    0,00    0,00    0,00  100,00    0,00    0,00    0,00    0,00
14:05:56      16    0,00    0,00    0,00    0,00    0,00    0,00    0,00    0,00    0,00  100,00
14:05:56      17    0,00    0,00    0,00    0,00    0,00    0,00    0,00    0,00    0,00  100,00
14:05:56      18    0,00    0,00    0,00    0,00    0,00    0,00    0,00    0,00    0,00  100,00
14:05:56      19    0,00    0,00    0,00    0,00    0,00    0,00    0,00    0,00    0,00  100,00
14:05:56      20    1,00    0,00    0,00    0,00    0,00    0,00    0,00    0,00    0,00   99,00
14:05:56      21    0,00    0,00    0,00    0,00    0,00    0,00    0,00    0,00    0,00  100,00
14:05:56      22    1,96    0,00    0,98    0,00    0,00    0,00    0,00    0,00    0,00   97,06
14:05:56      23    0,99    0,00    0,00    0,00    0,00    0,00    0,00    0,00    0,00   99,01

14:05:56     CPU    %usr   %nice    %sys %iowait    %irq   %soft  %steal  %guest  %gnice   %idle
14:05:57     all    0,00    0,00    0,00    0,00    0,00   66,78    0,00    0,00    0,00   33,22
14:05:57       0    0,00    0,00    0,00    0,00    0,00  100,00    0,00    0,00    0,00    0,00
14:05:57       1    0,00    0,00    0,00    0,00    0,00  100,00    0,00    0,00    0,00    0,00
14:05:57       2    0,00    0,00    0,00    0,00    0,00  100,00    0,00    0,00    0,00    0,00
14:05:57       3    0,00    0,00    0,00    0,00    0,00  100,00    0,00    0,00    0,00    0,00
14:05:57       4    0,00    0,00    0,00    0,00    0,00  100,00    0,00    0,00    0,00    0,00
14:05:57       5    0,00    0,00    0,00    0,00    0,00  100,00    0,00    0,00    0,00    0,00
14:05:57       6    0,00    0,00    0,00    0,00    0,00  100,00    0,00    0,00    0,00    0,00
14:05:57       7    0,00    0,00    0,00    0,00    0,00  100,00    0,00    0,00    0,00    0,00
14:05:57       8    0,00    0,00    0,00    0,00    0,00  100,00    0,00    0,00    0,00    0,00
14:05:57       9    0,00    0,00    0,00    0,00    0,00  100,00    0,00    0,00    0,00    0,00
14:05:57      10    0,00    0,00    0,00    0,00    0,00  100,00    0,00    0,00    0,00    0,00
14:05:57      11    0,00    0,00    0,00    0,00    0,00  100,00    0,00    0,00    0,00    0,00
14:05:57      12    0,00    0,00    0,00    0,00    0,00  100,00    0,00    0,00    0,00    0,00
14:05:57      13    0,00    0,00    0,00    0,00    0,00  100,00    0,00    0,00    0,00    0,00
14:05:57      14    0,00    0,00    0,00    0,00    0,00  100,00    0,00    0,00    0,00    0,00
14:05:57      15    0,00    0,00    0,00    0,00    0,00  100,00    0,00    0,00    0,00    0,00
14:05:57      16    0,00    0,00    0,00    0,00    0,00    0,00    0,00    0,00    0,00  100,00
14:05:57      17    0,00    0,00    0,00    0,00    0,00    0,00    0,00    0,00    0,00  100,00
14:05:57      18    0,00    0,00    0,00    0,00    0,00    0,00    0,00    0,00    0,00  100,00
14:05:57      19    0,00    0,00    0,00    0,00    0,00    0,00    0,00    0,00    0,00  100,00
14:05:57      20    0,00    0,00    0,00    0,00    0,00    0,00    0,00    0,00    0,00  100,00
14:05:57      21    0,00    0,00    0,00    0,00    0,00    0,00    0,00    0,00    0,00  100,00
14:05:57      22    0,00    0,00    0,00    0,00    0,00    0,00    0,00    0,00    0,00  100,00
14:05:57      23    0,00    0,00    0,00    0,00    0,00    0,00    0,00    0,00    0,00  100,00

14:05:57     CPU    %usr   %nice    %sys %iowait    %irq   %soft  %steal  %guest  %gnice   %idle
14:05:58     all    0,04    0,00    0,00    0,00    0,00   66,72    0,00    0,00    0,00   33,24
14:05:58       0    0,00    0,00    0,00    0,00    0,00  100,00    0,00    0,00    0,00    0,00
14:05:58       1    0,00    0,00    0,00    0,00    0,00  100,00    0,00    0,00    0,00    0,00
14:05:58       2    0,00    0,00    0,00    0,00    0,00  100,00    0,00    0,00    0,00    0,00
14:05:58       3    0,00    0,00    0,00    0,00    0,00  100,00    0,00    0,00    0,00    0,00
14:05:58       4    0,00    0,00    0,00    0,00    0,00  100,00    0,00    0,00    0,00    0,00
14:05:58       5    0,00    0,00    0,00    0,00    0,00  100,00    0,00    0,00    0,00    0,00
14:05:58       6    0,00    0,00    0,00    0,00    0,00  100,00    0,00    0,00    0,00    0,00
14:05:58       7    0,00    0,00    0,00    0,00    0,00  100,00    0,00    0,00    0,00    0,00
14:05:58       8    0,00    0,00    0,00    0,00    0,00  100,00    0,00    0,00    0,00    0,00
14:05:58       9    0,00    0,00    0,00    0,00    0,00  100,00    0,00    0,00    0,00    0,00
14:05:58      10    0,00    0,00    0,00    0,00    0,00  100,00    0,00    0,00    0,00    0,00
14:05:58      11    0,00    0,00    0,00    0,00    0,00  100,00    0,00    0,00    0,00    0,00
14:05:58      12    0,00    0,00    0,00    0,00    0,00  100,00    0,00    0,00    0,00    0,00
14:05:58      13    0,00    0,00    0,00    0,00    0,00  100,00    0,00    0,00    0,00    0,00
14:05:58      14    0,00    0,00    0,00    0,00    0,00  100,00    0,00    0,00    0,00    0,00
14:05:58      15    0,00    0,00    0,00    0,00    0,00  100,00    0,00    0,00    0,00    0,00
14:05:58      16    0,00    0,00    0,00    0,00    0,00    0,00    0,00    0,00    0,00  100,00
14:05:58      17    0,00    0,00    0,00    0,00    0,00    0,00    0,00    0,00    0,00  100,00
14:05:58      18    0,00    0,00    0,00    0,00    0,00    0,00    0,00    0,00    0,00  100,00
14:05:58      19    0,00    0,00    0,00    0,00    0,00    0,00    0,00    0,00    0,00  100,00
14:05:58      20    0,00    0,00    0,00    0,00    0,00    0,00    0,00    0,00    0,00  100,00
14:05:58      21    0,00    0,00    0,00    0,00    0,00    0,00    0,00    0,00    0,00  100,00
14:05:58      22    1,00    0,00    0,00    0,00    0,00    0,00    0,00    0,00    0,00   99,00
14:05:58      23    0,00    0,00    0,00    0,00    0,00    0,00    0,00    0,00    0,00  100,00

14:05:58     CPU    %usr   %nice    %sys %iowait    %irq   %soft  %steal  %guest  %gnice   %idle
14:05:59     all    0,67    0,00    0,37    0,08    0,00   66,61    0,00    0,00    0,00   32,26
14:05:59       0    0,00    0,00    0,00    0,00    0,00  100,00    0,00    0,00    0,00    0,00
14:05:59       1    0,00    0,00    0,00    0,00    0,00  100,00    0,00    0,00    0,00    0,00
14:05:59       2    0,00    0,00    0,00    0,00    0,00  100,00    0,00    0,00    0,00    0,00
14:05:59       3    0,00    0,00    0,00    0,00    0,00  100,00    0,00    0,00    0,00    0,00
14:05:59       4    0,00    0,00    0,00    0,00    0,00  100,00    0,00    0,00    0,00    0,00
14:05:59       5    0,00    0,00    0,00    0,00    0,00  100,00    0,00    0,00    0,00    0,00
14:05:59       6    0,00    0,00    0,00    0,00    0,00  100,00    0,00    0,00    0,00    0,00
14:05:59       7    0,00    0,00    0,00    0,00    0,00  100,00    0,00    0,00    0,00    0,00
14:05:59       8    0,00    0,00    0,00    0,00    0,00  100,00    0,00    0,00    0,00    0,00
14:05:59       9    0,00    0,00    0,00    0,00    0,00  100,00    0,00    0,00    0,00    0,00
14:05:59      10    0,00    0,00    0,00    0,00    0,00  100,00    0,00    0,00    0,00    0,00
14:05:59      11    0,00    0,00    0,00    0,00    0,00  100,00    0,00    0,00    0,00    0,00
14:05:59      12    0,00    0,00    0,00    0,00    0,00  100,00    0,00    0,00    0,00    0,00
14:05:59      13    0,00    0,00    0,00    0,00    0,00  100,00    0,00    0,00    0,00    0,00
14:05:59      14    0,00    0,00    0,00    0,00    0,00  100,00    0,00    0,00    0,00    0,00
14:05:59      15    0,00    0,00    0,00    0,00    0,00  100,00    0,00    0,00    0,00    0,00
14:05:59      16    2,02    0,00    1,01    0,00    0,00    0,00    0,00    0,00    0,00   96,97
14:05:59      17    1,00    0,00    0,00    1,00    0,00    0,00    0,00    0,00    0,00   98,00
14:05:59      18    0,99    0,00    0,99    0,99    0,00    0,00    0,00    0,00    0,00   97,03
14:05:59      19    0,99    0,00    0,99    0,00    0,00    0,00    0,00    0,00    0,00   98,02
14:05:59      20    5,00    0,00    3,00    0,00    0,00    0,00    0,00    0,00    0,00   92,00
14:05:59      21    3,00    0,00    1,00    0,00    0,00    0,00    0,00    0,00    0,00   96,00
14:05:59      22    1,98    0,00    0,99    0,00    0,00    0,00    0,00    0,00    0,00   97,03
14:05:59      23    1,00    0,00    1,00    0,00    0,00    0,00    0,00    0,00    0,00   98,00

14:05:59     CPU    %usr   %nice    %sys %iowait    %irq   %soft  %steal  %guest  %gnice   %idle
14:06:00     all    0,08    0,00    0,08    0,04    0,00   66,78    0,00    0,00    0,00   33,01
14:06:00       0    0,00    0,00    0,00    0,00    0,00  100,00    0,00    0,00    0,00    0,00
14:06:00       1    0,00    0,00    0,00    0,00    0,00  100,00    0,00    0,00    0,00    0,00
14:06:00       2    0,00    0,00    0,00    0,00    0,00  100,00    0,00    0,00    0,00    0,00
14:06:00       3    0,00    0,00    0,00    0,00    0,00  100,00    0,00    0,00    0,00    0,00
14:06:00       4    0,00    0,00    0,00    0,00    0,00  100,00    0,00    0,00    0,00    0,00
14:06:00       5    0,00    0,00    0,00    0,00    0,00  100,00    0,00    0,00    0,00    0,00
14:06:00       6    0,00    0,00    0,00    0,00    0,00  100,00    0,00    0,00    0,00    0,00
14:06:00       7    0,00    0,00    0,00    0,00    0,00  100,00    0,00    0,00    0,00    0,00
14:06:00       8    0,00    0,00    0,00    0,00    0,00  100,00    0,00    0,00    0,00    0,00
14:06:00       9    0,00    0,00    0,00    0,00    0,00  100,00    0,00    0,00    0,00    0,00
14:06:00      10    0,00    0,00    0,00    0,00    0,00  100,00    0,00    0,00    0,00    0,00
14:06:00      11    0,00    0,00    0,00    0,00    0,00  100,00    0,00    0,00    0,00    0,00
14:06:00      12    0,00    0,00    0,00    0,00    0,00  100,00    0,00    0,00    0,00    0,00
14:06:00      13    0,00    0,00    0,00    0,00    0,00  100,00    0,00    0,00    0,00    0,00
14:06:00      14    0,00    0,00    0,00    0,00    0,00  100,00    0,00    0,00    0,00    0,00
14:06:00      15    0,00    0,00    0,00    0,00    0,00  100,00    0,00    0,00    0,00    0,00
14:06:00      16    0,00    0,00    0,00    0,00    0,00    0,00    0,00    0,00    0,00  100,00
14:06:00      17    0,00    0,00    1,00    0,00    0,00    0,00    0,00    0,00    0,00   99,00
14:06:00      18    0,00    0,00    0,00    0,00    0,00    0,00    0,00    0,00    0,00  100,00
14:06:00      19    0,00    0,00    0,00    0,00    0,00    0,00    0,00    0,00    0,00  100,00
14:06:00      20    0,00    0,00    0,00    0,00    0,00    0,00    0,00    0,00    0,00  100,00
14:06:00      21    1,00    0,00    0,00    1,00    0,00    0,00    0,00    0,00    0,00   98,00
14:06:00      22    1,00    0,00    0,00    0,00    0,00    0,00    0,00    0,00    0,00   99,00
14:06:00      23    0,00    0,00    1,01    0,00    0,00    0,00    0,00    0,00    0,00   98,99

14:06:00     CPU    %usr   %nice    %sys %iowait    %irq   %soft  %steal  %guest  %gnice   %idle
14:06:01     all    0,46    0,00    0,17    0,00    0,00   66,81    0,00    0,00    0,00   32,57
14:06:01       0    0,00    0,00    0,00    0,00    0,00  100,00    0,00    0,00    0,00    0,00
14:06:01       1    0,00    0,00    0,00    0,00    0,00  100,00    0,00    0,00    0,00    0,00
14:06:01       2    0,00    0,00    0,00    0,00    0,00  100,00    0,00    0,00    0,00    0,00
14:06:01       3    0,00    0,00    0,00    0,00    0,00  100,00    0,00    0,00    0,00    0,00
14:06:01       4    0,00    0,00    0,00    0,00    0,00  100,00    0,00    0,00    0,00    0,00
14:06:01       5    0,00    0,00    0,00    0,00    0,00  100,00    0,00    0,00    0,00    0,00
14:06:01       6    0,00    0,00    0,00    0,00    0,00  100,00    0,00    0,00    0,00    0,00
14:06:01       7    0,00    0,00    0,00    0,00    0,00  100,00    0,00    0,00    0,00    0,00
14:06:01       8    0,00    0,00    0,00    0,00    0,00  100,00    0,00    0,00    0,00    0,00
14:06:01       9    0,00    0,00    0,00    0,00    0,00  100,00    0,00    0,00    0,00    0,00
14:06:01      10    0,00    0,00    0,00    0,00    0,00  100,00    0,00    0,00    0,00    0,00
14:06:01      11    0,00    0,00    0,00    0,00    0,00  100,00    0,00    0,00    0,00    0,00
14:06:01      12    0,00    0,00    0,00    0,00    0,00  100,00    0,00    0,00    0,00    0,00
14:06:01      13    0,00    0,00    0,00    0,00    0,00  100,00    0,00    0,00    0,00    0,00
14:06:01      14    0,00    0,00    0,00    0,00    0,00  100,00    0,00    0,00    0,00    0,00
14:06:01      15    0,00    0,00    0,00    0,00    0,00  100,00    0,00    0,00    0,00    0,00
14:06:01      16    1,01    0,00    1,01    0,00    0,00    0,00    0,00    0,00    0,00   97,98
14:06:01      17    0,00    0,00    0,00    0,00    0,00    0,00    0,00    0,00    0,00  100,00
14:06:01      18    1,01    0,00    0,00    0,00    0,00    0,00    0,00    0,00    0,00   98,99
14:06:01      19    3,00    0,00    1,00    0,00    0,00    0,00    0,00    0,00    0,00   96,00
14:06:01      20    3,00    0,00    1,00    0,00    0,00    0,00    0,00    0,00    0,00   96,00
14:06:01      21    1,00    0,00    1,00    0,00    0,00    0,00    0,00    0,00    0,00   98,00
14:06:01      22    1,01    0,00    0,00    0,00    0,00    0,00    0,00    0,00    0,00   98,99
14:06:01      23    1,01    0,00    0,00    0,00    0,00    0,00    0,00    0,00    0,00   98,99

14:06:01     CPU    %usr   %nice    %sys %iowait    %irq   %soft  %steal  %guest  %gnice   %idle
14:06:02     all    0,21    0,00    0,00    0,00    0,00   66,64    0,00    0,00    0,00   33,15
14:06:02       0    0,00    0,00    0,00    0,00    0,00  100,00    0,00    0,00    0,00    0,00
14:06:02       1    0,00    0,00    0,00    0,00    0,00  100,00    0,00    0,00    0,00    0,00
14:06:02       2    0,00    0,00    0,00    0,00    0,00  100,00    0,00    0,00    0,00    0,00
14:06:02       3    0,00    0,00    0,00    0,00    0,00  100,00    0,00    0,00    0,00    0,00
14:06:02       4    0,00    0,00    0,00    0,00    0,00  100,00    0,00    0,00    0,00    0,00
14:06:02       5    0,00    0,00    0,00    0,00    0,00  100,00    0,00    0,00    0,00    0,00
14:06:02       6    0,00    0,00    0,00    0,00    0,00  100,00    0,00    0,00    0,00    0,00
14:06:02       7    0,00    0,00    0,00    0,00    0,00  100,00    0,00    0,00    0,00    0,00
14:06:02       8    0,00    0,00    0,00    0,00    0,00  100,00    0,00    0,00    0,00    0,00
14:06:02       9    0,00    0,00    0,00    0,00    0,00  100,00    0,00    0,00    0,00    0,00
14:06:02      10    0,00    0,00    0,00    0,00    0,00  100,00    0,00    0,00    0,00    0,00
14:06:02      11    0,00    0,00    0,00    0,00    0,00  100,00    0,00    0,00    0,00    0,00
14:06:02      12    0,00    0,00    0,00    0,00    0,00  100,00    0,00    0,00    0,00    0,00
14:06:02      13    0,00    0,00    0,00    0,00    0,00  100,00    0,00    0,00    0,00    0,00
14:06:02      14    0,00    0,00    0,00    0,00    0,00  100,00    0,00    0,00    0,00    0,00
14:06:02      15    0,00    0,00    0,00    0,00    0,00  100,00    0,00    0,00    0,00    0,00
14:06:02      16    0,00    0,00    0,00    0,00    0,00    0,00    0,00    0,00    0,00  100,00
14:06:02      17    1,00    0,00    0,00    0,00    0,00    0,00    0,00    0,00    0,00   99,00
14:06:02      18    0,00    0,00    0,00    0,00    0,00    0,00    0,00    0,00    0,00  100,00
14:06:02      19    0,99    0,00    0,00    0,00    0,00    0,00    0,00    0,00    0,00   99,01
14:06:02      20    0,99    0,00    0,00    0,00    0,00    0,00    0,00    0,00    0,00   99,01
14:06:02      21    0,00    0,00    0,00    0,00    0,00    0,00    0,00    0,00    0,00  100,00
14:06:02      22    0,99    0,00    0,00    0,00    0,00    0,00    0,00    0,00    0,00   99,01
14:06:02      23    1,00    0,00    0,00    0,00    0,00    0,00    0,00    0,00    0,00   99,00

14:06:02     CPU    %usr   %nice    %sys %iowait    %irq   %soft  %steal  %guest  %gnice   %idle
14:06:03     all    0,12    0,00    0,00    0,00    0,00   66,64    0,00    0,00    0,00   33,24
14:06:03       0    0,00    0,00    0,00    0,00    0,00  100,00    0,00    0,00    0,00    0,00
14:06:03       1    0,00    0,00    0,00    0,00    0,00  100,00    0,00    0,00    0,00    0,00
14:06:03       2    0,00    0,00    0,00    0,00    0,00  100,00    0,00    0,00    0,00    0,00
14:06:03       3    0,00    0,00    0,00    0,00    0,00  100,00    0,00    0,00    0,00    0,00
14:06:03       4    0,00    0,00    0,00    0,00    0,00  100,00    0,00    0,00    0,00    0,00
14:06:03       5    0,00    0,00    0,00    0,00    0,00  100,00    0,00    0,00    0,00    0,00
14:06:03       6    0,00    0,00    0,00    0,00    0,00  100,00    0,00    0,00    0,00    0,00
14:06:03       7    0,00    0,00    0,00    0,00    0,00  100,00    0,00    0,00    0,00    0,00
14:06:03       8    0,00    0,00    0,00    0,00    0,00  100,00    0,00    0,00    0,00    0,00
14:06:03       9    0,00    0,00    0,00    0,00    0,00  100,00    0,00    0,00    0,00    0,00
14:06:03      10    0,00    0,00    0,00    0,00    0,00  100,00    0,00    0,00    0,00    0,00
14:06:03      11    0,00    0,00    0,00    0,00    0,00  100,00    0,00    0,00    0,00    0,00
14:06:03      12    0,00    0,00    0,00    0,00    0,00  100,00    0,00    0,00    0,00    0,00
14:06:03      13    0,00    0,00    0,00    0,00    0,00  100,00    0,00    0,00    0,00    0,00
14:06:03      14    0,00    0,00    0,00    0,00    0,00  100,00    0,00    0,00    0,00    0,00
14:06:03      15    0,00    0,00    0,00    0,00    0,00  100,00    0,00    0,00    0,00    0,00
14:06:03      16    0,00    0,00    0,00    0,00    0,00    0,00    0,00    0,00    0,00  100,00
14:06:03      17    0,00    0,00    0,00    0,00    0,00    0,00    0,00    0,00    0,00  100,00
14:06:03      18    0,00    0,00    0,00    0,00    0,00    0,00    0,00    0,00    0,00  100,00
14:06:03      19    0,00    0,00    0,00    0,00    0,00    0,00    0,00    0,00    0,00  100,00
14:06:03      20    0,00    0,00    0,00    0,00    0,00    0,00    0,00    0,00    0,00  100,00
14:06:03      21    2,94    0,00    0,00    0,00    0,00    0,00    0,00    0,00    0,00   97,06
14:06:03      22    0,00    0,00    0,00    0,00    0,00    0,00    0,00    0,00    0,00  100,00
14:06:03      23    0,00    0,00    0,00    0,00    0,00    0,00    0,00    0,00    0,00  100,00

14:06:03     CPU    %usr   %nice    %sys %iowait    %irq   %soft  %steal  %guest  %gnice   %idle
14:06:04     all    0,25    0,00    0,25    0,13    0,00   66,69    0,00    0,00    0,00   32,68
14:06:04       0    0,00    0,00    0,00    0,00    0,00  100,00    0,00    0,00    0,00    0,00
14:06:04       1    0,00    0,00    0,00    0,00    0,00  100,00    0,00    0,00    0,00    0,00
14:06:04       2    0,00    0,00    0,00    0,00    0,00  100,00    0,00    0,00    0,00    0,00
14:06:04       3    0,00    0,00    0,00    0,00    0,00  100,00    0,00    0,00    0,00    0,00
14:06:04       4    0,00    0,00    0,00    0,00    0,00  100,00    0,00    0,00    0,00    0,00
14:06:04       5    0,00    0,00    0,00    0,00    0,00  100,00    0,00    0,00    0,00    0,00
14:06:04       6    0,00    0,00    0,00    0,00    0,00  100,00    0,00    0,00    0,00    0,00
14:06:04       7    0,00    0,00    0,00    0,00    0,00  100,00    0,00    0,00    0,00    0,00
14:06:04       8    0,00    0,00    0,00    0,00    0,00  100,00    0,00    0,00    0,00    0,00
14:06:04       9    0,00    0,00    0,00    0,00    0,00  100,00    0,00    0,00    0,00    0,00
14:06:04      10    0,00    0,00    0,00    0,00    0,00  100,00    0,00    0,00    0,00    0,00
14:06:04      11    0,00    0,00    0,00    0,00    0,00  100,00    0,00    0,00    0,00    0,00
14:06:04      12    0,00    0,00    0,00    0,00    0,00  100,00    0,00    0,00    0,00    0,00
14:06:04      13    0,00    0,00    0,00    0,00    0,00  100,00    0,00    0,00    0,00    0,00
14:06:04      14    0,00    0,00    0,00    0,00    0,00  100,00    0,00    0,00    0,00    0,00
14:06:04      15    0,00    0,00    0,00    0,00    0,00  100,00    0,00    0,00    0,00    0,00
14:06:04      16    0,00    0,00    0,00    1,01    0,00    0,00    0,00    0,00    0,00   98,99
14:06:04      17    2,00    0,00    1,00    0,00    0,00    0,00    0,00    0,00    0,00   97,00
14:06:04      18    0,00    0,00    0,99    1,98    0,00    0,00    0,00    0,00    0,00   97,03
14:06:04      19    0,00    0,00    0,00    0,00    0,00    0,00    0,00    0,00    0,00  100,00
14:06:04      20    0,00    0,00    0,00    0,00    0,00    0,00    0,00    0,00    0,00  100,00
14:06:04      21    2,00    0,00    2,00    0,00    0,00    0,00    0,00    0,00    0,00   96,00
14:06:04      22    0,00    0,00    1,00    0,00    0,00    0,00    0,00    0,00    0,00   99,00
14:06:04      23    1,98    0,00    0,99    0,00    0,00    0,00    0,00    0,00    0,00   97,03

14:06:04     CPU    %usr   %nice    %sys %iowait    %irq   %soft  %steal  %guest  %gnice   %idle
14:06:05     all    0,04    0,00    0,08    0,00    0,00   66,78    0,00    0,00    0,00   33,10
14:06:05       0    0,00    0,00    0,00    0,00    0,00  100,00    0,00    0,00    0,00    0,00
14:06:05       1    0,00    0,00    0,00    0,00    0,00  100,00    0,00    0,00    0,00    0,00
14:06:05       2    0,00    0,00    0,00    0,00    0,00  100,00    0,00    0,00    0,00    0,00
14:06:05       3    0,00    0,00    0,00    0,00    0,00  100,00    0,00    0,00    0,00    0,00
14:06:05       4    0,00    0,00    0,00    0,00    0,00  100,00    0,00    0,00    0,00    0,00
14:06:05       5    0,00    0,00    0,00    0,00    0,00  100,00    0,00    0,00    0,00    0,00
14:06:05       6    0,00    0,00    0,00    0,00    0,00  100,00    0,00    0,00    0,00    0,00
14:06:05       7    0,00    0,00    0,00    0,00    0,00  100,00    0,00    0,00    0,00    0,00
14:06:05       8    0,00    0,00    0,00    0,00    0,00  100,00    0,00    0,00    0,00    0,00
14:06:05       9    0,00    0,00    0,00    0,00    0,00  100,00    0,00    0,00    0,00    0,00
14:06:05      10    0,00    0,00    0,00    0,00    0,00  100,00    0,00    0,00    0,00    0,00
14:06:05      11    0,00    0,00    0,00    0,00    0,00  100,00    0,00    0,00    0,00    0,00
14:06:05      12    0,00    0,00    0,00    0,00    0,00  100,00    0,00    0,00    0,00    0,00
14:06:05      13    0,00    0,00    0,00    0,00    0,00  100,00    0,00    0,00    0,00    0,00
14:06:05      14    0,00    0,00    0,00    0,00    0,00  100,00    0,00    0,00    0,00    0,00
14:06:05      15    0,00    0,00    0,00    0,00    0,00  100,00    0,00    0,00    0,00    0,00
14:06:05      16    0,00    0,00    1,01    0,00    0,00    0,00    0,00    0,00    0,00   98,99
14:06:05      17    1,00    0,00    0,00    0,00    0,00    0,00    0,00    0,00    0,00   99,00
14:06:05      18    0,00    0,00    0,00    0,00    0,00    0,00    0,00    0,00    0,00  100,00
14:06:05      19    0,00    0,00    0,00    0,00    0,00    0,00    0,00    0,00    0,00  100,00
14:06:05      20    0,00    0,00    0,00    0,00    0,00    0,00    0,00    0,00    0,00  100,00
14:06:05      21    0,00    0,00    1,00    0,00    0,00    0,00    0,00    0,00    0,00   99,00
14:06:05      22    0,00    0,00    0,00    0,00    0,00    0,00    0,00    0,00    0,00  100,00
14:06:05      23    0,00    0,00    0,00    0,00    0,00    0,00    0,00    0,00    0,00  100,00

14:06:05     CPU    %usr   %nice    %sys %iowait    %irq   %soft  %steal  %guest  %gnice   %idle
14:06:06     all    0,08    0,00    0,04    0,04    0,00   66,64    0,00    0,00    0,00   33,19
14:06:06       0    0,00    0,00    0,00    0,00    0,00  100,00    0,00    0,00    0,00    0,00
14:06:06       1    0,00    0,00    0,00    0,00    0,00  100,00    0,00    0,00    0,00    0,00
14:06:06       2    0,00    0,00    0,00    0,00    0,00  100,00    0,00    0,00    0,00    0,00
14:06:06       3    0,00    0,00    0,00    0,00    0,00  100,00    0,00    0,00    0,00    0,00
14:06:06       4    0,00    0,00    0,00    0,00    0,00  100,00    0,00    0,00    0,00    0,00
14:06:06       5    0,00    0,00    0,00    0,00    0,00  100,00    0,00    0,00    0,00    0,00
14:06:06       6    0,00    0,00    0,00    0,00    0,00  100,00    0,00    0,00    0,00    0,00
14:06:06       7    0,00    0,00    0,00    0,00    0,00  100,00    0,00    0,00    0,00    0,00
14:06:06       8    0,00    0,00    0,00    0,00    0,00  100,00    0,00    0,00    0,00    0,00
14:06:06       9    0,00    0,00    0,00    0,00    0,00  100,00    0,00    0,00    0,00    0,00
14:06:06      10    0,00    0,00    0,00    0,00    0,00  100,00    0,00    0,00    0,00    0,00
14:06:06      11    0,00    0,00    0,00    0,00    0,00  100,00    0,00    0,00    0,00    0,00
14:06:06      12    0,00    0,00    0,00    0,00    0,00  100,00    0,00    0,00    0,00    0,00
14:06:06      13    0,00    0,00    0,00    0,00    0,00  100,00    0,00    0,00    0,00    0,00
14:06:06      14    0,00    0,00    0,00    0,00    0,00  100,00    0,00    0,00    0,00    0,00
14:06:06      15    0,00    0,00    0,00    0,00    0,00  100,00    0,00    0,00    0,00    0,00
14:06:06      16    0,00    0,00    0,00    0,00    0,00    0,00    0,00    0,00    0,00  100,00
14:06:06      17    0,00    0,00    0,00    0,00    0,00    0,00    0,00    0,00    0,00  100,00
14:06:06      18    0,00    0,00    0,00    0,00    0,00    0,00    0,00    0,00    0,00  100,00
14:06:06      19    0,00    0,00    0,00    0,00    0,00    0,00    0,00    0,00    0,00  100,00
14:06:06      20    0,00    0,00    0,99    0,99    0,00    0,00    0,00    0,00    0,00   98,02
14:06:06      21    0,00    0,00    0,00    0,00    0,00    0,00    0,00    0,00    0,00  100,00
14:06:06      22    0,99    0,00    0,00    0,00    0,00    0,00    0,00    0,00    0,00   99,01
14:06:06      23    0,99    0,00    0,00    0,00    0,00    0,00    0,00    0,00    0,00   99,01

14:06:06     CPU    %usr   %nice    %sys %iowait    %irq   %soft  %steal  %guest  %gnice   %idle
14:06:07     all    0,13    0,00    0,00    0,00    0,00   66,75    0,00    0,00    0,00   33,12
14:06:07       0    0,00    0,00    0,00    0,00    0,00  100,00    0,00    0,00    0,00    0,00
14:06:07       1    0,00    0,00    0,00    0,00    0,00  100,00    0,00    0,00    0,00    0,00
14:06:07       2    0,00    0,00    0,00    0,00    0,00  100,00    0,00    0,00    0,00    0,00
14:06:07       3    0,00    0,00    0,00    0,00    0,00  100,00    0,00    0,00    0,00    0,00
14:06:07       4    0,00    0,00    0,00    0,00    0,00  100,00    0,00    0,00    0,00    0,00
14:06:07       5    0,00    0,00    0,00    0,00    0,00  100,00    0,00    0,00    0,00    0,00
14:06:07       6    0,00    0,00    0,00    0,00    0,00  100,00    0,00    0,00    0,00    0,00
14:06:07       7    0,00    0,00    0,00    0,00    0,00  100,00    0,00    0,00    0,00    0,00
14:06:07       8    0,00    0,00    0,00    0,00    0,00  100,00    0,00    0,00    0,00    0,00
14:06:07       9    0,00    0,00    0,00    0,00    0,00  100,00    0,00    0,00    0,00    0,00
14:06:07      10    0,00    0,00    0,00    0,00    0,00  100,00    0,00    0,00    0,00    0,00
14:06:07      11    0,00    0,00    0,00    0,00    0,00  100,00    0,00    0,00    0,00    0,00
14:06:07      12    0,00    0,00    0,00    0,00    0,00  100,00    0,00    0,00    0,00    0,00
14:06:07      13    0,00    0,00    0,00    0,00    0,00  100,00    0,00    0,00    0,00    0,00
14:06:07      14    0,00    0,00    0,00    0,00    0,00  100,00    0,00    0,00    0,00    0,00
14:06:07      15    0,00    0,00    0,00    0,00    0,00  100,00    0,00    0,00    0,00    0,00
14:06:07      16    1,00    0,00    0,00    0,00    0,00    0,00    0,00    0,00    0,00   99,00
14:06:07      17    0,00    0,00    0,00    0,00    0,00    0,00    0,00    0,00    0,00  100,00
14:06:07      18    0,00    0,00    0,00    0,00    0,00    0,00    0,00    0,00    0,00  100,00
14:06:07      19    0,00    0,00    0,00    0,00    0,00    0,00    0,00    0,00    0,00  100,00
14:06:07      20    0,99    0,00    0,00    0,00    0,00    0,00    0,00    0,00    0,00   99,01
14:06:07      21    1,01    0,00    0,00    0,00    0,00    0,00    0,00    0,00    0,00   98,99
14:06:07      22    0,00    0,00    0,00    0,00    0,00    0,00    0,00    0,00    0,00  100,00
14:06:07      23    0,00    0,00    0,00    0,00    0,00    0,00    0,00    0,00    0,00  100,00

14:06:07     CPU    %usr   %nice    %sys %iowait    %irq   %soft  %steal  %guest  %gnice   %idle
14:06:08     all    0,38    0,00    0,58    0,00    0,00   66,78    0,00    0,00    0,00   32,26
14:06:08       0    0,00    0,00    0,00    0,00    0,00  100,00    0,00    0,00    0,00    0,00
14:06:08       1    0,00    0,00    0,00    0,00    0,00  100,00    0,00    0,00    0,00    0,00
14:06:08       2    0,00    0,00    0,00    0,00    0,00  100,00    0,00    0,00    0,00    0,00
14:06:08       3    0,00    0,00    0,00    0,00    0,00  100,00    0,00    0,00    0,00    0,00
14:06:08       4    0,00    0,00    0,00    0,00    0,00  100,00    0,00    0,00    0,00    0,00
14:06:08       5    0,00    0,00    0,00    0,00    0,00  100,00    0,00    0,00    0,00    0,00
14:06:08       6    0,00    0,00    0,00    0,00    0,00  100,00    0,00    0,00    0,00    0,00
14:06:08       7    0,00    0,00    0,00    0,00    0,00  100,00    0,00    0,00    0,00    0,00
14:06:08       8    0,00    0,00    0,00    0,00    0,00  100,00    0,00    0,00    0,00    0,00
14:06:08       9    0,00    0,00    0,00    0,00    0,00  100,00    0,00    0,00    0,00    0,00
14:06:08      10    0,00    0,00    0,00    0,00    0,00  100,00    0,00    0,00    0,00    0,00
14:06:08      11    0,00    0,00    0,00    0,00    0,00  100,00    0,00    0,00    0,00    0,00
14:06:08      12    0,00    0,00    0,00    0,00    0,00  100,00    0,00    0,00    0,00    0,00
14:06:08      13    0,00    0,00    0,00    0,00    0,00  100,00    0,00    0,00    0,00    0,00
14:06:08      14    0,00    0,00    0,00    0,00    0,00  100,00    0,00    0,00    0,00    0,00
14:06:08      15    0,00    0,00    0,00    0,00    0,00  100,00    0,00    0,00    0,00    0,00
14:06:08      16    0,00    0,00    0,00    0,00    0,00    0,00    0,00    0,00    0,00  100,00
14:06:08      17    1,00    0,00    0,00    0,00    0,00    0,00    0,00    0,00    0,00   99,00
14:06:08      18    0,00    0,00    0,00    0,00    0,00    0,00    0,00    0,00    0,00  100,00
14:06:08      19    7,00    0,00   14,00    0,00    0,00    0,00    0,00    0,00    0,00   79,00
14:06:08      20    0,00    0,00    0,00    0,00    0,00    0,00    0,00    0,00    0,00  100,00
14:06:08      21    0,00    0,00    0,00    0,00    0,00    0,00    0,00    0,00    0,00  100,00
14:06:08      22    0,00    0,00    0,00    0,00    0,00    0,00    0,00    0,00    0,00  100,00
14:06:08      23    0,99    0,00    0,00    0,00    0,00    0,00    0,00    0,00    0,00   99,01

14:06:08     CPU    %usr   %nice    %sys %iowait    %irq   %soft  %steal  %guest  %gnice   %idle
14:06:09     all    0,08    0,00    0,25    0,08    0,00   66,67    0,00    0,00    0,00   32,92
14:06:09       0    0,00    0,00    0,00    0,00    0,00  100,00    0,00    0,00    0,00    0,00
14:06:09       1    0,00    0,00    0,00    0,00    0,00  100,00    0,00    0,00    0,00    0,00
14:06:09       2    0,00    0,00    0,00    0,00    0,00  100,00    0,00    0,00    0,00    0,00
14:06:09       3    0,00    0,00    0,00    0,00    0,00  100,00    0,00    0,00    0,00    0,00
14:06:09       4    0,00    0,00    0,00    0,00    0,00  100,00    0,00    0,00    0,00    0,00
14:06:09       5    0,00    0,00    0,00    0,00    0,00  100,00    0,00    0,00    0,00    0,00
14:06:09       6    0,00    0,00    0,00    0,00    0,00  100,00    0,00    0,00    0,00    0,00
14:06:09       7    0,00    0,00    0,00    0,00    0,00  100,00    0,00    0,00    0,00    0,00
14:06:09       8    0,00    0,00    0,00    0,00    0,00  100,00    0,00    0,00    0,00    0,00
14:06:09       9    0,00    0,00    0,00    0,00    0,00  100,00    0,00    0,00    0,00    0,00
14:06:09      10    0,00    0,00    0,00    0,00    0,00  100,00    0,00    0,00    0,00    0,00
14:06:09      11    0,00    0,00    0,00    0,00    0,00  100,00    0,00    0,00    0,00    0,00
14:06:09      12    0,00    0,00    0,00    0,00    0,00  100,00    0,00    0,00    0,00    0,00
14:06:09      13    0,00    0,00    0,00    0,00    0,00  100,00    0,00    0,00    0,00    0,00
14:06:09      14    0,00    0,00    0,00    0,00    0,00  100,00    0,00    0,00    0,00    0,00
14:06:09      15    0,00    0,00    0,00    0,00    0,00  100,00    0,00    0,00    0,00    0,00
14:06:09      16    0,00    0,00    1,00    1,00    0,00    0,00    0,00    0,00    0,00   98,00
14:06:09      17    0,00    0,00    0,00    0,00    0,00    0,00    0,00    0,00    0,00  100,00
14:06:09      18    0,99    0,00    0,99    0,99    0,00    0,00    0,00    0,00    0,00   97,03
14:06:09      19    0,00    0,00    0,99    0,00    0,00    0,00    0,00    0,00    0,00   99,01
14:06:09      20    0,00    0,00    1,00    0,00    0,00    0,00    0,00    0,00    0,00   99,00
14:06:09      21    0,00    0,00    0,00    0,00    0,00    0,00    0,00    0,00    0,00  100,00
14:06:09      22    0,00    0,00    0,00    0,00    0,00    0,00    0,00    0,00    0,00  100,00
14:06:09      23    1,00    0,00    2,00    0,00    0,00    0,00    0,00    0,00    0,00   97,00

14:06:09     CPU    %usr   %nice    %sys %iowait    %irq   %soft  %steal  %guest  %gnice   %idle
14:06:10     all    0,08    0,00    0,04    0,00    0,00   66,72    0,00    0,00    0,00   33,15
14:06:10       0    0,00    0,00    0,00    0,00    0,00  100,00    0,00    0,00    0,00    0,00
14:06:10       1    0,00    0,00    0,00    0,00    0,00  100,00    0,00    0,00    0,00    0,00
14:06:10       2    0,00    0,00    0,00    0,00    0,00  100,00    0,00    0,00    0,00    0,00
14:06:10       3    0,00    0,00    0,00    0,00    0,00  100,00    0,00    0,00    0,00    0,00
14:06:10       4    0,00    0,00    0,00    0,00    0,00  100,00    0,00    0,00    0,00    0,00
14:06:10       5    0,00    0,00    0,00    0,00    0,00  100,00    0,00    0,00    0,00    0,00
14:06:10       6    0,00    0,00    0,00    0,00    0,00  100,00    0,00    0,00    0,00    0,00
14:06:10       7    0,00    0,00    0,00    0,00    0,00  100,00    0,00    0,00    0,00    0,00
14:06:10       8    0,00    0,00    0,00    0,00    0,00  100,00    0,00    0,00    0,00    0,00
14:06:10       9    0,00    0,00    0,00    0,00    0,00  100,00    0,00    0,00    0,00    0,00
14:06:10      10    0,00    0,00    0,00    0,00    0,00  100,00    0,00    0,00    0,00    0,00
14:06:10      11    0,00    0,00    0,00    0,00    0,00  100,00    0,00    0,00    0,00    0,00
14:06:10      12    0,00    0,00    0,00    0,00    0,00  100,00    0,00    0,00    0,00    0,00
14:06:10      13    0,00    0,00    0,00    0,00    0,00  100,00    0,00    0,00    0,00    0,00
14:06:10      14    0,00    0,00    0,00    0,00    0,00  100,00    0,00    0,00    0,00    0,00
14:06:10      15    0,00    0,00    0,00    0,00    0,00  100,00    0,00    0,00    0,00    0,00
14:06:10      16    0,00    0,00    0,00    0,00    0,00    0,00    0,00    0,00    0,00  100,00
14:06:10      17    1,00    0,00    0,00    0,00    0,00    0,00    0,00    0,00    0,00   99,00
14:06:10      18    0,00    0,00    0,00    0,00    0,00    0,00    0,00    0,00    0,00  100,00
14:06:10      19    0,00    0,00    0,00    0,00    0,00    0,00    0,00    0,00    0,00  100,00
14:06:10      20    0,00    0,00    0,00    0,00    0,00    0,00    0,00    0,00    0,00  100,00
14:06:10      21    1,00    0,00    0,00    0,00    0,00    0,00    0,00    0,00    0,00   99,00
14:06:10      22    0,00    0,00    0,99    0,00    0,00    0,00    0,00    0,00    0,00   99,01
14:06:10      23    0,00    0,00    0,00    0,00    0,00    0,00    0,00    0,00    0,00  100,00

14:06:10     CPU    %usr   %nice    %sys %iowait    %irq   %soft  %steal  %guest  %gnice   %idle
14:06:11     all    0,29    0,00    0,67    0,00    0,00   66,72    0,00    0,00    0,00   32,32
14:06:11       0    0,00    0,00    0,00    0,00    0,00  100,00    0,00    0,00    0,00    0,00
14:06:11       1    0,00    0,00    0,00    0,00    0,00  100,00    0,00    0,00    0,00    0,00
14:06:11       2    0,00    0,00    0,00    0,00    0,00  100,00    0,00    0,00    0,00    0,00
14:06:11       3    0,00    0,00    0,00    0,00    0,00  100,00    0,00    0,00    0,00    0,00
14:06:11       4    0,00    0,00    0,00    0,00    0,00  100,00    0,00    0,00    0,00    0,00
14:06:11       5    0,00    0,00    0,00    0,00    0,00  100,00    0,00    0,00    0,00    0,00
14:06:11       6    0,00    0,00    0,00    0,00    0,00  100,00    0,00    0,00    0,00    0,00
14:06:11       7    0,00    0,00    0,00    0,00    0,00  100,00    0,00    0,00    0,00    0,00
14:06:11       8    0,00    0,00    0,00    0,00    0,00  100,00    0,00    0,00    0,00    0,00
14:06:11       9    0,00    0,00    0,00    0,00    0,00  100,00    0,00    0,00    0,00    0,00
14:06:11      10    0,00    0,00    0,00    0,00    0,00  100,00    0,00    0,00    0,00    0,00
14:06:11      11    0,00    0,00    0,00    0,00    0,00  100,00    0,00    0,00    0,00    0,00
14:06:11      12    0,00    0,00    0,00    0,00    0,00  100,00    0,00    0,00    0,00    0,00
14:06:11      13    0,00    0,00    0,00    0,00    0,00  100,00    0,00    0,00    0,00    0,00
14:06:11      14    0,00    0,00    0,00    0,00    0,00  100,00    0,00    0,00    0,00    0,00
14:06:11      15    0,00    0,00    0,00    0,00    0,00  100,00    0,00    0,00    0,00    0,00
14:06:11      16    0,00    0,00    0,00    0,00    0,00    0,00    0,00    0,00    0,00  100,00
14:06:11      17    0,00    0,00    0,99    0,00    0,00    0,00    0,00    0,00    0,00   99,01
14:06:11      18    0,00    0,00    0,00    0,00    0,00    0,00    0,00    0,00    0,00  100,00
14:06:11      19    6,06    0,00   14,14    0,00    0,00    0,00    0,00    0,00    0,00   79,80
14:06:11      20    0,00    0,00    0,00    0,00    0,00    0,00    0,00    0,00    0,00  100,00
14:06:11      21    0,99    0,00    0,99    0,00    0,00    0,00    0,00    0,00    0,00   98,02
14:06:11      22    0,00    0,00    0,00    0,00    0,00    0,00    0,00    0,00    0,00  100,00
14:06:11      23    0,00    0,00    0,00    0,00    0,00    0,00    0,00    0,00    0,00  100,00

14:06:11     CPU    %usr   %nice    %sys %iowait    %irq   %soft  %steal  %guest  %gnice   %idle
14:06:12     all    0,33    0,00    0,33    0,00    0,00   66,64    0,00    0,00    0,00   32,69
14:06:12       0    0,00    0,00    0,00    0,00    0,00  100,00    0,00    0,00    0,00    0,00
14:06:12       1    0,00    0,00    0,00    0,00    0,00  100,00    0,00    0,00    0,00    0,00
14:06:12       2    0,00    0,00    0,00    0,00    0,00  100,00    0,00    0,00    0,00    0,00
14:06:12       3    0,00    0,00    0,00    0,00    0,00  100,00    0,00    0,00    0,00    0,00
14:06:12       4    0,00    0,00    0,00    0,00    0,00  100,00    0,00    0,00    0,00    0,00
14:06:12       5    0,00    0,00    0,00    0,00    0,00  100,00    0,00    0,00    0,00    0,00
14:06:12       6    0,00    0,00    0,00    0,00    0,00  100,00    0,00    0,00    0,00    0,00
14:06:12       7    0,00    0,00    0,00    0,00    0,00  100,00    0,00    0,00    0,00    0,00
14:06:12       8    0,00    0,00    0,00    0,00    0,00  100,00    0,00    0,00    0,00    0,00
14:06:12       9    0,00    0,00    0,00    0,00    0,00  100,00    0,00    0,00    0,00    0,00
14:06:12      10    0,00    0,00    0,00    0,00    0,00  100,00    0,00    0,00    0,00    0,00
14:06:12      11    0,00    0,00    0,00    0,00    0,00  100,00    0,00    0,00    0,00    0,00
14:06:12      12    0,00    0,00    0,00    0,00    0,00  100,00    0,00    0,00    0,00    0,00
14:06:12      13    0,00    0,00    0,00    0,00    0,00  100,00    0,00    0,00    0,00    0,00
14:06:12      14    0,00    0,00    0,00    0,00    0,00  100,00    0,00    0,00    0,00    0,00
14:06:12      15    0,00    0,00    0,00    0,00    0,00  100,00    0,00    0,00    0,00    0,00
14:06:12      16    1,98    0,00    0,99    0,00    0,00    0,00    0,00    0,00    0,00   97,03
14:06:12      17    0,00    0,00    0,00    0,00    0,00    0,00    0,00    0,00    0,00  100,00
14:06:12      18    1,00    0,00    0,00    0,00    0,00    0,00    0,00    0,00    0,00   99,00
14:06:12      19    3,03    0,00    7,07    0,00    0,00    0,00    0,00    0,00    0,00   89,90
14:06:12      20    0,00    0,00    0,00    0,00    0,00    0,00    0,00    0,00    0,00  100,00
14:06:12      21    0,00    0,00    0,00    0,00    0,00    0,00    0,00    0,00    0,00  100,00
14:06:12      22    0,99    0,00    0,00    0,00    0,00    0,00    0,00    0,00    0,00   99,01
14:06:12      23    0,99    0,00    0,00    0,00    0,00    0,00    0,00    0,00    0,00   99,01

14:06:12     CPU    %usr   %nice    %sys %iowait    %irq   %soft  %steal  %guest  %gnice   %idle
14:06:13     all    0,25    0,00    0,08    0,00    0,00   66,65    0,00    0,00    0,00   33,01
14:06:13       0    0,00    0,00    0,00    0,00    0,00  100,00    0,00    0,00    0,00    0,00
14:06:13       1    0,00    0,00    0,00    0,00    0,00  100,00    0,00    0,00    0,00    0,00
14:06:13       2    0,00    0,00    0,00    0,00    0,00  100,00    0,00    0,00    0,00    0,00
14:06:13       3    0,00    0,00    0,00    0,00    0,00  100,00    0,00    0,00    0,00    0,00
14:06:13       4    0,00    0,00    0,00    0,00    0,00  100,00    0,00    0,00    0,00    0,00
14:06:13       5    0,00    0,00    0,00    0,00    0,00  100,00    0,00    0,00    0,00    0,00
14:06:13       6    0,00    0,00    0,00    0,00    0,00  100,00    0,00    0,00    0,00    0,00
14:06:13       7    0,00    0,00    0,00    0,00    0,00  100,00    0,00    0,00    0,00    0,00
14:06:13       8    0,00    0,00    0,00    0,00    0,00  100,00    0,00    0,00    0,00    0,00
14:06:13       9    0,00    0,00    0,00    0,00    0,00  100,00    0,00    0,00    0,00    0,00
14:06:13      10    0,00    0,00    0,00    0,00    0,00  100,00    0,00    0,00    0,00    0,00
14:06:13      11    0,00    0,00    0,00    0,00    0,00  100,00    0,00    0,00    0,00    0,00
14:06:13      12    0,00    0,00    0,00    0,00    0,00  100,00    0,00    0,00    0,00    0,00
14:06:13      13    0,00    0,00    0,00    0,00    0,00  100,00    0,00    0,00    0,00    0,00
14:06:13      14    0,00    0,00    0,00    0,00    0,00  100,00    0,00    0,00    0,00    0,00
14:06:13      15    0,00    0,00    0,00    0,00    0,00  100,00    0,00    0,00    0,00    0,00
14:06:13      16    1,00    0,00    0,00    0,00    0,00    0,00    0,00    0,00    0,00   99,00
14:06:13      17    1,00    0,00    0,00    0,00    0,00    0,00    0,00    0,00    0,00   99,00
14:06:13      18    0,00    0,00    0,00    0,00    0,00    0,00    0,00    0,00    0,00  100,00
14:06:13      19    0,99    0,00    0,00    0,00    0,00    0,00    0,00    0,00    0,00   99,01
14:06:13      20    0,99    0,00    0,00    0,00    0,00    0,00    0,00    0,00    0,00   99,01
14:06:13      21    2,04    0,00    2,04    0,00    0,00    0,00    0,00    0,00    0,00   95,92
14:06:13      22    0,00    0,00    0,00    0,00    0,00    0,00    0,00    0,00    0,00  100,00
14:06:13      23    0,00    0,00    0,00    0,00    0,00    0,00    0,00    0,00    0,00  100,00

14:06:13     CPU    %usr   %nice    %sys %iowait    %irq   %soft  %steal  %guest  %gnice   %idle
14:06:14     all    0,42    0,00    0,71    0,13    0,00   66,78    0,00    0,00    0,00   31,97
14:06:14       0    0,00    0,00    0,00    0,00    0,00  100,00    0,00    0,00    0,00    0,00
14:06:14       1    0,00    0,00    0,00    0,00    0,00  100,00    0,00    0,00    0,00    0,00
14:06:14       2    0,00    0,00    0,00    0,00    0,00  100,00    0,00    0,00    0,00    0,00
14:06:14       3    0,00    0,00    0,00    0,00    0,00  100,00    0,00    0,00    0,00    0,00
14:06:14       4    0,00    0,00    0,00    0,00    0,00  100,00    0,00    0,00    0,00    0,00
14:06:14       5    0,00    0,00    0,00    0,00    0,00  100,00    0,00    0,00    0,00    0,00
14:06:14       6    0,00    0,00    0,00    0,00    0,00  100,00    0,00    0,00    0,00    0,00
14:06:14       7    0,00    0,00    0,00    0,00    0,00  100,00    0,00    0,00    0,00    0,00
14:06:14       8    0,00    0,00    0,00    0,00    0,00  100,00    0,00    0,00    0,00    0,00
14:06:14       9    0,00    0,00    0,00    0,00    0,00  100,00    0,00    0,00    0,00    0,00
14:06:14      10    0,00    0,00    0,00    0,00    0,00  100,00    0,00    0,00    0,00    0,00
14:06:14      11    0,00    0,00    0,00    0,00    0,00  100,00    0,00    0,00    0,00    0,00
14:06:14      12    0,00    0,00    0,00    0,00    0,00  100,00    0,00    0,00    0,00    0,00
14:06:14      13    0,00    0,00    0,00    0,00    0,00  100,00    0,00    0,00    0,00    0,00
14:06:14      14    0,00    0,00    0,00    0,00    0,00  100,00    0,00    0,00    0,00    0,00
14:06:14      15    0,00    0,00    0,00    0,00    0,00  100,00    0,00    0,00    0,00    0,00
14:06:14      16    0,00    0,00    0,00    0,00    0,00    0,00    0,00    0,00    0,00  100,00
14:06:14      17    0,00    0,00    0,00    1,01    0,00    0,00    0,00    0,00    0,00   98,99
14:06:14      18    0,99    0,00    0,00    1,98    0,00    0,00    0,00    0,00    0,00   97,03
14:06:14      19    0,00    0,00    1,00    0,00    0,00    0,00    0,00    0,00    0,00   99,00
14:06:14      20    0,00    0,00    1,00    0,00    0,00    0,00    0,00    0,00    0,00   99,00
14:06:14      21    8,00    0,00   14,00    0,00    0,00    0,00    0,00    0,00    0,00   78,00
14:06:14      22    0,00    0,00    0,00    0,00    0,00    0,00    0,00    0,00    0,00  100,00
14:06:14      23    1,01    0,00    1,01    0,00    0,00    0,00    0,00    0,00    0,00   97,98

14:06:14     CPU    %usr   %nice    %sys %iowait    %irq   %soft  %steal  %guest  %gnice   %idle
14:06:15     all    0,08    0,00    0,13    0,00    0,00   66,69    0,00    0,00    0,00   33,10
14:06:15       0    0,00    0,00    0,00    0,00    0,00  100,00    0,00    0,00    0,00    0,00
14:06:15       1    0,00    0,00    0,00    0,00    0,00  100,00    0,00    0,00    0,00    0,00
14:06:15       2    0,00    0,00    0,00    0,00    0,00  100,00    0,00    0,00    0,00    0,00
14:06:15       3    0,00    0,00    0,00    0,00    0,00  100,00    0,00    0,00    0,00    0,00
14:06:15       4    0,00    0,00    0,00    0,00    0,00  100,00    0,00    0,00    0,00    0,00
14:06:15       5    0,00    0,00    0,00    0,00    0,00  100,00    0,00    0,00    0,00    0,00
14:06:15       6    0,00    0,00    0,00    0,00    0,00  100,00    0,00    0,00    0,00    0,00
14:06:15       7    0,00    0,00    0,00    0,00    0,00  100,00    0,00    0,00    0,00    0,00
14:06:15       8    0,00    0,00    0,00    0,00    0,00  100,00    0,00    0,00    0,00    0,00
14:06:15       9    0,00    0,00    0,00    0,00    0,00  100,00    0,00    0,00    0,00    0,00
14:06:15      10    0,00    0,00    0,00    0,00    0,00  100,00    0,00    0,00    0,00    0,00
14:06:15      11    0,00    0,00    0,00    0,00    0,00  100,00    0,00    0,00    0,00    0,00
14:06:15      12    0,00    0,00    0,00    0,00    0,00  100,00    0,00    0,00    0,00    0,00
14:06:15      13    0,00    0,00    0,00    0,00    0,00  100,00    0,00    0,00    0,00    0,00
14:06:15      14    0,00    0,00    0,00    0,00    0,00  100,00    0,00    0,00    0,00    0,00
14:06:15      15    0,00    0,00    0,00    0,00    0,00  100,00    0,00    0,00    0,00    0,00
14:06:15      16    0,00    0,00    0,00    0,00    0,00    0,00    0,00    0,00    0,00  100,00
14:06:15      17    0,98    0,00    0,98    0,00    0,00    0,00    0,00    0,00    0,00   98,04
14:06:15      18    0,00    0,00    1,00    0,00    0,00    0,00    0,00    0,00    0,00   99,00
14:06:15      19    0,00    0,00    0,00    0,00    0,00    0,00    0,00    0,00    0,00  100,00
14:06:15      20    0,00    0,00    0,00    0,00    0,00    0,00    0,00    0,00    0,00  100,00
14:06:15      21    0,00    0,00    0,00    0,00    0,00    0,00    0,00    0,00    0,00  100,00
14:06:15      22    0,00    0,00    0,00    0,00    0,00    0,00    0,00    0,00    0,00  100,00
14:06:15      23    0,99    0,00    0,99    0,00    0,00    0,00    0,00    0,00    0,00   98,02

14:06:15     CPU    %usr   %nice    %sys %iowait    %irq   %soft  %steal  %guest  %gnice   %idle
14:06:16     all    0,50    0,00    0,75    0,00    0,00   66,67    0,00    0,00    0,00   32,08
14:06:16       0    0,00    0,00    0,00    0,00    0,00  100,00    0,00    0,00    0,00    0,00
14:06:16       1    0,00    0,00    0,00    0,00    0,00  100,00    0,00    0,00    0,00    0,00
14:06:16       2    0,00    0,00    0,00    0,00    0,00  100,00    0,00    0,00    0,00    0,00
14:06:16       3    0,00    0,00    0,00    0,00    0,00  100,00    0,00    0,00    0,00    0,00
14:06:16       4    0,00    0,00    0,00    0,00    0,00  100,00    0,00    0,00    0,00    0,00
14:06:16       5    0,00    0,00    0,00    0,00    0,00  100,00    0,00    0,00    0,00    0,00
14:06:16       6    0,00    0,00    0,00    0,00    0,00  100,00    0,00    0,00    0,00    0,00
14:06:16       7    0,00    0,00    0,00    0,00    0,00  100,00    0,00    0,00    0,00    0,00
14:06:16       8    0,00    0,00    0,00    0,00    0,00  100,00    0,00    0,00    0,00    0,00
14:06:16       9    0,00    0,00    0,00    0,00    0,00  100,00    0,00    0,00    0,00    0,00
14:06:16      10    0,00    0,00    0,00    0,00    0,00  100,00    0,00    0,00    0,00    0,00
14:06:16      11    0,00    0,00    0,00    0,00    0,00  100,00    0,00    0,00    0,00    0,00
14:06:16      12    0,00    0,00    0,00    0,00    0,00  100,00    0,00    0,00    0,00    0,00
14:06:16      13    0,00    0,00    0,00    0,00    0,00  100,00    0,00    0,00    0,00    0,00
14:06:16      14    0,00    0,00    0,00    0,00    0,00  100,00    0,00    0,00    0,00    0,00
14:06:16      15    0,00    0,00    0,00    0,00    0,00  100,00    0,00    0,00    0,00    0,00
14:06:16      16    0,00    0,00    1,00    0,00    0,00    0,00    0,00    0,00    0,00   99,00
14:06:16      17    0,00    0,00    0,00    0,00    0,00    0,00    0,00    0,00    0,00  100,00
14:06:16      18    0,00    0,00    0,00    0,00    0,00    0,00    0,00    0,00    0,00  100,00
14:06:16      19    0,00    0,00    0,00    0,00    0,00    0,00    0,00    0,00    0,00  100,00
14:06:16      20    9,90    0,00   15,84    0,00    0,00    0,00    0,00    0,00    0,00   74,26
14:06:16      21    1,00    0,00    0,00    0,00    0,00    0,00    0,00    0,00    0,00   99,00
14:06:16      22    0,99    0,00    0,99    0,00    0,00    0,00    0,00    0,00    0,00   98,02
14:06:16      23    0,00    0,00    0,00    0,00    0,00    0,00    0,00    0,00    0,00  100,00

14:06:16     CPU    %usr   %nice    %sys %iowait    %irq   %soft  %steal  %guest  %gnice   %idle
14:06:17     all    0,46    0,00    0,75    0,00    0,00   66,69    0,00    0,00    0,00   32,10
14:06:17       0    0,00    0,00    0,99    0,00    0,00   99,01    0,00    0,00    0,00    0,00
14:06:17       1    0,00    0,00    0,00    0,00    0,00  100,00    0,00    0,00    0,00    0,00
14:06:17       2    0,00    0,00    0,00    0,00    0,00  100,00    0,00    0,00    0,00    0,00
14:06:17       3    0,00    0,00    0,00    0,00    0,00  100,00    0,00    0,00    0,00    0,00
14:06:17       4    0,00    0,00    0,00    0,00    0,00  100,00    0,00    0,00    0,00    0,00
14:06:17       5    0,00    0,00    0,00    0,00    0,00  100,00    0,00    0,00    0,00    0,00
14:06:17       6    0,00    0,00    0,00    0,00    0,00  100,00    0,00    0,00    0,00    0,00
14:06:17       7    0,00    0,00    0,00    0,00    0,00  100,00    0,00    0,00    0,00    0,00
14:06:17       8    0,00    0,00    0,00    0,00    0,00  100,00    0,00    0,00    0,00    0,00
14:06:17       9    0,00    0,00    0,00    0,00    0,00  100,00    0,00    0,00    0,00    0,00
14:06:17      10    0,00    0,00    0,00    0,00    0,00  100,00    0,00    0,00    0,00    0,00
14:06:17      11    0,00    0,00    0,00    0,00    0,00  100,00    0,00    0,00    0,00    0,00
14:06:17      12    0,00    0,00    0,00    0,00    0,00  100,00    0,00    0,00    0,00    0,00
14:06:17      13    0,00    0,00    0,00    0,00    0,00  100,00    0,00    0,00    0,00    0,00
14:06:17      14    0,00    0,00    0,00    0,00    0,00  100,00    0,00    0,00    0,00    0,00
14:06:17      15    0,00    0,00    0,00    0,00    0,00  100,00    0,00    0,00    0,00    0,00
14:06:17      16    0,00    0,00    0,00    0,00    0,00    0,00    0,00    0,00    0,00  100,00
14:06:17      17    1,00    0,00    0,00    0,00    0,00    0,00    0,00    0,00    0,00   99,00
14:06:17      18    0,00    0,00    0,00    0,00    0,00    0,00    0,00    0,00    0,00  100,00
14:06:17      19    0,00    0,00    0,00    0,00    0,00    0,00    0,00    0,00    0,00  100,00
14:06:17      20    1,00    0,00    0,00    0,00    0,00    0,00    0,00    0,00    0,00   99,00
14:06:17      21    9,09    0,00   17,17    0,00    0,00    0,00    0,00    0,00    0,00   73,74
14:06:17      22    0,00    0,00    0,00    0,00    0,00    0,00    0,00    0,00    0,00  100,00
14:06:17      23    0,00    0,00    0,00    0,00    0,00    0,00    0,00    0,00    0,00  100,00

14:06:17     CPU    %usr   %nice    %sys %iowait    %irq   %soft  %steal  %guest  %gnice   %idle
14:06:18     all    0,75    0,00    0,83    0,00    0,00   66,72    0,00    0,00    0,00   31,69
14:06:18       0    0,00    0,00    0,00    0,00    0,00  100,00    0,00    0,00    0,00    0,00
14:06:18       1    0,00    0,00    0,00    0,00    0,00  100,00    0,00    0,00    0,00    0,00
14:06:18       2    0,00    0,00    0,00    0,00    0,00  100,00    0,00    0,00    0,00    0,00
14:06:18       3    0,00    0,00    0,00    0,00    0,00  100,00    0,00    0,00    0,00    0,00
14:06:18       4    0,00    0,00    0,00    0,00    0,00  100,00    0,00    0,00    0,00    0,00
14:06:18       5    0,00    0,00    0,00    0,00    0,00  100,00    0,00    0,00    0,00    0,00
14:06:18       6    0,00    0,00    0,00    0,00    0,00  100,00    0,00    0,00    0,00    0,00
14:06:18       7    0,00    0,00    0,00    0,00    0,00  100,00    0,00    0,00    0,00    0,00
14:06:18       8    0,00    0,00    0,00    0,00    0,00  100,00    0,00    0,00    0,00    0,00
14:06:18       9    0,00    0,00    0,00    0,00    0,00  100,00    0,00    0,00    0,00    0,00
14:06:18      10    0,00    0,00    0,00    0,00    0,00  100,00    0,00    0,00    0,00    0,00
14:06:18      11    0,00    0,00    0,00    0,00    0,00  100,00    0,00    0,00    0,00    0,00
14:06:18      12    0,00    0,00    0,00    0,00    0,00  100,00    0,00    0,00    0,00    0,00
14:06:18      13    0,00    0,00    0,00    0,00    0,00  100,00    0,00    0,00    0,00    0,00
14:06:18      14    0,00    0,00    0,00    0,00    0,00  100,00    0,00    0,00    0,00    0,00
14:06:18      15    0,00    0,00    0,00    0,00    0,00  100,00    0,00    0,00    0,00    0,00
14:06:18      16    1,01    0,00    0,00    0,00    0,00    0,00    0,00    0,00    0,00   98,99
14:06:18      17    0,00    0,00    0,00    0,00    0,00    0,00    0,00    0,00    0,00  100,00
14:06:18      18    1,00    0,00    0,00    0,00    0,00    0,00    0,00    0,00    0,00   99,00
14:06:18      19    1,00    0,00    0,00    0,00    0,00    0,00    0,00    0,00    0,00   99,00
14:06:18      20   10,10    0,00   15,15    0,00    0,00    0,00    0,00    0,00    0,00   74,75
14:06:18      21    2,97    0,00    4,95    0,00    0,00    0,00    0,00    0,00    0,00   92,08
14:06:18      22    2,00    0,00    0,00    0,00    0,00    0,00    0,00    0,00    0,00   98,00
14:06:18      23    0,00    0,00    0,00    0,00    0,00    0,00    0,00    0,00    0,00  100,00

14:06:18     CPU    %usr   %nice    %sys %iowait    %irq   %soft  %steal  %guest  %gnice   %idle
14:06:19     all    0,79    0,00    1,38    0,04    0,00   66,78    0,00    0,00    0,00   31,01
14:06:19       0    0,00    0,00    0,00    0,00    0,00  100,00    0,00    0,00    0,00    0,00
14:06:19       1    0,00    0,00    0,00    0,00    0,00  100,00    0,00    0,00    0,00    0,00
14:06:19       2    0,00    0,00    0,00    0,00    0,00  100,00    0,00    0,00    0,00    0,00
14:06:19       3    0,00    0,00    0,00    0,00    0,00  100,00    0,00    0,00    0,00    0,00
14:06:19       4    0,00    0,00    0,00    0,00    0,00  100,00    0,00    0,00    0,00    0,00
14:06:19       5    0,00    0,00    0,00    0,00    0,00  100,00    0,00    0,00    0,00    0,00
14:06:19       6    0,00    0,00    0,00    0,00    0,00  100,00    0,00    0,00    0,00    0,00
14:06:19       7    0,00    0,00    0,00    0,00    0,00  100,00    0,00    0,00    0,00    0,00
14:06:19       8    0,00    0,00    0,00    0,00    0,00  100,00    0,00    0,00    0,00    0,00
14:06:19       9    0,00    0,00    0,00    0,00    0,00  100,00    0,00    0,00    0,00    0,00
14:06:19      10    0,00    0,00    0,00    0,00    0,00  100,00    0,00    0,00    0,00    0,00
14:06:19      11    0,00    0,00    0,00    0,00    0,00  100,00    0,00    0,00    0,00    0,00
14:06:19      12    0,00    0,00    0,00    0,00    0,00  100,00    0,00    0,00    0,00    0,00
14:06:19      13    0,00    0,00    0,00    0,00    0,00  100,00    0,00    0,00    0,00    0,00
14:06:19      14    0,00    0,00    0,00    0,00    0,00  100,00    0,00    0,00    0,00    0,00
14:06:19      15    0,00    0,00    0,00    0,00    0,00  100,00    0,00    0,00    0,00    0,00
14:06:19      16    1,01    0,00    2,02    0,00    0,00    0,00    0,00    0,00    0,00   96,97
14:06:19      17    0,00    0,00    1,01    0,00    0,00    0,00    0,00    0,00    0,00   98,99
14:06:19      18    1,00    0,00    1,00    1,00    0,00    0,00    0,00    0,00    0,00   97,00
14:06:19      19    0,00    0,00    0,00    0,00    0,00    0,00    0,00    0,00    0,00  100,00
14:06:19      20    1,00    0,00    0,00    0,00    0,00    0,00    0,00    0,00    0,00   99,00
14:06:19      21    6,00    0,00   13,00    0,00    0,00    0,00    0,00    0,00    0,00   81,00
14:06:19      22    0,00    0,00    0,00    0,00    0,00    0,00    0,00    0,00    0,00  100,00
14:06:19      23   10,00    0,00   16,00    0,00    0,00    0,00    0,00    0,00    0,00   74,00

14:06:19     CPU    %usr   %nice    %sys %iowait    %irq   %soft  %steal  %guest  %gnice   %idle
14:06:20     all    0,08    0,00    0,04    0,00    0,00   66,75    0,00    0,00    0,00   33,12
14:06:20       0    0,00    0,00    0,00    0,00    0,00  100,00    0,00    0,00    0,00    0,00
14:06:20       1    0,00    0,00    0,00    0,00    0,00  100,00    0,00    0,00    0,00    0,00
14:06:20       2    0,00    0,00    0,00    0,00    0,00  100,00    0,00    0,00    0,00    0,00
14:06:20       3    0,00    0,00    0,00    0,00    0,00  100,00    0,00    0,00    0,00    0,00
14:06:20       4    0,00    0,00    0,00    0,00    0,00  100,00    0,00    0,00    0,00    0,00
14:06:20       5    0,00    0,00    0,00    0,00    0,00  100,00    0,00    0,00    0,00    0,00
14:06:20       6    0,00    0,00    0,00    0,00    0,00  100,00    0,00    0,00    0,00    0,00
14:06:20       7    0,00    0,00    0,00    0,00    0,00  100,00    0,00    0,00    0,00    0,00
14:06:20       8    0,00    0,00    0,00    0,00    0,00  100,00    0,00    0,00    0,00    0,00
14:06:20       9    0,00    0,00    0,00    0,00    0,00  100,00    0,00    0,00    0,00    0,00
14:06:20      10    0,00    0,00    0,00    0,00    0,00  100,00    0,00    0,00    0,00    0,00
14:06:20      11    0,00    0,00    0,00    0,00    0,00  100,00    0,00    0,00    0,00    0,00
14:06:20      12    0,00    0,00    0,00    0,00    0,00  100,00    0,00    0,00    0,00    0,00
14:06:20      13    0,00    0,00    0,00    0,00    0,00  100,00    0,00    0,00    0,00    0,00
14:06:20      14    0,00    0,00    0,00    0,00    0,00  100,00    0,00    0,00    0,00    0,00
14:06:20      15    0,00    0,00    0,00    0,00    0,00  100,00    0,00    0,00    0,00    0,00
14:06:20      16    0,00    0,00    0,00    0,00    0,00    0,00    0,00    0,00    0,00  100,00
14:06:20      17    0,00    0,00    0,00    0,00    0,00    0,00    0,00    0,00    0,00  100,00
14:06:20      18    0,00    0,00    0,00    0,00    0,00    0,00    0,00    0,00    0,00  100,00
14:06:20      19    0,00    0,00    0,00    0,00    0,00    0,00    0,00    0,00    0,00  100,00
14:06:20      20    0,00    0,00    0,00    0,00    0,00    0,00    0,00    0,00    0,00  100,00
14:06:20      21    1,00    0,00    0,00    0,00    0,00    0,00    0,00    0,00    0,00   99,00
14:06:20      22    1,00    0,00    1,00    0,00    0,00    0,00    0,00    0,00    0,00   98,00
14:06:20      23    0,00    0,00    0,00    0,00    0,00    0,00    0,00    0,00    0,00  100,00

14:06:20     CPU    %usr   %nice    %sys %iowait    %irq   %soft  %steal  %guest  %gnice   %idle
14:06:21     all    0,46    0,00    0,71    0,00    0,00   66,72    0,00    0,00    0,00   32,11
14:06:21       0    0,00    0,00    0,00    0,00    0,00  100,00    0,00    0,00    0,00    0,00
14:06:21       1    0,00    0,00    0,00    0,00    0,00  100,00    0,00    0,00    0,00    0,00
14:06:21       2    0,00    0,00    0,00    0,00    0,00  100,00    0,00    0,00    0,00    0,00
14:06:21       3    0,00    0,00    0,00    0,00    0,00  100,00    0,00    0,00    0,00    0,00
14:06:21       4    0,00    0,00    0,00    0,00    0,00  100,00    0,00    0,00    0,00    0,00
14:06:21       5    0,00    0,00    0,00    0,00    0,00  100,00    0,00    0,00    0,00    0,00
14:06:21       6    0,00    0,00    0,00    0,00    0,00  100,00    0,00    0,00    0,00    0,00
14:06:21       7    0,00    0,00    0,00    0,00    0,00  100,00    0,00    0,00    0,00    0,00
14:06:21       8    0,00    0,00    0,00    0,00    0,00  100,00    0,00    0,00    0,00    0,00
14:06:21       9    0,00    0,00    0,00    0,00    0,00  100,00    0,00    0,00    0,00    0,00
14:06:21      10    0,00    0,00    0,00    0,00    0,00  100,00    0,00    0,00    0,00    0,00
14:06:21      11    0,00    0,00    0,00    0,00    0,00  100,00    0,00    0,00    0,00    0,00
14:06:21      12    0,00    0,00    0,00    0,00    0,00  100,00    0,00    0,00    0,00    0,00
14:06:21      13    0,00    0,00    0,00    0,00    0,00  100,00    0,00    0,00    0,00    0,00
14:06:21      14    0,00    0,00    0,00    0,00    0,00  100,00    0,00    0,00    0,00    0,00
14:06:21      15    0,00    0,00    0,00    0,00    0,00  100,00    0,00    0,00    0,00    0,00
14:06:21      16    0,00    0,00    0,00    0,00    0,00    0,00    0,00    0,00    0,00  100,00
14:06:21      17    0,00    0,00    0,00    0,00    0,00    0,00    0,00    0,00    0,00  100,00
14:06:21      18    0,00    0,00    0,00    0,00    0,00    0,00    0,00    0,00    0,00  100,00
14:06:21      19    0,00    0,00    1,00    0,00    0,00    0,00    0,00    0,00    0,00   99,00
14:06:21      20   10,00    0,00   16,00    0,00    0,00    0,00    0,00    0,00    0,00   74,00
14:06:21      21    0,00    0,00    0,00    0,00    0,00    0,00    0,00    0,00    0,00  100,00
14:06:21      22    1,00    0,00    0,00    0,00    0,00    0,00    0,00    0,00    0,00   99,00
14:06:21      23    0,00    0,00    0,00    0,00    0,00    0,00    0,00    0,00    0,00  100,00

14:06:21     CPU    %usr   %nice    %sys %iowait    %irq   %soft  %steal  %guest  %gnice   %idle
14:06:22     all    0,12    0,00    0,12    0,00    0,00   66,61    0,00    0,00    0,00   33,14
14:06:22       0    0,00    0,00    0,00    0,00    0,00  100,00    0,00    0,00    0,00    0,00
14:06:22       1    0,00    0,00    0,00    0,00    0,00  100,00    0,00    0,00    0,00    0,00
14:06:22       2    0,00    0,00    0,00    0,00    0,00  100,00    0,00    0,00    0,00    0,00
14:06:22       3    0,00    0,00    0,00    0,00    0,00  100,00    0,00    0,00    0,00    0,00
14:06:22       4    0,00    0,00    0,00    0,00    0,00  100,00    0,00    0,00    0,00    0,00
14:06:22       5    0,00    0,00    0,00    0,00    0,00  100,00    0,00    0,00    0,00    0,00
14:06:22       6    0,00    0,00    0,00    0,00    0,00  100,00    0,00    0,00    0,00    0,00
14:06:22       7    0,00    0,00    0,00    0,00    0,00  100,00    0,00    0,00    0,00    0,00
14:06:22       8    0,00    0,00    0,00    0,00    0,00  100,00    0,00    0,00    0,00    0,00
14:06:22       9    0,00    0,00    0,00    0,00    0,00  100,00    0,00    0,00    0,00    0,00
14:06:22      10    0,00    0,00    0,00    0,00    0,00  100,00    0,00    0,00    0,00    0,00
14:06:22      11    0,00    0,00    0,00    0,00    0,00  100,00    0,00    0,00    0,00    0,00
14:06:22      12    0,00    0,00    0,99    0,00    0,00   99,01    0,00    0,00    0,00    0,00
14:06:22      13    0,00    0,00    0,00    0,00    0,00  100,00    0,00    0,00    0,00    0,00
14:06:22      14    0,00    0,00    0,00    0,00    0,00  100,00    0,00    0,00    0,00    0,00
14:06:22      15    0,00    0,00    0,00    0,00    0,00  100,00    0,00    0,00    0,00    0,00
14:06:22      16    0,00    0,00    0,00    0,00    0,00    0,00    0,00    0,00    0,00  100,00
14:06:22      17    0,00    0,00    0,00    0,00    0,00    0,00    0,00    0,00    0,00  100,00
14:06:22      18    0,00    0,00    0,99    0,00    0,00    0,00    0,00    0,00    0,00   99,01
14:06:22      19    0,99    0,00    0,00    0,00    0,00    0,00    0,00    0,00    0,00   99,01
14:06:22      20    0,00    0,00    0,00    0,00    0,00    0,00    0,00    0,00    0,00  100,00
14:06:22      21    0,00    0,00    0,00    0,00    0,00    0,00    0,00    0,00    0,00  100,00
14:06:22      22    0,99    0,00    0,99    0,00    0,00    0,00    0,00    0,00    0,00   98,02
14:06:22      23    0,99    0,00    0,00    0,00    0,00    0,00    0,00    0,00    0,00   99,01

14:06:22     CPU    %usr   %nice    %sys %iowait    %irq   %soft  %steal  %guest  %gnice   %idle
14:06:23     all    0,12    0,00    0,08    0,00    0,00   66,64    0,00    0,00    0,00   33,15
14:06:23       0    0,00    0,00    0,00    0,00    0,00  100,00    0,00    0,00    0,00    0,00
14:06:23       1    0,00    0,00    0,00    0,00    0,00  100,00    0,00    0,00    0,00    0,00
14:06:23       2    0,00    0,00    0,00    0,00    0,00  100,00    0,00    0,00    0,00    0,00
14:06:23       3    0,00    0,00    0,00    0,00    0,00  100,00    0,00    0,00    0,00    0,00
14:06:23       4    0,00    0,00    0,00    0,00    0,00  100,00    0,00    0,00    0,00    0,00
14:06:23       5    0,00    0,00    0,00    0,00    0,00  100,00    0,00    0,00    0,00    0,00
14:06:23       6    0,00    0,00    0,00    0,00    0,00  100,00    0,00    0,00    0,00    0,00
14:06:23       7    0,00    0,00    0,00    0,00    0,00  100,00    0,00    0,00    0,00    0,00
14:06:23       8    0,00    0,00    0,00    0,00    0,00  100,00    0,00    0,00    0,00    0,00
14:06:23       9    0,00    0,00    0,00    0,00    0,00  100,00    0,00    0,00    0,00    0,00
14:06:23      10    0,00    0,00    0,00    0,00    0,00  100,00    0,00    0,00    0,00    0,00
14:06:23      11    0,00    0,00    0,00    0,00    0,00  100,00    0,00    0,00    0,00    0,00
14:06:23      12    0,00    0,00    0,00    0,00    0,00  100,00    0,00    0,00    0,00    0,00
14:06:23      13    0,00    0,00    0,00    0,00    0,00  100,00    0,00    0,00    0,00    0,00
14:06:23      14    0,00    0,00    0,00    0,00    0,00  100,00    0,00    0,00    0,00    0,00
14:06:23      15    0,00    0,00    0,00    0,00    0,00  100,00    0,00    0,00    0,00    0,00
14:06:23      16    0,00    0,00    0,00    0,00    0,00    0,00    0,00    0,00    0,00  100,00
14:06:23      17    0,00    0,00    0,00    0,00    0,00    0,00    0,00    0,00    0,00  100,00
14:06:23      18    0,00    0,00    0,00    0,00    0,00    0,00    0,00    0,00    0,00  100,00
14:06:23      19    0,00    0,00    0,00    0,00    0,00    0,00    0,00    0,00    0,00  100,00
14:06:23      20    0,99    0,00    0,00    0,00    0,00    0,00    0,00    0,00    0,00   99,01
14:06:23      21    0,00    0,00    0,00    0,00    0,00    0,00    0,00    0,00    0,00  100,00
14:06:23      22    1,96    0,00    0,98    0,00    0,00    0,00    0,00    0,00    0,00   97,06
14:06:23      23    0,00    0,00    1,00    0,00    0,00    0,00    0,00    0,00    0,00   99,00

14:06:23     CPU    %usr   %nice    %sys %iowait    %irq   %soft  %steal  %guest  %gnice   %idle
14:06:24     all    0,21    0,00    0,25    0,08    0,00   66,64    0,00    0,00    0,00   32,82
14:06:24       0    0,00    0,00    0,00    0,00    0,00  100,00    0,00    0,00    0,00    0,00
14:06:24       1    0,00    0,00    0,00    0,00    0,00  100,00    0,00    0,00    0,00    0,00
14:06:24       2    0,00    0,00    0,00    0,00    0,00  100,00    0,00    0,00    0,00    0,00
14:06:24       3    0,00    0,00    0,00    0,00    0,00  100,00    0,00    0,00    0,00    0,00
14:06:24       4    0,00    0,00    0,00    0,00    0,00  100,00    0,00    0,00    0,00    0,00
14:06:24       5    0,00    0,00    0,00    0,00    0,00  100,00    0,00    0,00    0,00    0,00
14:06:24       6    0,00    0,00    0,00    0,00    0,00  100,00    0,00    0,00    0,00    0,00
14:06:24       7    0,00    0,00    0,00    0,00    0,00  100,00    0,00    0,00    0,00    0,00
14:06:24       8    0,00    0,00    0,00    0,00    0,00  100,00    0,00    0,00    0,00    0,00
14:06:24       9    0,00    0,00    0,00    0,00    0,00  100,00    0,00    0,00    0,00    0,00
14:06:24      10    0,00    0,00    0,00    0,00    0,00  100,00    0,00    0,00    0,00    0,00
14:06:24      11    0,00    0,00    0,00    0,00    0,00  100,00    0,00    0,00    0,00    0,00
14:06:24      12    0,00    0,00    0,00    0,00    0,00  100,00    0,00    0,00    0,00    0,00
14:06:24      13    0,00    0,00    0,00    0,00    0,00  100,00    0,00    0,00    0,00    0,00
14:06:24      14    0,00    0,00    0,00    0,00    0,00  100,00    0,00    0,00    0,00    0,00
14:06:24      15    0,00    0,00    0,00    0,00    0,00  100,00    0,00    0,00    0,00    0,00
14:06:24      16    1,00    0,00    1,00    1,00    0,00    0,00    0,00    0,00    0,00   97,00
14:06:24      17    1,00    0,00    2,00    0,00    0,00    0,00    0,00    0,00    0,00   97,00
14:06:24      18    0,00    0,00    0,00    1,00    0,00    0,00    0,00    0,00    0,00   99,00
14:06:24      19    0,00    0,00    0,00    0,00    0,00    0,00    0,00    0,00    0,00  100,00
14:06:24      20    0,00    0,00    1,01    0,00    0,00    0,00    0,00    0,00    0,00   98,99
14:06:24      21    0,98    0,00    0,98    0,00    0,00    0,00    0,00    0,00    0,00   98,04
14:06:24      22    1,00    0,00    0,00    0,00    0,00    0,00    0,00    0,00    0,00   99,00
14:06:24      23    0,99    0,00    0,99    0,00    0,00    0,00    0,00    0,00    0,00   98,02

14:06:24     CPU    %usr   %nice    %sys %iowait    %irq   %soft  %steal  %guest  %gnice   %idle
14:06:25     all    0,00    0,00    0,08    0,00    0,00   66,78    0,00    0,00    0,00   33,14
14:06:25       0    0,00    0,00    0,00    0,00    0,00  100,00    0,00    0,00    0,00    0,00
14:06:25       1    0,00    0,00    0,00    0,00    0,00  100,00    0,00    0,00    0,00    0,00
14:06:25       2    0,00    0,00    0,00    0,00    0,00  100,00    0,00    0,00    0,00    0,00
14:06:25       3    0,00    0,00    0,00    0,00    0,00  100,00    0,00    0,00    0,00    0,00
14:06:25       4    0,00    0,00    0,00    0,00    0,00  100,00    0,00    0,00    0,00    0,00
14:06:25       5    0,00    0,00    0,00    0,00    0,00  100,00    0,00    0,00    0,00    0,00
14:06:25       6    0,00    0,00    0,00    0,00    0,00  100,00    0,00    0,00    0,00    0,00
14:06:25       7    0,00    0,00    0,00    0,00    0,00  100,00    0,00    0,00    0,00    0,00
14:06:25       8    0,00    0,00    0,00    0,00    0,00  100,00    0,00    0,00    0,00    0,00
14:06:25       9    0,00    0,00    0,99    0,00    0,00   99,01    0,00    0,00    0,00    0,00
14:06:25      10    0,00    0,00    0,00    0,00    0,00  100,00    0,00    0,00    0,00    0,00
14:06:25      11    0,00    0,00    0,00    0,00    0,00  100,00    0,00    0,00    0,00    0,00
14:06:25      12    0,00    0,00    0,00    0,00    0,00  100,00    0,00    0,00    0,00    0,00
14:06:25      13    0,00    0,00    0,00    0,00    0,00  100,00    0,00    0,00    0,00    0,00
14:06:25      14    0,00    0,00    0,00    0,00    0,00  100,00    0,00    0,00    0,00    0,00
14:06:25      15    0,00    0,00    0,00    0,00    0,00  100,00    0,00    0,00    0,00    0,00
14:06:25      16    0,00    0,00    0,00    0,00    0,00    0,00    0,00    0,00    0,00  100,00
14:06:25      17    0,00    0,00    1,01    0,00    0,00    0,00    0,00    0,00    0,00   98,99
14:06:25      18    0,00    0,00    0,00    0,00    0,00    0,00    0,00    0,00    0,00  100,00
14:06:25      19    0,00    0,00    0,00    0,00    0,00    0,00    0,00    0,00    0,00  100,00
14:06:25      20    0,00    0,00    0,00    0,00    0,00    0,00    0,00    0,00    0,00  100,00
14:06:25      21    0,00    0,00    0,00    0,00    0,00    0,00    0,00    0,00    0,00  100,00
14:06:25      22    0,00    0,00    0,00    0,00    0,00    0,00    0,00    0,00    0,00  100,00
14:06:25      23    0,00    0,00    0,00    0,00    0,00    0,00    0,00    0,00    0,00  100,00

14:06:25     CPU    %usr   %nice    %sys %iowait    %irq   %soft  %steal  %guest  %gnice   %idle
14:06:26     all    0,50    0,00    0,46    0,00    0,00   66,64    0,00    0,00    0,00   32,40
14:06:26       0    0,00    0,00    0,00    0,00    0,00  100,00    0,00    0,00    0,00    0,00
14:06:26       1    0,00    0,00    0,00    0,00    0,00  100,00    0,00    0,00    0,00    0,00
14:06:26       2    0,00    0,00    0,00    0,00    0,00  100,00    0,00    0,00    0,00    0,00
14:06:26       3    0,00    0,00    0,00    0,00    0,00  100,00    0,00    0,00    0,00    0,00
14:06:26       4    0,00    0,00    0,00    0,00    0,00  100,00    0,00    0,00    0,00    0,00
14:06:26       5    0,00    0,00    0,00    0,00    0,00  100,00    0,00    0,00    0,00    0,00
14:06:26       6    0,00    0,00    0,00    0,00    0,00  100,00    0,00    0,00    0,00    0,00
14:06:26       7    0,00    0,00    0,00    0,00    0,00  100,00    0,00    0,00    0,00    0,00
14:06:26       8    0,00    0,00    0,00    0,00    0,00  100,00    0,00    0,00    0,00    0,00
14:06:26       9    0,00    0,00    0,00    0,00    0,00  100,00    0,00    0,00    0,00    0,00
14:06:26      10    0,00    0,00    0,00    0,00    0,00  100,00    0,00    0,00    0,00    0,00
14:06:26      11    0,00    0,00    0,00    0,00    0,00  100,00    0,00    0,00    0,00    0,00
14:06:26      12    0,00    0,00    0,00    0,00    0,00  100,00    0,00    0,00    0,00    0,00
14:06:26      13    0,00    0,00    0,00    0,00    0,00  100,00    0,00    0,00    0,00    0,00
14:06:26      14    0,00    0,00    0,00    0,00    0,00  100,00    0,00    0,00    0,00    0,00
14:06:26      15    0,00    0,00    0,00    0,00    0,00  100,00    0,00    0,00    0,00    0,00
14:06:26      16    1,00    0,00    0,00    0,00    0,00    0,00    0,00    0,00    0,00   99,00
14:06:26      17    1,00    0,00    0,00    0,00    0,00    0,00    0,00    0,00    0,00   99,00
14:06:26      18    0,99    0,00    0,99    0,00    0,00    0,00    0,00    0,00    0,00   98,02
14:06:26      19    0,00    0,00    0,00    0,00    0,00    0,00    0,00    0,00    0,00  100,00
14:06:26      20    1,00    0,00    0,00    0,00    0,00    0,00    0,00    0,00    0,00   99,00
14:06:26      21    0,00    0,00    0,00    0,00    0,00    0,00    0,00    0,00    0,00  100,00
14:06:26      22    7,92    0,00    9,90    0,00    0,00    0,00    0,00    0,00    0,00   82,18
14:06:26      23    0,00    0,00    0,00    0,00    0,00    0,00    0,00    0,00    0,00  100,00

14:06:26     CPU    %usr   %nice    %sys %iowait    %irq   %soft  %steal  %guest  %gnice   %idle
14:06:27     all    0,08    0,00    0,04    0,00    0,00   66,67    0,00    0,00    0,00   33,21
14:06:27       0    0,00    0,00    0,00    0,00    0,00  100,00    0,00    0,00    0,00    0,00
14:06:27       1    0,00    0,00    0,00    0,00    0,00  100,00    0,00    0,00    0,00    0,00
14:06:27       2    0,00    0,00    0,00    0,00    0,00  100,00    0,00    0,00    0,00    0,00
14:06:27       3    0,00    0,00    0,00    0,00    0,00  100,00    0,00    0,00    0,00    0,00
14:06:27       4    0,00    0,00    0,00    0,00    0,00  100,00    0,00    0,00    0,00    0,00
14:06:27       5    0,00    0,00    0,00    0,00    0,00  100,00    0,00    0,00    0,00    0,00
14:06:27       6    0,00    0,00    0,00    0,00    0,00  100,00    0,00    0,00    0,00    0,00
14:06:27       7    0,00    0,00    0,00    0,00    0,00  100,00    0,00    0,00    0,00    0,00
14:06:27       8    0,00    0,00    0,00    0,00    0,00  100,00    0,00    0,00    0,00    0,00
14:06:27       9    0,00    0,00    0,00    0,00    0,00  100,00    0,00    0,00    0,00    0,00
14:06:27      10    0,00    0,00    0,00    0,00    0,00  100,00    0,00    0,00    0,00    0,00
14:06:27      11    0,00    0,00    0,00    0,00    0,00  100,00    0,00    0,00    0,00    0,00
14:06:27      12    0,00    0,00    0,00    0,00    0,00  100,00    0,00    0,00    0,00    0,00
14:06:27      13    0,00    0,00    0,00    0,00    0,00  100,00    0,00    0,00    0,00    0,00
14:06:27      14    0,00    0,00    0,00    0,00    0,00  100,00    0,00    0,00    0,00    0,00
14:06:27      15    0,00    0,00    0,00    0,00    0,00  100,00    0,00    0,00    0,00    0,00
14:06:27      16    0,00    0,00    0,00    0,00    0,00    0,00    0,00    0,00    0,00  100,00
14:06:27      17    1,96    0,00    0,98    0,00    0,00    0,00    0,00    0,00    0,00   97,06
14:06:27      18    0,00    0,00    0,00    0,00    0,00    0,00    0,00    0,00    0,00  100,00
14:06:27      19    0,00    0,00    0,00    0,00    0,00    0,00    0,00    0,00    0,00  100,00
14:06:27      20    0,00    0,00    0,00    0,00    0,00    0,00    0,00    0,00    0,00  100,00
14:06:27      21    0,00    0,00    0,00    0,00    0,00    0,00    0,00    0,00    0,00  100,00
14:06:27      22    0,00    0,00    0,00    0,00    0,00    0,00    0,00    0,00    0,00  100,00
14:06:27      23    0,00    0,00    0,00    0,00    0,00    0,00    0,00    0,00    0,00  100,00

14:06:27     CPU    %usr   %nice    %sys %iowait    %irq   %soft  %steal  %guest  %gnice   %idle
14:06:28     all    0,04    0,00    0,00    0,00    0,00   66,69    0,00    0,00    0,00   33,26
14:06:28       0    0,00    0,00    0,00    0,00    0,00  100,00    0,00    0,00    0,00    0,00
14:06:28       1    0,00    0,00    0,00    0,00    0,00  100,00    0,00    0,00    0,00    0,00
14:06:28       2    0,00    0,00    0,00    0,00    0,00  100,00    0,00    0,00    0,00    0,00
14:06:28       3    0,00    0,00    0,00    0,00    0,00  100,00    0,00    0,00    0,00    0,00
14:06:28       4    0,00    0,00    0,00    0,00    0,00  100,00    0,00    0,00    0,00    0,00
14:06:28       5    0,00    0,00    0,00    0,00    0,00  100,00    0,00    0,00    0,00    0,00
14:06:28       6    0,00    0,00    0,00    0,00    0,00  100,00    0,00    0,00    0,00    0,00
14:06:28       7    0,00    0,00    0,00    0,00    0,00  100,00    0,00    0,00    0,00    0,00
14:06:28       8    0,00    0,00    0,00    0,00    0,00  100,00    0,00    0,00    0,00    0,00
14:06:28       9    0,00    0,00    0,00    0,00    0,00  100,00    0,00    0,00    0,00    0,00
14:06:28      10    0,00    0,00    0,00    0,00    0,00  100,00    0,00    0,00    0,00    0,00
14:06:28      11    0,00    0,00    0,00    0,00    0,00  100,00    0,00    0,00    0,00    0,00
14:06:28      12    0,00    0,00    0,00    0,00    0,00  100,00    0,00    0,00    0,00    0,00
14:06:28      13    0,00    0,00    0,00    0,00    0,00  100,00    0,00    0,00    0,00    0,00
14:06:28      14    0,00    0,00    0,00    0,00    0,00  100,00    0,00    0,00    0,00    0,00
14:06:28      15    0,00    0,00    0,00    0,00    0,00  100,00    0,00    0,00    0,00    0,00
14:06:28      16    0,00    0,00    0,00    0,00    0,00    0,00    0,00    0,00    0,00  100,00
14:06:28      17    1,00    0,00    0,00    0,00    0,00    0,00    0,00    0,00    0,00   99,00
14:06:28      18    0,00    0,00    0,00    0,00    0,00    0,00    0,00    0,00    0,00  100,00
14:06:28      19    0,00    0,00    0,00    0,00    0,00    0,00    0,00    0,00    0,00  100,00
14:06:28      20    0,00    0,00    0,00    0,00    0,00    0,00    0,00    0,00    0,00  100,00
14:06:28      21    0,00    0,00    0,00    0,00    0,00    0,00    0,00    0,00    0,00  100,00
14:06:28      22    0,00    0,00    0,00    0,00    0,00    0,00    0,00    0,00    0,00  100,00
14:06:28      23    0,00    0,00    0,00    0,00    0,00    0,00    0,00    0,00    0,00  100,00

14:06:28     CPU    %usr   %nice    %sys %iowait    %irq   %soft  %steal  %guest  %gnice   %idle
14:06:29     all    0,08    0,00    0,13    0,08    0,00   66,75    0,00    0,00    0,00   32,96
14:06:29       0    0,00    0,00    0,00    0,00    0,00  100,00    0,00    0,00    0,00    0,00
14:06:29       1    0,00    0,00    0,00    0,00    0,00  100,00    0,00    0,00    0,00    0,00
14:06:29       2    0,00    0,00    0,00    0,00    0,00  100,00    0,00    0,00    0,00    0,00
14:06:29       3    0,00    0,00    0,00    0,00    0,00  100,00    0,00    0,00    0,00    0,00
14:06:29       4    0,00    0,00    0,00    0,00    0,00  100,00    0,00    0,00    0,00    0,00
14:06:29       5    0,00    0,00    0,00    0,00    0,00  100,00    0,00    0,00    0,00    0,00
14:06:29       6    0,00    0,00    0,00    0,00    0,00  100,00    0,00    0,00    0,00    0,00
14:06:29       7    0,00    0,00    0,00    0,00    0,00  100,00    0,00    0,00    0,00    0,00
14:06:29       8    0,00    0,00    0,00    0,00    0,00  100,00    0,00    0,00    0,00    0,00
14:06:29       9    0,00    0,00    0,00    0,00    0,00  100,00    0,00    0,00    0,00    0,00
14:06:29      10    0,00    0,00    0,00    0,00    0,00  100,00    0,00    0,00    0,00    0,00
14:06:29      11    0,00    0,00    0,00    0,00    0,00  100,00    0,00    0,00    0,00    0,00
14:06:29      12    0,00    0,00    0,00    0,00    0,00  100,00    0,00    0,00    0,00    0,00
14:06:29      13    0,00    0,00    0,00    0,00    0,00  100,00    0,00    0,00    0,00    0,00
14:06:29      14    0,00    0,00    0,00    0,00    0,00  100,00    0,00    0,00    0,00    0,00
14:06:29      15    0,00    0,00    0,00    0,00    0,00  100,00    0,00    0,00    0,00    0,00
14:06:29      16    0,00    0,00    0,00    0,00    0,00    0,00    0,00    0,00    0,00  100,00
14:06:29      17    1,00    0,00    0,00    0,00    0,00    0,00    0,00    0,00    0,00   99,00
14:06:29      18    0,00    0,00    0,00    2,02    0,00    0,00    0,00    0,00    0,00   97,98
14:06:29      19    1,00    0,00    1,00    0,00    0,00    0,00    0,00    0,00    0,00   98,00
14:06:29      20    0,00    0,00    0,00    0,00    0,00    0,00    0,00    0,00    0,00  100,00
14:06:29      21    0,00    0,00    0,99    0,00    0,00    0,00    0,00    0,00    0,00   99,01
14:06:29      22    0,00    0,00    1,00    0,00    0,00    0,00    0,00    0,00    0,00   99,00
14:06:29      23    0,00    0,00    0,00    0,00    0,00    0,00    0,00    0,00    0,00  100,00

14:06:29     CPU    %usr   %nice    %sys %iowait    %irq   %soft  %steal  %guest  %gnice   %idle
14:06:30     all    0,08    0,00    0,12    0,00    0,00   66,67    0,00    0,00    0,00   33,12
14:06:30       0    0,00    0,00    0,00    0,00    0,00  100,00    0,00    0,00    0,00    0,00
14:06:30       1    0,00    0,00    0,00    0,00    0,00  100,00    0,00    0,00    0,00    0,00
14:06:30       2    0,00    0,00    0,00    0,00    0,00  100,00    0,00    0,00    0,00    0,00
14:06:30       3    0,00    0,00    0,00    0,00    0,00  100,00    0,00    0,00    0,00    0,00
14:06:30       4    0,00    0,00    0,00    0,00    0,00  100,00    0,00    0,00    0,00    0,00
14:06:30       5    0,00    0,00    0,00    0,00    0,00  100,00    0,00    0,00    0,00    0,00
14:06:30       6    0,00    0,00    0,00    0,00    0,00  100,00    0,00    0,00    0,00    0,00
14:06:30       7    0,00    0,00    0,00    0,00    0,00  100,00    0,00    0,00    0,00    0,00
14:06:30       8    0,00    0,00    0,00    0,00    0,00  100,00    0,00    0,00    0,00    0,00
14:06:30       9    0,00    0,00    0,00    0,00    0,00  100,00    0,00    0,00    0,00    0,00
14:06:30      10    0,00    0,00    0,00    0,00    0,00  100,00    0,00    0,00    0,00    0,00
14:06:30      11    0,00    0,00    0,00    0,00    0,00  100,00    0,00    0,00    0,00    0,00
14:06:30      12    0,00    0,00    0,00    0,00    0,00  100,00    0,00    0,00    0,00    0,00
14:06:30      13    0,00    0,00    0,00    0,00    0,00  100,00    0,00    0,00    0,00    0,00
14:06:30      14    0,00    0,00    0,00    0,00    0,00  100,00    0,00    0,00    0,00    0,00
14:06:30      15    0,00    0,00    0,00    0,00    0,00  100,00    0,00    0,00    0,00    0,00
14:06:30      16    0,00    0,00    0,00    0,00    0,00    0,00    0,00    0,00    0,00  100,00
14:06:30      17    1,00    0,00    1,00    0,00    0,00    0,00    0,00    0,00    0,00   98,00
14:06:30      18    0,99    0,00    0,00    0,00    0,00    0,00    0,00    0,00    0,00   99,01
14:06:30      19    0,00    0,00    0,99    0,00    0,00    0,00    0,00    0,00    0,00   99,01
14:06:30      20    0,00    0,00    0,99    0,00    0,00    0,00    0,00    0,00    0,00   99,01
14:06:30      21    0,00    0,00    0,00    0,00    0,00    0,00    0,00    0,00    0,00  100,00
14:06:30      22    0,00    0,00    0,00    0,00    0,00    0,00    0,00    0,00    0,00  100,00
14:06:30      23    0,00    0,00    0,00    0,00    0,00    0,00    0,00    0,00    0,00  100,00

14:06:30     CPU    %usr   %nice    %sys %iowait    %irq   %soft  %steal  %guest  %gnice   %idle
14:06:31     all    0,00    0,00    0,08    0,00    0,00   66,64    0,00    0,00    0,00   33,28
14:06:31       0    0,00    0,00    0,00    0,00    0,00  100,00    0,00    0,00    0,00    0,00
14:06:31       1    0,00    0,00    0,00    0,00    0,00  100,00    0,00    0,00    0,00    0,00
14:06:31       2    0,00    0,00    0,00    0,00    0,00  100,00    0,00    0,00    0,00    0,00
14:06:31       3    0,00    0,00    0,00    0,00    0,00  100,00    0,00    0,00    0,00    0,00
14:06:31       4    0,00    0,00    0,00    0,00    0,00  100,00    0,00    0,00    0,00    0,00
14:06:31       5    0,00    0,00    0,00    0,00    0,00  100,00    0,00    0,00    0,00    0,00
14:06:31       6    0,00    0,00    0,00    0,00    0,00  100,00    0,00    0,00    0,00    0,00
14:06:31       7    0,00    0,00    0,00    0,00    0,00  100,00    0,00    0,00    0,00    0,00
14:06:31       8    0,00    0,00    0,00    0,00    0,00  100,00    0,00    0,00    0,00    0,00
14:06:31       9    0,00    0,00    0,00    0,00    0,00  100,00    0,00    0,00    0,00    0,00
14:06:31      10    0,00    0,00    0,00    0,00    0,00  100,00    0,00    0,00    0,00    0,00
14:06:31      11    0,00    0,00    0,00    0,00    0,00  100,00    0,00    0,00    0,00    0,00
14:06:31      12    0,00    0,00    0,00    0,00    0,00  100,00    0,00    0,00    0,00    0,00
14:06:31      13    0,00    0,00    0,00    0,00    0,00  100,00    0,00    0,00    0,00    0,00
14:06:31      14    0,00    0,00    0,00    0,00    0,00  100,00    0,00    0,00    0,00    0,00
14:06:31      15    0,00    0,00    0,00    0,00    0,00  100,00    0,00    0,00    0,00    0,00
14:06:31      16    0,00    0,00    0,99    0,00    0,00    0,00    0,00    0,00    0,00   99,01
14:06:31      17    0,00    0,00    0,00    0,00    0,00    0,00    0,00    0,00    0,00  100,00
14:06:31      18    0,00    0,00    1,00    0,00    0,00    0,00    0,00    0,00    0,00   99,00
14:06:31      19    0,00    0,00    0,00    0,00    0,00    0,00    0,00    0,00    0,00  100,00
14:06:31      20    0,00    0,00    0,00    0,00    0,00    0,00    0,00    0,00    0,00  100,00
14:06:31      21    0,00    0,00    0,00    0,00    0,00    0,00    0,00    0,00    0,00  100,00
14:06:31      22    0,00    0,00    0,00    0,00    0,00    0,00    0,00    0,00    0,00  100,00
14:06:31      23    0,00    0,00    0,00    0,00    0,00    0,00    0,00    0,00    0,00  100,00

14:06:31     CPU    %usr   %nice    %sys %iowait    %irq   %soft  %steal  %guest  %gnice   %idle
14:06:32     all    0,17    0,00    0,00    0,00    0,00   66,64    0,00    0,00    0,00   33,19
14:06:32       0    0,00    0,00    0,00    0,00    0,00  100,00    0,00    0,00    0,00    0,00
14:06:32       1    0,00    0,00    0,00    0,00    0,00  100,00    0,00    0,00    0,00    0,00
14:06:32       2    0,00    0,00    0,00    0,00    0,00  100,00    0,00    0,00    0,00    0,00
14:06:32       3    0,00    0,00    0,00    0,00    0,00  100,00    0,00    0,00    0,00    0,00
14:06:32       4    0,00    0,00    0,00    0,00    0,00  100,00    0,00    0,00    0,00    0,00
14:06:32       5    0,00    0,00    0,00    0,00    0,00  100,00    0,00    0,00    0,00    0,00
14:06:32       6    0,00    0,00    0,00    0,00    0,00  100,00    0,00    0,00    0,00    0,00
14:06:32       7    0,00    0,00    0,00    0,00    0,00  100,00    0,00    0,00    0,00    0,00
14:06:32       8    0,00    0,00    0,00    0,00    0,00  100,00    0,00    0,00    0,00    0,00
14:06:32       9    0,00    0,00    0,00    0,00    0,00  100,00    0,00    0,00    0,00    0,00
14:06:32      10    0,00    0,00    0,00    0,00    0,00  100,00    0,00    0,00    0,00    0,00
14:06:32      11    0,00    0,00    0,00    0,00    0,00  100,00    0,00    0,00    0,00    0,00
14:06:32      12    0,00    0,00    0,00    0,00    0,00  100,00    0,00    0,00    0,00    0,00
14:06:32      13    0,00    0,00    0,00    0,00    0,00  100,00    0,00    0,00    0,00    0,00
14:06:32      14    0,00    0,00    0,00    0,00    0,00  100,00    0,00    0,00    0,00    0,00
14:06:32      15    0,00    0,00    0,00    0,00    0,00  100,00    0,00    0,00    0,00    0,00
14:06:32      16    1,00    0,00    0,00    0,00    0,00    0,00    0,00    0,00    0,00   99,00
14:06:32      17    0,00    0,00    0,00    0,00    0,00    0,00    0,00    0,00    0,00  100,00
14:06:32      18    1,98    0,00    0,00    0,00    0,00    0,00    0,00    0,00    0,00   98,02
14:06:32      19    0,00    0,00    0,00    0,00    0,00    0,00    0,00    0,00    0,00  100,00
14:06:32      20    0,00    0,00    0,00    0,00    0,00    0,00    0,00    0,00    0,00  100,00
14:06:32      21    0,99    0,00    0,00    0,00    0,00    0,00    0,00    0,00    0,00   99,01
14:06:32      22    0,00    0,00    0,00    0,00    0,00    0,00    0,00    0,00    0,00  100,00
14:06:32      23    0,00    0,00    0,00    0,00    0,00    0,00    0,00    0,00    0,00  100,00

14:06:32     CPU    %usr   %nice    %sys %iowait    %irq   %soft  %steal  %guest  %gnice   %idle
14:06:33     all    0,04    0,00    0,04    0,00    0,00   66,68    0,00    0,00    0,00   33,24
14:06:33       0    0,00    0,00    0,00    0,00    0,00  100,00    0,00    0,00    0,00    0,00
14:06:33       1    0,00    0,00    0,00    0,00    0,00  100,00    0,00    0,00    0,00    0,00
14:06:33       2    0,00    0,00    0,00    0,00    0,00  100,00    0,00    0,00    0,00    0,00
14:06:33       3    0,00    0,00    0,00    0,00    0,00  100,00    0,00    0,00    0,00    0,00
14:06:33       4    0,00    0,00    0,00    0,00    0,00  100,00    0,00    0,00    0,00    0,00
14:06:33       5    0,00    0,00    0,00    0,00    0,00  100,00    0,00    0,00    0,00    0,00
14:06:33       6    0,00    0,00    0,00    0,00    0,00  100,00    0,00    0,00    0,00    0,00
14:06:33       7    0,00    0,00    0,00    0,00    0,00  100,00    0,00    0,00    0,00    0,00
14:06:33       8    0,00    0,00    0,00    0,00    0,00  100,00    0,00    0,00    0,00    0,00
14:06:33       9    0,00    0,00    0,00    0,00    0,00  100,00    0,00    0,00    0,00    0,00
14:06:33      10    0,00    0,00    0,00    0,00    0,00  100,00    0,00    0,00    0,00    0,00
14:06:33      11    0,00    0,00    0,00    0,00    0,00  100,00    0,00    0,00    0,00    0,00
14:06:33      12    0,00    0,00    0,00    0,00    0,00  100,00    0,00    0,00    0,00    0,00
14:06:33      13    0,00    0,00    0,00    0,00    0,00  100,00    0,00    0,00    0,00    0,00
14:06:33      14    0,00    0,00    0,00    0,00    0,00  100,00    0,00    0,00    0,00    0,00
14:06:33      15    0,00    0,00    0,00    0,00    0,00  100,00    0,00    0,00    0,00    0,00
14:06:33      16    0,00    0,00    0,00    0,00    0,00    0,00    0,00    0,00    0,00  100,00
14:06:33      17    1,00    0,00    1,00    0,00    0,00    0,00    0,00    0,00    0,00   98,00
14:06:33      18    0,00    0,00    0,00    0,00    0,00    0,00    0,00    0,00    0,00  100,00
14:06:33      19    0,00    0,00    0,00    0,00    0,00    0,00    0,00    0,00    0,00  100,00
14:06:33      20    0,00    0,00    0,00    0,00    0,00    0,00    0,00    0,00    0,00  100,00
14:06:33      21    0,00    0,00    0,00    0,00    0,00    0,00    0,00    0,00    0,00  100,00
14:06:33      22    0,00    0,00    0,00    0,00    0,00    0,00    0,00    0,00    0,00  100,00
14:06:33      23    0,00    0,00    0,00    0,00    0,00    0,00    0,00    0,00    0,00  100,00

14:06:33     CPU    %usr   %nice    %sys %iowait    %irq   %soft  %steal  %guest  %gnice   %idle
14:06:34     all    0,04    0,00    0,00    0,08    0,00   66,69    0,00    0,00    0,00   33,18
14:06:34       0    0,00    0,00    0,00    0,00    0,00  100,00    0,00    0,00    0,00    0,00
14:06:34       1    0,00    0,00    0,00    0,00    0,00  100,00    0,00    0,00    0,00    0,00
14:06:34       2    0,00    0,00    0,00    0,00    0,00  100,00    0,00    0,00    0,00    0,00
14:06:34       3    0,00    0,00    0,00    0,00    0,00  100,00    0,00    0,00    0,00    0,00
14:06:34       4    0,00    0,00    0,00    0,00    0,00  100,00    0,00    0,00    0,00    0,00
14:06:34       5    0,00    0,00    0,00    0,00    0,00  100,00    0,00    0,00    0,00    0,00
14:06:34       6    0,00    0,00    0,00    0,00    0,00  100,00    0,00    0,00    0,00    0,00
14:06:34       7    0,00    0,00    0,00    0,00    0,00  100,00    0,00    0,00    0,00    0,00
14:06:34       8    0,00    0,00    0,00    0,00    0,00  100,00    0,00    0,00    0,00    0,00
14:06:34       9    0,00    0,00    0,00    0,00    0,00  100,00    0,00    0,00    0,00    0,00
14:06:34      10    0,00    0,00    0,00    0,00    0,00  100,00    0,00    0,00    0,00    0,00
14:06:34      11    0,00    0,00    0,00    0,00    0,00  100,00    0,00    0,00    0,00    0,00
14:06:34      12    0,00    0,00    0,00    0,00    0,00  100,00    0,00    0,00    0,00    0,00
14:06:34      13    0,00    0,00    0,00    0,00    0,00  100,00    0,00    0,00    0,00    0,00
14:06:34      14    0,00    0,00    0,00    0,00    0,00  100,00    0,00    0,00    0,00    0,00
14:06:34      15    0,00    0,00    0,00    0,00    0,00  100,00    0,00    0,00    0,00    0,00
14:06:34      16    0,00    0,00    0,00    0,00    0,00    0,00    0,00    0,00    0,00  100,00
14:06:34      17    0,99    0,00    0,00    0,99    0,00    0,00    0,00    0,00    0,00   98,02
14:06:34      18    0,00    0,00    0,00    1,01    0,00    0,00    0,00    0,00    0,00   98,99
14:06:34      19    0,00    0,00    0,00    0,00    0,00    0,00    0,00    0,00    0,00  100,00
14:06:34      20    0,00    0,00    0,00    0,00    0,00    0,00    0,00    0,00    0,00  100,00
14:06:34      21    0,00    0,00    0,00    0,00    0,00    0,00    0,00    0,00    0,00  100,00
14:06:34      22    0,00    0,00    0,00    0,00    0,00    0,00    0,00    0,00    0,00  100,00
14:06:34      23    0,00    0,00    0,00    0,00    0,00    0,00    0,00    0,00    0,00  100,00

14:06:34     CPU    %usr   %nice    %sys %iowait    %irq   %soft  %steal  %guest  %gnice   %idle
14:06:35     all    0,12    0,00    0,00    0,00    0,00   66,67    0,00    0,00    0,00   33,21
14:06:35       0    0,00    0,00    0,00    0,00    0,00  100,00    0,00    0,00    0,00    0,00
14:06:35       1    0,00    0,00    0,00    0,00    0,00  100,00    0,00    0,00    0,00    0,00
14:06:35       2    0,00    0,00    0,00    0,00    0,00  100,00    0,00    0,00    0,00    0,00
14:06:35       3    0,00    0,00    0,00    0,00    0,00  100,00    0,00    0,00    0,00    0,00
14:06:35       4    0,00    0,00    0,00    0,00    0,00  100,00    0,00    0,00    0,00    0,00
14:06:35       5    0,00    0,00    0,00    0,00    0,00  100,00    0,00    0,00    0,00    0,00
14:06:35       6    0,00    0,00    0,00    0,00    0,00  100,00    0,00    0,00    0,00    0,00
14:06:35       7    0,00    0,00    0,00    0,00    0,00  100,00    0,00    0,00    0,00    0,00
14:06:35       8    0,00    0,00    0,00    0,00    0,00  100,00    0,00    0,00    0,00    0,00
14:06:35       9    0,00    0,00    0,00    0,00    0,00  100,00    0,00    0,00    0,00    0,00
14:06:35      10    0,00    0,00    0,00    0,00    0,00  100,00    0,00    0,00    0,00    0,00
14:06:35      11    0,00    0,00    0,00    0,00    0,00  100,00    0,00    0,00    0,00    0,00
14:06:35      12    0,00    0,00    0,00    0,00    0,00  100,00    0,00    0,00    0,00    0,00
14:06:35      13    0,00    0,00    0,00    0,00    0,00  100,00    0,00    0,00    0,00    0,00
14:06:35      14    0,00    0,00    0,00    0,00    0,00  100,00    0,00    0,00    0,00    0,00
14:06:35      15    0,00    0,00    0,00    0,00    0,00  100,00    0,00    0,00    0,00    0,00
14:06:35      16    0,00    0,00    0,00    0,00    0,00    0,00    0,00    0,00    0,00  100,00
14:06:35      17    0,99    0,00    0,00    0,00    0,00    0,00    0,00    0,00    0,00   99,01
14:06:35      18    1,01    0,00    0,00    0,00    0,00    0,00    0,00    0,00    0,00   98,99
14:06:35      19    0,99    0,00    0,00    0,00    0,00    0,00    0,00    0,00    0,00   99,01
14:06:35      20    0,00    0,00    0,00    0,00    0,00    0,00    0,00    0,00    0,00  100,00
14:06:35      21    0,00    0,00    0,00    0,00    0,00    0,00    0,00    0,00    0,00  100,00
14:06:35      22    0,00    0,00    0,00    0,00    0,00    0,00    0,00    0,00    0,00  100,00
14:06:35      23    0,00    0,00    0,00    0,00    0,00    0,00    0,00    0,00    0,00  100,00

14:06:35     CPU    %usr   %nice    %sys %iowait    %irq   %soft  %steal  %guest  %gnice   %idle
14:06:36     all    0,04    0,00    0,00    0,00    0,00   66,69    0,00    0,00    0,00   33,26
14:06:36       0    0,00    0,00    0,00    0,00    0,00  100,00    0,00    0,00    0,00    0,00
14:06:36       1    0,00    0,00    0,00    0,00    0,00  100,00    0,00    0,00    0,00    0,00
14:06:36       2    0,00    0,00    0,00    0,00    0,00  100,00    0,00    0,00    0,00    0,00
14:06:36       3    0,00    0,00    0,00    0,00    0,00  100,00    0,00    0,00    0,00    0,00
14:06:36       4    0,00    0,00    0,00    0,00    0,00  100,00    0,00    0,00    0,00    0,00
14:06:36       5    0,00    0,00    0,00    0,00    0,00  100,00    0,00    0,00    0,00    0,00
14:06:36       6    0,00    0,00    0,00    0,00    0,00  100,00    0,00    0,00    0,00    0,00
14:06:36       7    0,00    0,00    0,00    0,00    0,00  100,00    0,00    0,00    0,00    0,00
14:06:36       8    0,00    0,00    0,00    0,00    0,00  100,00    0,00    0,00    0,00    0,00
14:06:36       9    0,00    0,00    0,00    0,00    0,00  100,00    0,00    0,00    0,00    0,00
14:06:36      10    0,00    0,00    0,00    0,00    0,00  100,00    0,00    0,00    0,00    0,00
14:06:36      11    0,00    0,00    0,00    0,00    0,00  100,00    0,00    0,00    0,00    0,00
14:06:36      12    0,00    0,00    0,00    0,00    0,00  100,00    0,00    0,00    0,00    0,00
14:06:36      13    0,00    0,00    0,00    0,00    0,00  100,00    0,00    0,00    0,00    0,00
14:06:36      14    0,00    0,00    0,00    0,00    0,00  100,00    0,00    0,00    0,00    0,00
14:06:36      15    0,00    0,00    0,00    0,00    0,00  100,00    0,00    0,00    0,00    0,00
14:06:36      16    0,00    0,00    0,00    0,00    0,00    0,00    0,00    0,00    0,00  100,00
14:06:36      17    1,00    0,00    0,00    0,00    0,00    0,00    0,00    0,00    0,00   99,00
14:06:36      18    0,00    0,00    0,00    0,00    0,00    0,00    0,00    0,00    0,00  100,00
14:06:36      19    0,00    0,00    0,00    0,00    0,00    0,00    0,00    0,00    0,00  100,00
14:06:36      20    0,00    0,00    0,00    0,00    0,00    0,00    0,00    0,00    0,00  100,00
14:06:36      21    0,00    0,00    0,00    0,00    0,00    0,00    0,00    0,00    0,00  100,00
14:06:36      22    0,00    0,00    0,00    0,00    0,00    0,00    0,00    0,00    0,00  100,00
14:06:36      23    0,00    0,00    0,00    0,00    0,00    0,00    0,00    0,00    0,00  100,00

14:06:36     CPU    %usr   %nice    %sys %iowait    %irq   %soft  %steal  %guest  %gnice   %idle
14:06:37     all    0,00    0,00    0,00    0,00    0,00   66,72    0,00    0,00    0,00   33,28
14:06:37       0    0,00    0,00    0,00    0,00    0,00  100,00    0,00    0,00    0,00    0,00
14:06:37       1    0,00    0,00    0,00    0,00    0,00  100,00    0,00    0,00    0,00    0,00
14:06:37       2    0,00    0,00    0,00    0,00    0,00  100,00    0,00    0,00    0,00    0,00
14:06:37       3    0,00    0,00    0,00    0,00    0,00  100,00    0,00    0,00    0,00    0,00
14:06:37       4    0,00    0,00    0,00    0,00    0,00  100,00    0,00    0,00    0,00    0,00
14:06:37       5    0,00    0,00    0,00    0,00    0,00  100,00    0,00    0,00    0,00    0,00
14:06:37       6    0,00    0,00    0,00    0,00    0,00  100,00    0,00    0,00    0,00    0,00
14:06:37       7    0,00    0,00    0,00    0,00    0,00  100,00    0,00    0,00    0,00    0,00
14:06:37       8    0,00    0,00    0,00    0,00    0,00  100,00    0,00    0,00    0,00    0,00
14:06:37       9    0,00    0,00    0,00    0,00    0,00  100,00    0,00    0,00    0,00    0,00
14:06:37      10    0,00    0,00    0,00    0,00    0,00  100,00    0,00    0,00    0,00    0,00
14:06:37      11    0,00    0,00    0,00    0,00    0,00  100,00    0,00    0,00    0,00    0,00
14:06:37      12    0,00    0,00    0,00    0,00    0,00  100,00    0,00    0,00    0,00    0,00
14:06:37      13    0,00    0,00    0,00    0,00    0,00  100,00    0,00    0,00    0,00    0,00
14:06:37      14    0,00    0,00    0,00    0,00    0,00  100,00    0,00    0,00    0,00    0,00
14:06:37      15    0,00    0,00    0,00    0,00    0,00  100,00    0,00    0,00    0,00    0,00
14:06:37      16    0,00    0,00    0,00    0,00    0,00    0,00    0,00    0,00    0,00  100,00
14:06:37      17    0,00    0,00    0,00    0,00    0,00    0,00    0,00    0,00    0,00  100,00
14:06:37      18    0,00    0,00    0,00    0,00    0,00    0,00    0,00    0,00    0,00  100,00
14:06:37      19    0,00    0,00    0,00    0,00    0,00    0,00    0,00    0,00    0,00  100,00
14:06:37      20    0,00    0,00    0,00    0,00    0,00    0,00    0,00    0,00    0,00  100,00
14:06:37      21    0,00    0,00    0,00    0,00    0,00    0,00    0,00    0,00    0,00  100,00
14:06:37      22    0,00    0,00    0,00    0,00    0,00    0,00    0,00    0,00    0,00  100,00
14:06:37      23    0,00    0,00    0,00    0,00    0,00    0,00    0,00    0,00    0,00  100,00

14:06:37     CPU    %usr   %nice    %sys %iowait    %irq   %soft  %steal  %guest  %gnice   %idle
14:06:38     all    0,08    0,00    0,12    0,00    0,00   66,67    0,00    0,00    0,00   33,12
14:06:38       0    0,00    0,00    0,00    0,00    0,00  100,00    0,00    0,00    0,00    0,00
14:06:38       1    0,00    0,00    0,00    0,00    0,00  100,00    0,00    0,00    0,00    0,00
14:06:38       2    0,00    0,00    0,00    0,00    0,00  100,00    0,00    0,00    0,00    0,00
14:06:38       3    0,00    0,00    0,00    0,00    0,00  100,00    0,00    0,00    0,00    0,00
14:06:38       4    0,00    0,00    0,00    0,00    0,00  100,00    0,00    0,00    0,00    0,00
14:06:38       5    0,00    0,00    0,00    0,00    0,00  100,00    0,00    0,00    0,00    0,00
14:06:38       6    0,00    0,00    0,00    0,00    0,00  100,00    0,00    0,00    0,00    0,00
14:06:38       7    0,00    0,00    0,00    0,00    0,00  100,00    0,00    0,00    0,00    0,00
14:06:38       8    0,00    0,00    0,00    0,00    0,00  100,00    0,00    0,00    0,00    0,00
14:06:38       9    0,00    0,00    0,00    0,00    0,00  100,00    0,00    0,00    0,00    0,00
14:06:38      10    0,00    0,00    0,00    0,00    0,00  100,00    0,00    0,00    0,00    0,00
14:06:38      11    0,00    0,00    0,00    0,00    0,00  100,00    0,00    0,00    0,00    0,00
14:06:38      12    0,00    0,00    0,00    0,00    0,00  100,00    0,00    0,00    0,00    0,00
14:06:38      13    0,00    0,00    0,00    0,00    0,00  100,00    0,00    0,00    0,00    0,00
14:06:38      14    0,00    0,00    0,00    0,00    0,00  100,00    0,00    0,00    0,00    0,00
14:06:38      15    0,00    0,00    0,00    0,00    0,00  100,00    0,00    0,00    0,00    0,00
14:06:38      16    0,00    0,00    0,00    0,00    0,00    0,00    0,00    0,00    0,00  100,00
14:06:38      17    0,00    0,00    1,00    0,00    0,00    0,00    0,00    0,00    0,00   99,00
14:06:38      18    1,00    0,00    0,00    0,00    0,00    0,00    0,00    0,00    0,00   99,00
14:06:38      19    0,00    0,00    1,00    0,00    0,00    0,00    0,00    0,00    0,00   99,00
14:06:38      20    1,00    0,00    0,00    0,00    0,00    0,00    0,00    0,00    0,00   99,00
14:06:38      21    0,00    0,00    1,00    0,00    0,00    0,00    0,00    0,00    0,00   99,00
14:06:38      22    0,00    0,00    0,00    0,00    0,00    0,00    0,00    0,00    0,00  100,00
14:06:38      23    0,00    0,00    0,00    0,00    0,00    0,00    0,00    0,00    0,00  100,00

14:06:38     CPU    %usr   %nice    %sys %iowait    %irq   %soft  %steal  %guest  %gnice   %idle
14:06:39     all    0,04    0,00    0,04    0,12    0,00   66,64    0,00    0,00    0,00   33,15
14:06:39       0    0,00    0,00    0,00    0,00    0,00  100,00    0,00    0,00    0,00    0,00
14:06:39       1    0,00    0,00    0,00    0,00    0,00  100,00    0,00    0,00    0,00    0,00
14:06:39       2    0,00    0,00    0,00    0,00    0,00  100,00    0,00    0,00    0,00    0,00
14:06:39       3    0,00    0,00    0,00    0,00    0,00  100,00    0,00    0,00    0,00    0,00
14:06:39       4    0,00    0,00    0,00    0,00    0,00  100,00    0,00    0,00    0,00    0,00
14:06:39       5    0,00    0,00    0,00    0,00    0,00  100,00    0,00    0,00    0,00    0,00
14:06:39       6    0,00    0,00    0,00    0,00    0,00  100,00    0,00    0,00    0,00    0,00
14:06:39       7    0,00    0,00    0,00    0,00    0,00  100,00    0,00    0,00    0,00    0,00
14:06:39       8    0,00    0,00    0,00    0,00    0,00  100,00    0,00    0,00    0,00    0,00
14:06:39       9    0,00    0,00    0,00    0,00    0,00  100,00    0,00    0,00    0,00    0,00
14:06:39      10    0,00    0,00    0,00    0,00    0,00  100,00    0,00    0,00    0,00    0,00
14:06:39      11    0,00    0,00    0,00    0,00    0,00  100,00    0,00    0,00    0,00    0,00
14:06:39      12    0,00    0,00    0,00    0,00    0,00  100,00    0,00    0,00    0,00    0,00
14:06:39      13    0,00    0,00    0,00    0,00    0,00  100,00    0,00    0,00    0,00    0,00
14:06:39      14    0,00    0,00    0,00    0,00    0,00  100,00    0,00    0,00    0,00    0,00
14:06:39      15    0,00    0,00    0,00    0,00    0,00  100,00    0,00    0,00    0,00    0,00
14:06:39      16    0,00    0,00    0,00    1,01    0,00    0,00    0,00    0,00    0,00   98,99
14:06:39      17    1,00    0,00    0,00    0,00    0,00    0,00    0,00    0,00    0,00   99,00
14:06:39      18    0,00    0,00    0,98    1,96    0,00    0,00    0,00    0,00    0,00   97,06
14:06:39      19    0,00    0,00    0,00    0,00    0,00    0,00    0,00    0,00    0,00  100,00
14:06:39      20    0,00    0,00    0,00    0,00    0,00    0,00    0,00    0,00    0,00  100,00
14:06:39      21    0,00    0,00    0,00    0,00    0,00    0,00    0,00    0,00    0,00  100,00
14:06:39      22    0,00    0,00    0,00    0,00    0,00    0,00    0,00    0,00    0,00  100,00
14:06:39      23    0,00    0,00    0,00    0,00    0,00    0,00    0,00    0,00    0,00  100,00

14:06:39     CPU    %usr   %nice    %sys %iowait    %irq   %soft  %steal  %guest  %gnice   %idle
14:06:40     all    0,12    0,00    0,00    0,00    0,00   66,71    0,00    0,00    0,00   33,17
14:06:40       0    0,00    0,00    0,00    0,00    0,00  100,00    0,00    0,00    0,00    0,00
14:06:40       1    0,00    0,00    0,00    0,00    0,00  100,00    0,00    0,00    0,00    0,00
14:06:40       2    0,00    0,00    0,00    0,00    0,00  100,00    0,00    0,00    0,00    0,00
14:06:40       3    0,00    0,00    0,00    0,00    0,00  100,00    0,00    0,00    0,00    0,00
14:06:40       4    0,00    0,00    0,00    0,00    0,00  100,00    0,00    0,00    0,00    0,00
14:06:40       5    0,00    0,00    0,00    0,00    0,00  100,00    0,00    0,00    0,00    0,00
14:06:40       6    0,00    0,00    0,00    0,00    0,00  100,00    0,00    0,00    0,00    0,00
14:06:40       7    0,00    0,00    0,00    0,00    0,00  100,00    0,00    0,00    0,00    0,00
14:06:40       8    0,00    0,00    0,00    0,00    0,00  100,00    0,00    0,00    0,00    0,00
14:06:40       9    0,00    0,00    0,00    0,00    0,00  100,00    0,00    0,00    0,00    0,00
14:06:40      10    0,00    0,00    0,00    0,00    0,00  100,00    0,00    0,00    0,00    0,00
14:06:40      11    0,00    0,00    0,00    0,00    0,00  100,00    0,00    0,00    0,00    0,00
14:06:40      12    0,00    0,00    0,00    0,00    0,00  100,00    0,00    0,00    0,00    0,00
14:06:40      13    0,00    0,00    0,00    0,00    0,00  100,00    0,00    0,00    0,00    0,00
14:06:40      14    0,00    0,00    0,00    0,00    0,00  100,00    0,00    0,00    0,00    0,00
14:06:40      15    0,00    0,00    0,00    0,00    0,00  100,00    0,00    0,00    0,00    0,00
14:06:40      16    1,00    0,00    0,00    0,00    0,00    0,00    0,00    0,00    0,00   99,00
14:06:40      17    1,00    0,00    0,00    0,00    0,00    1,00    0,00    0,00    0,00   98,00
14:06:40      18    0,00    0,00    0,00    0,00    0,00    0,00    0,00    0,00    0,00  100,00
14:06:40      19    0,00    0,00    0,00    0,00    0,00    0,00    0,00    0,00    0,00  100,00
14:06:40      20    0,00    0,00    0,00    0,00    0,00    0,00    0,00    0,00    0,00  100,00
14:06:40      21    0,99    0,00    0,00    0,00    0,00    0,00    0,00    0,00    0,00   99,01
14:06:40      22    0,00    0,00    0,00    0,00    0,00    0,00    0,00    0,00    0,00  100,00
14:06:40      23    0,00    0,00    0,00    0,00    0,00    0,00    0,00    0,00    0,00  100,00

14:06:40     CPU    %usr   %nice    %sys %iowait    %irq   %soft  %steal  %guest  %gnice   %idle
14:06:41     all    0,04    0,00    0,04    0,00    0,00   66,64    0,00    0,00    0,00   33,28
14:06:41       0    0,00    0,00    0,00    0,00    0,00  100,00    0,00    0,00    0,00    0,00
14:06:41       1    0,00    0,00    0,00    0,00    0,00  100,00    0,00    0,00    0,00    0,00
14:06:41       2    0,00    0,00    0,00    0,00    0,00  100,00    0,00    0,00    0,00    0,00
14:06:41       3    0,00    0,00    0,00    0,00    0,00  100,00    0,00    0,00    0,00    0,00
14:06:41       4    0,00    0,00    0,00    0,00    0,00  100,00    0,00    0,00    0,00    0,00
14:06:41       5    0,00    0,00    0,00    0,00    0,00  100,00    0,00    0,00    0,00    0,00
14:06:41       6    0,00    0,00    0,00    0,00    0,00  100,00    0,00    0,00    0,00    0,00
14:06:41       7    0,00    0,00    0,00    0,00    0,00  100,00    0,00    0,00    0,00    0,00
14:06:41       8    0,00    0,00    0,00    0,00    0,00  100,00    0,00    0,00    0,00    0,00
14:06:41       9    0,00    0,00    0,00    0,00    0,00  100,00    0,00    0,00    0,00    0,00
14:06:41      10    0,00    0,00    0,00    0,00    0,00  100,00    0,00    0,00    0,00    0,00
14:06:41      11    0,00    0,00    0,00    0,00    0,00  100,00    0,00    0,00    0,00    0,00
14:06:41      12    0,00    0,00    0,00    0,00    0,00  100,00    0,00    0,00    0,00    0,00
14:06:41      13    0,00    0,00    0,00    0,00    0,00  100,00    0,00    0,00    0,00    0,00
14:06:41      14    0,00    0,00    0,00    0,00    0,00  100,00    0,00    0,00    0,00    0,00
14:06:41      15    0,00    0,00    0,00    0,00    0,00  100,00    0,00    0,00    0,00    0,00
14:06:41      16    0,00    0,00    0,00    0,00    0,00    0,00    0,00    0,00    0,00  100,00
14:06:41      17    0,99    0,00    0,99    0,00    0,00    0,00    0,00    0,00    0,00   98,02
14:06:41      18    0,00    0,00    0,00    0,00    0,00    0,00    0,00    0,00    0,00  100,00
14:06:41      19    0,00    0,00    0,00    0,00    0,00    0,00    0,00    0,00    0,00  100,00
14:06:41      20    0,00    0,00    0,00    0,00    0,00    0,00    0,00    0,00    0,00  100,00
14:06:41      21    0,00    0,00    0,00    0,00    0,00    0,00    0,00    0,00    0,00  100,00
14:06:41      22    0,00    0,00    0,00    0,00    0,00    0,00    0,00    0,00    0,00  100,00
14:06:41      23    0,00    0,00    0,00    0,00    0,00    0,00    0,00    0,00    0,00  100,00

14:06:41     CPU    %usr   %nice    %sys %iowait    %irq   %soft  %steal  %guest  %gnice   %idle
14:06:42     all    0,04    0,00    0,00    0,00    0,00   66,75    0,00    0,00    0,00   33,21
14:06:42       0    0,00    0,00    0,00    0,00    0,00  100,00    0,00    0,00    0,00    0,00
14:06:42       1    0,00    0,00    0,00    0,00    0,00  100,00    0,00    0,00    0,00    0,00
14:06:42       2    0,00    0,00    0,00    0,00    0,00  100,00    0,00    0,00    0,00    0,00
14:06:42       3    0,00    0,00    0,00    0,00    0,00  100,00    0,00    0,00    0,00    0,00
14:06:42       4    0,00    0,00    0,00    0,00    0,00  100,00    0,00    0,00    0,00    0,00
14:06:42       5    0,00    0,00    0,00    0,00    0,00  100,00    0,00    0,00    0,00    0,00
14:06:42       6    0,00    0,00    0,00    0,00    0,00  100,00    0,00    0,00    0,00    0,00
14:06:42       7    0,00    0,00    0,00    0,00    0,00  100,00    0,00    0,00    0,00    0,00
14:06:42       8    0,00    0,00    0,00    0,00    0,00  100,00    0,00    0,00    0,00    0,00
14:06:42       9    0,00    0,00    0,00    0,00    0,00  100,00    0,00    0,00    0,00    0,00
14:06:42      10    0,00    0,00    0,00    0,00    0,00  100,00    0,00    0,00    0,00    0,00
14:06:42      11    0,00    0,00    0,00    0,00    0,00  100,00    0,00    0,00    0,00    0,00
14:06:42      12    0,00    0,00    0,00    0,00    0,00  100,00    0,00    0,00    0,00    0,00
14:06:42      13    0,00    0,00    0,00    0,00    0,00  100,00    0,00    0,00    0,00    0,00
14:06:42      14    0,00    0,00    0,00    0,00    0,00  100,00    0,00    0,00    0,00    0,00
14:06:42      15    0,00    0,00    0,00    0,00    0,00  100,00    0,00    0,00    0,00    0,00
14:06:42      16    0,00    0,00    0,00    0,00    0,00    0,00    0,00    0,00    0,00  100,00
14:06:42      17    1,00    0,00    0,00    0,00    0,00    0,00    0,00    0,00    0,00   99,00
14:06:42      18    0,00    0,00    0,00    0,00    0,00    0,00    0,00    0,00    0,00  100,00
14:06:42      19    0,00    0,00    0,00    0,00    0,00    0,00    0,00    0,00    0,00  100,00
14:06:42      20    0,00    0,00    0,00    0,00    0,00    0,00    0,00    0,00    0,00  100,00
14:06:42      21    0,00    0,00    0,00    0,00    0,00    0,00    0,00    0,00    0,00  100,00
14:06:42      22    0,00    0,00    0,00    0,00    0,00    0,00    0,00    0,00    0,00  100,00
14:06:42      23    0,00    0,00    0,00    0,00    0,00    0,00    0,00    0,00    0,00  100,00

14:06:42     CPU    %usr   %nice    %sys %iowait    %irq   %soft  %steal  %guest  %gnice   %idle
14:06:43     all    3,09    0,00    1,13    0,00    0,00   48,96    0,00    0,00    0,00   46,83
14:06:43       0    0,00    0,00    0,00    0,00    0,00   73,00    0,00    0,00    0,00   27,00
14:06:43       1    0,00    0,00    0,00    0,00    0,00   73,27    0,00    0,00    0,00   26,73
14:06:43       2    1,01    0,00    1,01    0,00    0,00   74,75    0,00    0,00    0,00   23,23
14:06:43       3    0,00    0,00    0,00    0,00    0,00   74,00    0,00    0,00    0,00   26,00
14:06:43       4    1,00    0,00    0,00    0,00    0,00   74,00    0,00    0,00    0,00   25,00
14:06:43       5    0,00    0,00    0,00    0,00    0,00   74,26    0,00    0,00    0,00   25,74
14:06:43       6    0,00    0,00    0,00    0,00    0,00   74,00    0,00    0,00    0,00   26,00
14:06:43       7    0,00    0,00    0,00    0,00    0,00   74,00    0,00    0,00    0,00   26,00
14:06:43       8    4,08    0,00    0,00    0,00    0,00   74,49    0,00    0,00    0,00   21,43
14:06:43       9    0,00    0,00    0,00    0,00    0,00   73,00    0,00    0,00    0,00   27,00
14:06:43      10    1,00    0,00    0,00    0,00    0,00   72,00    0,00    0,00    0,00   27,00
14:06:43      11    0,00    0,00    0,00    0,00    0,00   72,73    0,00    0,00    0,00   27,27
14:06:43      12    2,00    0,00    1,00    0,00    0,00   72,00    0,00    0,00    0,00   25,00
14:06:43      13    0,00    0,00    0,00    0,00    0,00   72,73    0,00    0,00    0,00   27,27
14:06:43      14    0,00    0,00    0,00    0,00    0,00   73,00    0,00    0,00    0,00   27,00
14:06:43      15    0,00    0,00    0,00    0,00    0,00   73,00    0,00    0,00    0,00   27,00
14:06:43      16    3,03    0,00    3,03    0,00    0,00    0,00    0,00    0,00    0,00   93,94
14:06:43      17   18,00    0,00    4,00    0,00    0,00    0,00    0,00    0,00    0,00   78,00
14:06:43      18    6,06    0,00    5,05    0,00    0,00    0,00    0,00    0,00    0,00   88,89
14:06:43      19   11,11    0,00    2,02    0,00    0,00    0,00    0,00    0,00    0,00   86,87
14:06:43      20    2,00    0,00    2,00    0,00    0,00    0,00    0,00    0,00    0,00   96,00
14:06:43      21   18,00    0,00    3,00    0,00    0,00    0,00    0,00    0,00    0,00   79,00
14:06:43      22    3,00    0,00    3,00    0,00    0,00    0,00    0,00    0,00    0,00   94,00
14:06:43      23    4,00    0,00    3,00    0,00    0,00    0,00    0,00    0,00    0,00   93,00
