{
  "peak_forwarded_pps": 4895487.8,
  "peak_forwarded_gbps": 3.2897686719999997,
  "sender_injection_pps": 37196315.458333336,
  "packet_loss_pct": 88.25901311985396,
  "nic_drop_rate_mean": 0.0,
  "nic_drop_rate_peak": 0.0,
  "forwarding_efficiency_pct": 11.740986880146039,
  "throughput_std_dev": 549701.3797818482
}