{
  "peak_forwarded_pps": 32645157.85,
  "peak_forwarded_gbps": 21.9375444624,
  "sender_injection_pps": 38824431.82608695,
  "packet_loss_pct": 14.209548267730995,
  "nic_drop_rate_mean": 0.0,
  "nic_drop_rate_peak": 0.0,
  "forwarding_efficiency_pct": 85.790451732269,
  "throughput_std_dev": 16539.07760673482
}