{
  "peak_forwarded_pps": 31642700.0,
  "peak_forwarded_gbps": 21.263895167999998,
  "sender_injection_pps": 38782441.82608695,
  "packet_loss_pct": 14.947754046801965,
  "nic_drop_rate_mean": 0.0,
  "nic_drop_rate_peak": 0.0,
  "forwarding_efficiency_pct": 85.05224595319804,
  "throughput_std_dev": 48396.618101401386
}