{
  "peak_forwarded_pps": 22062061.75,
  "peak_forwarded_gbps": 10.5897828816,
  "sender_injection_pps": 37322841.926086955,
  "packet_loss_pct": 46.337531091183365,
  "nic_drop_rate_mean": 0.0,
  "nic_drop_rate_peak": 0.0,
  "forwarding_efficiency_pct": 53.662468908816635,
  "throughput_std_dev": 5056052.55603315
}