{
  "peak_forwarded_pps": 22118507.0,
  "peak_forwarded_gbps": 10.6168795968,
  "sender_injection_pps": 37199035.12903226,
  "packet_loss_pct": 40.649134786080715,
  "nic_drop_rate_mean": 0.0,
  "nic_drop_rate_peak": 0.0,
  "forwarding_efficiency_pct": 59.350865213919285,
  "throughput_std_dev": 27510.53855183419
}