{
  "peak_forwarded_pps": 6655925.5,
  "peak_forwarded_gbps": 3.1948446096,
  "sender_injection_pps": 37547100.58695652,
  "packet_loss_pct": 85.61021952453906,
  "nic_drop_rate_mean": 0.0,
  "nic_drop_rate_peak": 0.0,
  "forwarding_efficiency_pct": 14.38978047546094,
  "throughput_std_dev": 368285.3832748576
}