{
  "peak_forwarded_pps": 30823215.0,
  "peak_forwarded_gbps": 20.713196896,
  "sender_injection_pps": 36294757.13043478,
  "packet_loss_pct": 15.948939658637524,
  "nic_drop_rate_mean": 0.0,
  "nic_drop_rate_peak": 0.0,
  "forwarding_efficiency_pct": 84.05106034136247,
  "throughput_std_dev": 2221730.6722898153
}