{
  "peak_forwarded_pps": 4404357.0,
  "peak_forwarded_gbps": 2.9597280576,
  "sender_injection_pps": 37195628.833333336,
  "packet_loss_pct": 88.54122411748247,
  "nic_drop_rate_mean": 0.0,
  "nic_drop_rate_peak": 0.0,
  "forwarding_efficiency_pct": 11.458775882517534,
  "throughput_std_dev": 105314.33977600865
}