{
  "peak_forwarded_pps": 9681423.3,
  "peak_forwarded_gbps": 4.6470858448,
  "sender_injection_pps": 37203433.473684214,
  "packet_loss_pct": 74.54496568408622,
  "nic_drop_rate_mean": 0.0,
  "nic_drop_rate_peak": 0.0,
  "forwarding_efficiency_pct": 25.455034315913785,
  "throughput_std_dev": 436851.5465937599
}