{
  "peak_forwarded_pps": 9196549.0,
  "peak_forwarded_gbps": 4.4143430079999995,
  "sender_injection_pps": 37191920.0,
  "packet_loss_pct": 78.2934328817773,
  "nic_drop_rate_mean": 0.0,
  "nic_drop_rate_peak": 0.0,
  "forwarding_efficiency_pct": 21.706567118222694,
  "throughput_std_dev": 854133.4837082017
}