{
  "peak_forwarded_pps": 16134069.2,
  "peak_forwarded_gbps": 10.8421060992,
  "sender_injection_pps": 37158307.0,
  "packet_loss_pct": 56.75029072591122,
  "nic_drop_rate_mean": 0.0,
  "nic_drop_rate_peak": 0.0,
  "forwarding_efficiency_pct": 43.24970927408878,
  "throughput_std_dev": 44240.06239847355
}