{
  "peak_forwarded_pps": 32453342.8,
  "peak_forwarded_gbps": 21.8086477952,
  "sender_injection_pps": 37203202.0,
  "packet_loss_pct": 12.805066569544838,
  "nic_drop_rate_mean": 0.0,
  "nic_drop_rate_peak": 0.0,
  "forwarding_efficiency_pct": 87.19493343045517,
  "throughput_std_dev": 11723.918924691565
}