{
  "peak_forwarded_pps": 32382780.85,
  "peak_forwarded_gbps": 21.7818000864,
  "sender_injection_pps": 37114874.45714286,
  "packet_loss_pct": 17.668158736324845,
  "nic_drop_rate_mean": 0.0,
  "nic_drop_rate_peak": 0.0,
  "forwarding_efficiency_pct": 82.33184126367516,
  "throughput_std_dev": 1382042.6378177067
}