time_s,cpu0_%usr,cpu0_%nice,cpu0_%sys,cpu0_%iowait,cpu0_%irq,cpu0_%soft,cpu0_%steal,cpu0_%guest,cpu0_%gnice,cpu0_%idle,cpu1_%usr,cpu1_%nice,cpu1_%sys,cpu1_%iowait,cpu1_%irq,cpu1_%soft,cpu1_%steal,cpu1_%guest,cpu1_%gnice,cpu1_%idle,cpu2_%usr,cpu2_%nice,cpu2_%sys,cpu2_%iowait,cpu2_%irq,cpu2_%soft,cpu2_%steal,cpu2_%guest,cpu2_%gnice,cpu2_%idle,cpu3_%usr,cpu3_%nice,cpu3_%sys,cpu3_%iowait,cpu3_%irq,cpu3_%soft,cpu3_%steal,cpu3_%guest,cpu3_%gnice,cpu3_%idle,cpu4_%usr,cpu4_%nice,cpu4_%sys,cpu4_%iowait,cpu4_%irq,cpu4_%soft,cpu4_%steal,cpu4_%guest,cpu4_%gnice,cpu4_%idle,cpu5_%usr,cpu5_%nice,cpu5_%sys,cpu5_%iowait,cpu5_%irq,cpu5_%soft,cpu5_%steal,cpu5_%guest,cpu5_%gnice,cpu5_%idle,cpu6_%usr,cpu6_%nice,cpu6_%sys,cpu6_%iowait,cpu6_%irq,cpu6_%soft,cpu6_%steal,cpu6_%guest,cpu6_%gnice,cpu6_%idle,cpu7_%usr,cpu7_%nice,cpu7_%sys,cpu7_%iowait,cpu7_%irq,cpu7_%soft,cpu7_%steal,cpu7_%guest,cpu7_%gnice,cpu7_%idle,cpu8_%usr,cpu8_%nice,cpu8_%sys,cpu8_%iowait,cpu8_%irq,cpu8_%soft,cpu8_%steal,cpu8_%guest,cpu8_%gnice,cpu8_%idle,cpu9_%usr,cpu9_%nice,cpu9_%sys,cpu9_%iowait,cpu9_%irq,cpu9_%soft,cpu9_%steal,cpu9_%guest,cpu9_%gnice,cpu9_%idle,cpu10_%usr,cpu10_%nice,cpu10_%sys,cpu10_%iowait,cpu10_%irq,cpu10_%soft,cpu10_%steal,cpu10_%guest,cpu10_%gnice,cpu10_%idle,cpu11_%usr,cpu11_%nice,cpu11_%sys,cpu11_%iowait,cpu11_%irq,cpu11_%soft,cpu11_%steal,cpu11_%guest,cpu11_%gnice,cpu11_%idle,cpu12_%usr,cpu12_%nice,cpu12_%sys,cpu12_%iowait,cpu12_%irq,cpu12_%soft,cpu12_%steal,cpu12_%guest,cpu12_%gnice,cpu12_%idle,cpu13_%usr,cpu13_%nice,cpu13_%sys,cpu13_%iowait,cpu13_%irq,cpu13_%soft,cpu13_%steal,cpu13_%guest,cpu13_%gnice,cpu13_%idle,cpu14_%usr,cpu14_%nice,cpu14_%sys,cpu14_%iowait,cpu14_%irq,cpu14_%soft,cpu14_%steal,cpu14_%guest,cpu14_%gnice,cpu14_%idle,cpu15_%usr,cpu15_%nice,cpu15_%sys,cpu15_%iowait,cpu15_%irq,cpu15_%soft,cpu15_%steal,cpu15_%guest,cpu15_%gnice,cpu15_%idle,cpu16_%usr,cpu16_%nice,cpu16_%sys,cpu16_%iowait,cpu16_%irq,cpu16_%soft,cpu16_%steal,cpu16_%guest,cpu16_%gnice,cpu16_%idle,cpu17_%usr,cpu17_%nice,cpu17_%sys,cpu17_%iowait,cpu17_%irq,cpu17_%soft,cpu17_%steal,cpu17_%guest,cpu17_%gnice,cpu17_%idle,cpu18_%usr,cpu18_%nice,cpu18_%sys,cpu18_%iowait,cpu18_%irq,cpu18_%soft,cpu18_%steal,cpu18_%guest,cpu18_%gnice,cpu18_%idle,cpu19_%usr,cpu19_%nice,cpu19_%sys,cpu19_%iowait,cpu19_%irq,cpu19_%soft,cpu19_%steal,cpu19_%guest,cpu19_%gnice,cpu19_%idle,cpu20_%usr,cpu20_%nice,cpu20_%sys,cpu20_%iowait,cpu20_%irq,cpu20_%soft,cpu20_%steal,cpu20_%guest,cpu20_%gnice,cpu20_%idle,cpu21_%usr,cpu21_%nice,cpu21_%sys,cpu21_%iowait,cpu21_%irq,cpu21_%soft,cpu21_%steal,cpu21_%guest,cpu21_%gnice,cpu21_%idle,cpu22_%usr,cpu22_%nice,cpu22_%sys,cpu22_%iowait,cpu22_%irq,cpu22_%soft,cpu22_%steal,cpu22_%guest,cpu22_%gnice,cpu22_%idle,cpu23_%usr,cpu23_%nice,cpu23_%sys,cpu23_%iowait,cpu23_%irq,cpu23_%soft,cpu23_%steal,cpu23_%guest,cpu23_%gnice,cpu23_%idle
0,0.0,0.0,0.0,0.0,0.0,43.43,0.0,0.0,0.0,56.57,0.0,0.0,0.0,0.0,0.0,100.0,0.0,0.0,0.0,0.0,0.0,0.0,0.0,0.0,0.0,83.84,0.0,0.0,0.0,16.16,0.0,0.0,0.99,0.0,0.0,66.34,0.0,0.0,0.0,32.67,0.0,0.0,0.0,0.0,0.0,91.92,0.0,0.0,0.0,8.08,0.0,0.0,0.0,0.0,0.0,81.19,0.0,0.0,0.0,18.81,0.0,0.0,0.99,0.0,0.0,90.1,0.0,0.0,0.0,8.91,0.0,0.0,0.0,0.0,0.0,78.0,0.0,0.0,0.0,22.0,0.98,0.0,0.98,0.0,0.0,67.65,0.0,0.0,0.0,30.39,1.96,0.0,0.98,0.0,0.0,16.67,0.0,0.0,0.0,80.39,0.98,0.0,0.0,0.0,0.0,36.27,0.0,0.0,0.0,62.75,0.0,0.0,0.0,0.0,0.0,53.68,0.0,0.0,0.0,46.32,1.0,0.0,0.0,0.0,0.0,33.0,0.0,0.0,0.0,66.0,0.0,0.0,0.0,0.0,0.0,39.0,0.0,0.0,0.0,61.0,13.13,0.0,1.01,0.0,0.0,49.49,0.0,0.0,0.0,36.36,0.0,0.0,0.0,0.0,0.0,24.62,0.0,0.0,0.0,75.38,0.0,0.0,0.0,0.0,0.0,0.0,0.0,0.0,0.0,100.0,1.98,0.0,0.99,0.0,0.0,0.0,0.0,0.0,0.0,97.03,1.0,0.0,0.0,0.0,0.0,0.0,0.0,0.0,0.0,99.0,2.0,0.0,1.0,0.0,0.0,0.0,0.0,0.0,0.0,97.0,0.0,0.0,0.99,0.0,0.0,0.0,0.0,0.0,0.0,99.01,0.0,0.0,1.0,0.0,0.0,0.0,0.0,0.0,0.0,99.0,0.0,0.0,1.0,0.0,0.0,0.0,0.0,0.0,0.0,99.0,0.98,0.0,0.98,0.0,0.0,0.0,0.0,0.0,0.0,98.04
1,0.0,0.0,0.0,0.0,0.0,44.0,0.0,0.0,0.0,56.0,0.0,0.0,0.0,0.0,0.0,100.0,0.0,0.0,0.0,0.0,0.0,0.0,0.0,0.0,0.0,83.0,0.0,0.0,0.0,17.0,0.0,0.0,0.0,0.0,0.0,65.35,0.0,0.0,0.0,34.65,0.0,0.0,0.0,0.0,0.0,90.0,0.0,0.0,0.0,10.0,0.0,0.0,0.0,0.0,0.0,80.0,0.0,0.0,0.0,20.0,0.0,0.0,0.0,0.0,0.0,89.9,0.0,0.0,0.0,10.1,2.0,0.0,0.0,0.0,0.0,75.0,0.0,0.0,0.0,23.0,0.0,0.0,0.0,0.99,0.0,67.33,0.0,0.0,0.0,31.68,1.0,0.0,0.0,0.0,0.0,16.0,0.0,0.0,0.0,83.0,0.0,0.0,0.0,0.0,0.0,35.35,0.0,0.0,0.0,64.65,0.0,0.0,0.0,0.0,0.0,54.55,0.0,0.0,0.0,45.45,0.0,0.0,0.0,0.0,0.0,33.0,0.0,0.0,0.0,67.0,0.0,0.0,0.0,0.0,0.0,38.61,0.0,0.0,0.0,61.39,0.99,0.0,0.0,0.0,0.0,47.52,0.0,0.0,0.0,51.49,0.0,0.0,0.0,0.0,0.0,34.21,0.0,0.0,0.0,65.79,0.0,0.0,1.01,0.0,0.0,0.0,0.0,0.0,0.0,98.99,0.0,0.0,0.0,0.0,0.0,0.0,0.0,0.0,0.0,100.0,0.0,0.0,0.0,1.0,0.0,0.0,0.0,0.0,0.0,99.0,0.0,0.0,0.0,0.0,0.0,0.0,0.0,0.0,0.0,100.0,0.0,0.0,0.0,0.0,0.0,0.0,0.0,0.0,0.0,100.0,0.0,0.0,0.0,0.0,0.0,0.0,0.0,0.0,0.0,100.0,0.0,0.0,0.0,0.0,0.0,0.0,0.0,0.0,0.0,100.0,0.0,0.0,0.0,0.0,0.0,0.0,0.0,0.0,0.0,100.0
2,0.0,0.0,0.0,0.0,0.0,46.53,0.0,0.0,0.0,53.47,0.0,0.0,0.0,0.0,0.0,100.0,0.0,0.0,0.0,0.0,1.0,0.0,0.0,0.0,0.0,87.0,0.0,0.0,0.0,12.0,1.98,0.0,0.99,0.0,0.0,68.32,0.0,0.0,0.0,28.71,0.0,0.0,0.0,0.0,0.0,95.0,0.0,0.0,0.0,5.0,0.0,0.0,0.0,0.0,0.0,85.0,0.0,0.0,0.0,15.0,0.0,0.0,0.0,0.0,0.0,94.06,0.0,0.0,0.0,5.94,1.02,0.0,0.0,0.0,0.0,80.61,0.0,0.0,0.0,18.37,1.98,0.0,1.98,0.0,0.0,73.27,0.0,0.0,0.0,22.77,8.08,0.0,6.06,0.0,0.0,16.16,0.0,0.0,0.0,69.7,1.0,0.0,1.0,0.0,0.0,37.0,0.0,0.0,0.0,61.0,0.0,0.0,0.0,0.0,0.0,57.29,0.0,0.0,0.0,42.71,3.06,0.0,1.02,0.0,0.0,34.69,0.0,0.0,0.0,61.22,0.0,0.0,0.0,0.0,0.0,35.87,0.0,0.0,0.0,64.13,2.0,0.0,1.0,0.0,0.0,51.0,0.0,0.0,0.0,46.0,0.0,0.0,0.0,0.0,0.0,39.74,0.0,0.0,0.0,60.26,4.95,0.0,1.98,0.0,0.0,0.99,0.0,0.0,0.0,92.08,3.0,0.0,2.0,0.0,0.0,0.0,0.0,0.0,0.0,95.0,2.97,0.0,2.97,0.0,0.0,0.0,0.0,0.0,0.0,94.06,1.98,0.0,0.99,0.0,0.0,0.0,0.0,0.0,0.0,97.03,3.03,0.0,2.02,0.0,0.0,0.0,0.0,0.0,0.0,94.95,5.0,0.0,4.0,0.0,0.0,0.0,0.0,0.0,0.0,91.0,1.01,0.0,2.02,0.0,0.0,0.0,0.0,0.0,0.0,96.97,1.01,0.0,0.0,0.0,0.0,0.0,0.0,0.0,0.0,98.99
3,0.0,0.0,0.0,0.0,0.0,45.0,0.0,0.0,0.0,55.0,0.0,0.0,0.0,0.0,0.0,99.01,0.0,0.0,0.0,0.99,0.0,0.0,0.0,0.0,0.0,83.17,0.0,0.0,0.0,16.83,0.0,0.0,0.0,0.0,0.0,64.08,0.0,0.0,0.0,35.92,0.0,0.0,0.0,0.0,0.0,90.2,0.0,0.0,0.0,9.8,0.0,0.0,0.0,0.0,0.0,81.0,0.0,0.0,0.0,19.0,0.0,0.0,0.0,0.0,0.0,89.11,0.0,0.0,0.0,10.89,0.0,0.0,0.0,0.0,0.0,76.77,0.0,0.0,0.0,23.23,0.0,0.0,0.0,0.0,0.0,67.0,0.0,0.0,0.0,33.0,1.0,0.0,0.0,0.0,0.0,15.0,0.0,0.0,0.0,84.0,0.99,0.0,0.0,0.99,0.0,34.65,0.0,0.0,0.0,63.37,0.0,0.0,0.0,0.0,0.0,53.19,0.0,0.0,0.0,46.81,11.88,0.0,0.99,0.0,0.0,30.69,0.0,0.0,0.0,56.44,0.0,0.0,0.0,0.0,0.0,5.71,0.0,0.0,0.0,94.29,1.0,0.0,0.0,0.0,0.0,47.0,0.0,0.0,0.0,52.0,0.0,0.0,0.0,0.0,0.0,13.79,0.0,0.0,0.0,86.21,0.0,0.0,0.0,0.0,0.0,0.0,0.0,0.0,0.0,100.0,0.0,0.0,0.0,0.0,0.0,0.0,0.0,0.0,0.0,100.0,0.0,0.0,0.0,0.0,0.0,0.0,0.0,0.0,0.0,100.0,0.0,0.0,0.0,0.0,0.0,0.0,0.0,0.0,0.0,100.0,0.0,0.0,0.99,0.0,0.0,0.0,0.0,0.0,0.0,99.01,0.99,0.0,0.99,0.0,0.0,0.0,0.0,0.0,0.0,98.02,0.98,0.0,0.98,1.96,0.0,0.0,0.0,0.0,0.0,96.08,0.0,0.0,0.0,0.0,0.0,0.0,0.0,0.0,0.0,100.0
4,0.0,0.0,0.0,0.0,0.0,43.88,0.0,0.0,0.0,56.12,0.0,0.0,0.0,0.0,0.0,100.0,0.0,0.0,0.0,0.0,0.0,0.0,0.0,0.0,0.0,82.0,0.0,0.0,0.0,18.0,0.0,0.0,0.0,0.0,0.0,63.0,0.0,0.0,0.0,37.0,0.0,0.0,0.0,0.0,0.0,90.2,0.0,0.0,0.0,9.8,0.0,0.0,0.0,0.0,0.0,80.2,0.0,0.0,0.0,19.8,0.0,0.0,0.0,0.0,0.0,88.0,0.0,0.0,0.0,12.0,0.0,0.0,0.0,0.0,0.0,76.0,0.0,0.0,0.0,24.0,0.0,0.0,0.0,0.0,0.0,67.33,0.0,0.0,0.0,32.67,0.0,0.0,0.0,0.0,0.0,14.29,0.0,0.0,0.0,85.71,0.0,0.0,0.0,0.0,0.0,32.32,0.0,0.0,0.0,67.68,0.0,0.0,0.0,0.0,0.0,51.55,0.0,0.0,0.0,48.45,0.0,0.0,0.0,0.0,0.0,31.63,0.0,0.0,0.0,68.37,0.0,0.0,0.0,0.0,0.0,32.67,0.0,0.0,0.0,67.33,0.0,0.0,0.0,0.0,0.0,47.47,0.0,0.0,0.0,52.53,0.0,0.0,0.0,0.0,0.0,25.37,0.0,0.0,0.0,74.63,0.0,0.0,0.0,0.0,0.0,0.0,0.0,0.0,0.0,100.0,0.0,0.0,0.0,0.0,0.0,0.0,0.0,0.0,0.0,100.0,0.0,0.0,0.0,0.0,0.0,0.0,0.0,0.0,0.0,100.0,0.0,0.0,0.0,0.0,0.0,0.0,0.0,0.0,0.0,100.0,0.0,0.0,0.0,0.0,0.0,0.0,0.0,0.0,0.0,100.0,0.0,0.0,0.0,0.0,0.0,0.0,0.0,0.0,0.0,100.0,0.0,0.0,0.0,0.0,0.0,0.0,0.0,0.0,0.0,100.0,0.0,0.0,0.0,0.0,0.0,0.0,0.0,0.0,0.0,100.0
5,0.0,0.0,0.0,0.0,0.0,45.54,0.0,0.0,0.0,54.46,0.0,0.0,0.0,0.0,0.0,100.0,0.0,0.0,0.0,0.0,0.0,0.0,0.0,0.0,0.0,83.84,0.0,0.0,0.0,16.16,0.0,0.0,0.0,0.0,0.0,63.64,0.0,0.0,0.0,36.36,0.0,0.0,0.0,0.0,0.0,90.2,0.0,0.0,0.0,9.8,0.0,0.0,0.0,0.0,0.0,82.0,0.0,0.0,0.0,18.0,0.0,0.0,0.0,0.0,0.0,90.1,0.0,0.0,0.0,9.9,0.0,0.0,0.0,0.0,0.0,77.32,0.0,0.0,0.0,22.68,0.0,0.0,0.99,0.0,0.0,67.33,0.0,0.0,0.0,31.68,0.99,0.0,0.0,0.0,0.0,15.84,0.0,0.0,0.0,83.17,0.99,0.0,0.99,0.0,0.0,28.71,0.0,0.0,0.0,69.31,0.0,0.0,0.0,0.0,0.0,52.0,0.0,0.0,0.0,48.0,0.0,0.0,0.0,0.0,0.0,31.0,0.0,0.0,0.0,69.0,0.0,0.0,0.0,0.0,0.0,33.33,0.0,0.0,0.0,66.67,1.0,0.0,0.0,0.0,0.0,48.0,0.0,0.0,0.0,51.0,0.0,0.0,0.0,0.0,0.0,16.67,0.0,0.0,0.0,83.33,0.0,0.0,1.0,0.0,0.0,0.0,0.0,0.0,0.0,99.0,0.0,0.0,0.0,0.0,0.0,0.0,0.0,0.0,0.0,100.0,0.0,0.0,0.0,0.0,0.0,0.0,0.0,0.0,0.0,100.0,0.0,0.0,0.0,0.0,0.0,0.0,0.0,0.0,0.0,100.0,0.0,0.0,0.0,0.0,0.0,0.0,0.0,0.0,0.0,100.0,0.0,0.0,0.0,0.0,0.0,0.0,0.0,0.0,0.0,100.0,0.0,0.0,0.0,0.0,0.0,0.0,0.0,0.0,0.0,100.0,0.0,0.0,0.0,0.0,0.0,0.0,0.0,0.0,0.0,100.0
6,0.0,0.0,0.0,0.0,0.0,43.43,0.0,0.0,0.0,56.57,0.0,0.0,0.98,0.0,0.0,98.04,0.0,0.0,0.0,0.98,0.0,0.0,0.0,0.0,0.0,81.82,0.0,0.0,0.0,18.18,0.0,0.0,0.0,0.0,0.0,62.63,0.0,0.0,0.0,37.37,0.0,0.0,0.0,0.0,0.0,89.11,0.0,0.0,0.0,10.89,0.0,0.0,0.0,0.0,0.0,78.79,0.0,0.0,0.0,21.21,0.0,0.0,0.0,0.0,0.0,88.24,0.0,0.0,0.0,11.76,0.0,0.0,0.0,0.0,0.0,75.25,0.0,0.0,0.0,24.75,0.0,0.0,0.0,0.0,0.0,68.0,0.0,0.0,0.0,32.0,1.0,0.0,1.0,0.0,0.0,14.0,0.0,0.0,0.0,84.0,0.0,0.0,0.0,0.0,0.0,32.0,0.0,0.0,0.0,68.0,0.0,0.0,0.0,0.0,0.0,52.04,0.0,0.0,0.0,47.96,0.0,0.0,0.0,0.0,0.0,30.69,0.0,0.0,0.0,69.31,0.0,0.0,0.0,0.0,0.0,32.65,0.0,0.0,0.0,67.35,0.0,0.0,0.0,0.0,0.0,48.0,0.0,0.0,0.0,52.0,0.0,0.0,0.0,0.0,0.0,5.45,0.0,0.0,0.0,94.55,0.0,0.0,0.0,0.0,0.0,0.0,0.0,0.0,0.0,100.0,0.0,0.0,0.0,0.0,0.0,0.0,0.0,0.0,0.0,100.0,0.0,0.0,0.0,0.0,0.0,0.0,0.0,0.0,0.0,100.0,0.0,0.0,0.0,0.0,0.0,0.0,0.0,0.0,0.0,100.0,0.99,0.0,0.0,0.0,0.0,0.0,0.0,0.0,0.0,99.01,0.0,0.0,0.0,0.0,0.0,0.0,0.0,0.0,0.0,100.0,0.0,0.0,0.0,0.0,0.0,0.0,0.0,0.0,0.0,100.0,0.0,0.0,1.0,0.0,0.0,0.0,0.0,0.0,0.0,99.0
7,0.0,0.0,0.0,0.0,0.0,43.0,0.0,0.0,0.0,57.0,0.0,0.0,0.0,0.0,0.0,100.0,0.0,0.0,0.0,0.0,0.0,0.0,0.0,0.0,0.0,83.17,0.0,0.0,0.0,16.83,0.0,0.0,0.0,0.0,0.0,65.35,0.0,0.0,0.0,34.65,0.0,0.0,0.0,0.0,0.0,90.38,0.0,0.0,0.0,9.62,0.0,0.0,0.0,0.0,0.0,80.81,0.0,0.0,0.0,19.19,0.0,0.0,0.0,0.0,0.0,90.1,0.0,0.0,0.0,9.9,0.0,0.0,0.0,0.0,0.0,76.77,0.0,0.0,0.0,23.23,0.0,0.0,0.0,0.0,0.0,69.0,0.0,0.0,0.0,31.0,0.0,0.0,0.0,0.0,0.0,16.0,0.0,0.0,0.0,84.0,1.01,0.0,0.0,0.0,0.0,32.32,0.0,0.0,0.0,66.67,0.0,0.0,0.0,0.0,0.0,52.53,0.0,0.0,0.0,47.47,0.0,0.0,0.0,0.0,0.0,31.0,0.0,0.0,0.0,69.0,0.0,0.0,0.0,0.0,0.0,32.67,0.0,0.0,0.0,67.33,0.99,0.0,0.0,0.0,0.0,46.53,0.0,0.0,0.0,52.48,0.0,0.0,0.0,0.0,0.0,10.53,0.0,0.0,0.0,89.47,0.0,0.0,0.0,0.0,0.0,0.0,0.0,0.0,0.0,100.0,0.0,0.0,0.0,0.0,0.0,0.0,0.0,0.0,0.0,100.0,0.0,0.0,0.0,1.0,0.0,0.0,0.0,0.0,0.0,99.0,0.0,0.0,0.0,0.0,0.0,0.0,0.0,0.0,0.0,100.0,0.0,0.0,0.0,0.0,0.0,0.0,0.0,0.0,0.0,100.0,0.0,0.0,0.0,0.0,0.0,0.0,0.0,0.0,0.0,100.0,0.0,0.0,0.0,1.0,0.0,0.0,0.0,0.0,0.0,99.0,0.99,0.0,0.99,0.99,0.0,0.0,0.0,0.0,0.0,97.03
8,0.0,0.0,0.0,0.0,0.0,44.55,0.0,0.0,0.0,55.45,0.0,0.0,0.0,0.0,0.0,100.0,0.0,0.0,0.0,0.0,0.0,0.0,0.0,0.0,0.0,82.83,0.0,0.0,0.0,17.17,0.0,0.0,0.0,0.0,0.0,62.89,0.0,0.0,0.0,37.11,0.0,0.0,0.0,0.0,0.0,89.11,0.0,0.0,0.0,10.89,0.0,0.0,0.0,0.0,0.0,78.79,0.0,0.0,0.0,21.21,0.0,0.0,0.0,0.0,0.0,88.12,0.0,0.0,0.0,11.88,0.0,0.0,0.0,0.0,0.0,75.51,0.0,0.0,0.0,24.49,1.01,0.0,0.0,0.0,0.0,66.67,0.0,0.0,0.0,32.32,1.01,0.0,0.0,0.0,0.0,13.13,0.0,0.0,0.0,85.86,0.0,0.0,0.0,0.0,0.0,33.0,0.0,0.0,0.0,67.0,0.0,0.0,0.0,0.0,0.0,52.48,0.0,0.0,0.0,47.52,1.0,0.0,0.0,0.0,0.0,30.0,0.0,0.0,0.0,69.0,0.0,0.0,0.0,0.0,0.0,34.0,0.0,0.0,0.0,66.0,0.0,0.0,0.99,0.0,0.0,47.52,0.0,0.0,0.0,51.49,0.0,0.0,0.0,0.0,0.0,48.0,0.0,0.0,0.0,52.0,0.0,0.0,0.0,0.0,0.0,0.0,0.0,0.0,0.0,100.0,0.0,0.0,0.0,0.0,0.0,0.0,0.0,0.0,0.0,100.0,0.98,0.0,0.98,0.98,0.0,0.0,0.0,0.0,0.0,97.06,0.0,0.0,0.0,1.0,0.0,0.0,0.0,0.0,0.0,99.0,0.0,0.0,0.0,0.0,0.0,0.0,0.0,0.0,0.0,100.0,0.0,0.0,0.0,0.0,0.0,0.0,0.0,0.0,0.0,100.0,0.0,0.0,0.0,0.0,0.0,0.0,0.0,0.0,0.0,100.0,0.0,0.0,0.0,0.0,0.0,0.0,0.0,0.0,0.0,100.0
9,0.0,0.0,0.0,0.0,0.0,43.43,0.0,0.0,0.0,56.57,0.0,0.0,0.0,0.0,0.0,100.0,0.0,0.0,0.0,0.0,0.0,0.0,0.0,0.0,0.0,83.84,0.0,0.0,0.0,16.16,0.0,0.0,0.0,0.0,0.0,64.65,0.0,0.0,0.0,35.35,0.0,0.0,0.0,0.0,0.0,89.42,0.0,0.0,0.0,10.58,0.0,0.0,0.0,0.0,0.0,80.2,0.0,0.0,0.0,19.8,0.0,0.0,0.0,0.0,0.0,90.1,0.0,0.0,0.0,9.9,0.0,0.0,0.0,0.0,0.0,78.64,0.0,0.0,0.0,21.36,0.0,0.0,0.0,0.0,0.0,68.32,0.0,0.0,0.0,31.68,0.0,0.0,0.0,0.0,0.0,16.0,0.0,0.0,0.0,84.0,0.99,0.0,0.0,0.0,0.0,31.68,0.0,0.0,0.0,67.33,0.0,0.0,0.0,0.0,0.0,53.06,0.0,0.0,0.0,46.94,0.0,0.0,1.0,0.0,0.0,30.0,0.0,0.0,0.0,69.0,0.0,0.0,0.0,0.0,0.0,32.67,0.0,0.0,0.0,67.33,0.0,0.0,0.0,0.0,0.0,47.47,0.0,0.0,0.0,52.53,0.0,0.0,0.0,0.0,0.0,47.96,0.0,0.0,0.0,52.04,0.0,0.0,1.0,0.0,0.0,0.0,0.0,0.0,0.0,99.0,0.0,0.0,0.0,0.0,0.0,0.0,0.0,0.0,0.0,100.0,0.0,0.0,0.0,0.0,0.0,0.0,0.0,0.0,0.0,100.0,0.0,0.0,0.0,0.0,0.0,0.0,0.0,0.0,0.0,100.0,0.0,0.0,0.0,0.0,0.0,0.0,0.0,0.0,0.0,100.0,0.0,0.0,0.0,0.0,0.0,0.0,0.0,0.0,0.0,100.0,0.0,0.0,0.0,0.0,0.0,0.0,0.0,0.0,0.0,100.0,0.0,0.0,0.0,0.0,0.0,0.0,0.0,0.0,0.0,100.0
10,0.0,0.0,0.0,0.0,0.0,44.0,0.0,0.0,0.0,56.0,0.0,0.0,0.0,0.0,0.0,99.01,0.0,0.0,0.0,0.99,0.0,0.0,0.0,0.0,0.0,82.0,0.0,0.0,0.0,18.0,0.0,0.0,0.0,0.0,0.0,63.73,0.0,0.0,0.0,36.27,0.0,0.0,0.0,0.0,0.0,89.22,0.0,0.0,0.0,10.78,0.0,0.0,0.0,0.0,0.0,79.21,0.0,0.0,0.0,20.79,0.0,0.0,0.0,0.0,0.0,88.89,0.0,0.0,0.0,11.11,0.0,0.0,0.0,0.0,0.0,77.23,0.0,0.0,0.0,22.77,1.0,0.0,0.0,0.0,0.0,66.0,0.0,0.0,0.0,33.0,1.01,0.0,0.0,0.0,0.0,14.14,0.0,0.0,0.0,84.85,0.0,0.0,0.0,0.0,0.0,30.61,0.0,0.0,0.0,69.39,0.0,0.0,0.0,0.0,0.0,52.0,0.0,0.0,0.0,48.0,0.99,0.0,0.0,0.0,0.0,28.71,0.0,0.0,0.0,70.3,0.0,0.0,0.0,0.0,0.0,32.0,0.0,0.0,0.0,68.0,0.0,0.0,0.0,0.0,0.0,47.52,0.0,0.0,0.0,52.48,0.0,0.0,0.0,0.0,0.0,49.02,0.0,0.0,0.0,50.98,1.01,0.0,0.0,0.0,0.0,0.0,0.0,0.0,0.0,98.99,0.0,0.0,0.0,0.0,0.0,0.0,0.0,0.0,0.0,100.0,0.0,0.0,0.0,0.0,0.0,0.0,0.0,0.0,0.0,100.0,0.0,0.0,0.0,0.0,0.0,0.0,0.0,0.0,0.0,100.0,0.0,0.0,0.0,0.0,0.0,0.0,0.0,0.0,0.0,100.0,0.99,0.0,0.0,0.0,0.0,0.0,0.0,0.0,0.0,99.01,0.0,0.0,0.0,0.0,0.0,0.0,0.0,0.0,0.0,100.0,0.0,0.0,0.0,0.0,0.0,0.0,0.0,0.0,0.0,100.0
11,0.0,0.0,0.0,0.0,0.0,44.0,0.0,0.0,0.0,56.0,0.0,0.0,0.0,0.0,0.0,100.0,0.0,0.0,0.0,0.0,0.0,0.0,0.0,0.0,0.0,82.83,0.0,0.0,0.0,17.17,0.0,0.0,0.0,0.0,0.0,65.35,0.0,0.0,0.0,34.65,0.0,0.0,0.0,0.0,0.0,90.38,0.0,0.0,0.0,9.62,0.0,0.0,0.0,0.0,0.0,80.0,0.0,0.0,0.0,20.0,0.0,0.0,0.98,0.0,0.0,88.24,0.0,0.0,0.0,10.78,0.0,0.0,0.0,0.0,0.0,79.0,0.0,0.0,0.0,21.0,0.0,0.0,0.0,0.0,0.0,67.68,0.0,0.0,0.0,32.32,0.0,0.0,0.0,0.0,0.0,15.15,0.0,0.0,0.0,84.85,0.0,0.0,0.98,0.0,0.0,30.39,0.0,0.0,0.0,68.63,0.0,0.0,0.0,0.0,0.0,51.52,0.0,0.0,0.0,48.48,0.0,0.0,0.0,0.0,0.0,29.29,0.0,0.0,0.0,70.71,0.0,0.0,0.0,0.0,0.0,32.32,0.0,0.0,0.0,67.68,0.0,0.0,0.0,0.0,0.0,45.92,0.0,0.0,0.0,54.08,0.0,0.0,0.0,0.0,0.0,48.0,0.0,0.0,0.0,52.0,0.0,0.0,0.0,0.0,0.0,0.0,0.0,0.0,0.0,100.0,1.0,0.0,0.0,0.0,0.0,0.0,0.0,0.0,0.0,99.0,0.0,0.0,0.0,0.0,0.0,0.0,0.0,0.0,0.0,100.0,0.0,0.0,0.0,0.0,0.0,0.0,0.0,0.0,0.0,100.0,0.0,0.0,0.0,0.0,0.0,0.0,0.0,0.0,0.0,100.0,0.0,0.0,0.0,0.0,0.0,0.0,0.0,0.0,0.0,100.0,0.0,0.0,0.0,0.0,0.0,0.0,0.0,0.0,0.0,100.0,0.0,0.0,0.0,0.0,0.0,0.0,0.0,0.0,0.0,100.0
12,0.0,0.0,0.0,0.0,0.0,42.86,0.0,0.0,0.0,57.14,0.0,0.0,0.0,0.0,0.0,99.0,0.0,0.0,0.0,1.0,0.0,0.0,0.0,0.0,0.0,82.0,0.0,0.0,0.0,18.0,0.0,0.0,0.0,0.0,0.0,64.65,0.0,0.0,0.0,35.35,0.0,0.0,0.0,0.0,0.0,86.54,0.0,0.0,0.0,13.46,0.0,0.0,0.0,0.0,0.0,78.79,0.0,0.0,0.0,21.21,0.0,0.0,0.0,0.0,0.0,90.2,0.0,0.0,0.0,9.8,0.0,0.0,0.0,0.0,0.0,77.23,0.0,0.0,0.0,22.77,0.0,0.0,1.0,0.0,0.0,67.0,0.0,0.0,0.0,32.0,1.0,0.0,1.0,0.0,0.0,14.0,0.0,0.0,0.0,84.0,0.0,0.0,0.0,0.0,0.0,31.0,0.0,0.0,0.0,69.0,0.0,0.0,0.0,0.0,0.0,53.47,0.0,0.0,0.0,46.53,0.0,0.0,0.0,0.0,0.0,30.3,0.0,0.0,0.0,69.7,0.0,0.0,0.0,0.0,0.0,33.0,0.0,0.0,0.0,67.0,1.01,0.0,0.0,0.0,0.0,46.46,0.0,0.0,0.0,52.53,0.0,0.0,0.0,0.0,0.0,49.5,0.0,0.0,0.0,50.5,0.0,0.0,1.0,0.0,0.0,0.0,0.0,0.0,0.0,99.0,0.0,0.0,0.0,0.0,0.0,0.0,0.0,0.0,0.0,100.0,0.0,0.0,0.0,0.0,0.0,0.0,0.0,0.0,0.0,100.0,1.0,0.0,0.0,0.0,0.0,0.0,0.0,0.0,0.0,99.0,0.0,0.0,0.0,0.0,0.0,0.0,0.0,0.0,0.0,100.0,0.0,0.0,0.0,0.0,0.0,0.0,0.0,0.0,0.0,100.0,0.0,0.0,1.0,1.0,0.0,0.0,0.0,0.0,0.0,98.0,0.0,0.0,0.0,0.0,0.0,0.0,0.0,0.0,0.0,100.0
13,0.0,0.0,0.0,0.0,0.0,44.44,0.0,0.0,0.0,55.56,0.0,0.0,0.0,0.0,0.0,100.0,0.0,0.0,0.0,0.0,0.0,0.0,0.0,0.0,0.0,85.15,0.0,0.0,0.0,14.85,0.0,0.0,0.0,0.0,0.0,66.67,0.0,0.0,0.0,33.33,0.0,0.0,0.0,0.0,0.0,92.23,0.0,0.0,0.0,7.77,0.0,0.0,0.0,0.0,0.0,81.37,0.0,0.0,0.0,18.63,0.0,0.0,0.0,0.0,0.0,91.18,0.0,0.0,0.0,8.82,0.0,0.0,0.0,0.0,0.0,80.0,0.0,0.0,0.0,20.0,0.0,0.0,0.0,0.0,0.0,70.3,0.0,0.0,0.0,29.7,0.0,0.0,0.0,0.0,0.0,16.0,0.0,0.0,0.0,84.0,0.0,0.0,0.0,0.0,0.0,31.0,0.0,0.0,0.0,69.0,0.0,0.0,0.0,0.0,0.0,53.0,0.0,0.0,0.0,47.0,0.0,0.0,0.0,0.0,0.0,29.29,0.0,0.0,0.0,70.71,0.0,0.0,0.0,0.0,0.0,37.0,0.0,0.0,0.0,63.0,0.0,0.0,0.0,0.0,0.0,50.0,0.0,0.0,0.0,50.0,0.0,0.0,0.0,0.0,0.0,50.0,0.0,0.0,0.0,50.0,0.0,0.0,0.0,0.0,0.0,0.0,0.0,0.0,0.0,100.0,0.0,0.0,0.0,0.0,0.0,0.0,0.0,0.0,0.0,100.0,0.0,0.0,0.0,0.0,0.0,0.0,0.0,0.0,0.0,100.0,0.0,0.0,0.0,0.0,0.0,0.0,0.0,0.0,0.0,100.0,0.0,0.0,0.0,0.0,0.0,0.0,0.0,0.0,0.0,100.0,0.0,0.0,0.0,0.0,0.0,0.0,0.0,0.0,0.0,100.0,1.0,0.0,0.0,0.0,0.0,0.0,0.0,0.0,0.0,99.0,0.99,0.0,0.0,0.0,0.0,0.0,0.0,0.0,0.0,99.01
14,0.0,0.0,0.0,0.0,0.0,46.53,0.0,0.0,0.0,53.47,0.0,0.0,0.0,0.0,0.0,100.0,0.0,0.0,0.0,0.0,0.0,0.0,0.0,0.0,0.0,87.88,0.0,0.0,0.0,12.12,0.0,0.0,0.0,0.0,0.0,67.02,0.0,0.0,0.0,32.98,0.0,0.0,0.0,0.0,0.0,94.12,0.0,0.0,0.0,5.88,0.0,0.0,0.0,0.0,0.0,84.16,0.0,0.0,0.0,15.84,0.0,0.0,0.0,0.0,0.0,96.0,0.0,0.0,0.0,4.0,2.94,0.0,4.9,0.0,0.0,79.41,0.0,0.0,0.0,12.75,1.01,0.0,0.0,0.0,0.0,68.69,0.0,0.0,0.0,30.3,1.98,0.0,0.0,0.0,0.0,15.84,0.0,0.0,0.0,82.18,0.0,0.0,0.0,0.0,0.0,30.61,0.0,0.0,0.0,69.39,0.0,0.0,0.0,0.0,0.0,55.0,0.0,0.0,0.0,45.0,0.0,0.0,0.0,0.0,0.0,30.3,0.0,0.0,0.0,69.7,0.0,0.0,0.0,0.0,0.0,38.61,0.0,0.0,0.0,61.39,0.0,0.0,0.97,0.0,0.0,50.49,0.0,0.0,0.0,48.54,0.0,0.0,0.98,0.0,0.0,51.96,0.0,0.0,0.0,47.06,1.01,0.0,1.01,0.0,0.0,0.0,0.0,0.0,0.0,97.98,0.0,0.0,0.0,0.0,0.0,0.0,0.0,0.0,0.0,100.0,1.0,0.0,1.0,0.0,0.0,0.0,0.0,0.0,0.0,98.0,0.0,0.0,0.0,0.0,0.0,0.0,0.0,0.0,0.0,100.0,0.0,0.0,0.99,0.0,0.0,0.0,0.0,0.0,0.0,99.01,0.0,0.0,0.0,0.0,0.0,0.0,0.0,0.0,0.0,100.0,0.0,0.0,0.0,0.0,0.0,0.0,0.0,0.0,0.0,100.0,0.0,0.0,0.0,0.0,0.0,0.0,0.0,0.0,0.0,100.0
15,0.0,0.0,0.0,0.0,0.0,46.0,0.0,0.0,0.0,54.0,0.0,0.0,0.0,0.0,0.0,100.0,0.0,0.0,0.0,0.0,0.0,0.0,0.0,0.0,0.0,86.27,0.0,0.0,0.0,13.73,0.0,0.0,0.0,0.0,0.0,67.01,0.0,0.0,0.0,32.99,0.0,0.0,0.98,0.0,0.0,93.14,0.0,0.0,0.0,5.88,0.0,0.0,0.0,0.0,0.0,83.51,0.0,0.0,0.0,16.49,0.0,0.0,0.0,0.0,0.0,93.07,0.0,0.0,0.0,6.93,1.02,0.0,1.02,0.0,0.0,79.59,0.0,0.0,0.0,18.37,0.0,0.0,0.0,0.0,0.0,69.7,0.0,0.0,0.0,30.3,0.0,0.0,0.0,0.0,0.0,16.0,0.0,0.0,0.0,84.0,1.96,0.0,1.96,0.0,0.0,30.39,0.0,0.0,0.0,65.69,0.0,0.0,0.0,0.0,0.0,53.54,0.0,0.0,0.0,46.46,0.99,0.0,0.0,0.0,0.0,30.69,0.0,0.0,0.0,68.32,0.0,0.0,0.0,0.0,0.0,35.35,0.0,0.0,0.0,64.65,0.0,0.0,0.0,0.0,0.0,48.48,0.0,0.0,0.0,51.52,0.0,0.0,0.0,0.0,0.0,51.49,0.0,0.0,0.0,48.51,0.0,0.0,0.0,0.0,0.0,0.0,0.0,0.0,0.0,100.0,0.0,0.0,0.99,0.0,0.0,0.0,0.0,0.0,0.0,99.01,0.0,0.0,0.99,0.0,0.0,0.0,0.0,0.0,0.0,99.01,0.0,0.0,1.0,0.0,0.0,0.0,0.0,0.0,0.0,99.0,0.0,0.0,0.0,0.0,0.0,0.0,0.0,0.0,0.0,100.0,0.0,0.0,0.0,0.0,0.0,0.0,0.0,0.0,0.0,100.0,0.0,0.0,1.01,0.0,0.0,0.0,0.0,0.0,0.0,98.99,0.0,0.0,0.0,0.0,0.0,0.0,0.0,0.0,0.0,100.0
16,0.0,0.0,0.0,0.0,0.0,47.0,0.0,0.0,0.0,53.0,0.0,0.0,0.0,0.0,0.0,100.0,0.0,0.0,0.0,0.0,0.0,0.0,0.0,0.0,0.0,86.87,0.0,0.0,0.0,13.13,0.0,0.0,0.0,0.0,0.0,69.39,0.0,0.0,0.0,30.61,0.0,0.0,0.0,0.0,0.0,95.0,0.0,0.0,0.0,5.0,0.0,0.0,0.0,0.0,0.0,85.0,0.0,0.0,0.0,15.0,0.0,0.0,0.0,0.0,0.0,93.94,0.0,0.0,0.0,6.06,0.0,0.0,0.0,0.0,0.0,82.0,0.0,0.0,0.0,18.0,0.0,0.0,0.0,0.0,0.0,70.0,0.0,0.0,0.0,30.0,1.01,0.0,0.0,0.0,0.0,15.15,0.0,0.0,0.0,83.84,1.01,0.0,0.0,0.0,0.0,34.34,0.0,0.0,0.0,64.65,0.0,0.0,0.0,0.0,0.0,55.0,0.0,0.0,0.0,45.0,0.0,0.0,0.0,1.0,0.0,32.0,0.0,0.0,0.0,67.0,0.0,0.0,0.0,0.0,0.0,37.62,0.0,0.0,0.0,62.38,0.0,0.0,0.0,0.0,0.0,50.0,0.0,0.0,0.0,50.0,0.98,0.0,0.0,0.0,0.0,51.96,0.0,0.0,0.0,47.06,0.99,0.0,0.99,0.0,0.0,0.0,0.0,0.0,0.0,98.02,1.0,0.0,0.0,0.0,0.0,0.0,0.0,0.0,0.0,99.0,0.0,0.0,0.0,0.0,0.0,0.0,0.0,0.0,0.0,100.0,0.0,0.0,0.0,0.0,0.0,0.0,0.0,0.0,0.0,100.0,5.0,0.0,1.0,0.0,0.0,0.0,0.0,0.0,0.0,94.0,0.0,0.0,0.99,0.0,0.0,0.0,0.0,0.0,0.0,99.01,0.0,0.0,0.0,1.98,0.0,0.0,0.0,0.0,0.0,98.02,0.0,0.0,1.98,0.99,0.0,0.0,0.0,0.0,0.0,97.03
17,0.0,0.0,0.0,0.0,0.0,46.46,0.0,0.0,0.0,53.54,0.0,0.0,0.0,0.0,0.0,100.0,0.0,0.0,0.0,0.0,0.0,0.0,0.0,0.0,0.0,85.71,0.0,0.0,0.0,14.29,0.0,0.0,0.0,0.0,0.0,67.68,0.0,0.0,0.0,32.32,0.0,0.0,0.0,0.0,0.0,96.04,0.0,0.0,0.0,3.96,0.0,0.0,0.0,0.0,0.0,84.85,0.0,0.0,0.0,15.15,0.99,0.0,0.0,0.0,0.0,93.07,0.0,0.0,0.0,5.94,0.0,0.0,0.0,0.0,0.0,82.65,0.0,0.0,0.0,17.35,0.0,0.0,0.0,0.0,0.0,71.29,0.0,0.0,0.0,28.71,1.0,0.0,0.0,0.0,0.0,16.0,0.0,0.0,0.0,83.0,0.99,0.0,0.99,0.0,0.0,34.65,0.0,0.0,0.0,63.37,0.0,0.0,0.0,0.0,0.0,57.0,0.0,0.0,0.0,43.0,1.0,0.0,1.0,0.0,0.0,33.0,0.0,0.0,0.0,65.0,1.0,0.0,0.0,0.0,0.0,38.0,0.0,0.0,0.0,61.0,0.99,0.0,0.0,0.0,0.0,49.5,0.0,0.0,0.0,49.5,0.0,0.0,0.0,0.0,0.0,53.4,0.0,0.0,0.0,46.6,0.0,0.0,0.0,0.0,0.0,0.0,0.0,0.0,0.0,100.0,0.0,0.0,0.0,0.0,0.0,0.0,0.0,0.0,0.0,100.0,1.0,0.0,0.0,0.0,0.0,0.0,0.0,0.0,0.0,99.0,0.0,0.0,0.0,0.0,0.0,0.0,0.0,0.0,0.0,100.0,0.0,0.0,0.0,0.0,0.0,0.0,0.0,0.0,0.0,100.0,2.02,0.0,0.0,0.0,0.0,0.0,0.0,0.0,0.0,97.98,0.0,0.0,0.0,0.0,0.0,0.0,0.0,0.0,0.0,100.0,1.0,0.0,1.0,1.0,0.0,0.0,0.0,0.0,0.0,97.0
18,0.0,0.0,0.0,0.0,0.0,45.54,0.0,0.0,0.0,54.46,0.0,0.0,0.0,0.0,0.0,100.0,0.0,0.0,0.0,0.0,0.0,0.0,0.0,0.0,0.0,87.0,0.0,0.0,0.0,13.0,0.0,0.0,0.0,0.0,0.0,68.69,0.0,0.0,0.0,31.31,0.0,0.0,0.0,0.0,0.0,96.0,0.0,0.0,0.0,4.0,0.0,0.0,0.0,0.0,0.0,84.31,0.0,0.0,0.0,15.69,0.0,0.0,0.0,0.0,0.0,93.14,0.0,0.0,0.0,6.86,0.0,0.0,0.0,0.0,0.0,81.19,0.0,0.0,0.0,18.81,0.0,0.0,0.99,0.0,0.0,70.3,0.0,0.0,0.0,28.71,0.0,0.0,1.0,0.0,0.0,16.0,0.0,0.0,0.0,83.0,0.0,0.0,0.0,0.0,0.0,30.3,0.0,0.0,0.0,69.7,0.0,0.0,0.0,0.0,0.0,53.0,0.0,0.0,0.0,47.0,1.01,0.0,0.0,0.0,0.0,33.33,0.0,0.0,0.0,65.66,0.0,0.0,0.0,0.0,0.0,41.41,0.0,0.0,0.0,58.59,0.0,0.0,0.0,0.0,0.0,50.98,0.0,0.0,0.0,49.02,0.0,0.0,0.0,0.0,0.0,51.0,0.0,0.0,0.0,49.0,0.0,0.0,0.0,0.0,0.0,0.0,0.0,0.0,0.0,100.0,0.0,0.0,0.99,0.0,0.0,0.0,0.0,0.0,0.0,99.01,0.0,0.0,0.0,0.0,0.0,0.0,0.0,0.0,0.0,100.0,0.0,0.0,0.0,0.0,0.0,0.0,0.0,0.0,0.0,100.0,0.0,0.0,0.0,0.0,0.0,0.0,0.0,0.0,0.0,100.0,0.0,0.0,0.0,0.0,0.0,0.0,0.0,0.0,0.0,100.0,0.0,0.0,0.0,0.0,0.0,0.0,0.0,0.0,0.0,100.0,0.0,0.0,0.0,0.0,0.0,0.0,0.0,0.0,0.0,100.0
19,0.0,0.0,0.0,0.0,0.0,44.44,0.0,0.0,0.0,55.56,0.0,0.0,0.0,0.0,0.0,100.0,0.0,0.0,0.0,0.0,0.0,0.0,0.0,0.0,0.0,85.86,0.0,0.0,0.0,14.14,0.0,0.0,0.0,0.0,0.0,68.37,0.0,0.0,0.0,31.63,0.0,0.0,0.0,0.0,0.0,94.9,0.0,0.0,0.0,5.1,0.0,0.0,0.0,0.0,0.0,83.84,0.0,0.0,0.0,16.16,0.0,0.0,0.0,0.0,0.0,92.93,0.0,0.0,0.0,7.07,0.0,0.0,0.0,0.0,0.0,79.38,0.0,0.0,0.0,20.62,0.0,0.0,0.0,0.0,0.0,71.0,0.0,0.0,0.0,29.0,1.01,0.0,0.0,0.0,0.0,15.15,0.0,0.0,0.0,83.84,0.0,0.0,0.0,0.0,0.0,30.3,0.0,0.0,0.0,69.7,0.0,0.0,0.0,0.0,0.0,50.52,0.0,0.0,0.0,49.48,2.04,0.0,0.0,0.0,0.0,34.69,0.0,0.0,0.0,63.27,0.0,0.0,0.0,0.0,0.0,41.0,0.0,0.0,0.0,59.0,1.02,0.0,0.0,0.0,0.0,47.96,0.0,0.0,0.0,51.02,0.0,0.0,0.0,0.0,0.0,51.0,0.0,0.0,0.0,49.0,1.0,0.0,0.0,0.0,0.0,0.0,0.0,0.0,0.0,99.0,0.0,0.0,0.0,0.0,0.0,0.0,0.0,0.0,0.0,100.0,0.0,0.0,0.0,0.0,0.0,0.0,0.0,0.0,0.0,100.0,0.0,0.0,0.0,0.0,0.0,0.0,0.0,0.0,0.0,100.0,0.0,0.0,0.0,0.0,0.0,0.0,0.0,0.0,0.0,100.0,0.0,0.0,0.0,0.0,0.0,0.0,0.0,0.0,0.0,100.0,0.0,0.0,0.0,0.0,0.0,0.0,0.0,0.0,0.0,100.0,0.99,0.0,0.99,0.0,0.0,0.0,0.0,0.0,0.0,98.02
20,0.0,0.0,0.0,0.0,0.0,45.0,0.0,0.0,0.0,55.0,0.0,0.0,0.0,0.0,0.0,100.0,0.0,0.0,0.0,0.0,0.0,0.0,0.0,0.0,0.0,86.87,0.0,0.0,0.0,13.13,0.0,0.0,0.0,0.0,0.0,69.31,0.0,0.0,0.0,30.69,0.0,0.0,0.0,0.0,0.0,94.06,0.0,0.0,0.0,5.94,0.0,0.0,0.0,0.0,0.0,83.67,0.0,0.0,0.0,16.33,0.0,0.0,0.0,0.0,0.0,91.92,0.0,0.0,0.0,8.08,0.0,0.0,0.0,0.0,0.0,80.0,0.0,0.0,0.0,20.0,0.0,0.0,0.0,0.0,0.0,70.71,0.0,0.0,0.0,29.29,0.0,0.0,0.0,0.0,0.0,15.31,0.0,0.0,0.0,84.69,1.0,0.0,0.0,0.0,0.0,31.0,0.0,0.0,0.0,68.0,0.0,0.0,0.0,0.0,0.0,51.0,0.0,0.0,0.0,49.0,0.0,0.0,0.0,0.0,0.0,35.0,0.0,0.0,0.0,65.0,0.0,0.0,0.0,0.0,0.0,41.41,0.0,0.0,0.0,58.59,0.99,0.0,0.99,0.0,0.0,49.5,0.0,0.0,0.0,48.51,0.0,0.0,0.0,0.0,0.0,50.51,0.0,0.0,0.0,49.49,0.0,0.0,0.0,0.0,0.0,0.0,0.0,0.0,0.0,100.0,1.0,0.0,0.0,0.0,0.0,0.0,0.0,0.0,0.0,99.0,0.0,0.0,0.0,0.0,0.0,0.0,0.0,0.0,0.0,100.0,0.0,0.0,0.0,0.0,0.0,0.0,0.0,0.0,0.0,100.0,0.0,0.0,1.0,0.0,0.0,0.0,0.0,0.0,0.0,99.0,0.0,0.0,0.0,0.0,0.0,0.0,0.0,0.0,0.0,100.0,0.0,0.0,0.0,0.0,0.0,0.0,0.0,0.0,0.0,100.0,0.0,0.0,0.0,0.0,0.0,0.0,0.0,0.0,0.0,100.0
21,0.0,0.0,0.0,0.0,0.0,45.0,0.0,0.0,0.0,55.0,0.0,0.0,0.0,0.0,0.0,100.0,0.0,0.0,0.0,0.0,0.0,0.0,0.0,0.0,0.0,86.87,0.0,0.0,0.0,13.13,0.99,0.0,0.0,0.0,0.0,69.31,0.0,0.0,0.0,29.7,1.04,0.0,1.04,0.0,0.0,94.79,0.0,0.0,0.0,3.12,0.96,0.0,0.0,0.0,0.0,83.65,0.0,0.0,0.0,15.38,0.0,0.0,0.0,0.0,0.0,94.06,0.0,0.0,0.0,5.94,0.98,0.0,0.98,0.0,0.0,94.12,0.0,0.0,0.0,3.92,1.03,0.0,1.03,0.0,0.0,70.1,0.0,0.0,0.0,27.84,1.0,0.0,0.0,0.0,0.0,16.0,0.0,0.0,0.0,83.0,0.0,0.0,1.0,0.0,0.0,29.0,0.0,0.0,0.0,70.0,0.0,0.0,0.0,0.0,0.0,50.51,0.0,0.0,0.0,49.49,4.0,0.0,11.0,0.0,0.0,33.0,0.0,0.0,0.0,52.0,0.0,0.0,0.0,0.0,0.0,41.0,0.0,0.0,0.0,59.0,0.0,0.0,0.0,0.0,0.0,49.49,0.0,0.0,0.0,50.51,0.0,0.0,0.0,0.0,0.0,50.51,0.0,0.0,0.0,49.49,0.0,0.0,0.0,0.0,0.0,0.0,0.0,0.0,0.0,100.0,0.0,0.0,1.0,0.0,0.0,0.0,0.0,0.0,0.0,99.0,0.0,0.0,0.0,0.0,0.0,0.0,0.0,0.0,0.0,100.0,0.0,0.0,0.0,0.0,0.0,0.0,0.0,0.0,0.0,100.0,1.0,0.0,0.0,12.0,0.0,0.0,0.0,0.0,0.0,87.0,1.0,0.0,0.0,0.0,0.0,0.0,0.0,0.0,0.0,99.0,1.0,0.0,0.0,3.0,0.0,0.0,0.0,0.0,0.0,96.0,0.0,0.0,1.01,0.0,0.0,0.0,0.0,0.0,0.0,98.99
22,0.98,0.0,0.0,0.0,0.0,45.1,0.0,0.0,0.0,53.92,0.0,0.0,0.0,0.0,0.0,100.0,0.0,0.0,0.0,0.0,0.0,0.0,0.0,0.0,0.0,86.0,0.0,0.0,0.0,14.0,0.0,0.0,0.0,0.0,0.0,70.0,0.0,0.0,0.0,30.0,0.0,0.0,0.0,0.0,0.0,96.91,0.0,0.0,0.0,3.09,0.0,0.0,0.0,0.0,0.0,84.54,0.0,0.0,0.0,15.46,0.0,0.0,0.0,0.0,0.0,94.95,0.0,0.0,0.0,5.05,0.0,0.0,0.0,0.0,0.0,100.0,0.0,0.0,0.0,0.0,0.0,0.0,0.0,0.0,0.0,70.41,0.0,0.0,0.0,29.59,0.0,0.0,1.01,0.0,0.0,15.15,0.0,0.0,0.0,83.84,0.0,0.0,0.0,0.0,0.0,29.29,0.0,0.0,0.0,70.71,0.0,0.0,0.0,0.0,0.0,50.0,0.0,0.0,0.0,50.0,1.02,0.0,0.0,0.0,0.0,32.65,0.0,0.0,0.0,66.33,0.0,0.0,0.0,0.0,0.0,41.41,0.0,0.0,0.0,58.59,0.0,0.0,0.0,0.0,0.0,50.5,0.0,0.0,0.0,49.5,0.0,0.0,0.0,0.0,0.0,51.0,0.0,0.0,0.0,49.0,6.06,0.0,1.01,0.0,0.0,0.0,0.0,0.0,0.0,92.93,0.0,0.0,0.0,0.0,0.0,0.0,0.0,0.0,0.0,100.0,0.0,0.0,1.0,0.0,0.0,0.0,0.0,0.0,0.0,99.0,0.0,0.0,0.0,0.0,0.0,0.0,0.0,0.0,0.0,100.0,0.0,0.0,0.0,5.05,0.0,0.0,0.0,0.0,0.0,94.95,0.0,0.0,0.0,0.0,0.0,0.0,0.0,0.0,0.0,100.0,0.0,0.0,0.0,12.24,0.0,0.0,0.0,0.0,0.0,87.76,1.01,0.0,0.0,0.0,0.0,0.0,0.0,0.0,0.0,98.99
23,0.0,0.0,0.0,0.0,0.0,45.54,0.0,0.0,0.0,54.46,0.0,0.0,0.0,0.0,0.0,100.0,0.0,0.0,0.0,0.0,0.0,0.0,0.99,0.0,0.0,85.15,0.0,0.0,0.0,13.86,0.0,0.0,0.0,0.0,0.0,69.0,0.0,0.0,0.0,31.0,0.0,0.0,0.0,0.0,0.0,95.79,0.0,0.0,0.0,4.21,0.0,0.0,0.0,0.0,0.0,83.67,0.0,0.0,0.0,16.33,0.0,0.0,0.0,0.0,0.0,94.06,0.0,0.0,0.0,5.94,0.0,0.0,0.0,0.0,0.0,100.0,0.0,0.0,0.0,0.0,0.0,0.0,0.0,0.0,0.0,70.0,0.0,0.0,0.0,30.0,1.0,0.0,0.0,0.0,0.0,16.0,0.0,0.0,0.0,83.0,0.99,0.0,0.0,0.0,0.0,28.71,0.0,0.0,0.0,70.3,0.0,0.0,0.0,0.0,0.0,51.55,0.0,0.0,0.0,48.45,0.0,0.0,0.0,0.0,0.0,34.34,0.0,0.0,0.0,65.66,0.0,0.0,0.0,0.0,0.0,41.0,0.0,0.0,0.0,59.0,0.99,0.0,0.0,0.0,0.0,49.5,0.0,0.0,0.0,49.5,0.0,0.0,0.0,0.0,0.0,51.0,0.0,0.0,0.0,49.0,1.01,0.0,0.0,0.0,0.0,0.0,0.0,0.0,0.0,98.99,0.0,0.0,0.0,0.0,0.0,0.0,0.0,0.0,0.0,100.0,0.0,0.0,0.0,0.0,0.0,0.0,0.0,0.0,0.0,100.0,0.0,0.0,1.0,0.0,0.0,0.0,0.0,0.0,0.0,99.0,0.0,0.0,0.0,17.17,0.0,0.0,0.0,0.0,0.0,82.83,0.0,0.0,0.0,0.0,0.0,0.0,0.0,0.0,0.0,100.0,0.0,0.0,1.0,1.0,0.0,0.0,0.0,0.0,0.0,98.0,0.0,0.0,1.01,0.0,0.0,0.0,0.0,0.0,0.0,98.99
24,0.0,0.0,0.0,0.0,0.0,73.74,0.0,0.0,0.0,26.26,0.0,0.0,0.0,0.0,0.0,100.0,0.0,0.0,0.0,0.0,0.0,0.0,0.0,0.0,0.0,87.0,0.0,0.0,0.0,13.0,0.0,0.0,0.99,0.0,0.0,70.3,0.0,0.0,0.0,28.71,0.0,0.0,0.0,0.0,0.0,97.87,0.0,0.0,0.0,2.13,0.0,0.0,0.0,0.0,0.0,85.86,0.0,0.0,0.0,14.14,0.0,0.0,0.0,0.0,0.0,96.0,0.0,0.0,0.0,4.0,0.0,0.0,0.0,0.0,0.0,100.0,0.0,0.0,0.0,0.0,1.0,0.0,1.0,0.0,0.0,71.0,0.0,0.0,0.0,27.0,0.0,0.0,0.0,0.0,0.0,16.16,0.0,0.0,0.0,83.84,6.12,0.0,6.12,1.02,0.0,28.57,0.0,0.0,0.0,58.16,0.0,0.0,0.0,0.0,0.0,54.55,0.0,0.0,0.0,45.45,0.0,0.0,0.0,0.0,0.0,35.35,0.0,0.0,0.0,64.65,0.0,0.0,0.0,0.0,0.0,42.42,0.0,0.0,0.0,57.58,1.01,0.0,1.01,0.0,0.0,49.49,0.0,0.0,0.0,48.48,0.0,0.0,0.0,0.0,0.0,51.0,0.0,0.0,0.0,49.0,1.0,0.0,1.0,0.0,0.0,0.0,0.0,0.0,0.0,98.0,0.0,0.0,0.0,0.0,0.0,0.0,0.0,0.0,0.0,100.0,0.0,0.0,0.0,0.0,0.0,0.0,0.0,0.0,0.0,100.0,1.0,0.0,0.0,0.0,0.0,0.0,0.0,0.0,0.0,99.0,1.0,0.0,1.0,4.0,0.0,0.0,0.0,0.0,0.0,94.0,0.99,0.0,0.99,0.0,0.0,0.0,0.0,0.0,0.0,98.02,2.02,0.0,1.01,13.13,0.0,0.0,0.0,0.0,0.0,83.84,1.98,0.0,2.97,0.0,0.0,0.0,0.0,0.0,0.0,95.05
25,0.0,0.0,0.0,0.0,0.0,92.0,0.0,0.0,0.0,8.0,0.0,0.0,0.0,0.0,0.0,100.0,0.0,0.0,0.0,0.0,0.0,0.0,0.0,0.0,0.0,88.78,0.0,0.0,0.0,11.22,0.0,0.0,0.0,0.0,0.0,72.0,0.0,0.0,0.0,28.0,0.0,0.0,0.0,0.0,0.0,100.0,0.0,0.0,0.0,0.0,0.0,0.0,0.0,0.0,0.0,87.0,0.0,0.0,0.0,13.0,0.0,0.0,0.98,0.0,0.0,96.08,0.0,0.0,0.0,2.94,0.0,0.0,0.0,0.0,0.0,100.0,0.0,0.0,0.0,0.0,0.0,0.0,0.0,0.0,0.0,71.72,0.0,0.0,0.0,28.28,0.99,0.0,0.0,0.0,0.0,17.82,0.0,0.0,0.0,81.19,1.0,0.0,0.0,0.0,0.0,32.0,0.0,0.0,0.0,67.0,0.0,0.0,0.0,0.0,0.0,53.54,0.0,0.0,0.0,46.46,1.0,0.0,0.0,0.0,0.0,36.0,0.0,0.0,0.0,63.0,0.0,0.0,0.0,0.0,0.0,43.0,0.0,0.0,0.0,57.0,1.0,0.0,0.0,0.0,0.0,50.0,0.0,0.0,0.0,49.0,0.0,0.0,0.0,0.0,0.0,51.0,0.0,0.0,0.0,49.0,0.0,0.0,0.0,0.0,0.0,0.0,0.0,0.0,0.0,100.0,0.0,0.0,0.0,0.0,0.0,0.0,0.0,0.0,0.0,100.0,0.0,0.0,0.0,0.0,0.0,0.0,0.0,0.0,0.0,100.0,0.0,0.0,0.0,0.0,0.0,0.0,0.0,0.0,0.0,100.0,0.0,0.0,1.0,14.0,0.0,0.0,0.0,0.0,0.0,85.0,0.0,0.0,0.0,0.0,0.0,0.0,0.0,0.0,0.0,100.0,0.0,0.0,1.0,4.0,0.0,0.0,0.0,0.0,0.0,95.0,1.0,0.0,0.0,0.0,0.0,0.0,0.0,0.0,0.0,99.0
26,0.0,0.0,0.0,0.0,0.0,86.14,0.0,0.0,0.0,13.86,0.0,0.0,0.0,0.0,0.0,100.0,0.0,0.0,0.0,0.0,0.0,0.0,0.0,0.0,0.0,87.13,0.0,0.0,0.0,12.87,0.0,0.0,0.0,0.0,0.0,70.0,0.0,0.0,0.0,30.0,0.0,0.0,0.0,0.0,0.0,97.98,0.0,0.0,0.0,2.02,0.0,0.0,0.0,0.0,0.0,85.0,0.0,0.0,0.0,15.0,0.0,0.0,0.0,0.0,0.0,96.0,0.0,0.0,0.0,4.0,0.0,0.0,0.0,0.0,0.0,100.0,0.0,0.0,0.0,0.0,0.0,0.0,0.0,0.0,0.0,72.28,0.0,0.0,0.0,27.72,1.0,0.0,1.0,0.0,0.0,16.0,0.0,0.0,0.0,82.0,1.0,0.0,0.0,0.0,0.0,31.0,0.0,0.0,0.0,68.0,0.0,0.0,0.0,0.0,0.0,52.53,0.0,0.0,0.0,47.47,0.0,0.0,0.0,0.0,0.0,36.36,0.0,0.0,0.0,63.64,0.0,0.0,0.0,0.0,0.0,43.43,0.0,0.0,0.0,56.57,0.99,0.0,0.0,0.0,0.0,50.5,0.0,0.0,0.0,48.51,0.0,0.0,0.0,0.0,0.0,51.52,0.0,0.0,0.0,48.48,0.0,0.0,1.01,0.0,0.0,0.0,0.0,0.0,0.0,98.99,0.99,0.0,0.0,0.0,0.0,0.0,0.0,0.0,0.0,99.01,0.0,0.0,0.0,0.0,0.0,0.0,0.0,0.0,0.0,100.0,0.0,0.0,0.0,0.0,0.0,0.0,0.0,0.0,0.0,100.0,0.0,0.0,0.0,0.0,0.0,0.0,0.0,0.0,0.0,100.0,0.0,0.0,0.0,0.0,0.0,0.0,0.0,0.0,0.0,100.0,0.0,0.0,0.0,17.17,0.0,0.0,0.0,0.0,0.0,82.83,0.0,0.0,0.0,0.0,0.0,0.0,0.0,0.0,0.0,100.0
27,0.0,0.0,0.0,0.0,0.0,89.0,0.0,0.0,0.0,11.0,0.0,0.0,0.0,0.0,0.0,100.0,0.0,0.0,0.0,0.0,0.0,0.0,0.0,0.0,0.0,87.13,0.0,0.0,0.0,12.87,0.0,0.0,0.0,0.0,0.0,70.71,0.0,0.0,0.0,29.29,0.0,0.0,0.0,0.0,0.0,98.02,0.0,0.0,0.0,1.98,0.0,0.0,0.0,0.0,0.0,86.0,0.0,0.0,0.0,14.0,0.0,0.0,0.0,0.0,0.0,95.96,0.0,0.0,0.0,4.04,0.0,0.0,0.0,0.0,0.0,100.0,0.0,0.0,0.0,0.0,0.98,0.0,0.0,0.0,0.0,71.57,0.0,0.0,0.0,27.45,2.0,0.0,1.0,0.0,0.0,15.0,0.0,0.0,0.0,82.0,0.0,0.0,1.0,0.0,0.0,30.0,0.0,0.0,0.0,69.0,0.0,0.0,0.0,0.0,0.0,54.55,0.0,0.0,0.0,45.45,0.98,0.0,0.98,0.0,0.0,35.29,0.0,0.0,0.0,62.75,0.0,0.0,0.0,0.0,0.0,41.84,0.0,0.0,0.0,58.16,0.99,0.0,0.99,0.0,0.0,49.5,0.0,0.0,0.0,48.51,1.0,0.0,0.0,0.0,0.0,51.0,0.0,0.0,0.0,48.0,1.0,0.0,1.0,0.0,0.0,0.0,0.0,0.0,0.0,98.0,0.0,0.0,0.0,0.0,0.0,0.0,0.0,0.0,0.0,100.0,0.99,0.0,0.0,0.0,0.0,0.0,0.0,0.0,0.0,99.01,0.0,0.0,0.0,0.0,0.0,0.0,0.0,0.0,0.0,100.0,0.99,0.0,0.0,0.0,0.0,0.0,0.0,0.0,0.0,99.01,0.0,0.0,0.99,0.0,0.0,0.0,0.0,0.0,0.0,99.01,0.0,0.0,1.0,18.0,0.0,0.0,0.0,0.0,0.0,81.0,0.0,0.0,0.0,0.0,0.0,0.0,0.0,0.0,0.0,100.0
28,0.0,0.0,0.0,0.0,0.0,90.91,0.0,0.0,0.0,9.09,0.0,0.0,0.0,0.0,0.0,100.0,0.0,0.0,0.0,0.0,0.0,0.0,0.0,0.0,0.0,88.0,0.0,0.0,0.0,12.0,0.0,0.0,0.0,0.0,0.0,70.71,0.0,0.0,0.0,29.29,0.0,0.0,0.0,0.0,0.0,99.0,0.0,0.0,0.0,1.0,0.0,0.0,0.0,0.0,0.0,85.86,0.0,0.0,0.0,14.14,0.0,0.0,0.0,0.0,0.0,96.0,0.0,0.0,0.0,4.0,0.0,0.0,0.0,0.0,0.0,100.0,0.0,0.0,0.0,0.0,0.0,0.0,0.0,0.0,0.0,71.72,0.0,0.0,0.0,28.28,1.02,0.0,0.0,0.0,0.0,15.31,0.0,0.0,0.0,83.67,0.0,0.0,0.0,0.0,0.0,30.93,0.0,0.0,0.0,69.07,0.0,0.0,0.0,0.0,0.0,54.55,0.0,0.0,0.0,45.45,0.0,0.0,0.0,0.0,0.0,36.36,0.0,0.0,0.0,63.64,0.0,0.0,0.0,0.0,0.0,43.0,0.0,0.0,0.0,57.0,0.0,0.0,0.0,0.0,0.0,51.0,0.0,0.0,0.0,49.0,0.99,0.0,0.0,0.0,0.0,52.48,0.0,0.0,0.0,46.53,0.0,0.0,1.01,0.0,0.0,0.0,0.0,0.0,0.0,98.99,0.0,0.0,0.0,0.0,0.0,0.0,0.0,0.0,0.0,100.0,0.0,0.0,0.0,0.0,0.0,0.0,0.0,0.0,0.0,100.0,0.0,0.0,0.0,0.0,0.0,0.0,0.0,0.0,0.0,100.0,0.0,0.0,1.0,16.0,0.0,0.0,0.0,0.0,0.0,83.0,0.0,0.0,0.0,0.0,0.0,0.0,0.0,0.0,0.0,100.0,0.0,0.0,0.0,2.0,0.0,0.0,0.0,0.0,0.0,98.0,0.0,0.0,0.0,0.0,0.0,0.0,0.0,0.0,0.0,100.0
29,0.0,0.0,0.0,0.0,0.0,91.84,0.0,0.0,0.0,8.16,0.0,0.0,0.0,0.0,0.0,100.0,0.0,0.0,0.0,0.0,0.0,0.0,0.0,0.0,0.0,88.12,0.0,0.0,0.0,11.88,0.0,0.0,0.0,0.0,0.0,70.71,0.0,0.0,0.0,29.29,0.0,0.0,0.0,0.0,0.0,99.0,0.0,0.0,0.0,1.0,0.0,0.0,0.0,0.0,0.0,87.13,0.0,0.0,0.0,12.87,0.0,0.0,0.0,0.0,0.0,97.98,0.0,0.0,0.0,2.02,0.0,0.0,0.0,0.0,0.0,100.0,0.0,0.0,0.0,0.0,0.0,0.0,0.0,0.0,0.0,72.0,0.0,0.0,0.0,28.0,1.0,0.0,1.0,1.0,0.0,16.0,0.0,0.0,0.0,81.0,0.99,0.0,0.0,0.0,0.0,31.68,0.0,0.0,0.0,67.33,0.0,0.0,0.0,0.0,0.0,54.08,0.0,0.0,0.0,45.92,0.0,0.0,0.0,0.0,0.0,37.0,0.0,0.0,0.0,63.0,0.0,0.0,0.0,0.0,0.0,44.44,0.0,0.0,0.0,55.56,0.0,0.0,0.0,0.0,0.0,51.0,0.0,0.0,0.0,49.0,0.0,0.0,0.0,0.0,0.0,51.52,0.0,0.0,0.0,48.48,0.0,0.0,0.0,0.0,0.0,0.0,0.0,0.0,0.0,100.0,0.0,0.0,1.0,0.0,0.0,0.0,0.0,0.0,0.0,99.0,0.0,0.0,0.0,0.0,0.0,0.0,0.0,0.0,0.0,100.0,0.0,0.0,0.0,0.0,0.0,0.0,0.0,0.0,0.0,100.0,0.0,0.0,0.0,15.15,0.0,0.0,0.0,0.0,0.0,84.85,0.0,0.0,0.0,0.0,0.0,0.0,0.0,0.0,0.0,100.0,1.0,0.0,0.0,3.0,0.0,0.0,0.0,0.0,0.0,96.0,0.0,0.0,0.0,0.0,0.0,0.0,0.0,0.0,0.0,100.0
30,0.0,0.0,0.0,0.0,0.0,89.8,0.0,0.0,0.0,10.2,0.0,0.0,0.0,0.0,0.0,100.0,0.0,0.0,0.0,0.0,0.0,0.0,0.0,0.0,0.0,87.88,0.0,0.0,0.0,12.12,0.0,0.0,0.0,0.0,0.0,70.71,0.0,0.0,0.0,29.29,0.0,0.0,0.0,0.0,0.0,99.0,0.0,0.0,0.0,1.0,0.0,0.0,0.0,0.0,0.0,86.27,0.0,0.0,0.0,13.73,0.0,0.0,0.0,0.0,0.0,96.04,0.0,0.0,0.0,3.96,0.0,0.0,0.0,0.0,0.0,100.0,0.0,0.0,0.0,0.0,0.0,0.0,0.0,0.0,0.0,71.57,0.0,0.0,0.0,28.43,0.99,0.0,1.98,0.0,0.0,15.84,0.0,0.0,0.0,81.19,1.0,0.0,0.0,0.0,0.0,31.0,0.0,0.0,0.0,68.0,0.0,0.0,0.0,0.0,0.0,54.55,0.0,0.0,0.0,45.45,1.0,0.0,0.0,0.0,0.0,36.0,0.0,0.0,0.0,63.0,0.0,0.0,0.0,0.0,0.0,42.86,0.0,0.0,0.0,57.14,0.97,0.0,0.0,0.0,0.0,51.46,0.0,0.0,0.0,47.57,0.97,0.0,0.0,0.0,0.0,52.43,0.0,0.0,0.0,46.6,0.0,0.0,1.01,0.0,0.0,0.0,0.0,0.0,0.0,98.99,0.0,0.0,0.0,0.0,0.0,0.0,0.0,0.0,0.0,100.0,0.0,0.0,0.0,0.0,0.0,0.0,0.0,0.0,0.0,100.0,0.0,0.0,1.0,0.0,0.0,0.0,0.0,0.0,0.0,99.0,0.0,0.0,0.0,0.0,0.0,0.0,0.0,0.0,0.0,100.0,0.0,0.0,1.0,0.0,0.0,0.0,0.0,0.0,0.0,99.0,0.0,0.0,1.0,18.0,0.0,0.0,0.0,0.0,0.0,81.0,0.99,0.0,0.0,0.0,0.0,0.0,0.0,0.0,0.0,99.01
31,0.0,0.0,0.0,0.0,0.0,90.0,0.0,0.0,0.0,10.0,0.0,0.0,0.0,0.0,0.0,100.0,0.0,0.0,0.0,0.0,0.0,0.0,0.0,0.0,0.0,87.0,0.0,0.0,0.0,13.0,0.0,0.0,0.0,0.0,0.0,71.0,0.0,0.0,0.0,29.0,0.0,0.0,0.0,0.0,0.0,98.02,0.0,0.0,0.0,1.98,0.0,0.0,0.0,0.0,0.0,86.73,0.0,0.0,0.0,13.27,0.0,0.0,0.0,0.0,0.0,97.0,0.0,0.0,0.0,3.0,0.0,0.0,0.0,0.0,0.0,100.0,0.0,0.0,0.0,0.0,0.0,0.0,0.0,0.0,0.0,71.72,0.0,0.0,0.0,28.28,0.0,0.0,0.0,0.0,0.0,16.33,0.0,0.0,0.0,83.67,0.0,0.0,0.0,0.0,0.0,32.0,0.0,0.0,0.0,68.0,0.0,0.0,0.0,0.0,0.0,55.0,0.0,0.0,0.0,45.0,1.01,0.0,1.01,0.0,0.0,36.36,0.0,0.0,0.0,61.62,0.0,0.0,0.0,0.0,0.0,43.56,0.0,0.0,0.0,56.44,0.0,0.0,0.0,0.0,0.0,51.0,0.0,0.0,0.0,49.0,0.0,0.0,0.0,0.0,0.0,52.48,0.0,0.0,0.0,47.52,1.01,0.0,1.01,0.0,0.0,0.0,0.0,0.0,0.0,97.98,0.0,0.0,0.0,0.0,0.0,0.0,0.0,0.0,0.0,100.0,0.0,0.0,0.0,0.0,0.0,0.0,0.0,0.0,0.0,100.0,0.0,0.0,0.0,0.0,0.0,0.0,0.0,0.0,0.0,100.0,0.0,0.0,0.0,0.0,0.0,0.0,0.0,0.0,0.0,100.0,0.0,0.0,0.0,0.0,0.0,0.0,0.0,0.0,0.0,100.0,0.0,0.0,0.0,20.2,0.0,0.0,0.0,0.0,0.0,79.8,0.0,0.0,0.0,0.0,0.0,0.0,0.0,0.0,0.0,100.0
32,0.0,0.0,0.99,0.0,0.0,88.12,0.0,0.0,0.0,10.89,0.0,0.0,0.0,0.0,0.0,100.0,0.0,0.0,0.0,0.0,0.0,0.0,0.0,0.0,0.0,88.0,0.0,0.0,0.0,12.0,0.0,0.0,0.0,0.0,0.0,71.43,0.0,0.0,0.0,28.57,0.0,0.0,0.0,0.0,0.0,98.98,0.0,0.0,0.0,1.02,0.0,0.0,0.0,0.0,0.0,86.14,0.0,0.0,0.0,13.86,0.0,0.0,0.0,0.0,0.0,96.04,0.0,0.0,0.0,3.96,0.0,0.0,0.0,0.0,0.0,100.0,0.0,0.0,0.0,0.0,0.0,0.0,1.0,0.0,0.0,70.0,0.0,0.0,0.0,29.0,1.98,0.0,0.99,0.0,0.0,15.84,0.0,0.0,0.0,81.19,1.98,0.0,0.0,0.0,0.0,30.69,0.0,0.0,0.0,67.33,0.0,0.0,0.0,0.0,0.0,55.77,0.0,0.0,0.0,44.23,0.0,0.0,0.0,0.0,0.0,38.0,0.0,0.0,0.0,62.0,0.0,0.0,0.0,0.0,0.0,44.0,0.0,0.0,0.0,56.0,0.0,0.0,0.0,0.0,0.0,51.49,0.0,0.0,0.0,48.51,0.99,0.0,0.0,0.0,0.0,52.48,0.0,0.0,0.0,46.53,1.01,0.0,0.0,0.0,0.0,0.0,0.0,0.0,0.0,98.99,0.0,0.0,0.0,0.0,0.0,0.0,0.0,0.0,0.0,100.0,0.0,0.0,0.0,0.0,0.0,0.0,0.0,0.0,0.0,100.0,0.0,0.0,0.0,0.0,0.0,0.0,0.0,0.0,0.0,100.0,0.0,0.0,1.0,0.0,0.0,0.0,0.0,0.0,0.0,99.0,0.0,0.0,0.0,0.0,0.0,0.0,0.0,0.0,0.0,100.0,0.0,0.0,1.01,21.21,0.0,0.0,0.0,0.0,0.0,77.78,0.0,0.0,1.0,0.0,0.0,0.0,0.0,0.0,0.0,99.0
33,0.0,0.0,0.0,0.0,0.0,89.0,0.0,0.0,0.0,11.0,0.0,0.0,0.0,0.0,0.0,100.0,0.0,0.0,0.0,0.0,0.0,0.0,0.0,0.0,0.0,88.0,0.0,0.0,0.0,12.0,0.0,0.0,0.0,0.0,0.0,70.71,0.0,0.0,0.0,29.29,0.0,0.0,0.0,0.0,0.0,99.0,0.0,0.0,0.0,1.0,0.0,0.0,0.0,0.0,0.0,85.86,0.0,0.0,0.0,14.14,0.0,0.0,0.0,0.0,0.0,97.0,0.0,0.0,0.0,3.0,0.0,0.0,0.0,0.0,0.0,100.0,0.0,0.0,0.0,0.0,0.0,0.0,0.0,0.0,0.0,71.43,0.0,0.0,0.0,28.57,0.0,0.0,1.01,0.0,0.0,16.16,0.0,0.0,0.0,82.83,0.0,0.0,0.99,0.0,0.0,31.68,0.0,0.0,0.0,67.33,0.0,0.0,0.0,0.0,0.0,53.54,0.0,0.0,0.0,46.46,0.99,0.0,0.99,0.0,0.0,35.64,0.0,0.0,0.0,62.38,0.0,0.0,0.0,0.0,0.0,43.56,0.0,0.0,0.0,56.44,0.95,0.0,0.0,0.95,0.0,51.43,0.0,0.0,0.0,46.67,0.96,0.0,0.96,0.0,0.0,51.92,0.0,0.0,0.0,46.15,0.0,0.0,1.01,18.18,0.0,0.0,0.0,0.0,0.0,80.81,0.0,0.0,0.0,0.0,0.0,0.0,0.0,0.0,0.0,100.0,0.0,0.0,1.0,0.0,0.0,0.0,0.0,0.0,0.0,99.0,0.0,0.0,0.0,0.0,0.0,0.0,0.0,0.0,0.0,100.0,0.0,0.0,0.0,2.02,0.0,0.0,0.0,0.0,0.0,97.98,1.0,0.0,0.0,0.0,0.0,0.0,0.0,0.0,0.0,99.0,0.0,0.0,0.0,0.0,0.0,0.0,0.0,0.0,0.0,100.0,1.0,0.0,0.0,0.0,0.0,0.0,0.0,0.0,0.0,99.0
34,0.0,0.0,0.0,0.0,0.0,89.8,0.0,0.0,0.0,10.2,0.0,0.0,0.0,0.0,0.0,100.0,0.0,0.0,0.0,0.0,0.0,0.0,0.0,0.0,0.0,88.12,0.0,0.0,0.0,11.88,0.0,0.0,0.0,0.0,0.0,71.29,0.0,0.0,0.0,28.71,0.0,0.0,0.0,0.0,0.0,98.99,0.0,0.0,0.0,1.01,0.0,0.0,0.0,0.0,0.0,86.87,0.0,0.0,0.0,13.13,0.0,0.0,0.0,0.0,0.0,97.0,0.0,0.0,0.0,3.0,0.0,0.0,0.0,0.0,0.0,100.0,0.0,0.0,0.0,0.0,1.0,0.0,0.0,0.0,0.0,70.0,0.0,0.0,0.0,29.0,0.0,0.0,0.0,0.0,0.0,15.15,0.0,0.0,0.0,84.85,1.02,0.0,0.0,0.0,0.0,30.61,0.0,0.0,0.0,68.37,0.0,0.0,0.0,0.0,0.0,52.48,0.0,0.0,0.0,47.52,1.01,0.0,0.0,0.0,0.0,36.36,0.0,0.0,0.0,62.63,0.0,0.0,0.0,0.0,0.0,45.0,0.0,0.0,0.0,55.0,0.0,0.0,0.0,0.0,0.0,48.42,0.0,0.0,0.0,51.58,0.0,0.0,0.0,0.0,0.0,50.51,0.0,0.0,0.0,49.49,0.0,0.0,1.0,21.0,0.0,0.0,0.0,0.0,0.0,78.0,0.99,0.0,0.99,0.0,0.0,0.0,0.0,0.0,0.0,98.02,0.0,0.0,0.0,0.0,0.0,0.0,0.0,0.0,0.0,100.0,0.0,0.0,0.0,0.0,0.0,0.0,0.0,0.0,0.0,100.0,0.99,0.0,0.0,0.0,0.0,0.0,0.0,0.0,0.0,99.01,0.0,0.0,0.0,0.0,0.0,0.0,0.0,0.0,0.0,100.0,0.0,0.0,0.0,0.0,0.0,0.0,0.0,0.0,0.0,100.0,0.0,0.0,0.0,0.0,0.0,0.0,0.0,0.0,0.0,100.0
35,0.0,0.0,0.0,0.0,0.0,87.5,0.0,0.0,0.0,12.5,0.0,0.0,0.0,0.0,0.0,100.0,0.0,0.0,0.0,0.0,0.0,0.0,0.0,0.0,0.0,88.0,0.0,0.0,0.0,12.0,0.0,0.0,0.0,0.0,0.0,71.29,0.0,0.0,0.0,28.71,0.0,0.0,0.0,0.0,0.0,99.0,0.0,0.0,0.0,1.0,0.0,0.0,0.0,0.0,0.0,85.86,0.0,0.0,0.0,14.14,0.0,0.0,0.0,0.0,0.0,96.04,0.0,0.0,0.0,3.96,0.0,0.0,0.0,0.0,0.0,100.0,0.0,0.0,0.0,0.0,0.0,0.0,0.0,0.0,0.0,71.72,0.0,0.0,0.0,28.28,0.0,0.0,0.0,0.0,0.0,15.84,0.0,0.0,0.0,84.16,0.98,0.0,0.98,0.0,0.0,32.35,0.0,0.0,0.0,65.69,0.0,0.0,0.0,0.0,0.0,55.1,0.0,0.0,0.0,44.9,0.0,0.0,0.99,0.0,0.0,35.64,0.0,0.0,0.0,63.37,0.0,0.0,0.0,0.0,0.0,45.1,0.0,0.0,0.0,54.9,0.0,0.0,0.0,0.0,0.0,51.49,0.0,0.0,0.0,48.51,0.0,0.0,0.0,0.0,0.0,52.0,0.0,0.0,0.0,48.0,0.0,0.0,0.0,19.0,0.0,1.0,0.0,0.0,0.0,80.0,0.0,0.0,0.0,1.02,0.0,0.0,0.0,0.0,0.0,98.98,1.0,0.0,0.0,0.0,0.0,0.0,0.0,0.0,0.0,99.0,0.0,0.0,0.0,0.0,0.0,0.0,0.0,0.0,0.0,100.0,0.0,0.0,0.0,0.0,0.0,0.0,0.0,0.0,0.0,100.0,0.0,0.0,0.0,0.0,0.0,0.0,0.0,0.0,0.0,100.0,0.0,0.0,0.0,0.0,0.0,0.0,0.0,0.0,0.0,100.0,0.0,0.0,0.0,0.0,0.0,0.0,0.0,0.0,0.0,100.0
36,0.0,0.0,0.0,0.0,0.0,85.86,0.0,0.0,0.0,14.14,0.0,0.0,0.99,0.0,0.0,99.01,0.0,0.0,0.0,0.0,0.0,0.0,0.0,0.0,0.0,87.13,0.0,0.0,0.0,12.87,0.0,0.0,0.0,0.0,0.0,70.71,0.0,0.0,0.0,29.29,0.0,0.0,0.0,0.0,0.0,98.02,0.0,0.0,0.0,1.98,0.0,0.0,0.0,0.0,0.0,85.86,0.0,0.0,0.0,14.14,0.0,0.0,0.0,0.0,0.0,96.97,0.0,0.0,0.0,3.03,0.0,0.0,0.0,0.0,0.0,100.0,0.0,0.0,0.0,0.0,0.0,0.0,0.0,0.0,0.0,71.57,0.0,0.0,0.0,28.43,1.0,0.0,0.0,0.0,0.0,16.0,0.0,0.0,0.0,83.0,0.0,0.0,0.0,0.0,0.0,31.0,0.0,0.0,0.0,69.0,0.0,0.0,0.0,0.0,0.0,53.47,0.0,0.0,0.0,46.53,1.0,0.0,0.0,0.0,0.0,36.0,0.0,0.0,0.0,63.0,0.0,0.0,0.0,0.0,0.0,42.42,0.0,0.0,0.0,57.58,0.98,0.0,0.98,0.0,0.0,50.0,0.0,0.0,0.0,48.04,0.0,0.0,0.0,0.0,0.0,52.0,0.0,0.0,0.0,48.0,0.0,0.0,0.0,14.29,0.0,0.0,0.0,0.0,0.0,85.71,1.01,0.0,0.0,5.05,0.0,0.0,0.0,0.0,0.0,93.94,0.0,0.0,0.0,0.0,0.0,0.0,0.0,0.0,0.0,100.0,0.0,0.0,0.0,0.0,0.0,0.0,0.0,0.0,0.0,100.0,0.0,0.0,1.0,1.0,0.0,0.0,0.0,0.0,0.0,98.0,0.0,0.0,0.0,0.0,0.0,0.0,0.0,0.0,0.0,100.0,0.98,0.0,0.98,0.0,0.0,0.0,0.0,0.0,0.0,98.04,1.0,0.0,0.0,0.0,0.0,0.0,0.0,0.0,0.0,99.0
37,0.0,0.0,0.0,0.0,0.0,87.25,0.0,0.0,0.0,12.75,0.0,0.0,0.0,0.0,0.0,100.0,0.0,0.0,0.0,0.0,0.99,0.0,0.0,0.0,0.0,87.13,0.0,0.0,0.0,11.88,0.0,0.0,0.0,0.0,0.0,71.43,0.0,0.0,0.0,28.57,0.0,0.0,0.99,0.0,0.0,98.02,0.0,0.0,0.0,0.99,0.0,0.0,0.0,0.0,0.0,85.86,0.0,0.0,0.0,14.14,0.0,0.0,0.0,0.0,0.0,96.04,0.0,0.0,0.0,3.96,0.0,0.0,0.0,0.0,0.0,100.0,0.0,0.0,0.0,0.0,0.0,0.0,0.0,0.0,0.0,71.72,0.0,0.0,0.0,28.28,0.0,0.0,0.0,0.0,0.0,16.0,0.0,0.0,0.0,84.0,0.0,0.0,0.99,0.0,0.0,29.7,0.0,0.0,0.0,69.31,0.0,0.0,0.0,0.0,0.0,54.55,0.0,0.0,0.0,45.45,0.0,0.0,0.0,0.0,0.0,36.63,0.0,0.0,0.0,63.37,0.0,0.0,0.0,0.0,0.0,44.0,0.0,0.0,0.0,56.0,0.0,0.0,0.0,0.0,0.0,51.0,0.0,0.0,0.0,49.0,0.0,0.0,0.0,0.0,0.0,51.49,0.0,0.0,0.0,48.51,1.0,0.0,1.0,0.0,0.0,0.0,0.0,0.0,0.0,98.0,0.0,0.0,0.0,0.0,0.0,0.0,0.0,0.0,0.0,100.0,0.0,0.0,0.0,0.0,0.0,0.0,0.0,0.0,0.0,100.0,0.0,0.0,0.0,0.0,0.0,0.0,0.0,0.0,0.0,100.0,0.0,0.0,0.0,1.02,0.0,0.0,0.0,0.0,0.0,98.98,0.0,0.0,0.0,13.0,0.0,0.0,0.0,0.0,0.0,87.0,1.02,0.0,1.02,0.0,0.0,0.0,0.0,0.0,0.0,97.96,0.0,0.0,0.99,5.94,0.0,0.0,0.0,0.0,0.0,93.07
38,0.0,0.0,0.0,0.0,0.0,87.76,0.0,0.0,0.0,12.24,0.0,0.0,0.0,0.0,0.0,100.0,0.0,0.0,0.0,0.0,0.0,0.0,0.0,0.0,0.0,87.13,0.0,0.0,0.0,12.87,0.0,0.0,1.0,0.0,0.0,70.0,0.0,0.0,0.0,29.0,0.0,0.0,0.0,0.0,0.0,98.0,0.0,0.0,0.0,2.0,0.0,0.0,0.0,0.0,0.0,86.0,0.0,0.0,0.0,14.0,0.0,0.0,0.0,0.0,0.0,97.03,0.0,0.0,0.0,2.97,0.0,0.0,0.0,0.0,0.0,100.0,0.0,0.0,0.0,0.0,0.0,0.0,0.0,0.0,0.0,72.73,0.0,0.0,0.0,27.27,0.99,0.0,0.99,0.0,0.0,15.84,0.0,0.0,0.0,82.18,1.02,0.0,0.0,0.0,0.0,29.59,0.0,0.0,0.0,69.39,0.0,0.0,0.0,0.0,0.0,54.46,0.0,0.0,0.0,45.54,0.0,0.0,0.0,0.0,0.0,35.35,0.0,0.0,0.0,64.65,0.0,0.0,0.0,0.0,0.0,44.55,0.0,0.0,0.0,55.45,0.0,0.0,0.0,0.0,0.0,50.51,0.0,0.0,0.0,49.49,0.0,0.0,0.0,0.0,0.0,51.0,0.0,0.0,0.0,49.0,0.0,0.0,0.0,0.0,0.0,0.0,0.0,0.0,0.0,100.0,0.0,0.0,1.0,0.0,0.0,0.0,0.0,0.0,0.0,99.0,0.0,0.0,0.0,0.0,0.0,0.0,0.0,0.0,0.0,100.0,0.0,0.0,0.0,0.0,0.0,0.0,0.0,0.0,0.0,100.0,0.0,0.0,0.0,0.0,0.0,0.0,0.0,0.0,0.0,100.0,0.0,0.0,1.0,18.0,0.0,0.0,0.0,0.0,0.0,81.0,0.0,0.0,0.0,0.0,0.0,0.0,0.0,0.0,0.0,100.0,1.0,0.0,0.0,0.0,0.0,0.0,0.0,0.0,0.0,99.0
39,0.0,0.0,0.0,0.0,0.0,86.0,0.0,0.0,0.0,14.0,0.0,0.0,0.0,0.0,0.0,100.0,0.0,0.0,0.0,0.0,0.0,0.0,0.0,0.0,0.0,87.13,0.0,0.0,0.0,12.87,1.0,0.0,0.0,0.0,0.0,70.0,0.0,0.0,0.0,29.0,0.0,0.0,0.0,0.0,0.0,97.03,0.0,0.0,0.0,2.97,0.0,0.0,0.0,0.0,0.0,85.29,0.0,0.0,0.0,14.71,0.0,0.0,0.0,0.0,0.0,96.08,0.0,0.0,0.0,3.92,0.0,0.0,0.0,0.0,0.0,100.0,0.0,0.0,0.0,0.0,0.0,0.0,0.0,0.0,0.0,71.0,0.0,0.0,0.0,29.0,0.0,0.0,0.0,0.0,0.0,16.0,0.0,0.0,0.0,84.0,1.0,0.0,0.0,0.0,0.0,31.0,0.0,0.0,0.0,68.0,0.0,0.0,0.0,0.0,0.0,53.0,0.0,0.0,0.0,47.0,0.99,0.0,0.99,0.0,0.0,35.64,0.0,0.0,0.0,62.38,0.0,0.0,0.0,0.0,0.0,43.0,0.0,0.0,0.0,57.0,1.0,0.0,0.0,0.0,0.0,49.0,0.0,0.0,0.0,50.0,0.99,0.0,0.0,0.0,0.0,51.49,0.0,0.0,0.0,47.52,0.0,0.0,0.0,0.0,0.0,0.0,0.0,0.0,0.0,100.0,0.0,0.0,0.0,0.0,0.0,0.0,0.0,0.0,0.0,100.0,0.0,0.0,0.0,0.0,0.0,0.0,0.0,0.0,0.0,100.0,0.0,0.0,0.0,0.0,0.0,0.0,0.0,0.0,0.0,100.0,0.0,0.0,1.0,0.0,0.0,0.0,0.0,0.0,0.0,99.0,0.0,0.0,0.0,16.16,0.0,0.0,0.0,0.0,0.0,83.84,0.0,0.0,0.99,0.0,0.0,0.0,0.0,0.0,0.0,99.01,0.0,0.0,0.0,2.0,0.0,0.0,0.0,0.0,0.0,98.0
40,0.0,0.0,0.0,0.0,0.0,90.1,0.0,0.0,0.0,9.9,0.0,0.0,0.0,0.0,0.0,100.0,0.0,0.0,0.0,0.0,0.0,0.0,0.0,0.0,0.0,93.0,0.0,0.0,0.0,7.0,0.0,0.0,0.0,0.0,0.0,75.0,0.0,0.0,0.0,25.0,0.0,0.0,0.0,0.0,0.0,99.0,0.0,0.0,0.0,1.0,0.0,0.0,0.0,0.0,0.0,91.0,0.0,0.0,0.0,9.0,0.0,0.0,0.0,0.0,0.0,99.0,0.0,0.0,0.0,1.0,0.0,0.0,0.0,0.0,0.0,100.0,0.0,0.0,0.0,0.0,8.16,0.0,0.0,0.0,0.0,79.59,0.0,0.0,0.0,12.24,12.0,0.0,2.0,0.0,0.0,18.0,0.0,0.0,0.0,68.0,15.0,0.0,6.0,0.0,0.0,37.0,0.0,0.0,0.0,42.0,0.0,0.0,0.0,0.0,0.0,62.63,0.0,0.0,0.0,37.37,1.98,0.0,0.99,0.0,0.0,38.61,0.0,0.0,0.0,58.42,0.0,0.0,0.0,0.0,0.0,45.45,0.0,0.0,0.0,54.55,6.06,0.0,3.03,0.0,0.0,49.49,0.0,0.0,0.0,41.41,0.98,0.0,0.0,0.0,0.0,54.9,0.0,0.0,0.0,44.12,3.0,0.0,4.0,6.0,0.0,0.0,0.0,0.0,0.0,87.0,8.08,0.0,5.05,7.07,0.0,0.0,0.0,0.0,0.0,79.8,3.03,0.0,3.03,0.0,0.0,0.0,0.0,0.0,0.0,93.94,5.0,0.0,4.0,0.0,0.0,0.0,0.0,0.0,0.0,91.0,12.0,0.0,8.0,0.0,0.0,0.0,0.0,0.0,0.0,80.0,1.0,0.0,1.0,0.0,0.0,0.0,0.0,0.0,0.0,98.0,1.98,0.0,1.98,0.0,0.0,0.0,0.0,0.0,0.0,96.04,1.98,0.0,1.98,3.96,0.0,0.0,0.0,0.0,0.0,92.08
41,0.0,0.0,0.0,0.0,0.0,43.88,0.0,0.0,0.0,56.12,0.0,0.0,0.0,0.0,0.0,100.0,0.0,0.0,0.0,0.0,0.0,0.0,0.0,0.0,0.0,84.69,0.0,0.0,0.0,15.31,0.0,0.0,1.0,0.0,0.0,66.0,0.0,0.0,0.0,33.0,0.0,0.0,0.0,0.0,0.0,92.78,0.0,0.0,0.0,7.22,0.0,0.0,0.0,0.0,0.0,82.0,0.0,0.0,0.0,18.0,0.0,0.0,0.99,0.0,0.0,91.09,0.0,0.0,0.0,7.92,0.0,0.0,0.0,0.0,0.0,78.0,0.0,0.0,0.0,22.0,0.0,0.0,0.0,0.0,0.0,69.0,0.0,0.0,0.0,31.0,1.98,0.0,0.99,0.0,0.0,15.84,0.0,0.0,0.0,81.19,0.98,0.0,0.0,0.0,0.0,36.27,0.0,0.0,0.0,62.75,0.0,0.0,0.0,0.0,0.0,53.68,0.0,0.0,0.0,46.32,1.0,0.0,0.0,0.0,0.0,33.0,0.0,0.0,0.0,66.0,0.0,0.0,0.0,0.0,0.0,39.0,0.0,0.0,0.0,61.0,16.0,0.0,2.0,0.0,0.0,49.0,0.0,0.0,0.0,33.0,0.0,0.0,0.0,0.0,0.0,26.15,0.0,0.0,0.0,73.85,0.0,0.0,0.0,0.0,0.0,0.0,0.0,0.0,0.0,100.0,1.98,0.0,0.99,0.0,0.0,0.0,0.0,0.0,0.0,97.03,1.0,0.0,0.0,0.0,0.0,0.0,0.0,0.0,0.0,99.0,1.98,0.0,0.99,0.0,0.0,0.0,0.0,0.0,0.0,97.03,0.0,0.0,0.99,0.0,0.0,0.0,0.0,0.0,0.0,99.01,0.0,0.0,1.01,0.0,0.0,0.0,0.0,0.0,0.0,98.99,0.0,0.0,0.0,0.0,0.0,0.0,0.0,0.0,0.0,100.0,0.98,0.0,0.98,0.0,0.0,0.0,0.0,0.0,0.0,98.04
42,0.0,0.0,0.0,0.0,0.0,43.56,0.0,0.0,0.0,56.44,0.0,0.0,0.0,0.0,0.0,100.0,0.0,0.0,0.0,0.0,0.0,0.0,0.0,0.0,0.0,82.18,0.0,0.0,0.0,17.82,0.0,0.0,0.0,0.0,0.0,65.69,0.0,0.0,0.0,34.31,0.0,0.0,0.0,0.0,0.0,89.11,0.0,0.0,0.0,10.89,0.0,0.0,0.0,0.0,0.0,80.0,0.0,0.0,0.0,20.0,0.0,0.0,0.0,0.0,0.0,88.89,0.0,0.0,0.0,11.11,1.98,0.0,0.0,0.0,0.0,74.26,0.0,0.0,0.0,23.76,0.96,0.0,0.96,0.96,0.0,65.38,0.0,0.0,0.0,31.73,1.0,0.0,0.0,0.0,0.0,16.0,0.0,0.0,0.0,83.0,0.0,0.0,0.0,0.0,0.0,35.35,0.0,0.0,0.0,64.65,0.0,0.0,0.0,0.0,0.0,54.08,0.0,0.0,0.0,45.92,0.0,0.0,0.0,0.0,0.0,33.0,0.0,0.0,0.0,67.0,0.0,0.0,0.0,0.0,0.0,38.61,0.0,0.0,0.0,61.39,0.98,0.0,0.0,0.0,0.0,47.06,0.0,0.0,0.0,51.96,0.0,0.0,0.0,0.0,0.0,32.0,0.0,0.0,0.0,68.0,0.0,0.0,0.0,0.0,0.0,0.0,0.0,0.0,0.0,100.0,0.0,0.0,0.0,0.0,0.0,0.0,0.0,0.0,0.0,100.0,0.0,0.0,0.0,1.0,0.0,0.0,0.0,0.0,0.0,99.0,0.0,0.0,0.0,0.0,0.0,0.0,0.0,0.0,0.0,100.0,0.0,0.0,0.0,0.0,0.0,0.0,0.0,0.0,0.0,100.0,0.0,0.0,0.0,0.0,0.0,0.0,0.0,0.0,0.0,100.0,0.0,0.0,1.0,0.0,0.0,0.0,0.0,0.0,0.0,99.0,0.0,0.0,0.0,0.0,0.0,0.0,0.0,0.0,0.0,100.0
43,0.0,0.0,0.0,0.0,0.0,46.46,0.0,0.0,0.0,53.54,0.0,0.0,0.0,0.0,0.0,100.0,0.0,0.0,0.0,0.0,1.0,0.0,0.0,0.0,0.0,88.0,0.0,0.0,0.0,11.0,2.0,0.0,1.0,0.0,0.0,68.0,0.0,0.0,0.0,29.0,0.0,0.0,0.0,0.0,0.0,95.0,0.0,0.0,0.0,5.0,0.0,0.0,0.0,0.0,0.0,84.85,0.0,0.0,0.0,15.15,0.0,0.0,0.0,0.0,0.0,94.06,0.0,0.0,0.0,5.94,1.03,0.0,0.0,0.0,0.0,81.44,0.0,0.0,0.0,17.53,1.98,0.0,1.98,0.0,0.0,73.27,0.0,0.0,0.0,22.77,8.08,0.0,6.06,0.0,0.0,16.16,0.0,0.0,0.0,69.7,1.0,0.0,1.0,0.0,0.0,37.0,0.0,0.0,0.0,61.0,0.0,0.0,0.0,0.0,0.0,57.29,0.0,0.0,0.0,42.71,2.04,0.0,1.02,0.0,0.0,34.69,0.0,0.0,0.0,62.24,0.0,0.0,0.0,0.0,0.0,37.23,0.0,0.0,0.0,62.77,2.02,0.0,1.01,0.0,0.0,51.52,0.0,0.0,0.0,45.45,0.0,0.0,0.0,0.0,0.0,41.98,0.0,0.0,0.0,58.02,4.95,0.0,2.97,0.0,0.0,0.99,0.0,0.0,0.0,91.09,3.0,0.0,2.0,0.0,0.0,0.0,0.0,0.0,0.0,95.0,2.0,0.0,2.0,0.0,0.0,0.0,0.0,0.0,0.0,96.0,1.98,0.0,0.99,0.0,0.0,0.0,0.0,0.0,0.0,97.03,2.02,0.0,2.02,0.0,0.0,0.0,0.0,0.0,0.0,95.96,5.0,0.0,4.0,0.0,0.0,0.0,0.0,0.0,0.0,91.0,1.01,0.0,2.02,0.0,0.0,0.0,0.0,0.0,0.0,96.97,1.01,0.0,0.0,0.0,0.0,0.0,0.0,0.0,0.0,98.99
44,0.0,0.0,0.0,0.0,0.0,45.0,0.0,0.0,0.0,55.0,0.0,0.0,0.0,0.0,0.0,99.01,0.0,0.0,0.0,0.99,0.0,0.0,0.0,0.0,0.0,83.17,0.0,0.0,0.0,16.83,0.0,0.0,0.0,0.0,0.0,65.05,0.0,0.0,0.0,34.95,0.0,0.0,0.0,0.0,0.0,91.09,0.0,0.0,0.0,8.91,0.0,0.0,0.0,0.0,0.0,81.19,0.0,0.0,0.0,18.81,0.0,0.0,0.0,0.0,0.0,89.11,0.0,0.0,0.0,10.89,0.0,0.0,0.0,0.0,0.0,77.0,0.0,0.0,0.0,23.0,0.0,0.0,0.0,0.0,0.0,67.0,0.0,0.0,0.0,33.0,1.0,0.0,0.0,0.0,0.0,15.0,0.0,0.0,0.0,84.0,0.99,0.0,0.0,0.99,0.0,34.65,0.0,0.0,0.0,63.37,0.0,0.0,0.0,0.0,0.0,53.19,0.0,0.0,0.0,46.81,13.0,0.0,1.0,0.0,0.0,31.0,0.0,0.0,0.0,55.0,0.0,0.0,0.0,0.0,0.0,4.35,0.0,0.0,0.0,95.65,1.0,0.0,0.0,0.0,0.0,47.0,0.0,0.0,0.0,52.0,0.0,0.0,0.0,0.0,0.0,9.26,0.0,0.0,0.0,90.74,0.0,0.0,0.0,0.0,0.0,0.0,0.0,0.0,0.0,100.0,0.0,0.0,0.0,0.0,0.0,0.0,0.0,0.0,0.0,100.0,1.0,0.0,1.0,0.0,0.0,0.0,0.0,0.0,0.0,98.0,0.0,0.0,0.0,0.0,0.0,0.0,0.0,0.0,0.0,100.0,1.0,0.0,0.0,0.0,0.0,0.0,0.0,0.0,0.0,99.0,0.99,0.0,0.99,0.0,0.0,0.0,0.0,0.0,0.0,98.02,0.0,0.0,0.99,1.98,0.0,0.0,0.0,0.0,0.0,97.03,0.0,0.0,0.0,0.0,0.0,0.0,0.0,0.0,0.0,100.0
45,0.0,0.0,0.0,0.0,0.0,44.44,0.0,0.0,0.0,55.56,0.0,0.0,0.0,0.0,0.0,100.0,0.0,0.0,0.0,0.0,0.0,0.0,0.0,0.0,0.0,82.0,0.0,0.0,0.0,18.0,0.0,0.0,0.0,0.0,0.0,63.37,0.0,0.0,0.0,36.63,0.0,0.0,0.0,0.0,0.0,89.32,0.0,0.0,0.0,10.68,0.0,0.0,0.0,0.0,0.0,80.2,0.0,0.0,0.0,19.8,0.0,0.0,0.0,0.0,0.0,88.89,0.0,0.0,0.0,11.11,0.0,0.0,0.0,0.0,0.0,75.76,0.0,0.0,0.0,24.24,0.0,0.0,0.0,0.0,0.0,68.32,0.0,0.0,0.0,31.68,0.0,0.0,0.0,0.0,0.0,15.15,0.0,0.0,0.0,84.85,0.0,0.0,0.0,0.0,0.0,33.0,0.0,0.0,0.0,67.0,0.0,0.0,0.0,0.0,0.0,52.58,0.0,0.0,0.0,47.42,0.0,0.0,0.0,0.0,0.0,32.0,0.0,0.0,0.0,68.0,0.0,0.0,0.0,0.0,0.0,33.0,0.0,0.0,0.0,67.0,0.0,0.0,0.0,0.0,0.0,47.47,0.0,0.0,0.0,52.53,0.0,0.0,0.0,0.0,0.0,28.17,0.0,0.0,0.0,71.83,0.0,0.0,0.0,0.0,0.0,0.0,0.0,0.0,0.0,100.0,0.0,0.0,0.0,0.0,0.0,0.0,0.0,0.0,0.0,100.0,0.0,0.0,0.0,0.0,0.0,0.0,0.0,0.0,0.0,100.0,0.0,0.0,0.0,0.0,0.0,0.0,0.0,0.0,0.0,100.0,0.0,0.0,1.0,0.0,0.0,0.0,0.0,0.0,0.0,99.0,0.0,0.0,0.0,0.0,0.0,0.0,0.0,0.0,0.0,100.0,0.99,0.0,0.0,0.0,0.0,0.0,0.0,0.0,0.0,99.01,0.0,0.0,0.0,0.0,0.0,0.0,0.0,0.0,0.0,100.0
46,0.0,0.0,0.0,0.0,0.0,45.54,0.0,0.0,0.0,54.46,0.0,0.0,0.0,0.0,0.0,100.0,0.0,0.0,0.0,0.0,0.0,0.0,0.0,0.0,0.0,83.84,0.0,0.0,0.0,16.16,0.0,0.0,0.0,0.0,0.0,63.27,0.0,0.0,0.0,36.73,0.0,0.0,0.0,0.0,0.0,91.18,0.0,0.0,0.0,8.82,0.0,0.0,0.0,0.0,0.0,82.0,0.0,0.0,0.0,18.0,0.0,0.0,0.0,0.0,0.0,90.1,0.0,0.0,0.0,9.9,0.0,0.0,0.0,0.0,0.0,77.32,0.0,0.0,0.0,22.68,0.0,0.0,0.99,0.0,0.0,67.33,0.0,0.0,0.0,31.68,1.0,0.0,0.0,0.0,0.0,15.0,0.0,0.0,0.0,84.0,1.0,0.0,1.0,0.0,0.0,29.0,0.0,0.0,0.0,69.0,0.0,0.0,0.0,0.0,0.0,51.52,0.0,0.0,0.0,48.48,0.0,0.0,0.0,0.0,0.0,30.3,0.0,0.0,0.0,69.7,0.0,0.0,0.0,0.0,0.0,32.67,0.0,0.0,0.0,67.33,1.0,0.0,0.0,0.0,0.0,48.0,0.0,0.0,0.0,51.0,0.0,0.0,0.0,0.0,0.0,12.5,0.0,0.0,0.0,87.5,0.0,0.0,1.0,0.0,0.0,0.0,0.0,0.0,0.0,99.0,0.0,0.0,0.0,0.0,0.0,0.0,0.0,0.0,0.0,100.0,0.0,0.0,0.0,0.0,0.0,0.0,0.0,0.0,0.0,100.0,0.0,0.0,0.0,0.0,0.0,0.0,0.0,0.0,0.0,100.0,0.0,0.0,0.0,0.0,0.0,0.0,0.0,0.0,0.0,100.0,0.0,0.0,0.0,0.0,0.0,0.0,0.0,0.0,0.0,100.0,0.0,0.0,0.0,0.0,0.0,0.0,0.0,0.0,0.0,100.0,0.0,0.0,0.0,0.0,0.0,0.0,0.0,0.0,0.0,100.0
47,0.0,0.0,0.0,0.0,0.0,43.0,0.0,0.0,0.0,57.0,0.0,0.0,0.0,0.0,0.0,99.01,0.0,0.0,0.0,0.99,0.0,0.0,0.0,0.0,0.0,81.82,0.0,0.0,0.0,18.18,0.0,0.0,0.0,0.0,0.0,62.63,0.0,0.0,0.0,37.37,0.0,0.0,0.0,0.0,0.0,88.24,0.0,0.0,0.0,11.76,0.0,0.0,0.0,0.0,0.0,78.79,0.0,0.0,0.0,21.21,0.0,0.0,0.0,0.0,0.0,88.24,0.0,0.0,0.0,11.76,0.0,0.0,0.0,0.0,0.0,75.25,0.0,0.0,0.0,24.75,0.0,0.0,0.0,0.0,0.0,67.68,0.0,0.0,0.0,32.32,0.99,0.0,0.99,0.0,0.0,14.85,0.0,0.0,0.0,83.17,0.0,0.0,0.0,0.0,0.0,31.31,0.0,0.0,0.0,68.69,0.0,0.0,0.0,0.0,0.0,51.52,0.0,0.0,0.0,48.48,0.0,0.0,0.0,0.0,0.0,31.0,0.0,0.0,0.0,69.0,0.0,0.0,0.0,0.0,0.0,33.0,0.0,0.0,0.0,67.0,0.0,0.0,0.0,0.0,0.0,47.52,0.0,0.0,0.0,52.48,0.0,0.0,0.0,0.0,0.0,10.34,0.0,0.0,0.0,89.66,0.0,0.0,0.0,0.0,0.0,0.0,0.0,0.0,0.0,100.0,0.0,0.0,0.0,0.0,0.0,0.0,0.0,0.0,0.0,100.0,0.0,0.0,0.0,0.0,0.0,0.0,0.0,0.0,0.0,100.0,0.0,0.0,0.0,0.0,0.0,0.0,0.0,0.0,0.0,100.0,0.99,0.0,0.0,0.0,0.0,0.0,0.0,0.0,0.0,99.01,0.0,0.0,0.0,0.0,0.0,0.0,0.0,0.0,0.0,100.0,0.0,0.0,0.0,0.0,0.0,0.0,0.0,0.0,0.0,100.0,0.0,0.0,1.0,0.0,0.0,0.0,0.0,0.0,0.0,99.0
48,0.0,0.0,0.0,0.0,0.0,43.43,0.0,0.0,0.0,56.57,0.0,0.0,0.99,0.0,0.0,99.01,0.0,0.0,0.0,0.0,0.0,0.0,0.0,0.0,0.0,83.17,0.0,0.0,0.0,16.83,0.0,0.0,0.0,0.0,0.0,65.0,0.0,0.0,0.0,35.0,0.0,0.0,0.0,0.0,0.0,91.18,0.0,0.0,0.0,8.82,0.0,0.0,0.0,0.0,0.0,80.81,0.0,0.0,0.0,19.19,0.0,0.0,0.0,0.0,0.0,90.1,0.0,0.0,0.0,9.9,0.0,0.0,0.0,0.0,0.0,77.0,0.0,0.0,0.0,23.0,0.0,0.0,0.0,0.0,0.0,68.32,0.0,0.0,0.0,31.68,0.0,0.0,0.0,0.0,0.0,15.15,0.0,0.0,0.0,84.85,0.99,0.0,0.0,0.0,0.0,32.67,0.0,0.0,0.0,66.34,0.0,0.0,0.0,0.0,0.0,53.0,0.0,0.0,0.0,47.0,0.0,0.0,0.0,0.0,0.0,31.37,0.0,0.0,0.0,68.63,0.0,0.0,0.0,0.0,0.0,32.32,0.0,0.0,0.0,67.68,1.0,0.0,0.0,0.0,0.0,47.0,0.0,0.0,0.0,52.0,0.0,0.0,0.0,0.0,0.0,7.27,0.0,0.0,0.0,92.73,0.0,0.0,0.0,0.0,0.0,0.0,0.0,0.0,0.0,100.0,0.0,0.0,0.0,0.0,0.0,0.0,0.0,0.0,0.0,100.0,0.0,0.0,0.0,1.0,0.0,0.0,0.0,0.0,0.0,99.0,0.0,0.0,0.0,0.0,0.0,0.0,0.0,0.0,0.0,100.0,0.0,0.0,0.0,0.0,0.0,0.0,0.0,0.0,0.0,100.0,0.0,0.0,0.0,0.0,0.0,0.0,0.0,0.0,0.0,100.0,0.0,0.0,0.0,1.0,0.0,0.0,0.0,0.0,0.0,99.0,0.99,0.0,0.99,0.99,0.0,0.0,0.0,0.0,0.0,97.03
49,0.0,0.0,0.0,0.0,0.0,44.55,0.0,0.0,0.0,55.45,0.0,0.0,0.0,0.0,0.0,100.0,0.0,0.0,0.0,0.0,0.0,0.0,0.0,0.0,0.0,81.82,0.0,0.0,0.0,18.18,0.0,0.0,0.0,0.0,0.0,63.27,0.0,0.0,0.0,36.73,0.0,0.0,0.0,0.0,0.0,88.24,0.0,0.0,0.0,11.76,0.0,0.0,0.0,0.0,0.0,78.79,0.0,0.0,0.0,21.21,0.0,0.0,0.0,0.0,0.0,88.12,0.0,0.0,0.0,11.88,0.0,0.0,0.0,0.0,0.0,75.26,0.0,0.0,0.0,24.74,1.0,0.0,0.0,0.0,0.0,67.0,0.0,0.0,0.0,32.0,1.01,0.0,0.0,0.0,0.0,14.14,0.0,0.0,0.0,84.85,0.0,0.0,0.0,0.0,0.0,32.32,0.0,0.0,0.0,67.68,0.0,0.0,0.0,0.0,0.0,52.53,0.0,0.0,0.0,47.47,1.0,0.0,0.0,0.0,0.0,30.0,0.0,0.0,0.0,69.0,0.0,0.0,0.0,0.0,0.0,33.66,0.0,0.0,0.0,66.34,0.0,0.0,1.0,0.0,0.0,47.0,0.0,0.0,0.0,52.0,0.0,0.0,0.0,0.0,0.0,47.52,0.0,0.0,0.0,52.48,0.0,0.0,0.0,0.0,0.0,0.0,0.0,0.0,0.0,100.0,0.0,0.0,0.0,0.0,0.0,0.0,0.0,0.0,0.0,100.0,0.99,0.0,0.99,0.99,0.0,0.0,0.0,0.0,0.0,97.03,0.0,0.0,0.0,1.0,0.0,0.0,0.0,0.0,0.0,99.0,0.0,0.0,0.0,0.0,0.0,0.0,0.0,0.0,0.0,100.0,0.0,0.0,0.0,0.0,0.0,0.0,0.0,0.0,0.0,100.0,0.0,0.0,0.0,0.0,0.0,0.0,0.0,0.0,0.0,100.0,0.0,0.0,0.0,0.0,0.0,0.0,0.0,0.0,0.0,100.0
50,0.0,0.0,0.0,0.0,0.0,43.43,0.0,0.0,0.0,56.57,0.0,0.0,0.0,0.0,0.0,100.0,0.0,0.0,0.0,0.0,0.0,0.0,0.0,0.0,0.0,84.85,0.0,0.0,0.0,15.15,0.0,0.0,0.0,0.0,0.0,64.29,0.0,0.0,0.0,35.71,0.0,0.0,0.0,0.0,0.0,89.42,0.0,0.0,0.0,10.58,0.0,0.0,0.0,0.0,0.0,81.0,0.0,0.0,0.0,19.0,0.0,0.0,0.0,0.0,0.0,90.1,0.0,0.0,0.0,9.9,0.0,0.0,0.0,0.0,0.0,78.64,0.0,0.0,0.0,21.36,0.0,0.0,0.0,0.0,0.0,68.0,0.0,0.0,0.0,32.0,0.0,0.0,0.0,0.0,0.0,15.15,0.0,0.0,0.0,84.85,1.0,0.0,0.0,0.0,0.0,32.0,0.0,0.0,0.0,67.0,0.0,0.0,0.0,0.0,0.0,53.0,0.0,0.0,0.0,47.0,0.0,0.0,1.01,0.0,0.0,29.29,0.0,0.0,0.0,69.7,0.0,0.0,0.0,0.0,0.0,33.0,0.0,0.0,0.0,67.0,0.0,0.0,0.0,0.0,0.0,47.0,0.0,0.0,0.0,53.0,0.0,0.0,0.0,0.0,0.0,47.42,0.0,0.0,0.0,52.58,0.0,0.0,0.99,0.0,0.0,0.0,0.0,0.0,0.0,99.01,0.0,0.0,0.0,0.0,0.0,0.0,0.0,0.0,0.0,100.0,0.0,0.0,0.0,0.0,0.0,0.0,0.0,0.0,0.0,100.0,0.0,0.0,0.0,0.0,0.0,0.0,0.0,0.0,0.0,100.0,0.0,0.0,0.0,0.0,0.0,0.0,0.0,0.0,0.0,100.0,0.0,0.0,0.0,0.0,0.0,0.0,0.0,0.0,0.0,100.0,0.0,0.0,0.0,0.0,0.0,0.0,0.0,0.0,0.0,100.0,0.0,0.0,0.0,0.0,0.0,0.0,0.0,0.0,0.0,100.0
51,0.0,0.0,0.0,0.0,0.0,43.43,0.0,0.0,0.0,56.57,0.0,0.0,0.0,0.0,0.0,99.01,0.0,0.0,0.0,0.99,0.0,0.0,0.0,0.0,0.0,81.0,0.0,0.0,0.0,19.0,0.0,0.0,0.0,0.0,0.0,63.73,0.0,0.0,0.0,36.27,0.0,0.0,0.0,0.0,0.0,89.22,0.0,0.0,0.0,10.78,0.0,0.0,0.0,0.0,0.0,78.43,0.0,0.0,0.0,21.57,0.0,0.0,0.0,0.0,0.0,88.12,0.0,0.0,0.0,11.88,0.0,0.0,0.0,0.0,0.0,77.45,0.0,0.0,0.0,22.55,1.01,0.0,0.0,0.0,0.0,66.67,0.0,0.0,0.0,32.32,1.0,0.0,0.0,0.0,0.0,14.0,0.0,0.0,0.0,85.0,0.0,0.0,0.0,0.0,0.0,31.0,0.0,0.0,0.0,69.0,0.0,0.0,0.0,0.0,0.0,52.04,0.0,0.0,0.0,47.96,1.0,0.0,0.0,0.0,0.0,29.0,0.0,0.0,0.0,70.0,0.0,0.0,0.0,0.0,0.0,32.0,0.0,0.0,0.0,68.0,0.0,0.0,0.0,0.0,0.0,48.04,0.0,0.0,0.0,51.96,0.0,0.0,0.0,0.0,0.0,49.02,0.0,0.0,0.0,50.98,1.01,0.0,0.0,0.0,0.0,0.0,0.0,0.0,0.0,98.99,0.0,0.0,0.0,0.0,0.0,0.0,0.0,0.0,0.0,100.0,0.0,0.0,0.0,0.0,0.0,0.0,0.0,0.0,0.0,100.0,0.0,0.0,0.0,0.0,0.0,0.0,0.0,0.0,0.0,100.0,0.0,0.0,0.0,0.0,0.0,0.0,0.0,0.0,0.0,100.0,0.99,0.0,0.0,0.0,0.0,0.0,0.0,0.0,0.0,99.01,0.0,0.0,0.0,0.0,0.0,0.0,0.0,0.0,0.0,100.0,0.0,0.0,0.0,0.0,0.0,0.0,0.0,0.0,0.0,100.0
52,0.0,0.0,0.0,0.0,0.0,44.55,0.0,0.0,0.0,55.45,0.0,0.0,0.0,0.0,0.0,100.0,0.0,0.0,0.0,0.0,0.0,0.0,0.0,0.0,0.0,83.84,0.0,0.0,0.0,16.16,0.0,0.0,0.0,0.0,0.0,65.69,0.0,0.0,0.0,34.31,0.0,0.0,0.0,0.0,0.0,90.38,0.0,0.0,0.0,9.62,0.0,0.0,0.0,0.0,0.0,79.8,0.0,0.0,0.0,20.2,0.0,0.0,0.99,0.0,0.0,89.11,0.0,0.0,0.0,9.9,0.0,0.0,0.0,0.0,0.0,79.0,0.0,0.0,0.0,21.0,0.0,0.0,0.0,0.0,0.0,67.33,0.0,0.0,0.0,32.67,0.0,0.0,0.0,0.0,0.0,15.15,0.0,0.0,0.0,84.85,0.0,0.0,1.0,0.0,0.0,30.0,0.0,0.0,0.0,69.0,0.0,0.0,0.0,0.0,0.0,51.52,0.0,0.0,0.0,48.48,0.0,0.0,0.0,0.0,0.0,29.29,0.0,0.0,0.0,70.71,0.0,0.0,0.0,0.0,0.0,32.0,0.0,0.0,0.0,68.0,0.0,0.0,0.0,0.0,0.0,45.83,0.0,0.0,0.0,54.17,0.0,0.0,0.0,0.0,0.0,48.48,0.0,0.0,0.0,51.52,0.0,0.0,0.0,0.0,0.0,0.0,0.0,0.0,0.0,100.0,1.0,0.0,0.0,0.0,0.0,0.0,0.0,0.0,0.0,99.0,0.0,0.0,0.0,0.0,0.0,0.0,0.0,0.0,0.0,100.0,0.0,0.0,0.0,0.0,0.0,0.0,0.0,0.0,0.0,100.0,0.0,0.0,0.0,0.0,0.0,0.0,0.0,0.0,0.0,100.0,0.0,0.0,0.0,0.0,0.0,0.0,0.0,0.0,0.0,100.0,0.0,0.0,0.0,0.0,0.0,0.0,0.0,0.0,0.0,100.0,0.0,0.0,0.0,0.0,0.0,0.0,0.0,0.0,0.0,100.0
53,0.0,0.0,0.0,0.0,0.0,42.86,0.0,0.0,0.0,57.14,0.0,0.0,0.0,0.0,0.0,99.01,0.0,0.0,0.0,0.99,0.0,0.0,0.0,0.0,0.0,81.82,0.0,0.0,0.0,18.18,0.0,0.0,0.0,0.0,0.0,64.29,0.0,0.0,0.0,35.71,0.0,0.0,0.0,0.0,0.0,87.38,0.0,0.0,0.0,12.62,0.0,0.0,0.0,0.0,0.0,79.0,0.0,0.0,0.0,21.0,0.0,0.0,0.0,0.0,0.0,89.22,0.0,0.0,0.0,10.78,0.0,0.0,0.0,0.0,0.0,77.0,0.0,0.0,0.0,23.0,0.0,0.0,1.01,0.0,0.0,66.67,0.0,0.0,0.0,32.32,0.99,0.0,0.99,0.0,0.0,14.85,0.0,0.0,0.0,83.17,0.0,0.0,0.0,0.0,0.0,31.68,0.0,0.0,0.0,68.32,0.0,0.0,0.0,0.0,0.0,53.47,0.0,0.0,0.0,46.53,0.0,0.0,0.0,0.0,0.0,30.69,0.0,0.0,0.0,69.31,0.0,0.0,0.0,0.0,0.0,34.0,0.0,0.0,0.0,66.0,0.99,0.0,0.0,0.0,0.0,46.53,0.0,0.0,0.0,52.48,0.0,0.0,0.0,0.0,0.0,49.5,0.0,0.0,0.0,50.5,0.0,0.0,1.0,0.0,0.0,0.0,0.0,0.0,0.0,99.0,0.0,0.0,0.0,0.0,0.0,0.0,0.0,0.0,0.0,100.0,0.0,0.0,0.0,0.0,0.0,0.0,0.0,0.0,0.0,100.0,1.0,0.0,0.0,0.0,0.0,0.0,0.0,0.0,0.0,99.0,0.0,0.0,0.0,0.0,0.0,0.0,0.0,0.0,0.0,100.0,0.0,0.0,0.0,0.0,0.0,0.0,0.0,0.0,0.0,100.0,0.0,0.0,0.99,0.99,0.0,0.0,0.0,0.0,0.0,98.02,0.0,0.0,0.0,0.0,0.0,0.0,0.0,0.0,0.0,100.0
54,0.0,0.0,0.0,0.0,0.0,44.44,0.0,0.0,0.0,55.56,0.0,0.0,0.0,0.0,0.0,100.0,0.0,0.0,0.0,0.0,0.0,0.0,0.0,0.0,0.0,85.15,0.0,0.0,0.0,14.85,0.0,0.0,0.0,0.0,0.0,67.01,0.0,0.0,0.0,32.99,0.0,0.0,0.0,0.0,0.0,91.35,0.0,0.0,0.0,8.65,0.0,0.0,0.0,0.0,0.0,81.19,0.0,0.0,0.0,18.81,0.0,0.0,0.0,0.0,0.0,92.08,0.0,0.0,0.0,7.92,0.0,0.0,0.0,0.0,0.0,80.2,0.0,0.0,0.0,19.8,0.0,0.0,0.0,0.0,0.0,70.3,0.0,0.0,0.0,29.7,0.0,0.0,0.0,0.0,0.0,15.15,0.0,0.0,0.0,84.85,0.0,0.0,0.0,0.0,0.0,31.0,0.0,0.0,0.0,69.0,0.0,0.0,0.0,0.0,0.0,53.0,0.0,0.0,0.0,47.0,0.0,0.0,0.0,0.0,0.0,29.59,0.0,0.0,0.0,70.41,0.0,0.0,0.0,0.0,0.0,36.0,0.0,0.0,0.0,64.0,0.0,0.0,0.0,0.0,0.0,49.5,0.0,0.0,0.0,50.5,0.0,0.0,0.0,0.0,0.0,50.51,0.0,0.0,0.0,49.49,0.0,0.0,0.0,0.0,0.0,0.0,0.0,0.0,0.0,100.0,0.0,0.0,0.0,0.0,0.0,0.0,0.0,0.0,0.0,100.0,0.0,0.0,0.0,0.0,0.0,0.0,0.0,0.0,0.0,100.0,0.0,0.0,0.0,0.0,0.0,0.0,0.0,0.0,0.0,100.0,0.0,0.0,0.0,0.0,0.0,0.0,0.0,0.0,0.0,100.0,0.0,0.0,0.0,0.0,0.0,0.0,0.0,0.0,0.0,100.0,1.0,0.0,0.0,0.0,0.0,0.0,0.0,0.0,0.0,99.0,0.99,0.0,0.0,0.0,0.0,0.0,0.0,0.0,0.0,99.01
55,0.0,0.0,0.0,0.0,0.0,46.53,0.0,0.0,0.0,53.47,0.0,0.0,0.0,0.0,0.0,100.0,0.0,0.0,0.0,0.0,0.0,0.0,0.0,0.0,0.0,87.0,0.0,0.0,0.0,13.0,0.0,0.0,0.0,0.0,0.0,67.02,0.0,0.0,0.0,32.98,0.0,0.0,0.0,0.0,0.0,94.12,0.0,0.0,0.0,5.88,0.0,0.0,0.0,0.0,0.0,84.31,0.0,0.0,0.0,15.69,0.0,0.0,0.0,0.0,0.0,95.05,0.0,0.0,0.0,4.95,2.97,0.0,3.96,0.0,0.0,79.21,0.0,0.0,0.0,13.86,1.01,0.0,0.0,0.0,0.0,69.7,0.0,0.0,0.0,29.29,1.98,0.0,0.0,0.0,0.0,15.84,0.0,0.0,0.0,82.18,0.0,0.0,0.0,0.0,0.0,30.3,0.0,0.0,0.0,69.7,0.0,0.0,0.0,0.0,0.0,54.9,0.0,0.0,0.0,45.1,0.0,0.0,0.0,0.0,0.0,29.29,0.0,0.0,0.0,70.71,0.0,0.0,0.0,0.0,0.0,38.61,0.0,0.0,0.0,61.39,0.0,0.0,0.97,0.0,0.0,50.49,0.0,0.0,0.0,48.54,0.0,0.0,0.98,0.0,0.0,51.96,0.0,0.0,0.0,47.06,1.01,0.0,1.01,0.0,0.0,0.0,0.0,0.0,0.0,97.98,0.0,0.0,0.0,0.0,0.0,0.0,0.0,0.0,0.0,100.0,1.0,0.0,1.0,0.0,0.0,0.0,0.0,0.0,0.0,98.0,0.0,0.0,0.0,0.0,0.0,0.0,0.0,0.0,0.0,100.0,0.0,0.0,0.99,0.0,0.0,0.0,0.0,0.0,0.0,99.01,0.0,0.0,0.0,0.0,0.0,0.0,0.0,0.0,0.0,100.0,0.0,0.0,0.0,0.0,0.0,0.0,0.0,0.0,0.0,100.0,0.0,0.0,0.0,0.0,0.0,0.0,0.0,0.0,0.0,100.0
56,0.0,0.0,0.0,0.0,0.0,46.0,0.0,0.0,0.0,54.0,0.0,0.0,0.0,0.0,0.0,100.0,0.0,0.0,0.0,0.0,0.0,0.0,0.0,0.0,0.0,87.13,0.0,0.0,0.0,12.87,0.0,0.0,0.0,0.0,0.0,66.67,0.0,0.0,0.0,33.33,0.0,0.0,0.98,0.0,0.0,93.14,0.0,0.0,0.0,5.88,0.0,0.0,0.0,0.0,0.0,83.51,0.0,0.0,0.0,16.49,0.0,0.0,0.0,0.0,0.0,93.14,0.0,0.0,0.0,6.86,1.02,0.0,2.04,0.0,0.0,79.59,0.0,0.0,0.0,17.35,0.0,0.0,0.0,0.0,0.0,69.0,0.0,0.0,0.0,31.0,0.0,0.0,0.0,0.0,0.0,16.0,0.0,0.0,0.0,84.0,1.98,0.0,1.98,0.0,0.0,30.69,0.0,0.0,0.0,65.35,0.0,0.0,0.0,0.0,0.0,53.06,0.0,0.0,0.0,46.94,0.99,0.0,0.0,0.0,0.0,31.68,0.0,0.0,0.0,67.33,0.0,0.0,0.0,0.0,0.0,35.35,0.0,0.0,0.0,64.65,0.0,0.0,0.0,0.0,0.0,49.49,0.0,0.0,0.0,50.51,0.0,0.0,0.0,0.0,0.0,51.49,0.0,0.0,0.0,48.51,0.0,0.0,0.0,0.0,0.0,0.0,0.0,0.0,0.0,100.0,0.0,0.0,0.99,0.0,0.0,0.0,0.0,0.0,0.0,99.01,0.0,0.0,1.0,0.0,0.0,0.0,0.0,0.0,0.0,99.0,0.0,0.0,1.0,0.0,0.0,0.0,0.0,0.0,0.0,99.0,0.0,0.0,0.0,0.0,0.0,0.0,0.0,0.0,0.0,100.0,0.0,0.0,0.0,0.0,0.0,0.0,0.0,0.0,0.0,100.0,0.0,0.0,1.01,0.0,0.0,0.0,0.0,0.0,0.0,98.99,0.0,0.0,0.0,0.0,0.0,0.0,0.0,0.0,0.0,100.0
57,0.0,0.0,0.0,0.0,0.0,47.0,0.0,0.0,0.0,53.0,0.0,0.0,0.0,0.0,0.0,100.0,0.0,0.0,0.0,0.0,0.0,0.0,0.0,0.0,0.0,86.87,0.0,0.0,0.0,13.13,0.0,0.0,0.0,0.0,0.0,68.69,0.0,0.0,0.0,31.31,0.0,0.0,0.0,0.0,0.0,95.0,0.0,0.0,0.0,5.0,0.0,0.0,0.0,0.0,0.0,84.16,0.0,0.0,0.0,15.84,0.0,0.0,0.0,0.0,0.0,93.88,0.0,0.0,0.0,6.12,0.0,0.0,0.0,0.0,0.0,82.0,0.0,0.0,0.0,18.0,0.0,0.0,0.0,0.0,0.0,70.41,0.0,0.0,0.0,29.59,1.01,0.0,0.0,0.0,0.0,15.15,0.0,0.0,0.0,83.84,0.0,0.0,0.0,0.0,0.0,33.67,0.0,0.0,0.0,66.33,0.0,0.0,0.0,0.0,0.0,55.0,0.0,0.0,0.0,45.0,0.0,0.0,0.0,1.0,0.0,31.0,0.0,0.0,0.0,68.0,0.0,0.0,0.0,0.0,0.0,38.24,0.0,0.0,0.0,61.76,0.0,0.0,0.0,0.0,0.0,50.0,0.0,0.0,0.0,50.0,0.0,0.0,0.0,0.0,0.0,52.48,0.0,0.0,0.0,47.52,1.0,0.0,0.0,0.0,0.0,0.0,0.0,0.0,0.0,99.0,1.0,0.0,0.0,0.0,0.0,0.0,0.0,0.0,0.0,99.0,0.0,0.0,0.0,0.0,0.0,0.0,0.0,0.0,0.0,100.0,0.0,0.0,0.0,0.0,0.0,0.0,0.0,0.0,0.0,100.0,5.0,0.0,1.0,0.0,0.0,0.0,0.0,0.0,0.0,94.0,0.0,0.0,0.99,0.0,0.0,0.0,0.0,0.0,0.0,99.01,0.0,0.0,0.0,1.98,0.0,0.0,0.0,0.0,0.0,98.02,0.0,0.0,1.0,1.0,0.0,0.0,0.0,0.0,0.0,98.0
58,0.0,0.0,0.0,0.0,0.0,46.0,0.0,0.0,0.0,54.0,0.0,0.0,0.0,0.0,0.0,100.0,0.0,0.0,0.0,0.0,0.0,0.0,0.0,0.0,0.0,85.0,0.0,0.0,0.0,15.0,0.0,0.0,0.0,0.0,0.0,68.37,0.0,0.0,0.0,31.63,0.0,0.0,0.0,0.0,0.0,96.04,0.0,0.0,0.0,3.96,0.0,0.0,0.0,0.0,0.0,85.71,0.0,0.0,0.0,14.29,0.99,0.0,0.0,0.0,0.0,93.07,0.0,0.0,0.0,5.94,0.0,0.0,0.0,0.0,0.0,81.82,0.0,0.0,0.0,18.18,0.0,0.0,0.0,0.0,0.0,70.59,0.0,0.0,0.0,29.41,1.0,0.0,0.0,0.0,0.0,16.0,0.0,0.0,0.0,83.0,1.0,0.0,1.0,0.0,0.0,35.0,0.0,0.0,0.0,63.0,0.0,0.0,0.0,0.0,0.0,57.0,0.0,0.0,0.0,43.0,1.0,0.0,1.0,0.0,0.0,33.0,0.0,0.0,0.0,65.0,1.01,0.0,0.0,0.0,0.0,37.37,0.0,0.0,0.0,61.62,0.99,0.0,0.0,0.0,0.0,49.5,0.0,0.0,0.0,49.5,0.96,0.0,0.0,0.0,0.0,52.88,0.0,0.0,0.0,46.15,0.0,0.0,1.01,0.0,0.0,0.0,0.0,0.0,0.0,98.99,0.0,0.0,0.0,0.0,0.0,0.0,0.0,0.0,0.0,100.0,1.0,0.0,0.0,0.0,0.0,0.0,0.0,0.0,0.0,99.0,0.0,0.0,0.0,0.0,0.0,0.0,0.0,0.0,0.0,100.0,0.0,0.0,0.0,0.0,0.0,0.0,0.0,0.0,0.0,100.0,2.02,0.0,0.0,0.0,0.0,0.0,0.0,0.0,0.0,97.98,0.0,0.0,0.0,0.0,0.0,0.0,0.0,0.0,0.0,100.0,0.99,0.0,1.98,0.99,0.0,0.0,0.0,0.0,0.0,96.04
59,0.0,0.0,0.0,0.0,0.0,45.45,0.0,0.0,0.0,54.55,0.0,0.0,0.0,0.0,0.0,100.0,0.0,0.0,0.0,0.0,0.0,0.0,0.0,0.0,0.0,87.0,0.0,0.0,0.0,13.0,0.0,0.0,0.0,0.0,0.0,69.0,0.0,0.0,0.0,31.0,0.0,0.0,0.0,0.0,0.0,96.0,0.0,0.0,0.0,4.0,0.0,0.0,0.0,0.0,0.0,84.31,0.0,0.0,0.0,15.69,0.0,0.0,0.0,0.0,0.0,94.06,0.0,0.0,0.0,5.94,0.0,0.0,0.0,0.0,0.0,82.0,0.0,0.0,0.0,18.0,0.0,0.0,0.99,0.0,0.0,71.29,0.0,0.0,0.0,27.72,0.0,0.0,1.0,0.0,0.0,16.0,0.0,0.0,0.0,83.0,0.99,0.0,0.0,0.0,0.0,29.7,0.0,0.0,0.0,69.31,0.0,0.0,0.0,0.0,0.0,53.06,0.0,0.0,0.0,46.94,1.02,0.0,0.0,0.0,0.0,33.67,0.0,0.0,0.0,65.31,0.0,0.0,0.0,0.0,0.0,41.41,0.0,0.0,0.0,58.59,0.0,0.0,0.0,0.0,0.0,50.5,0.0,0.0,0.0,49.5,0.0,0.0,0.0,0.0,0.0,50.51,0.0,0.0,0.0,49.49,0.0,0.0,0.0,0.0,0.0,0.0,0.0,0.0,0.0,100.0,0.0,0.0,0.99,0.0,0.0,0.0,0.0,0.0,0.0,99.01,0.0,0.0,0.0,0.0,0.0,0.0,0.0,0.0,0.0,100.0,0.0,0.0,0.0,0.0,0.0,0.0,0.0,0.0,0.0,100.0,0.0,0.0,0.0,0.0,0.0,0.0,0.0,0.0,0.0,100.0,0.0,0.0,0.0,0.0,0.0,0.0,0.0,0.0,0.0,100.0,0.0,0.0,0.0,0.0,0.0,0.0,0.0,0.0,0.0,100.0,0.0,0.0,0.0,0.0,0.0,0.0,0.0,0.0,0.0,100.0
60,0.0,0.0,0.0,0.0,0.0,45.0,0.0,0.0,0.0,55.0,0.0,0.0,0.0,0.0,0.0,100.0,0.0,0.0,0.0,0.0,0.0,0.0,0.0,0.0,0.0,86.73,0.0,0.0,0.0,13.27,0.0,0.0,0.0,0.0,0.0,68.37,0.0,0.0,0.0,31.63,0.0,0.0,0.0,0.0,0.0,94.9,0.0,0.0,0.0,5.1,0.0,0.0,0.0,0.0,0.0,83.84,0.0,0.0,0.0,16.16,0.0,0.0,0.0,0.0,0.0,92.0,0.0,0.0,0.0,8.0,0.0,0.0,0.0,0.0,0.0,79.38,0.0,0.0,0.0,20.62,0.0,0.0,0.0,0.0,0.0,70.41,0.0,0.0,0.0,29.59,1.01,0.0,0.0,0.0,0.0,15.15,0.0,0.0,0.0,83.84,0.0,0.0,0.0,0.0,0.0,30.3,0.0,0.0,0.0,69.7,0.0,0.0,0.0,0.0,0.0,51.02,0.0,0.0,0.0,48.98,2.0,0.0,0.0,0.0,0.0,35.0,0.0,0.0,0.0,63.0,0.0,0.0,0.0,0.0,0.0,41.0,0.0,0.0,0.0,59.0,1.01,0.0,0.0,0.0,0.0,48.48,0.0,0.0,0.0,50.51,0.0,0.0,0.0,0.0,0.0,51.0,0.0,0.0,0.0,49.0,1.0,0.0,0.0,0.0,0.0,0.0,0.0,0.0,0.0,99.0,0.0,0.0,0.0,0.0,0.0,0.0,0.0,0.0,0.0,100.0,0.0,0.0,0.0,0.0,0.0,0.0,0.0,0.0,0.0,100.0,0.0,0.0,0.0,0.0,0.0,0.0,0.0,0.0,0.0,100.0,0.0,0.0,0.0,0.0,0.0,0.0,0.0,0.0,0.0,100.0,0.0,0.0,0.0,0.0,0.0,0.0,0.0,0.0,0.0,100.0,0.0,0.0,0.0,0.0,0.0,0.0,0.0,0.0,0.0,100.0,0.99,0.0,0.99,0.0,0.0,0.0,0.0,0.0,0.0,98.02
61,0.0,0.0,0.0,0.0,0.0,44.44,0.0,0.0,0.0,55.56,0.0,0.0,0.0,0.0,0.0,100.0,0.0,0.0,0.0,0.0,0.0,0.0,0.0,0.0,0.0,86.73,0.0,0.0,0.0,13.27,0.0,0.0,0.0,0.0,0.0,69.0,0.0,0.0,0.0,31.0,0.0,0.0,0.0,0.0,0.0,95.0,0.0,0.0,0.0,5.0,0.0,0.0,0.0,0.0,0.0,83.67,0.0,0.0,0.0,16.33,0.0,0.0,0.0,0.0,0.0,92.86,0.0,0.0,0.0,7.14,0.0,0.0,0.0,0.0,0.0,80.0,0.0,0.0,0.0,20.0,0.0,0.0,0.0,0.0,0.0,71.0,0.0,0.0,0.0,29.0,0.0,0.0,0.0,0.0,0.0,16.16,0.0,0.0,0.0,83.84,1.0,0.0,0.0,0.0,0.0,31.0,0.0,0.0,0.0,68.0,0.0,0.0,0.0,0.0,0.0,51.0,0.0,0.0,0.0,49.0,0.0,0.0,0.0,0.0,0.0,34.69,0.0,0.0,0.0,65.31,0.0,0.0,0.0,0.0,0.0,41.41,0.0,0.0,0.0,58.59,0.99,0.0,0.99,0.0,0.0,48.51,0.0,0.0,0.0,49.5,0.0,0.0,0.0,0.0,0.0,50.51,0.0,0.0,0.0,49.49,0.0,0.0,0.0,0.0,0.0,0.0,0.0,0.0,0.0,100.0,0.99,0.0,0.0,0.0,0.0,0.0,0.0,0.0,0.0,99.01,0.0,0.0,0.0,0.0,0.0,0.0,0.0,0.0,0.0,100.0,0.0,0.0,0.0,0.0,0.0,0.0,0.0,0.0,0.0,100.0,0.0,0.0,1.0,0.0,0.0,0.0,0.0,0.0,0.0,99.0,0.0,0.0,0.0,0.0,0.0,0.0,0.0,0.0,0.0,100.0,0.0,0.0,0.0,0.0,0.0,0.0,0.0,0.0,0.0,100.0,0.0,0.0,0.0,0.0,0.0,0.0,0.0,0.0,0.0,100.0
62,0.0,0.0,0.0,0.0,0.0,45.54,0.0,0.0,0.0,54.46,0.0,0.0,0.0,0.0,0.0,100.0,0.0,0.0,0.0,0.0,0.0,0.0,0.0,0.0,0.0,87.0,0.0,0.0,0.0,13.0,0.97,0.0,0.0,0.0,0.0,68.93,0.0,0.0,0.0,30.1,1.03,0.0,1.03,0.0,0.0,93.81,0.0,0.0,0.0,4.12,0.97,0.0,0.0,0.0,0.0,83.5,0.0,0.0,0.0,15.53,0.0,0.0,0.0,0.0,0.0,94.06,0.0,0.0,0.0,5.94,0.98,0.0,0.98,0.0,0.0,93.14,0.0,0.0,0.0,4.9,1.03,0.0,1.03,0.0,0.0,70.1,0.0,0.0,0.0,27.84,1.01,0.0,0.0,0.0,0.0,15.15,0.0,0.0,0.0,83.84,0.0,0.0,1.01,0.0,0.0,29.29,0.0,0.0,0.0,69.7,0.0,0.0,0.0,0.0,0.0,50.0,0.0,0.0,0.0,50.0,3.96,0.0,10.89,0.0,0.0,33.66,0.0,0.0,0.0,51.49,0.0,0.0,0.0,0.0,0.0,41.0,0.0,0.0,0.0,59.0,0.0,0.0,0.0,0.0,0.0,50.51,0.0,0.0,0.0,49.49,0.0,0.0,0.0,0.0,0.0,51.0,0.0,0.0,0.0,49.0,0.0,0.0,0.0,0.0,0.0,0.0,0.0,0.0,0.0,100.0,0.0,0.0,1.0,0.0,0.0,0.0,0.0,0.0,0.0,99.0,0.0,0.0,0.0,0.0,0.0,0.0,0.0,0.0,0.0,100.0,0.0,0.0,0.0,0.0,0.0,0.0,0.0,0.0,0.0,100.0,1.0,0.0,0.0,10.0,0.0,0.0,0.0,0.0,0.0,89.0,1.0,0.0,0.0,0.0,0.0,0.0,0.0,0.0,0.0,99.0,1.0,0.0,0.0,3.0,0.0,0.0,0.0,0.0,0.0,96.0,0.0,0.0,1.01,0.0,0.0,0.0,0.0,0.0,0.0,98.99
63,0.98,0.0,0.0,0.0,0.0,45.1,0.0,0.0,0.0,53.92,0.0,0.0,0.0,0.0,0.0,100.0,0.0,0.0,0.0,0.0,0.0,0.0,0.0,0.0,0.0,86.0,0.0,0.0,0.0,14.0,0.0,0.0,0.0,0.0,0.0,70.0,0.0,0.0,0.0,30.0,0.0,0.0,0.0,0.0,0.0,96.91,0.0,0.0,0.0,3.09,0.0,0.0,0.0,0.0,0.0,83.84,0.0,0.0,0.0,16.16,0.0,0.0,0.0,0.0,0.0,94.0,0.0,0.0,0.0,6.0,0.0,0.0,0.0,0.0,0.0,100.0,0.0,0.0,0.0,0.0,0.0,0.0,0.0,0.0,0.0,70.0,0.0,0.0,0.0,30.0,0.0,0.0,1.02,0.0,0.0,15.31,0.0,0.0,0.0,83.67,0.0,0.0,0.0,0.0,0.0,29.7,0.0,0.0,0.0,70.3,0.0,0.0,0.0,0.0,0.0,50.52,0.0,0.0,0.0,49.48,1.02,0.0,0.0,0.0,0.0,32.65,0.0,0.0,0.0,66.33,0.0,0.0,0.0,0.0,0.0,41.41,0.0,0.0,0.0,58.59,0.0,0.0,0.0,0.0,0.0,50.5,0.0,0.0,0.0,49.5,0.0,0.0,0.0,0.0,0.0,50.5,0.0,0.0,0.0,49.5,6.06,0.0,1.01,0.0,0.0,0.0,0.0,0.0,0.0,92.93,0.0,0.0,0.0,0.0,0.0,0.0,0.0,0.0,0.0,100.0,0.0,0.0,1.0,0.0,0.0,0.0,0.0,0.0,0.0,99.0,0.0,0.0,0.0,0.0,0.0,0.0,0.0,0.0,0.0,100.0,0.0,0.0,0.0,7.07,0.0,0.0,0.0,0.0,0.0,92.93,0.0,0.0,0.0,0.0,0.0,0.0,0.0,0.0,0.0,100.0,0.0,0.0,0.0,10.2,0.0,0.0,0.0,0.0,0.0,89.8,1.01,0.0,0.0,0.0,0.0,0.0,0.0,0.0,0.0,98.99
64,0.0,0.0,0.0,0.0,0.0,45.54,0.0,0.0,0.0,54.46,0.0,0.0,0.0,0.0,0.0,100.0,0.0,0.0,0.0,0.0,0.0,0.0,0.99,0.0,0.0,85.15,0.0,0.0,0.0,13.86,0.0,0.0,0.0,0.0,0.0,69.39,0.0,0.0,0.0,30.61,0.0,0.0,0.0,0.0,0.0,96.81,0.0,0.0,0.0,3.19,0.0,0.0,0.0,0.0,0.0,84.54,0.0,0.0,0.0,15.46,0.0,0.0,0.0,0.0,0.0,94.06,0.0,0.0,0.0,5.94,0.0,0.0,0.0,0.0,0.0,100.0,0.0,0.0,0.0,0.0,0.0,0.0,0.0,0.0,0.0,70.71,0.0,0.0,0.0,29.29,1.0,0.0,0.0,0.0,0.0,16.0,0.0,0.0,0.0,83.0,1.01,0.0,0.0,0.0,0.0,28.28,0.0,0.0,0.0,70.71,0.0,0.0,0.0,0.0,0.0,52.04,0.0,0.0,0.0,47.96,0.0,0.0,0.0,0.0,0.0,33.33,0.0,0.0,0.0,66.67,0.0,0.0,0.0,0.0,0.0,40.4,0.0,0.0,0.0,59.6,0.98,0.0,0.0,0.0,0.0,49.02,0.0,0.0,0.0,50.0,0.0,0.0,0.0,0.0,0.0,51.0,0.0,0.0,0.0,49.0,1.01,0.0,0.0,0.0,0.0,0.0,0.0,0.0,0.0,98.99,0.0,0.0,0.0,0.0,0.0,0.0,0.0,0.0,0.0,100.0,0.0,0.0,0.0,0.0,0.0,0.0,0.0,0.0,0.0,100.0,0.0,0.0,1.0,0.0,0.0,0.0,0.0,0.0,0.0,99.0,0.0,0.0,0.0,15.15,0.0,0.0,0.0,0.0,0.0,84.85,0.0,0.0,0.0,0.0,0.0,0.0,0.0,0.0,0.0,100.0,0.0,0.0,1.0,3.0,0.0,0.0,0.0,0.0,0.0,96.0,0.0,0.0,1.01,0.0,0.0,0.0,0.0,0.0,0.0,98.99
65,0.0,0.0,0.0,0.0,0.0,71.43,0.0,0.0,0.0,28.57,0.0,0.0,0.0,0.0,0.0,100.0,0.0,0.0,0.0,0.0,0.0,0.0,0.0,0.0,0.0,86.87,0.0,0.0,0.0,13.13,0.0,0.0,0.0,0.0,0.0,70.3,0.0,0.0,0.0,29.7,0.0,0.0,0.0,0.0,0.0,96.84,0.0,0.0,0.0,3.16,0.0,0.0,0.0,0.0,0.0,85.0,0.0,0.0,0.0,15.0,0.0,0.0,0.0,0.0,0.0,96.0,0.0,0.0,0.0,4.0,0.0,0.0,0.0,0.0,0.0,100.0,0.0,0.0,0.0,0.0,1.0,0.0,1.0,0.0,0.0,70.0,0.0,0.0,0.0,28.0,0.0,0.0,0.0,0.0,0.0,17.0,0.0,0.0,0.0,83.0,6.06,0.0,6.06,1.01,0.0,29.29,0.0,0.0,0.0,57.58,0.0,0.0,0.0,0.0,0.0,54.08,0.0,0.0,0.0,45.92,0.0,0.0,0.0,0.0,0.0,35.35,0.0,0.0,0.0,64.65,0.0,0.0,0.0,0.0,0.0,43.0,0.0,0.0,0.0,57.0,1.01,0.0,1.01,0.0,0.0,49.49,0.0,0.0,0.0,48.48,0.0,0.0,0.0,0.0,0.0,51.0,0.0,0.0,0.0,49.0,1.0,0.0,1.0,0.0,0.0,0.0,0.0,0.0,0.0,98.0,0.0,0.0,0.0,0.0,0.0,0.0,0.0,0.0,0.0,100.0,0.0,0.0,0.0,0.0,0.0,0.0,0.0,0.0,0.0,100.0,1.0,0.0,0.0,0.0,0.0,0.0,0.0,0.0,0.0,99.0,1.0,0.0,1.0,6.0,0.0,0.0,0.0,0.0,0.0,92.0,1.0,0.0,1.0,0.0,0.0,0.0,0.0,0.0,0.0,98.0,2.02,0.0,1.01,11.11,0.0,0.0,0.0,0.0,0.0,85.86,2.0,0.0,3.0,0.0,0.0,0.0,0.0,0.0,0.0,95.0
66,0.0,0.0,0.0,0.0,0.0,91.09,0.0,0.0,0.0,8.91,0.0,0.0,0.0,0.0,0.0,100.0,0.0,0.0,0.0,0.0,0.0,0.0,0.0,0.0,0.0,88.0,0.0,0.0,0.0,12.0,0.0,0.0,0.98,0.0,0.0,71.57,0.0,0.0,0.0,27.45,0.0,0.0,0.0,0.0,0.0,100.0,0.0,0.0,0.0,0.0,0.0,0.0,0.0,0.0,0.0,86.87,0.0,0.0,0.0,13.13,0.0,0.0,0.98,0.0,0.0,96.08,0.0,0.0,0.0,2.94,0.0,0.0,0.0,0.0,0.0,100.0,0.0,0.0,0.0,0.0,0.0,0.0,0.0,0.0,0.0,71.72,0.0,0.0,0.0,28.28,0.99,0.0,0.0,0.0,0.0,16.83,0.0,0.0,0.0,82.18,1.01,0.0,0.0,0.0,0.0,31.31,0.0,0.0,0.0,67.68,0.0,0.0,0.0,0.0,0.0,54.0,0.0,0.0,0.0,46.0,0.0,0.0,0.0,0.0,0.0,36.36,0.0,0.0,0.0,63.64,0.0,0.0,0.0,0.0,0.0,43.0,0.0,0.0,0.0,57.0,0.0,0.0,0.0,0.0,0.0,50.51,0.0,0.0,0.0,49.49,0.0,0.0,0.0,0.0,0.0,51.02,0.0,0.0,0.0,48.98,0.0,0.0,0.0,0.0,0.0,0.0,0.0,0.0,0.0,100.0,0.0,0.0,0.0,0.0,0.0,0.0,0.0,0.0,0.0,100.0,0.0,0.0,0.0,0.0,0.0,0.0,0.0,0.0,0.0,100.0,0.0,0.0,0.0,0.0,0.0,0.0,0.0,0.0,0.0,100.0,0.0,0.0,1.0,14.0,0.0,0.0,0.0,0.0,0.0,85.0,0.0,0.0,0.0,0.0,0.0,0.0,0.0,0.0,0.0,100.0,0.0,0.0,1.0,4.0,0.0,0.0,0.0,0.0,0.0,95.0,0.99,0.0,0.0,0.0,0.0,0.0,0.0,0.0,0.0,99.01
67,0.0,0.0,0.0,0.0,0.0,87.13,0.0,0.0,0.0,12.87,0.0,0.0,0.0,0.0,0.0,100.0,0.0,0.0,0.0,0.0,0.0,0.0,0.0,0.0,0.0,87.88,0.0,0.0,0.0,12.12,0.0,0.0,0.0,0.0,0.0,70.71,0.0,0.0,0.0,29.29,0.0,0.0,0.0,0.0,0.0,97.98,0.0,0.0,0.0,2.02,0.0,0.0,0.0,0.0,0.0,86.0,0.0,0.0,0.0,14.0,0.0,0.0,0.0,0.0,0.0,96.0,0.0,0.0,0.0,4.0,0.0,0.0,0.0,0.0,0.0,100.0,0.0,0.0,0.0,0.0,0.0,0.0,0.0,0.0,0.0,73.0,0.0,0.0,0.0,27.0,1.0,0.0,1.0,0.0,0.0,16.0,0.0,0.0,0.0,82.0,0.0,0.0,0.0,0.0,0.0,31.0,0.0,0.0,0.0,69.0,0.0,0.0,0.0,0.0,0.0,52.04,0.0,0.0,0.0,47.96,0.99,0.0,0.0,0.0,0.0,36.63,0.0,0.0,0.0,62.38,0.0,0.0,0.0,0.0,0.0,43.43,0.0,0.0,0.0,56.57,1.98,0.0,0.0,0.0,0.0,49.5,0.0,0.0,0.0,48.51,0.0,0.0,0.0,0.0,0.0,51.49,0.0,0.0,0.0,48.51,0.0,0.0,1.02,0.0,0.0,0.0,0.0,0.0,0.0,98.98,1.0,0.0,0.0,0.0,0.0,0.0,0.0,0.0,0.0,99.0,0.0,0.0,0.0,0.0,0.0,0.0,0.0,0.0,0.0,100.0,0.0,0.0,0.0,0.0,0.0,0.0,0.0,0.0,0.0,100.0,0.0,0.0,0.0,0.0,0.0,0.0,0.0,0.0,0.0,100.0,0.0,0.0,0.0,0.0,0.0,0.0,0.0,0.0,0.0,100.0,0.0,0.0,0.0,18.18,0.0,0.0,0.0,0.0,0.0,81.82,0.0,0.0,0.0,0.0,0.0,0.0,0.0,0.0,0.0,100.0
68,0.0,0.0,0.0,0.0,0.0,88.0,0.0,0.0,0.0,12.0,0.0,0.0,0.0,0.0,0.0,100.0,0.0,0.0,0.0,0.0,0.0,0.0,0.0,0.0,0.0,87.25,0.0,0.0,0.0,12.75,0.0,0.0,0.0,0.0,0.0,70.41,0.0,0.0,0.0,29.59,0.0,0.0,0.0,0.0,0.0,98.02,0.0,0.0,0.0,1.98,0.0,0.0,0.0,0.0,0.0,85.86,0.0,0.0,0.0,14.14,0.0,0.0,0.0,0.0,0.0,95.96,0.0,0.0,0.0,4.04,0.0,0.0,0.0,0.0,0.0,100.0,0.0,0.0,0.0,0.0,0.98,0.0,0.0,0.0,0.0,71.57,0.0,0.0,0.0,27.45,2.02,0.0,0.0,0.0,0.0,15.15,0.0,0.0,0.0,82.83,1.0,0.0,1.0,0.0,0.0,30.0,0.0,0.0,0.0,68.0,0.0,0.0,0.0,0.0,0.0,54.0,0.0,0.0,0.0,46.0,0.99,0.0,0.99,0.0,0.0,35.64,0.0,0.0,0.0,62.38,0.0,0.0,0.0,0.0,0.0,41.84,0.0,0.0,0.0,58.16,1.0,0.0,1.0,0.0,0.0,50.0,0.0,0.0,0.0,48.0,1.02,0.0,0.0,0.0,0.0,51.02,0.0,0.0,0.0,47.96,0.99,0.0,0.99,0.0,0.0,0.0,0.0,0.0,0.0,98.02,0.0,0.0,0.0,0.0,0.0,0.0,0.0,0.0,0.0,100.0,0.99,0.0,0.0,0.0,0.0,0.0,0.0,0.0,0.0,99.01,0.0,0.0,0.0,0.0,0.0,0.0,0.0,0.0,0.0,100.0,1.0,0.0,0.0,0.0,0.0,0.0,0.0,0.0,0.0,99.0,0.0,0.0,0.99,0.0,0.0,0.0,0.0,0.0,0.0,99.01,0.0,0.0,1.0,17.0,0.0,0.0,0.0,0.0,0.0,82.0,0.0,0.0,0.0,0.0,0.0,0.0,0.0,0.0,0.0,100.0
69,0.0,0.0,0.0,0.0,0.0,91.0,0.0,0.0,0.0,9.0,0.0,0.0,0.0,0.0,0.0,100.0,0.0,0.0,0.0,0.0,0.0,0.0,0.0,0.0,0.0,87.88,0.0,0.0,0.0,12.12,0.0,0.0,0.0,0.0,0.0,70.0,0.0,0.0,0.0,30.0,0.0,0.0,0.0,0.0,0.0,99.0,0.0,0.0,0.0,1.0,0.0,0.0,0.0,0.0,0.0,86.0,0.0,0.0,0.0,14.0,0.0,0.0,0.0,0.0,0.0,96.97,0.0,0.0,0.0,3.03,0.0,0.0,0.0,0.0,0.0,100.0,0.0,0.0,0.0,0.0,0.0,0.0,0.0,0.0,0.0,71.0,0.0,0.0,0.0,29.0,1.01,0.0,1.01,0.0,0.0,15.15,0.0,0.0,0.0,82.83,0.0,0.0,0.0,0.0,0.0,31.31,0.0,0.0,0.0,68.69,0.0,0.0,0.0,0.0,0.0,54.55,0.0,0.0,0.0,45.45,0.0,0.0,0.0,0.0,0.0,35.35,0.0,0.0,0.0,64.65,0.0,0.0,0.0,0.0,0.0,43.0,0.0,0.0,0.0,57.0,0.0,0.0,0.0,0.0,0.0,51.0,0.0,0.0,0.0,49.0,0.98,0.0,0.0,0.0,0.0,51.96,0.0,0.0,0.0,47.06,0.0,0.0,1.01,0.0,0.0,0.0,0.0,0.0,0.0,98.99,0.0,0.0,0.0,0.0,0.0,0.0,0.0,0.0,0.0,100.0,0.0,0.0,0.0,0.0,0.0,0.0,0.0,0.0,0.0,100.0,0.0,0.0,0.0,0.0,0.0,0.0,0.0,0.0,0.0,100.0,0.0,0.0,0.0,14.14,0.0,0.0,0.0,0.0,0.0,85.86,0.0,0.0,0.0,0.0,0.0,0.0,0.0,0.0,0.0,100.0,0.0,0.0,0.0,4.0,0.0,0.0,0.0,0.0,0.0,96.0,0.0,0.0,0.0,0.0,0.0,0.0,0.0,0.0,0.0,100.0
70,0.0,0.0,0.0,0.0,0.0,92.71,0.0,0.0,0.0,7.29,0.0,0.0,0.0,0.0,0.0,100.0,0.0,0.0,0.0,0.0,0.0,0.0,0.0,0.0,0.0,88.12,0.0,0.0,0.0,11.88,0.0,0.0,0.0,0.0,0.0,71.72,0.0,0.0,0.0,28.28,0.0,0.0,0.0,0.0,0.0,99.0,0.0,0.0,0.0,1.0,0.0,0.0,0.0,0.0,0.0,87.0,0.0,0.0,0.0,13.0,0.0,0.0,0.0,0.0,0.0,97.0,0.0,0.0,0.0,3.0,0.0,0.0,0.0,0.0,0.0,100.0,0.0,0.0,0.0,0.0,0.0,0.0,0.0,0.0,0.0,72.28,0.0,0.0,0.0,27.72,1.0,0.0,1.0,1.0,0.0,16.0,0.0,0.0,0.0,81.0,0.99,0.0,0.0,0.0,0.0,31.68,0.0,0.0,0.0,67.33,0.0,0.0,0.0,0.0,0.0,54.08,0.0,0.0,0.0,45.92,0.0,0.0,0.0,0.0,0.0,36.36,0.0,0.0,0.0,63.64,0.0,0.0,0.0,0.0,0.0,44.44,0.0,0.0,0.0,55.56,0.0,0.0,0.0,0.0,0.0,51.0,0.0,0.0,0.0,49.0,0.0,0.0,0.0,0.0,0.0,52.04,0.0,0.0,0.0,47.96,0.0,0.0,0.0,0.0,0.0,0.0,0.0,0.0,0.0,100.0,0.0,0.0,1.0,0.0,0.0,0.0,0.0,0.0,0.0,99.0,0.0,0.0,0.0,0.0,0.0,0.0,0.0,0.0,0.0,100.0,0.0,0.0,0.0,0.0,0.0,0.0,0.0,0.0,0.0,100.0,0.0,0.0,0.99,16.83,0.0,0.0,0.0,0.0,0.0,82.18,0.0,0.0,0.0,0.0,0.0,0.0,0.0,0.0,0.0,100.0,1.0,0.0,0.0,1.0,0.0,0.0,0.0,0.0,0.0,98.0,0.0,0.0,0.0,0.0,0.0,0.0,0.0,0.0,0.0,100.0
71,0.0,0.0,0.0,0.0,0.0,89.8,0.0,0.0,0.0,10.2,0.0,0.0,0.0,0.0,0.0,100.0,0.0,0.0,0.0,0.0,0.0,0.0,0.0,0.0,0.0,87.0,0.0,0.0,0.0,13.0,0.0,0.0,0.0,0.0,0.0,70.41,0.0,0.0,0.0,29.59,0.0,0.0,0.0,0.0,0.0,98.99,0.0,0.0,0.0,1.01,0.0,0.0,0.0,0.0,0.0,86.41,0.0,0.0,0.0,13.59,0.0,0.0,0.0,0.0,0.0,96.04,0.0,0.0,0.0,3.96,0.0,0.0,0.0,0.0,0.0,100.0,0.0,0.0,0.0,0.0,0.0,0.0,0.0,0.0,0.0,72.0,0.0,0.0,0.0,28.0,0.99,0.0,1.98,0.0,0.0,15.84,0.0,0.0,0.0,81.19,1.01,0.0,0.0,0.0,0.0,30.3,0.0,0.0,0.0,68.69,0.0,0.0,0.0,0.0,0.0,54.55,0.0,0.0,0.0,45.45,0.98,0.0,0.0,0.0,0.0,37.25,0.0,0.0,0.0,61.76,0.0,0.0,0.0,0.0,0.0,42.86,0.0,0.0,0.0,57.14,0.96,0.0,0.0,0.0,0.0,51.92,0.0,0.0,0.0,47.12,0.97,0.0,0.0,0.0,0.0,52.43,0.0,0.0,0.0,46.6,0.0,0.0,1.01,0.0,0.0,0.0,0.0,0.0,0.0,98.99,0.0,0.0,0.0,0.0,0.0,0.0,0.0,0.0,0.0,100.0,0.0,0.0,0.0,0.0,0.0,0.0,0.0,0.0,0.0,100.0,0.0,0.0,0.99,0.0,0.0,0.0,0.0,0.0,0.0,99.01,0.0,0.0,0.0,0.0,0.0,0.0,0.0,0.0,0.0,100.0,0.0,0.0,0.99,0.0,0.0,0.0,0.0,0.0,0.0,99.01,0.0,0.0,1.0,18.0,0.0,0.0,0.0,0.0,0.0,81.0,0.99,0.0,0.0,0.0,0.0,0.0,0.0,0.0,0.0,99.01
72,0.0,0.0,0.0,0.0,0.0,89.0,0.0,0.0,0.0,11.0,0.0,0.0,0.0,0.0,0.0,100.0,0.0,0.0,0.0,0.0,0.0,0.0,0.0,0.0,0.0,88.0,0.0,0.0,0.0,12.0,0.0,0.0,0.0,0.0,0.0,71.0,0.0,0.0,0.0,29.0,0.0,0.0,0.0,0.0,0.0,98.02,0.0,0.0,0.0,1.98,0.0,0.0,0.0,0.0,0.0,85.86,0.0,0.0,0.0,14.14,0.0,0.0,0.0,0.0,0.0,97.0,0.0,0.0,0.0,3.0,0.0,0.0,0.0,0.0,0.0,100.0,0.0,0.0,0.0,0.0,0.0,0.0,0.0,0.0,0.0,71.0,0.0,0.0,0.0,29.0,0.0,0.0,0.0,0.0,0.0,16.33,0.0,0.0,0.0,83.67,0.0,0.0,0.0,0.0,0.0,32.0,0.0,0.0,0.0,68.0,0.0,0.0,0.0,0.0,0.0,55.0,0.0,0.0,0.0,45.0,1.01,0.0,1.01,0.0,0.0,36.36,0.0,0.0,0.0,61.62,0.0,0.0,0.0,0.0,0.0,43.56,0.0,0.0,0.0,56.44,0.0,0.0,0.0,0.0,0.0,50.0,0.0,0.0,0.0,50.0,0.0,0.0,0.0,0.0,0.0,52.48,0.0,0.0,0.0,47.52,1.02,0.0,0.0,0.0,0.0,0.0,0.0,0.0,0.0,98.98,0.0,0.0,0.0,0.0,0.0,0.0,0.0,0.0,0.0,100.0,0.0,0.0,0.0,0.0,0.0,0.0,0.0,0.0,0.0,100.0,0.0,0.0,0.0,0.0,0.0,0.0,0.0,0.0,0.0,100.0,0.0,0.0,0.0,0.0,0.0,0.0,0.0,0.0,0.0,100.0,0.0,0.0,0.0,0.0,0.0,0.0,0.0,0.0,0.0,100.0,0.0,0.0,0.0,19.39,0.0,0.0,0.0,0.0,0.0,80.61,0.0,0.0,0.0,0.0,0.0,0.0,0.0,0.0,0.0,100.0
73,0.0,0.0,0.98,0.0,0.0,88.24,0.0,0.0,0.0,10.78,0.0,0.0,0.0,0.0,0.0,100.0,0.0,0.0,0.0,0.0,0.0,0.0,0.0,0.0,0.0,87.88,0.0,0.0,0.0,12.12,0.0,0.0,0.0,0.0,0.0,70.71,0.0,0.0,0.0,29.29,0.0,0.0,0.0,0.0,0.0,98.99,0.0,0.0,0.0,1.01,0.0,0.0,0.0,0.0,0.0,86.87,0.0,0.0,0.0,13.13,0.0,0.0,0.0,0.0,0.0,96.04,0.0,0.0,0.0,3.96,0.0,0.0,0.0,0.0,0.0,100.0,0.0,0.0,0.0,0.0,0.0,0.0,1.0,0.0,0.0,71.0,0.0,0.0,0.0,28.0,1.0,0.0,1.0,0.0,0.0,16.0,0.0,0.0,0.0,82.0,1.98,0.0,0.0,0.0,0.0,30.69,0.0,0.0,0.0,67.33,0.0,0.0,0.0,0.0,0.0,55.77,0.0,0.0,0.0,44.23,0.0,0.0,0.0,0.0,0.0,37.37,0.0,0.0,0.0,62.63,0.0,0.0,0.0,0.0,0.0,43.56,0.0,0.0,0.0,56.44,0.0,0.0,0.0,0.0,0.0,51.49,0.0,0.0,0.0,48.51,0.98,0.0,0.0,0.0,0.0,51.96,0.0,0.0,0.0,47.06,1.0,0.0,1.0,0.0,0.0,0.0,0.0,0.0,0.0,98.0,0.0,0.0,0.0,0.0,0.0,0.0,0.0,0.0,0.0,100.0,0.0,0.0,0.0,0.0,0.0,0.0,0.0,0.0,0.0,100.0,0.0,0.0,0.0,0.0,0.0,0.0,0.0,0.0,0.0,100.0,0.0,0.0,1.0,0.0,0.0,0.0,0.0,0.0,0.0,99.0,0.0,0.0,0.0,0.0,0.0,0.0,0.0,0.0,0.0,100.0,0.0,0.0,1.0,22.0,0.0,0.0,0.0,0.0,0.0,77.0,0.0,0.0,1.0,0.0,0.0,0.0,0.0,0.0,0.0,99.0
74,0.0,0.0,0.0,0.0,0.0,89.9,0.0,0.0,0.0,10.1,0.0,0.0,0.0,0.0,0.0,100.0,0.0,0.0,0.0,0.0,0.0,0.0,0.0,0.0,0.0,87.25,0.0,0.0,0.0,12.75,0.0,0.0,0.0,0.0,0.0,71.0,0.0,0.0,0.0,29.0,0.0,0.0,0.0,0.0,0.0,98.99,0.0,0.0,0.0,1.01,0.0,0.0,0.0,0.0,0.0,85.86,0.0,0.0,0.0,14.14,0.0,0.0,0.0,0.0,0.0,97.0,0.0,0.0,0.0,3.0,0.0,0.0,0.0,0.0,0.0,100.0,0.0,0.0,0.0,0.0,0.0,0.0,0.0,0.0,0.0,70.41,0.0,0.0,0.0,29.59,1.0,0.0,1.0,0.0,0.0,16.0,0.0,0.0,0.0,82.0,0.0,0.0,0.99,0.0,0.0,31.68,0.0,0.0,0.0,67.33,0.0,0.0,0.0,0.0,0.0,53.54,0.0,0.0,0.0,46.46,0.99,0.0,0.99,0.0,0.0,35.64,0.0,0.0,0.0,62.38,0.0,0.0,0.0,0.0,0.0,43.43,0.0,0.0,0.0,56.57,0.96,0.0,0.0,0.96,0.0,51.92,0.0,0.0,0.0,46.15,0.96,0.0,0.96,0.0,0.0,51.92,0.0,0.0,0.0,46.15,0.0,0.0,1.01,16.16,0.0,0.0,0.0,0.0,0.0,82.83,0.0,0.0,0.0,0.0,0.0,0.0,0.0,0.0,0.0,100.0,0.0,0.0,1.0,0.0,0.0,0.0,0.0,0.0,0.0,99.0,0.0,0.0,0.0,0.0,0.0,0.0,0.0,0.0,0.0,100.0,0.0,0.0,0.0,2.02,0.0,0.0,0.0,0.0,0.0,97.98,1.0,0.0,0.0,0.0,0.0,0.0,0.0,0.0,0.0,99.0,0.0,0.0,0.0,2.0,0.0,0.0,0.0,0.0,0.0,98.0,1.0,0.0,0.0,0.0,0.0,0.0,0.0,0.0,0.0,99.0
75,0.0,0.0,0.0,0.0,0.0,89.0,0.0,0.0,0.0,11.0,0.0,0.0,0.0,0.0,0.0,100.0,0.0,0.0,0.0,0.0,0.0,0.0,0.0,0.0,0.0,88.89,0.0,0.0,0.0,11.11,0.0,0.0,0.0,0.0,0.0,71.72,0.0,0.0,0.0,28.28,0.0,0.0,0.0,0.0,0.0,99.0,0.0,0.0,0.0,1.0,0.0,0.0,0.0,0.0,0.0,86.87,0.0,0.0,0.0,13.13,0.0,0.0,0.0,0.0,0.0,97.0,0.0,0.0,0.0,3.0,0.0,0.0,0.0,0.0,0.0,100.0,0.0,0.0,0.0,0.0,1.0,0.0,0.0,0.0,0.0,70.0,0.0,0.0,0.0,29.0,0.0,0.0,0.0,0.0,0.0,15.15,0.0,0.0,0.0,84.85,1.01,0.0,0.0,0.0,0.0,31.31,0.0,0.0,0.0,67.68,0.0,0.0,0.0,0.0,0.0,53.0,0.0,0.0,0.0,47.0,1.0,0.0,0.0,0.0,0.0,37.0,0.0,0.0,0.0,62.0,0.0,0.0,0.0,0.0,0.0,45.54,0.0,0.0,0.0,54.46,0.0,0.0,0.0,0.0,0.0,48.98,0.0,0.0,0.0,51.02,0.0,0.0,0.0,0.0,0.0,51.02,0.0,0.0,0.0,48.98,0.0,0.0,1.0,21.0,0.0,0.0,0.0,0.0,0.0,78.0,0.98,0.0,0.98,0.0,0.0,0.0,0.0,0.0,0.0,98.04,0.0,0.0,0.0,0.0,0.0,0.0,0.0,0.0,0.0,100.0,0.0,0.0,0.0,0.0,0.0,0.0,0.0,0.0,0.0,100.0,0.99,0.0,0.0,0.0,0.0,0.0,0.0,0.0,0.0,99.01,0.0,0.0,0.0,0.0,0.0,0.0,0.0,0.0,0.0,100.0,0.0,0.0,0.0,0.0,0.0,0.0,0.0,0.0,0.0,100.0,0.0,0.0,0.0,0.0,0.0,0.0,0.0,0.0,0.0,100.0
76,0.0,0.0,0.0,0.0,0.0,88.3,0.0,0.0,0.0,11.7,0.0,0.0,0.0,0.0,0.0,100.0,0.0,0.0,0.0,0.0,0.0,0.0,0.0,0.0,0.0,87.25,0.0,0.0,0.0,12.75,0.0,0.0,0.0,0.0,0.0,71.29,0.0,0.0,0.0,28.71,0.0,0.0,0.0,0.0,0.0,99.0,0.0,0.0,0.0,1.0,0.0,0.0,0.0,0.0,0.0,86.0,0.0,0.0,0.0,14.0,0.0,0.0,0.0,0.0,0.0,96.97,0.0,0.0,0.0,3.03,0.0,0.0,0.0,0.0,0.0,100.0,0.0,0.0,0.0,0.0,0.0,0.0,0.0,0.0,0.0,71.72,0.0,0.0,0.0,28.28,0.0,0.0,0.0,0.0,0.0,16.0,0.0,0.0,0.0,84.0,0.99,0.0,0.99,0.0,0.0,31.68,0.0,0.0,0.0,66.34,0.0,0.0,0.0,0.0,0.0,55.0,0.0,0.0,0.0,45.0,0.0,0.0,1.01,0.0,0.0,35.35,0.0,0.0,0.0,63.64,0.0,0.0,0.0,0.0,0.0,45.1,0.0,0.0,0.0,54.9,0.0,0.0,0.0,0.0,0.0,51.52,0.0,0.0,0.0,48.48,0.0,0.0,0.0,0.0,0.0,52.0,0.0,0.0,0.0,48.0,0.0,0.0,0.0,20.2,0.0,1.01,0.0,0.0,0.0,78.79,0.0,0.0,0.0,0.0,0.0,0.0,0.0,0.0,0.0,100.0,1.0,0.0,0.0,0.0,0.0,0.0,0.0,0.0,0.0,99.0,0.0,0.0,0.0,0.0,0.0,0.0,0.0,0.0,0.0,100.0,0.0,0.0,0.0,0.0,0.0,0.0,0.0,0.0,0.0,100.0,0.0,0.0,0.0,0.0,0.0,0.0,0.0,0.0,0.0,100.0,0.0,0.0,0.0,0.0,0.0,0.0,0.0,0.0,0.0,100.0,0.0,0.0,0.0,0.0,0.0,0.0,0.0,0.0,0.0,100.0
77,0.0,0.0,0.0,0.0,0.0,85.15,0.0,0.0,0.0,14.85,0.0,0.0,0.99,0.0,0.0,99.01,0.0,0.0,0.0,0.0,0.0,0.0,0.0,0.0,0.0,87.88,0.0,0.0,0.0,12.12,0.0,0.0,0.0,0.0,0.0,70.71,0.0,0.0,0.0,29.29,0.0,0.0,0.0,0.0,0.0,98.02,0.0,0.0,0.0,1.98,0.0,0.0,0.0,0.0,0.0,85.86,0.0,0.0,0.0,14.14,0.0,0.0,0.0,0.0,0.0,96.04,0.0,0.0,0.0,3.96,0.0,0.0,0.0,0.0,0.0,100.0,0.0,0.0,0.0,0.0,0.0,0.0,0.0,0.0,0.0,72.28,0.0,0.0,0.0,27.72,0.99,0.0,0.0,0.0,0.0,15.84,0.0,0.0,0.0,83.17,0.0,0.0,0.0,0.0,0.0,31.31,0.0,0.0,0.0,68.69,0.0,0.0,0.0,0.0,0.0,53.0,0.0,0.0,0.0,47.0,0.0,0.0,0.0,0.0,0.0,36.0,0.0,0.0,0.0,64.0,0.0,0.0,0.0,0.0,0.0,42.42,0.0,0.0,0.0,57.58,0.98,0.0,0.98,0.0,0.0,50.0,0.0,0.0,0.0,48.04,0.0,0.0,0.0,0.0,0.0,51.49,0.0,0.0,0.0,48.51,0.0,0.0,0.0,14.14,0.0,0.0,0.0,0.0,0.0,85.86,1.01,0.0,0.0,6.06,0.0,0.0,0.0,0.0,0.0,92.93,0.0,0.0,0.0,0.0,0.0,0.0,0.0,0.0,0.0,100.0,0.0,0.0,0.0,0.0,0.0,0.0,0.0,0.0,0.0,100.0,0.0,0.0,0.99,0.0,0.0,0.0,0.0,0.0,0.0,99.01,0.0,0.0,0.0,0.0,0.0,0.0,0.0,0.0,0.0,100.0,0.99,0.0,0.99,0.0,0.0,0.0,0.0,0.0,0.0,98.02,0.99,0.0,0.0,0.0,0.0,0.0,0.0,0.0,0.0,99.01
78,0.0,0.0,0.0,0.0,0.0,88.0,0.0,0.0,0.0,12.0,0.0,0.0,0.0,0.0,0.0,100.0,0.0,0.0,0.0,0.0,0.0,0.0,0.0,0.0,0.0,88.12,0.0,0.0,0.0,11.88,0.0,0.0,0.0,0.0,0.0,70.71,0.0,0.0,0.0,29.29,0.0,0.0,0.99,0.0,0.0,98.02,0.0,0.0,0.0,0.99,0.0,0.0,0.0,0.0,0.0,85.86,0.0,0.0,0.0,14.14,0.0,0.0,0.0,0.0,0.0,97.0,0.0,0.0,0.0,3.0,0.0,0.0,0.0,0.0,0.0,100.0,0.0,0.0,0.0,0.0,0.0,0.0,0.0,0.0,0.0,71.72,0.0,0.0,0.0,28.28,0.0,0.0,0.0,0.0,0.0,16.0,0.0,0.0,0.0,84.0,0.0,0.0,0.99,0.0,0.0,29.7,0.0,0.0,0.0,69.31,0.0,0.0,0.0,0.0,0.0,54.55,0.0,0.0,0.0,45.45,0.98,0.0,0.0,0.0,0.0,36.27,0.0,0.0,0.0,62.75,0.0,0.0,0.0,0.0,0.0,44.0,0.0,0.0,0.0,56.0,0.0,0.0,0.0,0.0,0.0,50.5,0.0,0.0,0.0,49.5,0.0,0.0,0.0,0.0,0.0,52.0,0.0,0.0,0.0,48.0,1.0,0.0,1.0,1.0,0.0,0.0,0.0,0.0,0.0,97.0,0.0,0.0,0.0,0.0,0.0,0.0,0.0,0.0,0.0,100.0,0.0,0.0,0.0,0.0,0.0,0.0,0.0,0.0,0.0,100.0,0.0,0.0,0.0,0.0,0.0,0.0,0.0,0.0,0.0,100.0,0.0,0.0,0.0,2.04,0.0,0.0,0.0,0.0,0.0,97.96,0.0,0.0,0.0,11.0,0.0,0.0,0.0,0.0,0.0,89.0,1.01,0.0,1.01,0.0,0.0,0.0,0.0,0.0,0.0,97.98,0.0,0.0,1.0,6.0,0.0,0.0,0.0,0.0,0.0,93.0
79,0.0,0.0,0.0,0.0,0.0,87.0,0.0,0.0,0.0,13.0,0.0,0.0,0.0,0.0,0.0,100.0,0.0,0.0,0.0,0.0,0.98,0.0,0.0,0.0,0.0,86.27,0.0,0.0,0.0,12.75,0.0,0.0,1.0,0.0,0.0,71.0,0.0,0.0,0.0,28.0,0.0,0.0,0.0,0.0,0.0,98.0,0.0,0.0,0.0,2.0,0.0,0.0,0.0,0.0,0.0,86.0,0.0,0.0,0.0,14.0,0.0,0.0,0.0,0.0,0.0,96.08,0.0,0.0,0.0,3.92,0.0,0.0,0.0,0.0,0.0,100.0,0.0,0.0,0.0,0.0,0.0,0.0,0.0,0.0,0.0,72.28,0.0,0.0,0.0,27.72,1.0,0.0,0.0,0.0,0.0,16.0,0.0,0.0,0.0,83.0,1.01,0.0,0.0,0.0,0.0,29.29,0.0,0.0,0.0,69.7,0.0,0.0,0.0,0.0,0.0,55.0,0.0,0.0,0.0,45.0,0.0,0.0,0.0,0.0,0.0,36.0,0.0,0.0,0.0,64.0,0.0,0.0,0.0,0.0,0.0,44.55,0.0,0.0,0.0,55.45,0.0,0.0,0.0,0.0,0.0,50.0,0.0,0.0,0.0,50.0,0.0,0.0,0.0,0.0,0.0,51.0,0.0,0.0,0.0,49.0,0.0,0.0,0.0,0.0,0.0,0.0,0.0,0.0,0.0,100.0,0.0,0.0,0.99,0.0,0.0,0.0,0.0,0.0,0.0,99.01,0.0,0.0,0.0,0.0,0.0,0.0,0.0,0.0,0.0,100.0,0.0,0.0,0.0,0.0,0.0,0.0,0.0,0.0,0.0,100.0,0.0,0.0,0.0,0.0,0.0,0.0,0.0,0.0,0.0,100.0,0.0,0.0,1.0,18.0,0.0,0.0,0.0,0.0,0.0,81.0,0.0,0.0,0.0,0.0,0.0,0.0,0.0,0.0,0.0,100.0,1.0,0.0,0.0,0.0,0.0,0.0,0.0,0.0,0.0,99.0
80,0.0,0.0,0.0,0.0,0.0,86.87,0.0,0.0,0.0,13.13,0.0,0.0,0.0,0.0,0.0,100.0,0.0,0.0,0.0,0.0,0.0,0.0,0.0,0.0,0.0,87.0,0.0,0.0,0.0,13.0,0.99,0.0,0.0,0.0,0.0,69.31,0.0,0.0,0.0,29.7,0.0,0.0,0.0,0.0,0.0,97.03,0.0,0.0,0.0,2.97,0.0,0.0,0.0,0.0,0.0,85.29,0.0,0.0,0.0,14.71,0.0,0.0,0.0,0.0,0.0,96.08,0.0,0.0,0.0,3.92,0.0,0.0,0.0,0.0,0.0,100.0,0.0,0.0,0.0,0.0,0.0,0.0,0.0,0.0,0.0,71.43,0.0,0.0,0.0,28.57,0.0,0.0,0.99,0.0,0.0,15.84,0.0,0.0,0.0,83.17,0.0,0.0,0.0,0.0,0.0,32.0,0.0,0.0,0.0,68.0,0.0,0.0,0.0,0.0,0.0,53.0,0.0,0.0,0.0,47.0,1.0,0.0,1.0,0.0,0.0,35.0,0.0,0.0,0.0,63.0,0.0,0.0,0.0,0.0,0.0,42.42,0.0,0.0,0.0,57.58,1.01,0.0,0.0,0.0,0.0,49.49,0.0,0.0,0.0,49.49,0.98,0.0,0.0,0.0,0.0,51.96,0.0,0.0,0.0,47.06,0.0,0.0,0.0,0.0,0.0,0.0,0.0,0.0,0.0,100.0,0.0,0.0,0.0,0.0,0.0,0.0,0.0,0.0,0.0,100.0,0.0,0.0,0.0,0.0,0.0,0.0,0.0,0.0,0.0,100.0,0.0,0.0,0.0,0.0,0.0,0.0,0.0,0.0,0.0,100.0,0.0,0.0,1.0,0.0,0.0,0.0,0.0,0.0,0.0,99.0,0.0,0.0,0.0,18.18,0.0,0.0,0.0,0.0,0.0,81.82,0.0,0.0,0.99,0.0,0.0,0.0,0.0,0.0,0.0,99.01,0.0,0.0,0.0,0.0,0.0,0.0,0.0,0.0,0.0,100.0
81,0.0,0.0,0.0,0.0,0.0,89.11,0.0,0.0,0.0,10.89,0.0,0.0,0.0,0.0,0.0,100.0,0.0,0.0,0.0,0.0,0.0,0.0,0.0,0.0,0.0,92.08,0.0,0.0,0.0,7.92,0.0,0.0,0.0,0.0,0.0,74.75,0.0,0.0,0.0,25.25,0.0,0.0,0.0,0.0,0.0,99.0,0.0,0.0,0.0,1.0,0.0,0.0,0.0,0.0,0.0,90.91,0.0,0.0,0.0,9.09,0.0,0.0,0.0,0.0,0.0,99.0,0.0,0.0,0.0,1.0,0.0,0.0,0.0,0.0,0.0,100.0,0.0,0.0,0.0,0.0,8.0,0.0,0.0,0.0,0.0,78.0,0.0,0.0,0.0,14.0,11.88,0.0,1.98,0.0,0.0,17.82,0.0,0.0,0.0,68.32,14.85,0.0,4.95,0.0,0.0,35.64,0.0,0.0,0.0,44.55,0.0,0.0,0.0,0.0,0.0,61.62,0.0,0.0,0.0,38.38,1.98,0.0,0.99,0.0,0.0,38.61,0.0,0.0,0.0,58.42,0.0,0.0,0.0,0.0,0.0,45.45,0.0,0.0,0.0,54.55,5.05,0.0,3.03,0.0,0.0,49.49,0.0,0.0,0.0,42.42,0.99,0.0,0.0,0.0,0.0,53.47,0.0,0.0,0.0,45.54,2.04,0.0,3.06,5.1,0.0,0.0,0.0,0.0,0.0,89.8,7.92,0.0,4.95,5.94,0.0,0.0,0.0,0.0,0.0,81.19,3.0,0.0,3.0,0.0,0.0,0.0,0.0,0.0,0.0,94.0,4.0,0.0,3.0,0.0,0.0,0.0,0.0,0.0,0.0,93.0,12.0,0.0,7.0,0.0,0.0,0.0,0.0,0.0,0.0,81.0,1.0,0.0,1.0,0.0,0.0,0.0,0.0,0.0,0.0,98.0,1.98,0.0,1.98,0.0,0.0,0.0,0.0,0.0,0.0,96.04,2.0,0.0,2.0,6.0,0.0,0.0,0.0,0.0,0.0,90.0
82,0.0,0.0,0.0,0.0,0.0,95.0,0.0,0.0,0.0,5.0,0.0,0.0,0.0,0.0,0.0,100.0,0.0,0.0,0.0,0.0,0.0,0.0,0.0,0.0,0.0,92.23,0.0,0.0,0.0,7.77,0.0,0.0,0.0,0.0,0.0,74.75,0.0,0.0,0.0,25.25,0.0,0.0,0.0,0.0,0.0,100.0,0.0,0.0,0.0,0.0,0.0,0.0,0.98,0.0,0.0,90.2,0.0,0.0,0.0,8.82,0.0,0.0,0.0,0.0,0.0,99.0,0.0,0.0,0.0,1.0,0.0,0.0,0.0,0.0,0.0,100.0,0.0,0.0,0.0,0.0,8.0,0.0,1.0,0.0,0.0,80.0,0.0,0.0,0.0,11.0,10.2,0.0,1.02,0.0,0.0,16.33,0.0,0.0,0.0,72.45,4.0,0.0,3.0,0.0,0.0,38.0,0.0,0.0,0.0,55.0,0.98,0.0,0.0,0.0,0.0,60.78,0.0,0.0,0.0,38.24,1.0,0.0,1.0,0.0,0.0,40.0,0.0,0.0,0.0,58.0,0.0,0.0,0.0,0.0,0.0,46.53,0.0,0.0,0.0,53.47,19.0,0.0,4.0,0.0,0.0,50.0,0.0,0.0,0.0,27.0,0.0,0.0,0.0,0.0,0.0,56.44,0.0,0.0,0.0,43.56,4.95,0.0,2.97,12.87,0.0,0.99,0.0,0.0,0.0,78.22,4.08,0.0,4.08,1.02,0.0,0.0,0.0,0.0,0.0,90.82,5.05,0.0,4.04,0.0,0.0,0.0,0.0,0.0,0.0,90.91,4.04,0.0,4.04,0.0,0.0,0.0,0.0,0.0,0.0,91.92,2.02,0.0,4.04,0.0,0.0,0.0,0.0,0.0,0.0,93.94,3.0,0.0,4.0,1.0,0.0,0.0,0.0,0.0,0.0,92.0,3.03,0.0,5.05,2.02,0.0,0.0,0.0,0.0,0.0,89.9,4.0,0.0,3.0,1.0,0.0,0.0,0.0,0.0,0.0,92.0
83,0.0,0.0,0.0,0.0,0.0,94.95,0.0,0.0,0.0,5.05,0.0,0.0,0.0,0.0,0.0,100.0,0.0,0.0,0.0,0.0,0.0,0.0,0.0,0.0,0.0,92.0,0.0,0.0,0.0,8.0,0.0,0.0,0.0,0.0,0.0,72.73,0.0,0.0,0.0,27.27,0.0,0.0,0.0,0.0,0.0,100.0,0.0,0.0,0.0,0.0,0.0,0.0,0.0,0.0,0.0,90.91,0.0,0.0,0.0,9.09,0.0,0.0,0.0,0.0,0.0,100.0,0.0,0.0,0.0,0.0,0.0,0.0,0.0,0.0,0.0,100.0,0.0,0.0,0.0,0.0,0.0,0.0,0.0,0.0,0.0,77.23,0.0,0.0,0.0,22.77,3.03,0.0,0.0,0.0,0.0,16.16,0.0,0.0,0.0,80.81,3.03,0.0,1.01,0.0,0.0,36.36,0.0,0.0,0.0,59.6,0.0,0.0,0.0,0.0,0.0,62.24,0.0,0.0,0.0,37.76,1.02,0.0,0.0,0.0,0.0,37.76,0.0,0.0,0.0,61.22,0.0,0.0,0.0,0.0,0.0,44.0,0.0,0.0,0.0,56.0,1.01,0.0,1.01,0.0,0.0,47.47,0.0,0.0,0.0,50.51,0.0,0.0,0.0,0.0,0.0,52.94,0.0,0.0,0.0,47.06,3.03,0.0,3.03,9.09,0.0,0.0,0.0,0.0,0.0,84.85,4.04,0.0,3.03,0.0,0.0,0.0,0.0,0.0,0.0,92.93,6.0,0.0,5.0,6.0,0.0,0.0,0.0,0.0,0.0,83.0,6.12,0.0,4.08,3.06,0.0,0.0,0.0,0.0,0.0,86.73,3.0,0.0,3.0,0.0,0.0,0.0,0.0,0.0,0.0,94.0,4.0,0.0,4.0,0.0,0.0,0.0,0.0,0.0,0.0,92.0,3.03,0.0,4.04,0.0,0.0,0.0,0.0,0.0,0.0,92.93,3.0,0.0,2.0,0.0,0.0,0.0,0.0,0.0,0.0,95.0
84,0.0,0.0,0.0,0.0,0.0,92.93,0.0,0.0,0.0,7.07,0.0,0.0,0.0,0.0,0.0,100.0,0.0,0.0,0.0,0.0,0.0,0.0,0.0,0.0,0.0,91.0,0.0,0.0,0.0,9.0,0.0,0.0,1.01,0.0,0.0,72.73,0.0,0.0,0.0,26.26,0.0,0.0,0.0,0.0,0.0,99.0,0.0,0.0,0.0,1.0,0.0,0.0,0.0,0.0,0.0,87.0,0.0,0.0,0.0,13.0,0.0,0.0,0.0,0.0,0.0,98.02,0.0,0.0,0.0,1.98,0.0,0.0,0.0,0.0,0.0,100.0,0.0,0.0,0.0,0.0,0.0,0.0,0.99,0.0,0.0,73.27,0.0,0.0,0.0,25.74,0.0,0.0,0.0,0.0,0.0,16.16,0.0,0.0,0.0,83.84,6.93,0.0,0.99,0.0,0.0,37.62,0.0,0.0,0.0,54.46,0.98,0.0,0.98,0.0,0.0,61.76,0.0,0.0,0.0,36.27,15.69,0.0,1.96,0.0,0.0,31.37,0.0,0.0,0.0,50.98,0.0,0.0,0.0,0.0,0.0,41.0,0.0,0.0,0.0,59.0,9.28,0.0,1.03,0.0,0.0,45.36,0.0,0.0,0.0,44.33,0.0,0.0,0.0,0.0,0.0,50.51,0.0,0.0,0.0,49.49,0.99,0.0,0.99,17.82,0.0,0.0,0.0,0.0,0.0,80.2,2.02,0.0,1.01,0.0,0.0,0.0,0.0,0.0,0.0,96.97,0.0,0.0,1.01,0.0,0.0,0.0,0.0,0.0,0.0,98.99,2.0,0.0,1.0,0.0,0.0,0.0,0.0,0.0,0.0,97.0,0.0,0.0,1.0,0.0,0.0,0.0,0.0,0.0,0.0,99.0,0.0,0.0,1.0,0.0,0.0,0.0,0.0,0.0,0.0,99.0,0.0,0.0,1.0,0.0,0.0,0.0,0.0,0.0,0.0,99.0,0.0,0.0,1.0,0.0,0.0,0.0,0.0,0.0,0.0,99.0
85,0.0,0.0,0.0,0.0,0.0,94.06,0.0,0.0,0.0,5.94,0.0,0.0,0.0,0.0,0.0,100.0,0.0,0.0,0.0,0.0,0.0,0.0,0.0,0.0,0.0,90.0,0.0,0.0,0.0,10.0,0.0,0.0,0.0,0.0,0.0,71.57,0.0,0.0,0.0,28.43,0.0,0.0,0.0,0.0,0.0,99.0,0.0,0.0,0.0,1.0,0.0,0.0,0.0,0.0,0.0,86.14,0.0,0.0,0.0,13.86,0.0,0.0,0.0,0.0,0.0,99.0,0.0,0.0,0.0,1.0,0.0,0.0,0.0,0.0,0.0,100.0,0.0,0.0,0.0,0.0,0.99,0.0,0.0,0.0,0.0,73.27,0.0,0.0,0.0,25.74,0.0,0.0,1.01,0.0,0.0,15.15,0.0,0.0,0.0,83.84,0.0,0.0,0.0,0.0,0.0,38.0,0.0,0.0,0.0,62.0,0.0,0.0,0.0,0.0,0.0,61.0,0.0,0.0,0.0,39.0,1.01,0.0,1.01,0.0,0.0,30.3,0.0,0.0,0.0,67.68,0.0,0.0,0.0,0.0,0.0,37.0,0.0,0.0,0.0,63.0,0.0,0.0,0.0,0.0,0.0,45.0,0.0,0.0,0.0,55.0,0.0,0.0,0.0,0.0,0.0,48.0,0.0,0.0,0.0,52.0,0.0,0.0,0.0,17.35,0.0,0.0,0.0,0.0,0.0,82.65,0.99,0.0,0.99,0.0,0.0,0.0,0.0,0.0,0.0,98.02,0.0,0.0,0.0,0.0,0.0,0.0,0.0,0.0,0.0,100.0,0.0,0.0,0.0,0.0,0.0,0.0,0.0,0.0,0.0,100.0,0.0,0.0,0.0,0.0,0.0,0.0,0.0,0.0,0.0,100.0,0.0,0.0,0.0,0.0,0.0,0.0,0.0,0.0,0.0,100.0,0.99,0.0,0.0,0.0,0.0,0.0,0.0,0.0,0.0,99.01,1.0,0.0,0.0,0.0,0.0,0.0,0.0,0.0,0.0,99.0
86,0.0,0.0,0.0,0.0,0.0,93.0,0.0,0.0,0.0,7.0,0.0,0.0,0.0,0.0,0.0,100.0,0.0,0.0,0.0,0.0,0.0,0.0,0.98,0.0,0.0,93.14,0.0,0.0,0.0,5.88,3.03,0.0,1.01,0.0,0.0,74.75,0.0,0.0,0.0,21.21,0.0,0.0,0.0,0.0,0.0,99.0,0.0,0.0,0.0,1.0,0.0,0.0,0.0,0.0,0.0,89.0,0.0,0.0,0.0,11.0,0.0,0.0,0.0,0.0,0.0,99.0,0.0,0.0,0.0,1.0,0.0,0.0,0.0,0.0,0.0,100.0,0.0,0.0,0.0,0.0,7.0,0.0,2.0,0.0,0.0,75.0,0.0,0.0,0.0,16.0,0.0,0.0,0.0,0.0,0.0,16.16,0.0,0.0,0.0,83.84,2.06,0.0,0.0,0.0,0.0,38.14,0.0,0.0,0.0,59.79,0.0,0.0,0.0,0.0,0.0,63.0,0.0,0.0,0.0,37.0,3.06,0.0,1.02,0.0,0.0,32.65,0.0,0.0,0.0,63.27,0.0,0.0,0.0,0.0,0.0,37.37,0.0,0.0,0.0,62.63,12.0,0.0,4.0,0.0,0.0,47.0,0.0,0.0,0.0,37.0,0.0,0.0,0.0,0.0,0.0,51.04,0.0,0.0,0.0,48.96,5.05,0.0,4.04,13.13,0.0,0.0,0.0,0.0,0.0,77.78,2.04,0.0,3.06,0.0,0.0,0.0,0.0,0.0,0.0,94.9,4.95,0.0,2.97,0.0,0.0,0.0,0.0,0.0,0.0,92.08,3.03,0.0,4.04,4.04,0.0,0.0,0.0,0.0,0.0,88.89,3.0,0.0,3.0,0.0,0.0,0.0,0.0,0.0,0.0,94.0,1.0,0.0,1.0,0.0,0.0,0.0,0.0,0.0,0.0,98.0,0.0,0.0,2.02,0.0,0.0,0.0,0.0,0.0,0.0,97.98,2.0,0.0,3.0,0.0,0.0,0.0,0.0,0.0,0.0,95.0
87,0.0,0.0,0.0,0.0,0.0,92.93,0.0,0.0,0.0,7.07,0.0,0.0,0.0,0.0,0.0,100.0,0.0,0.0,0.0,0.0,0.0,0.0,0.0,0.0,0.0,91.0,0.0,0.0,0.0,9.0,0.0,0.0,0.0,0.0,0.0,71.72,0.0,0.0,0.0,28.28,0.0,0.0,0.0,0.0,0.0,99.0,0.0,0.0,0.0,1.0,0.0,0.0,0.0,0.0,0.0,88.0,0.0,0.0,0.0,12.0,0.0,0.0,0.0,0.0,0.0,99.01,0.0,0.0,0.0,0.99,0.0,0.0,0.0,0.0,0.0,100.0,0.0,0.0,0.0,0.0,10.0,0.0,1.0,0.0,0.0,74.0,0.0,0.0,0.0,15.0,0.0,0.0,0.0,0.0,0.0,15.31,0.0,0.0,0.0,84.69,0.99,0.0,0.0,0.0,0.0,38.61,0.0,0.0,0.0,60.4,0.0,0.0,0.0,0.0,0.0,61.76,0.0,0.0,0.0,38.24,0.99,0.0,0.99,0.0,0.0,30.69,0.0,0.0,0.0,67.33,0.0,0.0,0.0,0.0,0.0,38.0,0.0,0.0,0.0,62.0,9.38,0.0,0.0,0.0,0.0,50.0,0.0,0.0,0.0,40.62,0.0,0.0,0.0,0.0,0.0,52.08,0.0,0.0,0.0,47.92,0.0,0.0,0.0,5.05,0.0,1.01,0.0,0.0,0.0,93.94,0.0,0.0,0.0,0.0,0.0,0.0,0.0,0.0,0.0,100.0,0.0,0.0,0.0,0.0,0.0,0.0,0.0,0.0,0.0,100.0,0.0,0.0,1.0,13.0,0.0,0.0,0.0,0.0,0.0,86.0,0.0,0.0,0.99,0.0,0.0,0.0,0.0,0.0,0.0,99.01,0.0,0.0,0.0,0.0,0.0,0.0,0.0,0.0,0.0,100.0,1.0,0.0,0.0,0.0,0.0,0.0,0.0,0.0,0.0,99.0,0.0,0.0,0.0,0.0,0.0,0.0,0.0,0.0,0.0,100.0
88,0.0,0.0,0.0,0.0,0.0,88.0,0.0,0.0,0.0,12.0,0.0,0.0,0.0,0.0,0.0,100.0,0.0,0.0,0.0,0.0,0.0,0.0,0.0,0.0,0.0,88.89,0.0,0.0,0.0,11.11,0.0,0.0,0.0,0.0,0.0,69.39,0.0,0.0,0.0,30.61,0.0,0.0,0.0,0.0,0.0,98.0,0.0,0.0,0.0,2.0,0.0,0.0,0.0,0.0,0.0,85.15,0.0,0.0,0.0,14.85,0.0,0.0,0.0,0.0,0.0,97.0,0.0,0.0,0.0,3.0,0.0,0.0,0.0,0.0,0.0,100.0,0.0,0.0,0.0,0.0,0.0,0.0,0.0,0.0,0.0,71.72,0.0,0.0,0.0,28.28,0.0,0.0,0.0,0.0,0.0,16.0,0.0,0.0,0.0,84.0,1.98,0.0,0.99,0.0,0.0,36.63,0.0,0.0,0.0,60.4,0.0,0.0,0.0,0.0,0.0,59.0,0.0,0.0,0.0,41.0,1.0,0.0,0.0,4.0,0.0,32.0,0.0,0.0,0.0,63.0,0.0,0.0,0.0,0.0,0.0,35.64,0.0,0.0,0.0,64.36,0.0,0.0,1.0,4.0,0.0,50.0,0.0,0.0,0.0,45.0,0.0,0.0,0.0,0.0,0.0,53.0,0.0,0.0,0.0,47.0,1.0,0.0,1.0,0.0,0.0,0.0,0.0,0.0,0.0,98.0,0.99,0.0,0.99,0.0,0.0,0.0,0.0,0.0,0.0,98.02,0.0,0.0,0.0,0.0,0.0,0.0,0.0,0.0,0.0,100.0,1.0,0.0,0.0,10.0,0.0,0.0,0.0,0.0,0.0,89.0,0.0,0.0,0.0,0.0,0.0,0.0,0.0,0.0,0.0,100.0,0.99,0.0,0.99,0.0,0.0,0.0,0.0,0.0,0.0,98.02,0.0,0.0,0.99,0.0,0.0,0.0,0.0,0.0,0.0,99.01,0.99,0.0,0.99,0.0,0.0,0.0,0.0,0.0,0.0,98.02
89,0.0,0.0,0.0,0.0,0.0,89.69,0.0,0.0,0.0,10.31,0.0,0.0,0.0,0.0,0.0,100.0,0.0,0.0,0.0,0.0,0.0,0.0,0.0,0.0,0.0,88.66,0.0,0.0,0.0,11.34,0.0,0.0,0.0,0.0,0.0,69.7,0.0,0.0,0.0,30.3,0.0,0.0,0.0,0.0,0.0,97.03,0.0,0.0,0.0,2.97,0.0,0.0,0.0,0.0,0.0,86.14,0.0,0.0,0.0,13.86,0.0,0.0,0.0,0.0,0.0,97.06,0.0,0.0,0.0,2.94,0.0,0.0,0.0,0.0,0.0,100.0,0.0,0.0,0.0,0.0,0.0,0.0,0.0,0.0,0.0,72.28,0.0,0.0,0.0,27.72,0.0,0.0,0.0,0.0,0.0,15.31,0.0,0.0,0.0,84.69,0.0,0.0,0.0,0.0,0.0,37.76,0.0,0.0,0.0,62.24,0.0,0.0,0.0,0.0,0.0,59.6,0.0,0.0,0.0,40.4,1.0,0.0,0.0,11.0,0.0,31.0,0.0,0.0,0.0,57.0,0.0,0.0,0.0,0.0,0.0,33.33,0.0,0.0,0.0,66.67,0.0,0.0,0.0,4.04,0.0,51.52,0.0,0.0,0.0,44.44,0.0,0.0,0.0,0.0,0.0,52.04,0.0,0.0,0.0,47.96,1.01,0.0,0.0,0.0,0.0,0.0,0.0,0.0,0.0,98.99,0.0,0.0,0.0,0.0,0.0,0.0,0.0,0.0,0.0,100.0,0.0,0.0,0.0,0.0,0.0,0.0,0.0,0.0,0.0,100.0,0.0,0.0,0.0,0.0,0.0,0.0,0.0,0.0,0.0,100.0,0.0,0.0,0.0,0.0,0.0,0.0,0.0,0.0,0.0,100.0,0.0,0.0,0.0,0.0,0.0,0.0,0.0,0.0,0.0,100.0,0.0,0.0,0.0,0.0,0.0,0.0,0.0,0.0,0.0,100.0,0.0,0.0,0.0,0.0,0.0,0.0,0.0,0.0,0.0,100.0
90,0.0,0.0,0.0,0.0,0.0,96.97,0.0,0.0,0.0,3.03,0.0,0.0,0.0,0.0,0.0,100.0,0.0,0.0,0.0,0.0,0.0,0.0,0.0,0.0,0.0,94.06,0.0,0.0,0.0,5.94,0.0,0.0,0.0,0.0,0.0,75.51,0.0,0.0,0.0,24.49,0.0,0.0,0.0,0.0,0.0,100.0,0.0,0.0,0.0,0.0,0.0,0.0,0.0,0.0,0.0,92.08,0.0,0.0,0.0,7.92,0.0,0.0,0.0,0.0,0.0,100.0,0.0,0.0,0.0,0.0,0.0,0.0,0.0,0.0,0.0,100.0,0.0,0.0,0.0,0.0,0.0,0.0,0.0,0.0,0.0,77.78,0.0,0.0,0.0,22.22,0.0,0.0,0.98,0.0,0.0,17.65,0.0,0.0,0.0,81.37,28.43,0.0,4.9,0.0,0.0,39.22,0.0,0.0,0.0,27.45,0.0,0.0,0.0,0.0,0.0,66.33,0.0,0.0,0.0,33.67,1.01,0.0,1.01,1.01,0.0,37.37,0.0,0.0,0.0,59.6,0.0,0.0,0.0,0.0,0.0,41.41,0.0,0.0,0.0,58.59,1.01,0.0,2.02,6.06,0.0,54.55,0.0,0.0,0.0,36.36,0.0,0.0,0.0,0.0,0.0,53.68,0.0,0.0,0.0,46.32,8.0,0.0,6.0,0.0,0.0,1.0,0.0,0.0,0.0,85.0,8.08,0.0,6.06,0.0,0.0,0.0,0.0,0.0,0.0,85.86,6.0,0.0,4.0,8.0,0.0,0.0,0.0,0.0,0.0,82.0,5.0,0.0,4.0,2.0,0.0,0.0,0.0,0.0,0.0,89.0,5.05,0.0,6.06,0.0,0.0,0.0,0.0,0.0,0.0,88.89,5.05,0.0,4.04,0.0,0.0,0.0,0.0,0.0,0.0,90.91,3.0,0.0,4.0,0.0,0.0,0.0,0.0,0.0,0.0,93.0,1.98,0.0,1.98,0.0,0.0,0.99,0.0,0.0,0.0,95.05
91,0.0,0.0,0.0,0.0,0.0,92.0,0.0,0.0,0.0,8.0,0.0,0.0,0.0,0.0,0.0,100.0,0.0,0.0,0.0,0.0,0.0,0.0,0.0,0.0,0.0,89.8,0.0,0.0,0.0,10.2,0.0,0.0,0.0,0.0,0.0,72.0,0.0,0.0,0.0,28.0,0.0,0.0,0.0,0.0,0.0,99.01,0.0,0.0,0.0,0.99,0.0,0.0,0.0,0.0,0.0,86.73,0.0,0.0,0.0,13.27,0.0,0.0,0.0,0.0,0.0,98.02,0.0,0.0,0.0,1.98,0.0,0.0,0.0,0.0,0.0,100.0,0.0,0.0,0.0,0.0,0.0,0.0,0.0,0.0,0.0,73.74,0.0,0.0,0.0,26.26,0.0,0.0,0.0,0.0,0.0,16.0,0.0,0.0,0.0,84.0,9.18,0.0,0.0,0.0,0.0,38.78,0.0,0.0,0.0,52.04,0.0,0.0,0.0,0.0,0.0,61.62,0.0,0.0,0.0,38.38,1.0,0.0,0.0,0.0,0.0,38.0,0.0,0.0,0.0,61.0,0.0,0.0,0.0,0.0,0.0,44.55,0.0,0.0,0.0,55.45,1.0,0.0,0.0,0.0,0.0,51.0,0.0,0.0,0.0,48.0,0.0,0.0,1.0,0.0,0.0,53.0,0.0,0.0,0.0,46.0,1.0,0.0,0.0,0.0,0.0,0.0,0.0,0.0,0.0,99.0,0.0,0.0,0.0,0.0,0.0,0.0,0.0,0.0,0.0,100.0,0.0,0.0,0.0,21.43,0.0,0.0,0.0,0.0,0.0,78.57,0.0,0.0,1.01,0.0,0.0,0.0,0.0,0.0,0.0,98.99,0.0,0.0,0.0,0.0,0.0,0.0,0.0,0.0,0.0,100.0,0.0,0.0,0.99,0.0,0.0,0.0,0.0,0.0,0.0,99.01,0.0,0.0,0.0,0.0,0.0,0.0,0.0,0.0,0.0,100.0,0.0,0.0,0.0,0.0,0.0,0.0,0.0,0.0,0.0,100.0
92,0.0,0.0,0.0,0.0,0.0,91.0,0.0,0.0,0.0,9.0,0.0,0.0,0.0,0.0,0.0,100.0,0.0,0.0,0.0,0.0,0.0,0.0,0.0,0.0,0.0,89.9,0.0,0.0,0.0,10.1,0.0,0.0,0.0,0.0,0.0,71.43,0.0,0.0,0.0,28.57,0.0,0.0,0.0,0.0,0.0,99.0,0.0,0.0,0.0,1.0,0.0,0.0,0.0,0.0,0.0,88.0,0.0,0.0,0.0,12.0,0.0,0.0,0.0,0.0,0.0,97.98,0.0,0.0,0.0,2.02,0.0,0.0,0.0,0.0,0.0,100.0,0.0,0.0,0.0,0.0,1.0,0.0,0.0,0.0,0.0,73.0,0.0,0.0,0.0,26.0,1.0,0.0,0.0,0.0,0.0,16.0,0.0,0.0,0.0,83.0,0.99,0.0,0.0,0.0,0.0,37.62,0.0,0.0,0.0,61.39,0.0,0.0,0.0,0.0,0.0,59.79,0.0,0.0,0.0,40.21,0.97,0.0,0.97,0.0,0.0,37.86,0.0,0.0,0.0,60.19,0.0,0.0,0.0,0.0,0.0,43.56,0.0,0.0,0.0,56.44,0.97,0.0,0.97,0.0,0.0,51.46,0.0,0.0,0.0,46.6,0.0,0.0,0.0,0.0,0.0,51.52,0.0,0.0,0.0,48.48,1.01,0.0,0.0,0.0,0.0,0.0,0.0,0.0,0.0,98.99,1.0,0.0,0.0,0.0,0.0,0.0,0.0,0.0,0.0,99.0,1.0,0.0,2.0,4.0,0.0,0.0,0.0,0.0,0.0,93.0,1.0,0.0,0.0,21.0,0.0,0.0,0.0,0.0,0.0,78.0,0.0,0.0,0.0,0.0,0.0,0.0,0.0,0.0,0.0,100.0,0.0,0.0,0.0,0.0,0.0,0.0,0.0,0.0,0.0,100.0,0.0,0.0,0.0,0.0,0.0,0.0,0.0,0.0,0.0,100.0,0.99,0.0,0.0,0.0,0.0,0.0,0.0,0.0,0.0,99.01
93,0.0,0.0,0.0,0.0,0.0,90.1,0.0,0.0,0.0,9.9,0.0,0.0,0.0,0.0,0.0,100.0,0.0,0.0,0.0,0.0,0.0,0.0,0.0,0.0,0.0,90.0,0.0,0.0,0.0,10.0,1.0,0.0,0.0,0.0,0.0,71.0,0.0,0.0,0.0,28.0,0.0,0.0,0.0,0.0,0.0,98.99,0.0,0.0,0.0,1.01,0.0,0.0,0.0,0.0,0.0,86.87,0.0,0.0,0.0,13.13,0.0,0.0,0.0,0.0,0.0,97.0,0.0,0.0,0.0,3.0,0.0,0.0,0.99,0.0,0.0,99.01,0.0,0.0,0.0,0.0,0.0,0.0,0.98,0.0,0.0,72.55,0.0,0.0,0.0,26.47,0.0,0.0,0.0,0.0,0.0,15.0,0.0,0.0,0.0,85.0,0.0,0.0,0.0,0.0,0.0,37.37,0.0,0.0,0.0,62.63,0.0,0.0,0.0,0.0,0.0,59.18,0.0,0.0,0.0,40.82,0.0,0.0,0.0,0.0,0.0,36.36,0.0,0.0,0.0,63.64,0.0,0.0,0.0,0.0,0.0,43.43,0.0,0.0,0.0,56.57,0.0,0.0,0.0,0.0,0.0,51.49,0.0,0.0,0.0,48.51,0.0,0.0,0.0,0.0,0.0,51.49,0.0,0.0,0.0,48.51,0.0,0.0,1.01,0.0,0.0,0.0,0.0,0.0,0.0,98.99,1.0,0.0,1.0,0.0,0.0,0.0,0.0,0.0,0.0,98.0,1.01,0.0,0.0,0.0,0.0,0.0,0.0,0.0,0.0,98.99,0.0,0.0,0.0,23.0,0.0,0.0,0.0,0.0,0.0,77.0,0.0,0.0,0.0,0.0,0.0,0.0,0.0,0.0,0.0,100.0,1.0,0.0,0.0,0.0,0.0,0.0,0.0,0.0,0.0,99.0,0.0,0.0,1.0,0.0,0.0,0.0,0.0,0.0,0.0,99.0,0.0,0.0,1.0,0.0,0.0,0.0,0.0,0.0,0.0,99.0
94,0.0,0.0,0.0,0.0,0.0,91.75,0.0,0.0,0.0,8.25,0.0,0.0,0.0,0.0,0.0,100.0,0.0,0.0,0.0,0.0,0.0,0.0,0.0,0.0,0.0,90.0,0.0,0.0,0.0,10.0,0.0,0.0,0.0,0.0,0.0,71.29,0.0,0.0,0.0,28.71,0.0,0.0,0.0,0.0,0.0,100.0,0.0,0.0,0.0,0.0,0.0,0.0,0.0,0.0,0.0,86.73,0.0,0.0,0.0,13.27,0.0,0.0,0.0,0.0,0.0,97.98,0.0,0.0,0.0,2.02,0.0,0.0,0.0,0.0,0.0,100.0,0.0,0.0,0.0,0.0,0.0,0.0,0.0,0.0,0.0,74.0,0.0,0.0,0.0,26.0,0.0,0.0,0.0,0.0,0.0,14.14,0.0,0.0,0.0,85.86,0.0,0.0,0.0,0.0,0.0,38.38,0.0,0.0,0.0,61.62,0.0,0.0,0.99,0.0,0.0,59.41,0.0,0.0,0.0,39.6,0.0,0.0,0.0,0.0,0.0,35.0,0.0,0.0,0.0,65.0,0.0,0.0,0.0,0.0,0.0,43.0,0.0,0.0,0.0,57.0,0.0,0.0,0.0,0.0,0.0,51.49,0.0,0.0,0.0,48.51,1.01,0.0,0.0,0.0,0.0,51.52,0.0,0.0,0.0,47.47,1.01,0.0,0.0,0.0,0.0,0.0,0.0,0.0,0.0,98.99,1.01,0.0,1.01,0.0,0.0,0.0,0.0,0.0,0.0,97.98,0.0,0.0,1.0,0.0,0.0,0.0,0.0,0.0,0.0,99.0,0.0,0.0,1.0,19.0,0.0,0.0,0.0,0.0,0.0,80.0,1.01,0.0,0.0,0.0,0.0,0.0,0.0,0.0,0.0,98.99,0.0,0.0,0.0,0.0,0.0,0.0,0.0,0.0,0.0,100.0,1.0,0.0,0.0,0.0,0.0,0.0,0.0,0.0,0.0,99.0,0.0,0.0,0.0,0.0,0.0,0.0,0.0,0.0,0.0,100.0
95,0.0,0.0,0.0,0.0,0.0,87.88,0.0,0.0,0.0,12.12,0.0,0.0,0.0,0.0,0.0,100.0,0.0,0.0,0.0,0.0,0.0,0.0,0.0,0.0,0.0,90.62,0.0,0.0,0.0,9.38,0.0,0.0,0.0,0.0,0.0,69.79,0.0,0.0,0.0,30.21,0.0,0.0,0.0,0.0,0.0,98.02,0.0,0.0,0.0,1.98,0.0,0.0,0.0,0.0,0.0,86.73,0.0,0.0,0.0,13.27,0.0,0.0,0.0,0.0,0.0,97.98,0.0,0.0,0.0,2.02,0.0,0.0,0.0,0.0,0.0,100.0,0.0,0.0,0.0,0.0,0.0,0.0,0.98,0.0,0.0,74.51,0.0,0.0,0.0,24.51,0.0,0.0,0.0,0.0,0.0,15.15,0.0,0.0,0.0,84.85,2.02,0.0,0.0,0.0,0.0,37.37,0.0,0.0,0.0,60.61,0.0,0.0,0.0,0.0,0.0,59.8,0.0,0.0,0.0,40.2,1.01,0.0,0.0,0.0,0.0,35.35,0.0,0.0,0.0,63.64,0.0,0.0,0.0,0.0,0.0,43.0,0.0,0.0,0.0,57.0,0.98,0.0,0.0,0.0,0.0,51.96,0.0,0.0,0.0,47.06,0.0,0.0,0.0,0.0,0.0,51.49,0.0,0.0,0.0,48.51,2.0,0.0,3.0,0.0,0.0,0.0,0.0,0.0,0.0,95.0,0.0,0.0,0.0,0.0,0.0,0.0,0.0,0.0,0.0,100.0,0.0,0.0,0.0,0.0,0.0,0.0,0.0,0.0,0.0,100.0,0.0,0.0,1.0,20.0,0.0,0.0,0.0,0.0,0.0,79.0,0.0,0.0,1.0,0.0,0.0,0.0,0.0,0.0,0.0,99.0,0.0,0.0,0.0,0.0,0.0,0.0,0.0,0.0,0.0,100.0,1.0,0.0,0.0,0.0,0.0,0.0,0.0,0.0,0.0,99.0,2.0,0.0,1.0,0.0,0.0,0.0,0.0,0.0,0.0,97.0
96,0.0,0.0,0.0,0.0,0.0,92.0,0.0,0.0,0.0,8.0,0.0,0.0,0.0,0.0,0.0,100.0,0.0,0.0,0.0,0.0,0.0,0.0,0.0,0.0,0.0,96.0,0.0,0.0,0.0,4.0,0.0,0.0,0.0,0.0,0.0,74.19,0.0,0.0,0.0,25.81,0.0,0.0,0.0,0.0,0.0,100.0,0.0,0.0,0.0,0.0,0.0,0.0,0.0,0.0,0.0,91.84,0.0,0.0,0.0,8.16,0.0,0.0,0.0,0.0,0.0,100.0,0.0,0.0,0.0,0.0,0.0,0.0,0.0,0.0,0.0,100.0,0.0,0.0,0.0,0.0,13.86,0.0,0.99,0.0,0.0,77.23,0.0,0.0,0.0,7.92,0.0,0.0,0.99,0.0,0.0,15.84,0.0,0.0,0.0,83.17,4.0,0.0,2.0,0.0,0.0,38.0,0.0,0.0,0.0,56.0,0.0,0.0,0.0,0.0,0.0,62.63,0.0,0.0,0.0,37.37,19.19,0.0,2.02,0.0,0.0,36.36,0.0,0.0,0.0,42.42,0.0,0.0,0.0,0.0,0.0,43.0,0.0,0.0,0.0,57.0,20.79,0.0,4.95,0.0,0.0,52.48,0.0,0.0,0.0,21.78,6.59,0.0,2.2,0.0,0.0,52.75,0.0,0.0,0.0,38.46,5.15,0.0,4.12,3.09,0.0,0.0,0.0,0.0,0.0,87.63,1.01,0.0,1.01,0.0,0.0,0.0,0.0,0.0,0.0,97.98,4.0,0.0,3.0,5.0,0.0,0.0,0.0,0.0,0.0,88.0,3.03,0.0,3.03,15.15,0.0,0.0,0.0,0.0,0.0,78.79,2.0,0.0,2.0,0.0,0.0,0.0,0.0,0.0,0.0,96.0,2.0,0.0,3.0,0.0,0.0,0.0,0.0,0.0,0.0,95.0,2.0,0.0,2.0,0.0,0.0,0.0,0.0,0.0,0.0,96.0,2.02,0.0,3.03,0.0,0.0,0.0,0.0,0.0,0.0,94.95
97,0.0,0.0,0.0,0.0,0.0,99.01,0.0,0.0,0.0,0.99,0.0,0.0,0.0,0.0,0.0,100.0,0.0,0.0,0.0,0.0,0.0,0.0,0.0,0.0,0.0,98.0,0.0,0.0,0.0,2.0,0.0,0.0,0.0,0.0,0.0,74.73,0.0,0.0,0.0,25.27,0.0,0.0,0.99,0.0,0.0,99.01,0.0,0.0,0.0,0.0,0.0,0.0,0.0,0.0,0.0,95.0,0.0,0.0,0.0,5.0,0.0,0.0,0.0,0.0,0.0,100.0,0.0,0.0,0.0,0.0,0.0,0.0,0.0,0.0,0.0,100.0,0.0,0.0,0.0,0.0,1.01,0.0,2.02,0.0,0.0,80.81,0.0,0.0,0.0,16.16,0.0,0.0,0.0,0.0,0.0,16.33,0.0,0.0,0.0,83.67,4.08,0.0,4.08,0.0,0.0,40.82,0.0,0.0,0.0,51.02,0.0,0.0,0.0,0.0,0.0,65.26,0.0,0.0,0.0,34.74,10.2,0.0,4.08,0.0,0.0,36.73,0.0,0.0,0.0,48.98,0.0,0.0,0.0,0.0,0.0,44.0,0.0,0.0,0.0,56.0,6.25,0.0,4.17,0.0,0.0,54.17,0.0,0.0,0.0,35.42,6.06,0.0,0.0,0.0,0.0,55.56,0.0,0.0,0.0,38.38,7.07,0.0,8.08,4.04,0.0,1.01,0.0,0.0,0.0,79.8,10.1,0.0,10.1,18.18,0.0,0.0,0.0,0.0,0.0,61.62,6.06,0.0,6.06,0.0,0.0,0.0,0.0,0.0,0.0,87.88,6.06,0.0,8.08,0.0,0.0,0.0,0.0,0.0,0.0,85.86,4.08,0.0,4.08,0.0,0.0,0.0,0.0,0.0,0.0,91.84,6.93,0.0,7.92,1.98,0.0,0.0,0.0,0.0,0.0,83.17,6.93,0.0,5.94,0.0,0.0,0.0,0.0,0.0,0.0,87.13,4.0,0.0,5.0,0.0,0.0,0.0,0.0,0.0,0.0,91.0
98,0.0,0.0,0.0,0.0,0.0,45.92,0.0,0.0,0.0,54.08,0.0,0.0,0.0,0.0,0.0,100.0,0.0,0.0,0.0,0.0,0.0,0.0,0.0,0.0,0.0,88.54,0.0,0.0,0.0,11.46,0.0,0.0,0.99,0.0,0.0,70.3,0.0,0.0,0.0,28.71,0.0,0.0,0.0,0.0,0.0,95.96,0.0,0.0,0.0,4.04,0.0,0.0,0.0,0.0,0.0,85.71,0.0,0.0,0.0,14.29,0.0,0.0,1.0,0.0,0.0,94.0,0.0,0.0,0.0,5.0,0.0,0.0,0.0,0.0,0.0,82.83,0.0,0.0,0.0,17.17,0.0,0.0,0.0,0.0,0.0,75.0,0.0,0.0,0.0,25.0,4.0,0.0,4.0,0.0,0.0,16.0,0.0,0.0,0.0,76.0,2.02,0.0,1.01,0.0,0.0,37.37,0.0,0.0,0.0,59.6,0.0,0.0,0.0,0.0,0.0,54.55,0.0,0.0,0.0,45.45,0.0,0.0,1.02,0.0,0.0,33.67,0.0,0.0,0.0,65.31,0.0,0.0,0.0,0.0,0.0,40.0,0.0,0.0,0.0,60.0,27.27,0.0,3.03,0.0,0.0,50.51,0.0,0.0,0.0,19.19,0.0,0.0,0.0,0.0,0.0,31.34,0.0,0.0,0.0,68.66,2.02,0.0,2.02,0.0,0.0,0.0,0.0,0.0,0.0,95.96,4.04,0.0,2.02,0.0,0.0,0.0,0.0,0.0,0.0,93.94,3.03,0.0,1.01,0.0,0.0,0.0,0.0,0.0,0.0,95.96,2.0,0.0,4.0,0.0,0.0,0.0,0.0,0.0,0.0,94.0,1.98,0.0,0.99,0.0,0.0,0.0,0.0,0.0,0.0,97.03,2.0,0.0,3.0,0.0,0.0,0.0,0.0,0.0,0.0,95.0,2.0,0.0,3.0,0.0,0.0,0.0,0.0,0.0,0.0,95.0,2.0,0.0,1.0,0.0,0.0,0.0,0.0,0.0,0.0,97.0
99,0.0,0.0,0.0,0.0,0.0,43.43,0.0,0.0,0.0,56.57,0.0,0.0,0.0,0.0,0.0,100.0,0.0,0.0,0.0,0.0,0.0,0.0,0.0,0.0,0.0,83.0,0.0,0.0,0.0,17.0,0.0,0.0,0.0,0.0,0.0,65.35,0.0,0.0,0.0,34.65,0.0,0.0,0.0,0.0,0.0,89.8,0.0,0.0,0.0,10.2,0.0,0.0,0.0,0.0,0.0,80.0,0.0,0.0,0.0,20.0,0.0,0.0,0.0,0.0,0.0,89.8,0.0,0.0,0.0,10.2,2.0,0.0,0.0,0.0,0.0,74.0,0.0,0.0,0.0,24.0,0.97,0.0,0.97,0.0,0.0,66.02,0.0,0.0,0.0,32.04,1.01,0.0,0.0,0.0,0.0,16.16,0.0,0.0,0.0,82.83,0.0,0.0,0.0,0.0,0.0,36.27,0.0,0.0,0.0,63.73,0.0,0.0,0.0,0.0,0.0,52.08,0.0,0.0,0.0,47.92,0.99,0.0,0.0,0.0,0.0,32.67,0.0,0.0,0.0,66.34,0.0,0.0,0.0,0.0,0.0,39.22,0.0,0.0,0.0,60.78,0.0,0.0,0.0,0.0,0.0,48.51,0.0,0.0,0.0,51.49,0.0,0.0,0.0,0.0,0.0,1.92,0.0,0.0,0.0,98.08,0.0,0.0,0.0,0.0,0.0,0.0,0.0,0.0,0.0,100.0,0.0,0.0,0.0,0.0,0.0,0.0,0.0,0.0,0.0,100.0,0.0,0.0,0.0,0.0,0.0,0.0,0.0,0.0,0.0,100.0,1.0,0.0,0.0,0.0,0.0,0.0,0.0,0.0,0.0,99.0,0.0,0.0,0.0,0.0,0.0,0.0,0.0,0.0,0.0,100.0,0.0,0.0,0.0,0.0,0.0,0.0,0.0,0.0,0.0,100.0,0.0,0.0,0.99,0.0,0.0,0.0,0.0,0.0,0.0,99.01,0.0,0.0,0.99,0.0,0.0,0.0,0.0,0.0,0.0,99.01
100,0.0,0.0,0.0,0.0,0.0,43.56,0.0,0.0,0.0,56.44,0.0,0.0,0.0,0.0,0.0,100.0,0.0,0.0,0.0,0.0,0.0,0.0,0.0,0.0,0.0,82.18,0.0,0.0,0.0,17.82,0.0,0.0,0.0,0.0,0.0,65.0,0.0,0.0,0.0,35.0,0.0,0.0,0.0,0.0,0.0,90.2,0.0,0.0,0.0,9.8,0.0,0.0,0.0,0.0,0.0,80.0,0.0,0.0,0.0,20.0,0.0,0.0,0.0,0.0,0.0,89.11,0.0,0.0,0.0,10.89,1.01,0.0,0.0,0.0,0.0,75.76,0.0,0.0,0.0,23.23,0.0,0.0,0.0,0.99,0.0,66.34,0.0,0.0,0.0,32.67,1.0,0.0,0.0,0.0,0.0,15.0,0.0,0.0,0.0,84.0,0.0,0.0,0.0,0.0,0.0,34.69,0.0,0.0,0.0,65.31,0.0,0.0,0.0,0.0,0.0,55.1,0.0,0.0,0.0,44.9,0.0,0.0,0.0,0.0,0.0,31.63,0.0,0.0,0.0,68.37,0.0,0.0,0.0,0.0,0.0,37.37,0.0,0.0,0.0,62.63,0.99,0.0,0.0,0.0,0.0,47.52,0.0,0.0,0.0,51.49,0.0,0.0,0.0,0.0,0.0,48.45,0.0,0.0,0.0,51.55,2.0,0.0,1.0,0.0,0.0,0.0,0.0,0.0,0.0,97.0,0.0,0.0,0.0,0.0,0.0,0.0,0.0,0.0,0.0,100.0,0.0,0.0,0.0,1.0,0.0,0.0,0.0,0.0,0.0,99.0,0.0,0.0,0.0,0.0,0.0,0.0,0.0,0.0,0.0,100.0,0.0,0.0,0.0,0.0,0.0,0.0,0.0,0.0,0.0,100.0,0.0,0.0,0.0,0.0,0.0,0.0,0.0,0.0,0.0,100.0,0.0,0.0,0.0,0.0,0.0,0.0,0.0,0.0,0.0,100.0,0.0,0.0,0.0,0.0,0.0,0.0,0.0,0.0,0.0,100.0
101,0.0,0.0,0.0,0.0,0.0,47.47,0.0,0.0,0.0,52.53,0.0,0.0,0.0,0.0,0.0,100.0,0.0,0.0,0.0,0.0,0.99,0.0,0.0,0.0,0.0,88.12,0.0,0.0,0.0,10.89,1.94,0.0,0.97,0.0,0.0,67.96,0.0,0.0,0.0,29.13,0.0,0.0,0.0,0.0,0.0,95.96,0.0,0.0,0.0,4.04,0.0,0.0,0.0,0.0,0.0,85.0,0.0,0.0,0.0,15.0,0.0,0.0,0.0,0.0,0.0,95.0,0.0,0.0,0.0,5.0,0.0,0.0,0.0,0.0,0.0,82.47,0.0,0.0,0.0,17.53,2.0,0.0,2.0,0.0,0.0,74.0,0.0,0.0,0.0,22.0,8.0,0.0,6.0,0.0,0.0,17.0,0.0,0.0,0.0,69.0,1.96,0.0,0.98,0.98,0.0,37.25,0.0,0.0,0.0,58.82,0.0,0.0,0.0,0.0,0.0,56.84,0.0,0.0,0.0,43.16,15.0,0.0,2.0,0.0,0.0,34.0,0.0,0.0,0.0,49.0,0.0,0.0,0.0,0.0,0.0,22.08,0.0,0.0,0.0,77.92,3.0,0.0,1.0,0.0,0.0,50.0,0.0,0.0,0.0,46.0,0.0,0.0,0.0,0.0,0.0,17.86,0.0,0.0,0.0,82.14,3.0,0.0,2.0,0.0,0.0,1.0,0.0,0.0,0.0,94.0,3.0,0.0,2.0,0.0,0.0,0.0,0.0,0.0,0.0,95.0,2.97,0.0,2.97,0.0,0.0,0.0,0.0,0.0,0.0,94.06,1.98,0.0,0.99,0.0,0.0,0.0,0.0,0.0,0.0,97.03,3.03,0.0,2.02,0.0,0.0,0.0,0.0,0.0,0.0,94.95,4.95,0.0,4.95,0.0,0.0,0.0,0.0,0.0,0.0,90.1,0.99,0.0,2.97,1.98,0.0,0.0,0.0,0.0,0.0,94.06,1.01,0.0,0.0,0.0,0.0,0.0,0.0,0.0,0.0,98.99
102,0.0,0.0,0.0,0.0,0.0,44.55,0.0,0.0,0.0,55.45,0.0,0.0,0.0,0.0,0.0,99.0,0.0,0.0,0.0,1.0,0.0,0.0,0.0,0.0,0.0,82.0,0.0,0.0,0.0,18.0,0.0,0.0,0.0,0.0,0.0,63.73,0.0,0.0,0.0,36.27,0.0,0.0,0.0,0.0,0.0,89.22,0.0,0.0,0.0,10.78,0.0,0.0,0.0,0.0,0.0,81.19,0.0,0.0,0.0,18.81,0.0,0.0,0.0,0.0,0.0,87.13,0.0,0.0,0.0,12.87,0.0,0.0,0.0,0.0,0.0,75.25,0.0,0.0,0.0,24.75,0.0,0.0,0.0,0.0,0.0,66.99,0.0,0.0,0.0,33.01,1.01,0.0,0.0,0.0,0.0,14.14,0.0,0.0,0.0,84.85,0.0,0.0,0.0,0.0,0.0,33.67,0.0,0.0,0.0,66.33,0.0,0.0,0.0,0.0,0.0,53.68,0.0,0.0,0.0,46.32,0.0,0.0,0.0,0.0,0.0,31.31,0.0,0.0,0.0,68.69,0.0,0.0,0.0,0.0,0.0,22.09,0.0,0.0,0.0,77.91,0.0,0.0,0.0,0.0,0.0,46.94,0.0,0.0,0.0,53.06,0.0,0.0,0.0,0.0,0.0,29.17,0.0,0.0,0.0,70.83,0.0,0.0,0.0,0.0,0.0,0.0,0.0,0.0,0.0,100.0,0.0,0.0,0.0,0.0,0.0,0.0,0.0,0.0,0.0,100.0,0.0,0.0,0.0,0.0,0.0,0.0,0.0,0.0,0.0,100.0,0.0,0.0,0.0,0.0,0.0,0.0,0.0,0.0,0.0,100.0,0.0,0.0,0.99,0.0,0.0,0.0,0.0,0.0,0.0,99.01,1.01,0.0,0.0,0.0,0.0,0.0,0.0,0.0,0.0,98.99,0.99,0.0,0.0,0.0,0.0,0.0,0.0,0.0,0.0,99.01,0.0,0.0,0.0,0.0,0.0,0.0,0.0,0.0,0.0,100.0
103,0.0,0.0,0.0,0.0,0.0,44.44,0.0,0.0,0.0,55.56,0.0,0.0,0.0,0.0,0.0,100.0,0.0,0.0,0.0,0.0,0.0,0.0,0.0,0.0,0.0,82.83,0.0,0.0,0.0,17.17,0.0,0.0,0.0,0.0,0.0,63.27,0.0,0.0,0.0,36.73,0.0,0.0,0.0,0.0,0.0,90.29,0.0,0.0,0.0,9.71,0.0,0.0,0.0,0.0,0.0,80.2,0.0,0.0,0.0,19.8,0.0,0.0,0.0,0.0,0.0,90.0,0.0,0.0,0.0,10.0,0.0,0.0,0.0,0.0,0.0,77.32,0.0,0.0,0.0,22.68,0.0,0.0,0.0,0.0,0.0,67.68,0.0,0.0,0.0,32.32,0.0,0.0,0.0,0.0,0.0,15.15,0.0,0.0,0.0,84.85,0.98,0.0,0.98,0.0,0.0,30.39,0.0,0.0,0.0,67.65,0.0,0.0,0.0,0.0,0.0,50.51,0.0,0.0,0.0,49.49,0.0,0.0,0.0,0.0,0.0,31.31,0.0,0.0,0.0,68.69,0.0,0.0,0.0,0.0,0.0,32.0,0.0,0.0,0.0,68.0,0.0,0.0,0.0,0.0,0.0,48.51,0.0,0.0,0.0,51.49,0.0,0.0,0.0,0.0,0.0,9.09,0.0,0.0,0.0,90.91,0.0,0.0,1.0,0.0,0.0,0.0,0.0,0.0,0.0,99.0,0.0,0.0,0.0,0.0,0.0,0.0,0.0,0.0,0.0,100.0,0.0,0.0,0.0,0.0,0.0,0.0,0.0,0.0,0.0,100.0,0.0,0.0,0.0,0.0,0.0,0.0,0.0,0.0,0.0,100.0,0.0,0.0,0.0,0.0,0.0,0.0,0.0,0.0,0.0,100.0,0.0,0.0,0.0,0.0,0.0,0.0,0.0,0.0,0.0,100.0,0.0,0.0,0.0,0.0,0.0,0.0,0.0,0.0,0.0,100.0,0.0,0.0,0.0,0.0,0.0,0.0,0.0,0.0,0.0,100.0
104,0.0,0.0,0.0,0.0,0.0,45.0,0.0,0.0,0.0,55.0,0.0,0.0,0.0,0.0,0.0,100.0,0.0,0.0,0.0,0.0,0.0,0.0,0.0,0.0,0.0,83.0,0.0,0.0,0.0,17.0,0.0,0.0,0.0,0.0,0.0,63.0,0.0,0.0,0.0,37.0,0.0,0.0,0.0,0.0,0.0,89.22,0.0,0.0,0.0,10.78,0.0,0.0,0.0,0.0,0.0,80.81,0.0,0.0,0.0,19.19,0.0,0.0,0.0,0.0,0.0,89.22,0.0,0.0,0.0,10.78,0.0,0.0,0.0,0.0,0.0,76.24,0.0,0.0,0.0,23.76,0.0,0.0,0.99,0.0,0.0,67.33,0.0,0.0,0.0,31.68,0.99,0.0,0.99,0.0,0.0,14.85,0.0,0.0,0.0,83.17,0.0,0.0,0.0,0.0,0.0,29.29,0.0,0.0,0.0,70.71,0.0,0.0,0.0,0.0,0.0,52.53,0.0,0.0,0.0,47.47,0.0,0.0,0.0,0.0,0.0,31.68,0.0,0.0,0.0,68.32,0.0,0.0,0.0,0.0,0.0,33.33,0.0,0.0,0.0,66.67,1.0,0.0,0.0,0.0,0.0,48.0,0.0,0.0,0.0,51.0,0.0,0.0,0.0,0.0,0.0,18.03,0.0,0.0,0.0,81.97,0.0,0.0,0.0,0.0,0.0,0.0,0.0,0.0,0.0,100.0,0.0,0.0,0.0,0.0,0.0,0.0,0.0,0.0,0.0,100.0,0.0,0.0,0.0,0.0,0.0,0.0,0.0,0.0,0.0,100.0,0.0,0.0,0.0,0.0,0.0,0.0,0.0,0.0,0.0,100.0,0.99,0.0,0.0,0.0,0.0,0.0,0.0,0.0,0.0,99.01,0.0,0.0,0.0,0.0,0.0,0.0,0.0,0.0,0.0,100.0,0.0,0.0,0.0,0.0,0.0,0.0,0.0,0.0,0.0,100.0,0.0,0.0,1.0,0.0,0.0,0.0,0.0,0.0,0.0,99.0
105,0.0,0.0,0.0,0.0,0.0,43.0,0.0,0.0,0.0,57.0,0.0,0.0,0.98,0.0,0.0,98.04,0.0,0.0,0.0,0.98,0.0,0.0,0.0,0.0,0.0,82.83,0.0,0.0,0.0,17.17,0.0,0.0,0.0,0.0,0.0,64.0,0.0,0.0,0.0,36.0,0.0,0.0,0.0,0.0,0.0,90.2,0.0,0.0,0.0,9.8,0.0,0.0,0.0,0.0,0.0,79.8,0.0,0.0,0.0,20.2,0.0,0.0,0.0,0.0,0.0,89.11,0.0,0.0,0.0,10.89,0.0,0.0,0.0,0.0,0.0,76.24,0.0,0.0,0.0,23.76,0.0,0.0,0.0,0.0,0.0,68.69,0.0,0.0,0.0,31.31,1.0,0.0,0.0,0.0,0.0,15.0,0.0,0.0,0.0,84.0,1.0,0.0,0.0,0.0,0.0,33.0,0.0,0.0,0.0,66.0,0.0,0.0,0.0,0.0,0.0,51.52,0.0,0.0,0.0,48.48,0.0,0.0,0.0,0.0,0.0,30.3,0.0,0.0,0.0,69.7,0.0,0.0,0.0,0.0,0.0,33.33,0.0,0.0,0.0,66.67,0.0,0.0,0.0,0.0,0.0,46.46,0.0,0.0,0.0,53.54,0.0,0.0,0.0,0.0,0.0,1.89,0.0,0.0,0.0,98.11,0.0,0.0,0.0,0.0,0.0,0.0,0.0,0.0,0.0,100.0,0.0,0.0,0.0,0.0,0.0,0.0,0.0,0.0,0.0,100.0,0.0,0.0,0.0,1.01,0.0,0.0,0.0,0.0,0.0,98.99,0.0,0.0,0.0,0.0,0.0,0.0,0.0,0.0,0.0,100.0,0.0,0.0,0.0,0.0,0.0,0.0,0.0,0.0,0.0,100.0,0.0,0.0,0.0,0.0,0.0,0.0,0.0,0.0,0.0,100.0,0.0,0.0,0.0,1.0,0.0,0.0,0.0,0.0,0.0,99.0,0.0,0.0,0.99,0.99,0.0,0.0,0.0,0.0,0.0,98.02
106,0.0,0.0,0.0,0.0,0.0,44.0,0.0,0.0,0.0,56.0,0.0,0.0,0.0,0.0,0.0,100.0,0.0,0.0,0.0,0.0,0.0,0.0,0.0,0.0,0.0,82.0,0.0,0.0,0.0,18.0,0.0,0.0,0.0,0.0,0.0,64.29,0.0,0.0,0.0,35.71,0.0,0.0,0.0,0.0,0.0,89.22,0.0,0.0,0.0,10.78,0.0,0.0,0.0,0.0,0.0,79.8,0.0,0.0,0.0,20.2,0.0,0.0,0.0,0.0,0.0,88.35,0.0,0.0,0.0,11.65,0.0,0.0,0.0,0.0,0.0,75.26,0.0,0.0,0.0,24.74,0.99,0.0,0.0,0.0,0.0,67.33,0.0,0.0,0.0,31.68,0.0,0.0,0.0,0.0,0.0,15.0,0.0,0.0,0.0,85.0,0.0,0.0,0.0,0.0,0.0,33.0,0.0,0.0,0.0,67.0,0.0,0.0,0.0,0.0,0.0,52.53,0.0,0.0,0.0,47.47,0.98,0.0,0.0,0.0,0.0,30.39,0.0,0.0,0.0,68.63,0.0,0.0,0.0,0.0,0.0,33.0,0.0,0.0,0.0,67.0,1.0,0.0,0.0,0.0,0.0,47.0,0.0,0.0,0.0,52.0,0.0,0.0,0.0,0.0,0.0,34.18,0.0,0.0,0.0,65.82,0.0,0.0,0.0,0.0,0.0,0.0,0.0,0.0,0.0,100.0,0.0,0.0,0.0,0.0,0.0,0.0,0.0,0.0,0.0,100.0,0.98,0.0,0.98,0.0,0.0,0.0,0.0,0.0,0.0,98.04,0.0,0.0,0.0,0.0,0.0,0.0,0.0,0.0,0.0,100.0,0.0,0.0,0.0,0.0,0.0,0.0,0.0,0.0,0.0,100.0,0.0,0.0,0.0,0.0,0.0,0.0,0.0,0.0,0.0,100.0,0.0,0.0,0.0,0.0,0.0,0.0,0.0,0.0,0.0,100.0,1.0,0.0,0.0,0.0,0.0,0.0,0.0,0.0,0.0,99.0
107,0.0,0.0,0.0,0.0,0.0,43.43,0.0,0.0,0.0,56.57,0.0,0.0,0.0,0.0,0.0,100.0,0.0,0.0,0.0,0.0,0.0,0.0,0.0,0.0,0.0,83.67,0.0,0.0,0.0,16.33,0.0,0.0,0.0,0.0,0.0,63.27,0.0,0.0,0.0,36.73,0.0,0.0,0.0,0.0,0.0,89.32,0.0,0.0,0.0,10.68,0.0,0.0,0.0,0.0,0.0,80.0,0.0,0.0,0.0,20.0,0.0,0.0,0.0,0.0,0.0,89.9,0.0,0.0,0.0,10.1,0.0,0.0,0.0,0.0,0.0,77.78,0.0,0.0,0.0,22.22,0.0,0.0,0.0,0.0,0.0,68.0,0.0,0.0,0.0,32.0,1.01,0.0,0.0,0.0,0.0,14.14,0.0,0.0,0.0,84.85,1.0,0.0,0.0,0.0,0.0,32.0,0.0,0.0,0.0,67.0,0.0,0.0,0.0,0.0,0.0,53.54,0.0,0.0,0.0,46.46,0.0,0.0,0.0,0.0,0.0,31.0,0.0,0.0,0.0,69.0,0.0,0.0,0.0,0.0,0.0,33.0,0.0,0.0,0.0,67.0,0.0,0.0,1.0,0.0,0.0,47.0,0.0,0.0,0.0,52.0,0.0,0.0,0.0,0.0,0.0,48.48,0.0,0.0,0.0,51.52,0.0,0.0,1.0,0.0,0.0,0.0,0.0,0.0,0.0,99.0,0.0,0.0,0.0,0.0,0.0,0.0,0.0,0.0,0.0,100.0,0.0,0.0,0.0,1.01,0.0,0.0,0.0,0.0,0.0,98.99,0.0,0.0,0.0,1.0,0.0,0.0,0.0,0.0,0.0,99.0,0.0,0.0,0.0,0.0,0.0,0.0,0.0,0.0,0.0,100.0,0.0,0.0,0.0,0.0,0.0,0.0,0.0,0.0,0.0,100.0,0.0,0.0,0.0,0.0,0.0,0.0,0.0,0.0,0.0,100.0,0.0,0.0,0.0,0.0,0.0,0.0,0.0,0.0,0.0,100.0
108,0.0,0.0,0.0,0.0,0.0,44.0,0.0,0.0,0.0,56.0,0.0,0.0,0.0,0.0,0.0,99.01,0.0,0.0,0.0,0.99,0.0,0.0,0.0,0.0,0.0,83.17,0.0,0.0,0.0,16.83,0.0,0.0,0.0,0.0,0.0,64.0,0.0,0.0,0.0,36.0,0.0,0.0,0.0,0.0,0.0,89.42,0.0,0.0,0.0,10.58,0.0,0.0,0.0,0.0,0.0,79.21,0.0,0.0,0.0,20.79,0.0,0.0,0.0,0.0,0.0,89.11,0.0,0.0,0.0,10.89,0.0,0.0,0.0,0.0,0.0,77.23,0.0,0.0,0.0,22.77,0.0,0.0,0.0,0.0,0.0,67.68,0.0,0.0,0.0,32.32,0.0,0.0,0.0,0.0,0.0,15.15,0.0,0.0,0.0,84.85,0.0,0.0,0.0,0.0,0.0,30.3,0.0,0.0,0.0,69.7,0.0,0.0,0.0,0.0,0.0,52.48,0.0,0.0,0.0,47.52,1.0,0.0,1.0,0.0,0.0,28.0,0.0,0.0,0.0,70.0,0.0,0.0,0.0,0.0,0.0,32.67,0.0,0.0,0.0,67.33,0.0,0.0,0.0,0.0,0.0,48.04,0.0,0.0,0.0,51.96,0.0,0.0,0.0,0.0,0.0,47.47,0.0,0.0,0.0,52.53,1.0,0.0,0.0,0.0,0.0,0.0,0.0,0.0,0.0,99.0,0.0,0.0,0.0,0.0,0.0,0.0,0.0,0.0,0.0,100.0,0.0,0.0,0.0,0.0,0.0,0.0,0.0,0.0,0.0,100.0,0.0,0.0,0.0,0.0,0.0,0.0,0.0,0.0,0.0,100.0,0.0,0.0,0.0,0.0,0.0,0.0,0.0,0.0,0.0,100.0,1.0,0.0,0.0,0.0,0.0,0.0,0.0,0.0,0.0,99.0,0.0,0.0,0.0,0.0,0.0,0.0,0.0,0.0,0.0,100.0,0.0,0.0,0.0,0.0,0.0,0.0,0.0,0.0,0.0,100.0
109,0.0,0.0,0.0,0.0,0.0,43.43,0.0,0.0,0.0,56.57,0.0,0.0,0.0,0.0,0.0,100.0,0.0,0.0,0.0,0.0,0.0,0.0,0.0,0.0,0.0,82.83,0.0,0.0,0.0,17.17,0.0,0.0,0.0,0.0,0.0,65.69,0.0,0.0,0.0,34.31,0.0,0.0,0.0,0.0,0.0,90.2,0.0,0.0,0.0,9.8,0.0,0.0,0.0,0.0,0.0,79.8,0.0,0.0,0.0,20.2,0.0,0.0,0.0,0.0,0.0,90.0,0.0,0.0,0.0,10.0,0.0,0.0,0.0,0.0,0.0,78.64,0.0,0.0,0.0,21.36,1.0,0.0,0.0,0.0,0.0,66.0,0.0,0.0,0.0,33.0,1.01,0.0,0.0,0.0,0.0,14.14,0.0,0.0,0.0,84.85,0.0,0.0,0.0,0.0,0.0,31.31,0.0,0.0,0.0,68.69,0.0,0.0,0.0,0.0,0.0,52.04,0.0,0.0,0.0,47.96,0.0,0.0,0.0,0.0,0.0,30.0,0.0,0.0,0.0,70.0,0.0,0.0,0.0,0.0,0.0,32.0,0.0,0.0,0.0,68.0,0.0,0.0,0.0,0.0,0.0,46.46,0.0,0.0,0.0,53.54,0.0,0.0,0.0,0.0,0.0,48.48,0.0,0.0,0.0,51.52,0.0,0.0,0.0,0.0,0.0,0.0,0.0,0.0,0.0,100.0,0.99,0.0,0.0,0.0,0.0,0.0,0.0,0.0,0.0,99.01,0.0,0.0,0.0,0.0,0.0,0.0,0.0,0.0,0.0,100.0,0.0,0.0,0.0,0.0,0.0,0.0,0.0,0.0,0.0,100.0,0.0,0.0,0.0,0.0,0.0,0.0,0.0,0.0,0.0,100.0,0.0,0.0,0.0,0.0,0.0,0.0,0.0,0.0,0.0,100.0,0.0,0.0,0.0,0.0,0.0,0.0,0.0,0.0,0.0,100.0,0.0,0.0,0.0,0.0,0.0,0.0,0.0,0.0,0.0,100.0
110,0.0,0.0,0.0,0.0,0.0,44.0,0.0,0.0,0.0,56.0,0.0,0.0,0.0,0.0,0.0,99.01,0.0,0.0,0.0,0.99,0.0,0.0,0.0,0.0,0.0,82.0,0.0,0.0,0.0,18.0,0.0,0.0,0.0,0.0,0.0,64.0,0.0,0.0,0.0,36.0,0.0,0.0,0.0,0.0,0.0,88.46,0.0,0.0,0.0,11.54,0.0,0.0,0.0,0.0,0.0,79.0,0.0,0.0,0.0,21.0,0.0,0.0,0.98,0.0,0.0,88.24,0.0,0.0,0.0,10.78,0.0,0.0,0.0,0.0,0.0,78.0,0.0,0.0,0.0,22.0,0.0,0.0,0.0,0.0,0.0,67.68,0.0,0.0,0.0,32.32,0.0,0.0,0.0,0.0,0.0,15.15,0.0,0.0,0.0,84.85,0.0,0.0,0.98,0.0,0.0,30.39,0.0,0.0,0.0,68.63,0.0,0.0,0.0,0.0,0.0,52.0,0.0,0.0,0.0,48.0,0.0,0.0,0.0,0.0,0.0,29.29,0.0,0.0,0.0,70.71,0.0,0.0,0.0,0.0,0.0,33.0,0.0,0.0,0.0,67.0,1.01,0.0,0.0,0.0,0.0,46.46,0.0,0.0,0.0,52.53,0.0,0.0,0.0,0.0,0.0,49.51,0.0,0.0,0.0,50.49,0.0,0.0,1.0,0.0,0.0,0.0,0.0,0.0,0.0,99.0,0.0,0.0,0.0,0.0,0.0,0.0,0.0,0.0,0.0,100.0,0.0,0.0,0.0,0.0,0.0,0.0,0.0,0.0,0.0,100.0,0.99,0.0,0.0,0.0,0.0,0.0,0.0,0.0,0.0,99.01,0.0,0.0,0.0,0.0,0.0,0.0,0.0,0.0,0.0,100.0,0.0,0.0,0.0,0.0,0.0,0.0,0.0,0.0,0.0,100.0,0.0,0.0,1.0,1.0,0.0,0.0,0.0,0.0,0.0,98.0,0.0,0.0,0.0,0.0,0.0,0.0,0.0,0.0,0.0,100.0
111,0.0,0.0,0.0,0.0,0.0,43.43,0.0,0.0,0.0,56.57,0.0,0.0,0.0,0.0,0.0,100.0,0.0,0.0,0.0,0.0,0.0,0.0,0.0,0.0,0.0,82.83,0.0,0.0,0.0,17.17,0.0,0.0,0.0,0.0,0.0,65.66,0.0,0.0,0.0,34.34,0.0,0.0,0.0,0.0,0.0,88.35,0.0,0.0,0.0,11.65,0.0,0.0,0.0,0.0,0.0,80.0,0.0,0.0,0.0,20.0,0.0,0.0,0.0,0.0,0.0,90.1,0.0,0.0,0.0,9.9,0.0,0.0,0.0,0.0,0.0,78.22,0.0,0.0,0.0,21.78,0.0,0.0,1.0,0.0,0.0,68.0,0.0,0.0,0.0,31.0,0.99,0.0,0.99,0.0,0.0,14.85,0.0,0.0,0.0,83.17,0.0,0.0,0.0,0.0,0.0,31.68,0.0,0.0,0.0,68.32,0.0,0.0,0.0,0.0,0.0,53.47,0.0,0.0,0.0,46.53,0.0,0.0,0.0,0.0,0.0,29.59,0.0,0.0,0.0,70.41,0.0,0.0,0.0,0.0,0.0,34.34,0.0,0.0,0.0,65.66,0.0,0.0,0.0,0.0,0.0,47.52,0.0,0.0,0.0,52.48,0.0,0.0,0.0,0.0,0.0,48.98,0.0,0.0,0.0,51.02,0.0,0.0,0.0,0.0,0.0,0.0,0.0,0.0,0.0,100.0,0.0,0.0,0.0,0.0,0.0,0.0,0.0,0.0,0.0,100.0,0.0,0.0,0.0,0.0,0.0,0.0,0.0,0.0,0.0,100.0,0.0,0.0,0.0,0.0,0.0,0.0,0.0,0.0,0.0,100.0,0.0,0.0,0.0,0.0,0.0,0.0,0.0,0.0,0.0,100.0,0.0,0.0,0.0,0.0,0.0,0.0,0.0,0.0,0.0,100.0,0.99,0.0,0.0,0.0,0.0,0.0,0.0,0.0,0.0,99.01,0.0,0.0,0.0,0.0,0.0,0.0,0.0,0.0,0.0,100.0
112,0.0,0.0,0.0,0.0,0.0,45.0,0.0,0.0,0.0,55.0,0.0,0.0,0.0,0.0,0.0,100.0,0.0,0.0,0.0,0.0,0.0,0.0,0.0,0.0,0.0,87.13,0.0,0.0,0.0,12.87,0.0,0.0,0.0,0.0,0.0,67.71,0.0,0.0,0.0,32.29,0.0,0.0,0.0,0.0,0.0,93.2,0.0,0.0,0.0,6.8,0.0,0.0,0.0,0.0,0.0,82.35,0.0,0.0,0.0,17.65,0.0,0.0,0.0,0.0,0.0,92.23,0.0,0.0,0.0,7.77,0.0,0.0,0.0,0.0,0.0,81.0,0.0,0.0,0.0,19.0,0.99,0.0,0.0,0.0,0.0,69.31,0.0,0.0,0.0,29.7,0.99,0.0,0.0,0.0,0.0,15.84,0.0,0.0,0.0,83.17,0.0,0.0,0.0,0.0,0.0,30.3,0.0,0.0,0.0,69.7,0.0,0.0,0.0,0.0,0.0,53.47,0.0,0.0,0.0,46.53,0.0,0.0,0.0,0.0,0.0,30.0,0.0,0.0,0.0,70.0,0.0,0.0,0.0,0.0,0.0,37.0,0.0,0.0,0.0,63.0,0.0,0.0,0.0,0.0,0.0,50.98,0.0,0.0,0.0,49.02,0.0,0.0,0.0,0.0,0.0,51.96,0.0,0.0,0.0,48.04,0.0,0.0,0.0,0.0,0.0,0.0,0.0,0.0,0.0,100.0,0.0,0.0,0.0,0.0,0.0,0.0,0.0,0.0,0.0,100.0,0.0,0.0,0.0,0.0,0.0,0.0,0.0,0.0,0.0,100.0,0.0,0.0,0.0,0.0,0.0,0.0,0.0,0.0,0.0,100.0,0.0,0.0,0.99,0.0,0.0,0.0,0.0,0.0,0.0,99.01,0.0,0.0,0.0,0.0,0.0,0.0,0.0,0.0,0.0,100.0,0.0,0.0,0.0,0.0,0.0,0.0,0.0,0.0,0.0,100.0,0.99,0.0,0.0,0.0,0.0,0.0,0.0,0.0,0.0,99.01
113,0.0,0.0,0.0,0.0,0.0,47.0,0.0,0.0,0.0,53.0,0.0,0.0,0.0,0.0,0.0,100.0,0.0,0.0,0.0,0.0,0.0,0.0,0.0,0.0,0.0,87.0,0.0,0.0,0.0,13.0,0.0,0.0,0.0,0.0,0.0,66.67,0.0,0.0,0.0,33.33,0.0,0.0,0.0,0.0,0.0,95.1,0.0,0.0,0.0,4.9,0.0,0.0,0.0,0.0,0.0,84.85,0.0,0.0,0.0,15.15,0.0,0.0,0.0,0.0,0.0,97.0,0.0,0.0,0.0,3.0,4.0,0.0,6.0,0.0,0.0,79.0,0.0,0.0,0.0,11.0,0.0,0.0,0.0,0.0,0.0,69.7,0.0,0.0,0.0,30.3,1.0,0.0,0.0,0.0,0.0,16.0,0.0,0.0,0.0,83.0,1.01,0.0,2.02,0.0,0.0,30.3,0.0,0.0,0.0,66.67,0.0,0.0,0.0,0.0,0.0,54.55,0.0,0.0,0.0,45.45,0.0,0.0,0.0,0.0,0.0,31.0,0.0,0.0,0.0,69.0,0.0,0.0,0.0,0.0,0.0,38.0,0.0,0.0,0.0,62.0,0.0,0.0,0.98,0.0,0.0,50.0,0.0,0.0,0.0,49.02,0.0,0.0,0.99,0.0,0.0,51.49,0.0,0.0,0.0,47.52,1.01,0.0,1.01,0.0,0.0,0.0,0.0,0.0,0.0,97.98,0.0,0.0,1.0,0.0,0.0,0.0,0.0,0.0,0.0,99.0,0.98,0.0,1.96,0.0,0.0,0.0,0.0,0.0,0.0,97.06,0.0,0.0,0.99,0.0,0.0,0.0,0.0,0.0,0.0,99.01,0.0,0.0,0.0,0.0,0.0,0.0,0.0,0.0,0.0,100.0,0.0,0.0,0.0,0.0,0.0,0.0,0.0,0.0,0.0,100.0,0.0,0.0,1.01,0.0,0.0,0.0,0.0,0.0,0.0,98.99,0.0,0.0,0.0,0.0,0.0,0.0,0.0,0.0,0.0,100.0
114,0.0,0.0,0.0,0.0,0.0,45.45,0.0,0.0,0.0,54.55,0.0,0.0,0.0,0.0,0.0,100.0,0.0,0.0,0.0,0.0,0.0,0.0,0.0,0.0,0.0,87.0,0.0,0.0,0.0,13.0,0.0,0.0,0.0,0.0,0.0,67.01,0.0,0.0,0.0,32.99,0.0,0.0,0.99,0.0,0.0,92.08,0.0,0.0,0.0,6.93,0.0,0.0,0.0,0.0,0.0,83.0,0.0,0.0,0.0,17.0,0.0,0.0,0.0,0.0,0.0,91.92,0.0,0.0,0.0,8.08,0.0,0.0,0.0,0.0,0.0,79.8,0.0,0.0,0.0,20.2,0.0,0.0,0.0,0.0,0.0,69.7,0.0,0.0,0.0,30.3,1.0,0.0,0.0,0.0,0.0,15.0,0.0,0.0,0.0,84.0,0.99,0.0,0.0,0.0,0.0,31.68,0.0,0.0,0.0,67.33,0.0,0.0,0.0,0.0,0.0,53.54,0.0,0.0,0.0,46.46,1.0,0.0,0.0,0.0,0.0,30.0,0.0,0.0,0.0,69.0,0.0,0.0,0.0,0.0,0.0,35.64,0.0,0.0,0.0,64.36,0.0,0.0,0.0,0.0,0.0,48.45,0.0,0.0,0.0,51.55,0.0,0.0,0.0,0.0,0.0,51.49,0.0,0.0,0.0,48.51,0.0,0.0,0.0,0.0,0.0,0.0,0.0,0.0,0.0,100.0,0.99,0.0,0.0,0.0,0.0,0.0,0.0,0.0,0.0,99.01,0.0,0.0,0.0,0.0,0.0,0.0,0.0,0.0,0.0,100.0,0.0,0.0,0.0,0.0,0.0,0.0,0.0,0.0,0.0,100.0,0.0,0.0,0.0,0.0,0.0,0.0,0.0,0.0,0.0,100.0,0.0,0.0,0.0,0.0,0.0,0.0,0.0,0.0,0.0,100.0,0.0,0.0,0.0,0.0,0.0,0.0,0.0,0.0,0.0,100.0,0.0,0.0,1.01,0.0,0.0,0.0,0.0,0.0,0.0,98.99
115,0.0,0.0,0.0,0.0,0.0,47.52,0.0,0.0,0.0,52.48,0.0,0.0,0.0,0.0,0.0,100.0,0.0,0.0,0.0,0.0,0.0,0.0,0.0,0.0,0.0,86.0,0.0,0.0,0.0,14.0,0.0,0.0,0.0,0.0,0.0,69.31,0.0,0.0,0.0,30.69,0.0,0.0,0.0,0.0,0.0,96.04,0.0,0.0,0.0,3.96,0.0,0.0,0.0,0.0,0.0,84.85,0.0,0.0,0.0,15.15,0.0,0.0,0.0,0.0,0.0,94.06,0.0,0.0,0.0,5.94,0.0,0.0,0.0,0.0,0.0,82.0,0.0,0.0,0.0,18.0,0.0,0.0,0.0,0.0,0.0,70.3,0.0,0.0,0.0,29.7,0.0,0.0,0.0,0.0,0.0,16.16,0.0,0.0,0.0,83.84,1.01,0.0,0.0,0.0,0.0,35.35,0.0,0.0,0.0,63.64,0.0,0.0,0.0,0.0,0.0,57.0,0.0,0.0,0.0,43.0,0.0,0.0,0.0,1.01,0.0,33.33,0.0,0.0,0.0,65.66,0.0,0.0,0.0,0.0,0.0,38.0,0.0,0.0,0.0,62.0,0.98,0.0,0.0,0.0,0.0,50.0,0.0,0.0,0.0,49.02,0.97,0.0,0.0,0.0,0.0,53.4,0.0,0.0,0.0,45.63,0.99,0.0,0.99,0.0,0.0,0.0,0.0,0.0,0.0,98.02,0.0,0.0,0.0,0.0,0.0,0.0,0.0,0.0,0.0,100.0,0.0,0.0,0.0,0.0,0.0,0.0,0.0,0.0,0.0,100.0,0.0,0.0,0.0,0.0,0.0,0.0,0.0,0.0,0.0,100.0,5.0,0.0,1.0,0.0,0.0,0.0,0.0,0.0,0.0,94.0,0.0,0.0,0.99,0.0,0.0,0.0,0.0,0.0,0.0,99.01,0.0,0.0,0.0,1.98,0.0,0.0,0.0,0.0,0.0,98.02,0.99,0.0,0.99,0.99,0.0,0.0,0.0,0.0,0.0,97.03
116,0.0,0.0,0.0,0.0,0.0,46.0,0.0,0.0,0.0,54.0,0.0,0.0,0.0,0.0,0.0,100.0,0.0,0.0,0.0,0.0,0.0,0.0,0.0,0.0,0.0,85.86,0.0,0.0,0.0,14.14,0.0,0.0,0.0,0.0,0.0,68.37,0.0,0.0,0.0,31.63,0.0,0.0,0.0,0.0,0.0,96.97,0.0,0.0,0.0,3.03,0.0,0.0,0.0,0.0,0.0,85.15,0.0,0.0,0.0,14.85,0.99,0.0,0.0,0.0,0.0,93.07,0.0,0.0,0.0,5.94,0.0,0.0,0.0,0.0,0.0,82.83,0.0,0.0,0.0,17.17,0.0,0.0,1.0,0.0,0.0,71.0,0.0,0.0,0.0,28.0,1.0,0.0,0.0,0.0,0.0,16.0,0.0,0.0,0.0,83.0,0.99,0.0,0.99,0.0,0.0,32.67,0.0,0.0,0.0,65.35,0.0,0.0,0.0,0.0,0.0,54.55,0.0,0.0,0.0,45.45,1.01,0.0,1.01,0.0,0.0,32.32,0.0,0.0,0.0,65.66,1.01,0.0,0.0,0.0,0.0,39.39,0.0,0.0,0.0,59.6,0.0,0.0,0.0,0.0,0.0,50.0,0.0,0.0,0.0,50.0,0.0,0.0,0.0,0.0,0.0,51.49,0.0,0.0,0.0,48.51,0.0,0.0,0.0,0.0,0.0,0.0,0.0,0.0,0.0,100.0,0.0,0.0,1.0,0.0,0.0,0.0,0.0,0.0,0.0,99.0,1.01,0.0,0.0,0.0,0.0,0.0,0.0,0.0,0.0,98.99,0.0,0.0,0.0,0.0,0.0,0.0,0.0,0.0,0.0,100.0,0.0,0.0,0.0,0.0,0.0,0.0,0.0,0.0,0.0,100.0,2.02,0.0,0.0,0.0,0.0,0.0,0.0,0.0,0.0,97.98,0.0,0.0,0.0,0.0,0.0,0.0,0.0,0.0,0.0,100.0,0.0,0.0,1.01,1.01,0.0,0.0,0.0,0.0,0.0,97.98
117,0.0,0.0,0.0,0.0,0.0,45.54,0.0,0.0,0.0,54.46,0.0,0.0,0.0,0.0,0.0,100.0,0.0,0.0,0.0,0.0,0.0,0.0,0.0,0.0,0.0,87.0,0.0,0.0,0.0,13.0,0.0,0.0,0.0,0.0,0.0,68.69,0.0,0.0,0.0,31.31,0.0,0.0,0.0,0.0,0.0,95.05,0.0,0.0,0.0,4.95,0.0,0.0,0.0,0.0,0.0,85.0,0.0,0.0,0.0,15.0,0.0,0.0,0.0,0.0,0.0,93.07,0.0,0.0,0.0,6.93,0.0,0.0,0.0,0.0,0.0,80.81,0.0,0.0,0.0,19.19,0.0,0.0,0.0,0.0,0.0,71.29,0.0,0.0,0.0,28.71,0.0,0.0,1.0,0.0,0.0,16.0,0.0,0.0,0.0,83.0,0.0,0.0,0.0,0.0,0.0,29.59,0.0,0.0,0.0,70.41,0.0,0.0,0.0,0.0,0.0,53.0,0.0,0.0,0.0,47.0,1.0,0.0,0.0,0.0,0.0,35.0,0.0,0.0,0.0,64.0,0.0,0.0,0.0,0.0,0.0,42.0,0.0,0.0,0.0,58.0,0.0,0.0,0.0,0.0,0.0,50.51,0.0,0.0,0.0,49.49,0.0,0.0,0.0,0.0,0.0,51.0,0.0,0.0,0.0,49.0,0.0,0.0,0.0,0.0,0.0,0.0,0.0,0.0,0.0,100.0,0.0,0.0,0.0,0.0,0.0,0.0,0.0,0.0,0.0,100.0,0.0,0.0,0.0,0.0,0.0,0.0,0.0,0.0,0.0,100.0,0.0,0.0,0.0,0.0,0.0,0.0,0.0,0.0,0.0,100.0,0.0,0.0,0.0,0.0,0.0,0.0,0.0,0.0,0.0,100.0,0.0,0.0,0.0,0.0,0.0,0.0,0.0,0.0,0.0,100.0,0.0,0.0,0.0,0.0,0.0,0.0,0.0,0.0,0.0,100.0,0.0,0.0,1.0,0.0,0.0,0.0,0.0,0.0,0.0,99.0
118,0.0,0.0,0.0,0.0,0.0,43.88,0.0,0.0,0.0,56.12,0.0,0.0,0.0,0.0,0.0,100.0,0.0,0.0,0.0,0.0,0.0,0.0,0.0,0.0,0.0,86.6,0.0,0.0,0.0,13.4,0.0,0.0,0.0,0.0,0.0,68.37,0.0,0.0,0.0,31.63,0.0,0.0,0.0,0.0,0.0,94.9,0.0,0.0,0.0,5.1,0.0,0.0,0.0,0.0,0.0,82.65,0.0,0.0,0.0,17.35,0.0,0.0,0.0,0.0,0.0,92.86,0.0,0.0,0.0,7.14,0.0,0.0,0.0,0.0,0.0,78.57,0.0,0.0,0.0,21.43,0.0,0.0,0.0,0.0,0.0,70.41,0.0,0.0,0.0,29.59,1.01,0.0,0.0,0.0,0.0,15.15,0.0,0.0,0.0,83.84,0.99,0.0,0.0,0.0,0.0,31.68,0.0,0.0,0.0,67.33,0.0,0.0,0.0,0.0,0.0,50.0,0.0,0.0,0.0,50.0,2.02,0.0,0.0,0.0,0.0,34.34,0.0,0.0,0.0,63.64,0.0,0.0,0.0,0.0,0.0,41.0,0.0,0.0,0.0,59.0,1.03,0.0,0.0,0.0,0.0,47.42,0.0,0.0,0.0,51.55,0.0,0.0,0.0,0.0,0.0,50.51,0.0,0.0,0.0,49.49,1.0,0.0,0.0,0.0,0.0,0.0,0.0,0.0,0.0,99.0,1.0,0.0,0.0,0.0,0.0,0.0,0.0,0.0,0.0,99.0,0.0,0.0,0.0,0.0,0.0,0.0,0.0,0.0,0.0,100.0,0.0,0.0,0.0,0.0,0.0,0.0,0.0,0.0,0.0,100.0,0.0,0.0,0.99,0.0,0.0,0.0,0.0,0.0,0.0,99.01,0.0,0.0,0.0,0.0,0.0,0.0,0.0,0.0,0.0,100.0,0.0,0.0,0.0,0.0,0.0,0.0,0.0,0.0,0.0,100.0,0.99,0.0,0.0,0.0,0.0,0.0,0.0,0.0,0.0,99.01
119,0.0,0.0,0.0,0.0,0.0,45.54,0.0,0.0,0.0,54.46,0.0,0.0,0.0,0.0,0.0,100.0,0.0,0.0,0.0,0.0,0.0,0.0,0.0,0.0,0.0,87.0,0.0,0.0,0.0,13.0,0.0,0.0,0.0,0.0,0.0,69.31,0.0,0.0,0.0,30.69,0.99,0.0,0.99,0.0,0.0,93.07,0.0,0.0,0.0,4.95,0.99,0.0,0.0,0.0,0.0,84.16,0.0,0.0,0.0,14.85,0.0,0.0,0.0,0.0,0.0,93.07,0.0,0.0,0.0,6.93,0.98,0.0,0.98,0.0,0.0,83.33,0.0,0.0,0.0,14.71,1.02,0.0,1.02,0.0,0.0,70.41,0.0,0.0,0.0,27.55,1.01,0.0,0.0,0.0,0.0,15.15,0.0,0.0,0.0,83.84,0.0,0.0,0.0,0.0,0.0,30.3,0.0,0.0,0.0,69.7,0.0,0.0,0.0,0.0,0.0,51.0,0.0,0.0,0.0,49.0,3.96,0.0,9.9,0.0,0.0,34.65,0.0,0.0,0.0,51.49,0.0,0.0,0.0,0.0,0.0,41.41,0.0,0.0,0.0,58.59,0.97,0.0,0.97,0.0,0.0,50.49,0.0,0.0,0.0,47.57,0.0,0.0,0.0,0.0,0.0,51.0,0.0,0.0,0.0,49.0,0.0,0.0,0.0,0.0,0.0,0.0,0.0,0.0,0.0,100.0,0.0,0.0,0.0,0.0,0.0,0.0,0.0,0.0,0.0,100.0,0.0,0.0,0.0,0.0,0.0,0.0,0.0,0.0,0.0,100.0,0.0,0.0,0.0,0.0,0.0,0.0,0.0,0.0,0.0,100.0,1.01,0.0,0.0,1.01,0.0,0.0,0.0,0.0,0.0,97.98,1.0,0.0,0.0,0.0,0.0,0.0,0.0,0.0,0.0,99.0,0.99,0.0,0.0,2.97,0.0,0.0,0.0,0.0,0.0,96.04,0.0,0.0,1.0,0.0,0.0,0.0,0.0,0.0,0.0,99.0
120,0.0,0.0,0.0,0.0,0.0,45.0,0.0,0.0,0.0,55.0,0.0,0.0,0.0,0.0,0.0,100.0,0.0,0.0,0.0,0.0,0.0,0.0,0.0,0.0,0.0,85.86,0.0,0.0,0.0,14.14,0.99,0.0,0.0,0.0,0.0,69.31,0.0,0.0,0.0,29.7,0.0,0.0,0.0,0.0,0.0,95.79,0.0,0.0,0.0,4.21,0.0,0.0,0.0,0.0,0.0,83.0,0.0,0.0,0.0,17.0,0.0,0.0,0.0,0.0,0.0,93.88,0.0,0.0,0.0,6.12,0.0,0.0,0.0,0.0,0.0,100.0,0.0,0.0,0.0,0.0,0.0,0.0,0.0,0.0,0.0,70.0,0.0,0.0,0.0,30.0,0.0,0.0,0.0,0.0,0.0,15.31,0.0,0.0,0.0,84.69,0.0,0.0,1.0,0.0,0.0,29.0,0.0,0.0,0.0,70.0,0.0,0.0,0.0,0.0,0.0,48.98,0.0,0.0,0.0,51.02,0.0,0.0,1.02,0.0,0.0,32.65,0.0,0.0,0.0,66.33,0.0,0.0,0.0,0.0,0.0,40.4,0.0,0.0,0.0,59.6,0.0,0.0,0.0,0.0,0.0,49.0,0.0,0.0,0.0,51.0,0.0,0.0,0.0,0.0,0.0,50.51,0.0,0.0,0.0,49.49,0.0,0.0,0.0,0.0,0.0,0.0,0.0,0.0,0.0,100.0,0.0,0.0,0.99,0.0,0.0,0.0,0.0,0.0,0.0,99.01,0.0,0.0,1.0,0.0,0.0,0.0,0.0,0.0,0.0,99.0,0.0,0.0,0.0,0.0,0.0,0.0,0.0,0.0,0.0,100.0,0.0,0.0,0.0,16.0,0.0,0.0,0.0,0.0,0.0,84.0,0.0,0.0,0.0,0.0,0.0,0.0,0.0,0.0,0.0,100.0,0.0,0.0,0.0,1.02,0.0,0.0,0.0,0.0,0.0,98.98,1.01,0.0,0.0,0.0,0.0,0.0,0.0,0.0,0.0,98.99
121,0.99,0.0,0.0,0.0,0.0,45.54,0.0,0.0,0.0,53.47,0.0,0.0,0.0,0.0,0.0,100.0,0.0,0.0,0.0,0.0,0.0,0.0,0.99,0.0,0.0,86.14,0.0,0.0,0.0,12.87,0.0,0.0,0.0,0.0,0.0,70.0,0.0,0.0,0.0,30.0,0.0,0.0,0.0,0.0,0.0,97.89,0.0,0.0,0.0,2.11,0.0,0.0,0.0,0.0,0.0,85.0,0.0,0.0,0.0,15.0,0.0,0.0,0.0,0.0,0.0,95.05,0.0,0.0,0.0,4.95,0.0,0.0,0.0,0.0,0.0,100.0,0.0,0.0,0.0,0.0,0.0,0.0,0.0,0.0,0.0,70.71,0.0,0.0,0.0,29.29,0.99,0.0,0.99,0.0,0.0,15.84,0.0,0.0,0.0,82.18,0.99,0.0,0.0,0.0,0.0,28.71,0.0,0.0,0.0,70.3,0.0,0.0,0.0,0.0,0.0,52.04,0.0,0.0,0.0,47.96,1.01,0.0,0.0,0.0,0.0,33.33,0.0,0.0,0.0,65.66,0.0,0.0,0.0,0.0,0.0,41.0,0.0,0.0,0.0,59.0,0.98,0.0,0.0,0.0,0.0,50.0,0.0,0.0,0.0,49.02,0.0,0.0,0.0,0.0,0.0,51.0,0.0,0.0,0.0,49.0,7.07,0.0,1.01,0.0,0.0,0.0,0.0,0.0,0.0,91.92,0.0,0.0,0.0,0.0,0.0,0.0,0.0,0.0,0.0,100.0,0.0,0.0,0.0,0.0,0.0,0.0,0.0,0.0,0.0,100.0,0.0,0.0,0.0,0.0,0.0,0.0,0.0,0.0,0.0,100.0,0.0,0.0,0.0,7.0,0.0,0.0,0.0,0.0,0.0,93.0,0.0,0.0,0.0,0.0,0.0,0.0,0.0,0.0,0.0,100.0,0.0,0.0,1.0,12.0,0.0,0.0,0.0,0.0,0.0,87.0,0.0,0.0,1.01,0.0,0.0,0.0,0.0,0.0,0.0,98.99
122,0.0,0.0,0.0,0.0,0.0,51.52,0.0,0.0,0.0,48.48,0.0,0.0,0.0,0.0,0.0,100.0,0.0,0.0,0.0,0.0,0.0,0.0,0.0,0.0,0.0,86.0,0.0,0.0,0.0,14.0,0.0,0.0,0.0,0.0,0.0,68.69,0.0,0.0,0.0,31.31,0.0,0.0,0.0,0.0,0.0,96.88,0.0,0.0,0.0,3.12,0.0,0.0,0.0,0.0,0.0,84.54,0.0,0.0,0.0,15.46,0.0,0.0,0.0,0.0,0.0,94.06,0.0,0.0,0.0,5.94,0.0,0.0,0.0,0.0,0.0,100.0,0.0,0.0,0.0,0.0,1.01,0.0,1.01,0.0,0.0,69.7,0.0,0.0,0.0,28.28,0.0,0.0,0.0,0.0,0.0,16.16,0.0,0.0,0.0,83.84,5.15,0.0,5.15,0.0,0.0,28.87,0.0,0.0,0.0,60.82,0.0,0.0,0.0,0.0,0.0,52.58,0.0,0.0,0.0,47.42,0.0,0.0,0.0,0.0,0.0,34.34,0.0,0.0,0.0,65.66,0.0,0.0,0.0,0.0,0.0,41.41,0.0,0.0,0.0,58.59,1.0,0.0,1.0,0.0,0.0,49.0,0.0,0.0,0.0,49.0,0.0,0.0,0.0,0.0,0.0,51.49,0.0,0.0,0.0,48.51,1.0,0.0,1.0,0.0,0.0,0.0,0.0,0.0,0.0,98.0,0.0,0.0,0.0,0.0,0.0,0.0,0.0,0.0,0.0,100.0,0.0,0.0,0.0,0.0,0.0,0.0,0.0,0.0,0.0,100.0,1.01,0.0,1.01,0.0,0.0,0.0,0.0,0.0,0.0,97.98,1.01,0.0,1.01,12.12,0.0,0.0,0.0,0.0,0.0,85.86,0.0,0.0,1.0,0.0,0.0,0.0,0.0,0.0,0.0,99.0,2.02,0.0,1.01,4.04,0.0,0.0,0.0,0.0,0.0,92.93,2.0,0.0,3.0,0.0,0.0,0.0,0.0,0.0,0.0,95.0
123,0.0,0.0,0.0,0.0,0.0,86.27,0.0,0.0,0.0,13.73,0.0,0.0,0.0,0.0,0.0,100.0,0.0,0.0,0.0,0.0,0.0,0.0,0.0,0.0,0.0,87.0,0.0,0.0,0.0,13.0,0.0,0.0,0.97,0.0,0.0,70.87,0.0,0.0,0.0,28.16,0.0,0.0,0.0,0.0,0.0,97.89,0.0,0.0,0.0,2.11,0.0,0.0,0.0,0.0,0.0,86.0,0.0,0.0,0.0,14.0,0.0,0.0,0.0,0.0,0.0,96.04,0.0,0.0,0.0,3.96,0.0,0.0,0.0,0.0,0.0,100.0,0.0,0.0,0.0,0.0,0.0,0.0,0.0,0.0,0.0,72.28,0.0,0.0,0.0,27.72,1.0,0.0,0.0,0.0,0.0,17.0,0.0,0.0,0.0,82.0,2.0,0.0,1.0,1.0,0.0,29.0,0.0,0.0,0.0,67.0,0.0,0.0,0.0,0.0,0.0,55.45,0.0,0.0,0.0,44.55,0.0,0.0,0.0,0.0,0.0,36.0,0.0,0.0,0.0,64.0,0.0,0.0,0.0,0.0,0.0,43.56,0.0,0.0,0.0,56.44,0.0,0.0,0.0,0.0,0.0,50.51,0.0,0.0,0.0,49.49,0.0,0.0,0.0,0.0,0.0,50.51,0.0,0.0,0.0,49.49,0.0,0.0,0.0,0.0,0.0,0.0,0.0,0.0,0.0,100.0,0.0,0.0,0.0,0.0,0.0,0.0,0.0,0.0,0.0,100.0,0.0,0.0,0.0,0.0,0.0,0.0,0.0,0.0,0.0,100.0,0.0,0.0,0.0,0.0,0.0,0.0,0.0,0.0,0.0,100.0,0.0,0.0,1.0,9.0,0.0,0.0,0.0,0.0,0.0,90.0,1.01,0.0,0.0,0.0,0.0,0.0,0.0,0.0,0.0,98.99,0.0,0.0,1.0,9.0,0.0,0.0,0.0,0.0,0.0,90.0,1.0,0.0,0.0,0.0,0.0,0.0,0.0,0.0,0.0,99.0
124,0.0,0.0,0.0,0.0,0.0,90.0,0.0,0.0,0.0,10.0,0.0,0.0,0.0,0.0,0.0,100.0,0.0,0.0,0.0,0.0,0.0,0.0,0.0,0.0,0.0,87.88,0.0,0.0,0.0,12.12,0.0,0.0,0.0,0.0,0.0,72.28,0.0,0.0,0.0,27.72,0.0,0.0,0.0,0.0,0.0,99.0,0.0,0.0,0.0,1.0,0.0,0.0,0.0,0.0,0.0,85.86,0.0,0.0,0.0,14.14,0.0,0.0,0.98,0.0,0.0,96.08,0.0,0.0,0.0,2.94,0.0,0.0,0.0,0.0,0.0,100.0,0.0,0.0,0.0,0.0,0.0,0.0,0.0,0.0,0.0,72.0,0.0,0.0,0.0,28.0,1.0,0.0,1.0,0.0,0.0,16.0,0.0,0.0,0.0,82.0,0.0,0.0,0.0,0.0,0.0,32.32,0.0,0.0,0.0,67.68,0.0,0.0,0.0,0.0,0.0,52.04,0.0,0.0,0.0,47.96,1.0,0.0,0.0,0.0,0.0,36.0,0.0,0.0,0.0,63.0,0.0,0.0,0.0,0.0,0.0,43.43,0.0,0.0,0.0,56.57,1.01,0.0,0.0,0.0,0.0,50.51,0.0,0.0,0.0,48.48,0.0,0.0,0.0,0.0,0.0,51.0,0.0,0.0,0.0,49.0,0.0,0.0,1.01,0.0,0.0,0.0,0.0,0.0,0.0,98.99,1.0,0.0,0.0,0.0,0.0,0.0,0.0,0.0,0.0,99.0,0.0,0.0,0.0,0.0,0.0,0.0,0.0,0.0,0.0,100.0,0.0,0.0,0.0,0.0,0.0,0.0,0.0,0.0,0.0,100.0,0.0,0.0,0.0,7.07,0.0,0.0,0.0,0.0,0.0,92.93,0.0,0.0,0.0,0.0,0.0,0.0,0.0,0.0,0.0,100.0,0.0,0.0,0.0,11.11,0.0,0.0,0.0,0.0,0.0,88.89,0.0,0.0,0.0,0.0,0.0,0.0,0.0,0.0,0.0,100.0
125,0.0,0.0,0.0,0.0,0.0,85.0,0.0,0.0,0.0,15.0,0.0,0.0,0.0,0.0,0.0,100.0,0.0,0.0,0.0,0.0,0.0,0.0,0.0,0.0,0.0,87.13,0.0,0.0,0.0,12.87,0.0,0.0,0.0,0.0,0.0,69.39,0.0,0.0,0.0,30.61,0.0,0.0,0.0,0.0,0.0,97.03,0.0,0.0,0.0,2.97,0.0,0.0,0.0,0.0,0.0,85.15,0.0,0.0,0.0,14.85,0.0,0.0,0.0,0.0,0.0,94.95,0.0,0.0,0.0,5.05,0.0,0.0,0.0,0.0,0.0,100.0,0.0,0.0,0.0,0.0,0.99,0.0,0.0,0.0,0.0,71.29,0.0,0.0,0.0,27.72,1.0,0.0,0.0,0.0,0.0,16.0,0.0,0.0,0.0,83.0,0.99,0.0,0.99,0.0,0.0,29.7,0.0,0.0,0.0,68.32,0.0,0.0,0.0,0.0,0.0,52.04,0.0,0.0,0.0,47.96,0.99,0.0,0.99,0.0,0.0,35.64,0.0,0.0,0.0,62.38,0.0,0.0,0.0,0.0,0.0,41.84,0.0,0.0,0.0,58.16,0.98,0.0,0.98,0.0,0.0,50.0,0.0,0.0,0.0,48.04,0.0,0.0,0.0,0.0,0.0,51.02,0.0,0.0,0.0,48.98,1.0,0.0,1.0,0.0,0.0,0.0,0.0,0.0,0.0,98.0,0.0,0.0,0.0,0.0,0.0,0.0,0.0,0.0,0.0,100.0,0.0,0.0,0.0,0.0,0.0,0.0,0.0,0.0,0.0,100.0,0.0,0.0,0.0,0.0,0.0,0.0,0.0,0.0,0.0,100.0,0.99,0.0,0.0,0.0,0.0,0.0,0.0,0.0,0.0,99.01,0.0,0.0,0.0,0.0,0.0,0.0,0.0,0.0,0.0,100.0,0.0,0.0,1.01,17.17,0.0,0.0,0.0,0.0,0.0,81.82,0.0,0.0,0.0,0.0,0.0,0.0,0.0,0.0,0.0,100.0
126,0.0,0.0,0.0,0.0,0.0,92.08,0.0,0.0,0.0,7.92,0.0,0.0,0.0,0.0,0.0,100.0,0.0,0.0,0.0,0.0,0.0,0.0,0.0,0.0,0.0,88.0,0.0,0.0,0.0,12.0,0.0,0.0,0.0,0.0,0.0,70.71,0.0,0.0,0.0,29.29,0.0,0.0,0.0,0.0,0.0,99.0,0.0,0.0,0.0,1.0,0.0,0.0,0.0,0.0,0.0,86.87,0.0,0.0,0.0,13.13,0.0,0.0,0.0,0.0,0.0,97.0,0.0,0.0,0.0,3.0,0.0,0.0,0.0,0.0,0.0,100.0,0.0,0.0,0.0,0.0,0.0,0.0,0.0,0.0,0.0,71.72,0.0,0.0,0.0,28.28,1.02,0.0,1.02,0.0,0.0,15.31,0.0,0.0,0.0,82.65,0.0,0.0,0.0,0.0,0.0,31.31,0.0,0.0,0.0,68.69,0.0,0.0,0.0,0.0,0.0,55.56,0.0,0.0,0.0,44.44,0.0,0.0,0.0,0.0,0.0,36.36,0.0,0.0,0.0,63.64,0.0,0.0,0.0,0.0,0.0,43.0,0.0,0.0,0.0,57.0,1.01,0.0,0.0,0.0,0.0,49.49,0.0,0.0,0.0,49.49,0.99,0.0,0.0,0.0,0.0,52.48,0.0,0.0,0.0,46.53,0.0,0.0,1.01,0.0,0.0,0.0,0.0,0.0,0.0,98.99,0.0,0.0,0.0,0.0,0.0,0.0,0.0,0.0,0.0,100.0,0.99,0.0,0.0,0.0,0.0,0.0,0.0,0.0,0.0,99.01,0.0,0.0,0.0,0.0,0.0,0.0,0.0,0.0,0.0,100.0,0.0,0.0,0.0,5.05,0.0,0.0,0.0,0.0,0.0,94.95,0.0,0.0,0.99,0.0,0.0,0.0,0.0,0.0,0.0,99.01,0.0,0.0,0.0,13.0,0.0,0.0,0.0,0.0,0.0,87.0,0.0,0.0,0.0,0.0,0.0,0.0,0.0,0.0,0.0,100.0
127,0.0,0.0,0.0,0.0,0.0,89.69,0.0,0.0,0.0,10.31,0.0,0.0,0.0,0.0,0.0,100.0,0.0,0.0,0.0,0.0,0.0,0.0,0.0,0.0,0.0,88.12,0.0,0.0,0.0,11.88,0.0,0.0,0.0,0.0,0.0,71.0,0.0,0.0,0.0,29.0,0.0,0.0,0.0,0.0,0.0,99.0,0.0,0.0,0.0,1.0,0.0,0.0,0.0,0.0,0.0,86.0,0.0,0.0,0.0,14.0,0.0,0.0,0.0,0.0,0.0,96.97,0.0,0.0,0.0,3.03,0.0,0.0,0.0,0.0,0.0,100.0,0.0,0.0,0.0,0.0,0.0,0.0,0.0,0.0,0.0,71.0,0.0,0.0,0.0,29.0,1.0,0.0,1.0,0.0,0.0,16.0,0.0,0.0,0.0,82.0,1.0,0.0,0.0,0.0,0.0,31.0,0.0,0.0,0.0,68.0,0.0,0.0,0.0,0.0,0.0,54.0,0.0,0.0,0.0,46.0,0.0,0.0,0.0,0.0,0.0,35.71,0.0,0.0,0.0,64.29,0.0,0.0,0.0,0.0,0.0,43.43,0.0,0.0,0.0,56.57,0.0,0.0,0.0,0.0,0.0,51.96,0.0,0.0,0.0,48.04,0.99,0.0,0.0,0.0,0.0,51.49,0.0,0.0,0.0,47.52,0.0,0.0,0.0,0.0,0.0,0.0,0.0,0.0,0.0,100.0,0.0,0.0,0.99,0.0,0.0,0.0,0.0,0.0,0.0,99.01,0.0,0.0,0.0,0.0,0.0,0.0,0.0,0.0,0.0,100.0,0.0,0.0,0.0,0.0,0.0,0.0,0.0,0.0,0.0,100.0,0.0,0.0,0.99,17.82,0.0,0.0,0.0,0.0,0.0,81.19,0.0,0.0,0.0,0.0,0.0,0.0,0.0,0.0,0.0,100.0,0.0,0.0,0.0,0.0,0.0,0.0,0.0,0.0,0.0,100.0,0.0,0.0,0.0,0.0,0.0,0.0,0.0,0.0,0.0,100.0
128,0.0,0.0,0.0,0.0,0.0,92.86,0.0,0.0,0.0,7.14,0.0,0.0,0.0,0.0,0.0,100.0,0.0,0.0,0.0,0.0,0.0,0.0,0.0,0.0,0.0,87.88,0.0,0.0,0.0,12.12,0.0,0.0,0.0,0.0,0.0,71.13,0.0,0.0,0.0,28.87,0.0,0.0,0.0,0.0,0.0,99.0,0.0,0.0,0.0,1.0,0.0,0.0,0.0,0.0,0.0,87.25,0.0,0.0,0.0,12.75,0.0,0.0,0.0,0.0,0.0,97.03,0.0,0.0,0.0,2.97,0.0,0.0,0.0,0.0,0.0,100.0,0.0,0.0,0.0,0.0,0.0,0.0,0.0,0.0,0.0,72.55,0.0,0.0,0.0,27.45,1.0,0.0,1.0,1.0,0.0,16.0,0.0,0.0,0.0,81.0,1.01,0.0,0.0,0.0,0.0,30.3,0.0,0.0,0.0,68.69,0.0,0.0,0.0,0.0,0.0,53.61,0.0,0.0,0.0,46.39,0.98,0.0,0.0,0.0,0.0,37.25,0.0,0.0,0.0,61.76,0.0,0.0,0.0,0.0,0.0,43.88,0.0,0.0,0.0,56.12,0.99,0.0,0.0,0.0,0.0,50.5,0.0,0.0,0.0,48.51,0.0,0.0,0.0,0.0,0.0,52.0,0.0,0.0,0.0,48.0,0.0,0.0,1.01,0.0,0.0,0.0,0.0,0.0,0.0,98.99,0.0,0.0,0.0,0.0,0.0,0.0,0.0,0.0,0.0,100.0,0.0,0.0,0.0,0.0,0.0,0.0,0.0,0.0,0.0,100.0,0.0,0.0,0.99,0.0,0.0,0.0,0.0,0.0,0.0,99.01,0.0,0.0,0.0,8.08,0.0,0.0,0.0,0.0,0.0,91.92,0.0,0.0,0.99,0.0,0.0,0.0,0.0,0.0,0.0,99.01,1.0,0.0,0.0,10.0,0.0,0.0,0.0,0.0,0.0,89.0,0.99,0.0,0.0,0.0,0.0,0.0,0.0,0.0,0.0,99.01
129,0.0,0.0,0.0,0.0,0.0,88.0,0.0,0.0,0.0,12.0,0.0,0.0,0.0,0.0,0.0,100.0,0.0,0.0,0.0,0.0,0.0,0.0,0.0,0.0,0.0,87.0,0.0,0.0,0.0,13.0,0.0,0.0,0.0,0.0,0.0,71.0,0.0,0.0,0.0,29.0,0.0,0.0,0.0,0.0,0.0,98.99,0.0,0.0,0.0,1.01,0.0,0.0,0.0,0.0,0.0,86.0,0.0,0.0,0.0,14.0,0.0,0.0,0.0,0.0,0.0,95.96,0.0,0.0,0.0,4.04,0.0,0.0,0.0,0.0,0.0,100.0,0.0,0.0,0.0,0.0,0.0,0.0,0.0,0.0,0.0,71.72,0.0,0.0,0.0,28.28,0.99,0.0,0.99,0.0,0.0,15.84,0.0,0.0,0.0,82.18,0.0,0.0,0.0,0.0,0.0,32.0,0.0,0.0,0.0,68.0,0.0,0.0,0.0,0.0,0.0,55.0,0.0,0.0,0.0,45.0,1.0,0.0,1.0,0.0,0.0,36.0,0.0,0.0,0.0,62.0,0.0,0.0,0.0,0.0,0.0,43.0,0.0,0.0,0.0,57.0,0.0,0.0,0.0,0.0,0.0,51.96,0.0,0.0,0.0,48.04,0.97,0.0,0.0,0.0,0.0,52.43,0.0,0.0,0.0,46.6,0.0,0.0,0.0,0.0,0.0,0.0,0.0,0.0,0.0,100.0,0.0,0.0,0.0,0.0,0.0,0.0,0.0,0.0,0.0,100.0,0.0,0.0,0.0,0.0,0.0,0.0,0.0,0.0,0.0,100.0,0.0,0.0,0.0,0.0,0.0,0.0,0.0,0.0,0.0,100.0,0.0,0.0,0.0,0.0,0.0,0.0,0.0,0.0,0.0,100.0,0.0,0.0,0.0,0.0,0.0,0.0,0.0,0.0,0.0,100.0,0.0,0.0,1.0,18.0,0.0,0.0,0.0,0.0,0.0,81.0,0.0,0.0,0.0,0.0,0.0,0.0,0.0,0.0,0.0,100.0
130,0.0,0.0,0.99,0.0,0.0,92.08,0.0,0.0,0.0,6.93,0.0,0.0,0.0,0.0,0.0,100.0,0.0,0.0,0.0,0.0,0.0,0.0,0.0,0.0,0.0,88.89,0.0,0.0,0.0,11.11,0.0,0.0,0.0,0.0,0.0,71.0,0.0,0.0,0.0,29.0,0.0,0.0,0.0,0.0,0.0,99.01,0.0,0.0,0.0,0.99,0.0,0.0,0.0,0.0,0.0,87.0,0.0,0.0,0.0,13.0,0.0,0.0,0.0,0.0,0.0,98.02,0.0,0.0,0.0,1.98,0.0,0.0,0.0,0.0,0.0,100.0,0.0,0.0,0.0,0.0,0.0,0.0,0.0,0.0,0.0,72.28,0.0,0.0,0.0,27.72,1.01,0.0,0.0,0.0,0.0,16.16,0.0,0.0,0.0,82.83,0.99,0.0,0.0,0.0,0.0,32.67,0.0,0.0,0.0,66.34,0.0,0.0,0.0,0.0,0.0,56.86,0.0,0.0,0.0,43.14,0.0,0.0,0.0,0.0,0.0,37.37,0.0,0.0,0.0,62.63,0.0,0.0,0.0,0.0,0.0,44.55,0.0,0.0,0.0,55.45,0.0,0.0,0.0,0.0,0.0,51.0,0.0,0.0,0.0,49.0,0.99,0.0,0.0,0.0,0.0,52.48,0.0,0.0,0.0,46.53,2.0,0.0,1.0,0.0,0.0,0.0,0.0,0.0,0.0,97.0,0.0,0.0,0.0,0.0,0.0,0.0,0.0,0.0,0.0,100.0,0.0,0.0,0.0,0.0,0.0,0.0,0.0,0.0,0.0,100.0,0.0,0.0,0.0,0.0,0.0,0.0,0.0,0.0,0.0,100.0,0.0,0.0,0.99,0.0,0.0,0.0,0.0,0.0,0.0,99.01,0.0,0.0,0.0,0.0,0.0,0.0,0.0,0.0,0.0,100.0,0.0,0.0,1.01,21.21,0.0,0.0,0.0,0.0,0.0,77.78,0.0,0.0,1.0,0.0,0.0,0.0,0.0,0.0,0.0,99.0
131,0.0,0.0,0.0,0.0,0.0,86.87,0.0,0.0,0.0,13.13,0.0,0.0,0.0,0.0,0.0,100.0,0.0,0.0,0.0,0.0,0.0,0.0,0.0,0.0,0.0,87.13,0.0,0.0,0.0,12.87,0.0,0.0,0.0,0.0,0.0,70.41,0.0,0.0,0.0,29.59,0.0,0.0,0.0,0.0,0.0,98.97,0.0,0.0,0.0,1.03,0.0,0.0,0.0,0.0,0.0,85.71,0.0,0.0,0.0,14.29,0.0,0.0,0.0,0.0,0.0,96.0,0.0,0.0,0.0,4.0,0.0,0.0,0.0,0.0,0.0,100.0,0.0,0.0,0.0,0.0,0.0,0.0,1.02,0.0,0.0,69.39,0.0,0.0,0.0,29.59,1.01,0.0,1.01,0.0,0.0,15.15,0.0,0.0,0.0,82.83,0.98,0.0,0.98,0.0,0.0,30.39,0.0,0.0,0.0,67.65,0.0,0.0,0.0,0.0,0.0,54.37,0.0,0.0,0.0,45.63,0.98,0.0,0.98,0.0,0.0,36.27,0.0,0.0,0.0,61.76,0.0,0.0,0.0,0.0,0.0,43.0,0.0,0.0,0.0,57.0,0.98,0.0,0.0,0.98,0.0,50.0,0.0,0.0,0.0,48.04,0.0,0.0,0.0,0.0,0.0,51.49,0.0,0.0,0.0,48.51,0.0,0.0,1.0,6.0,0.0,0.0,0.0,0.0,0.0,93.0,0.0,0.0,0.0,0.0,0.0,0.0,0.0,0.0,0.0,100.0,0.0,0.0,0.99,0.0,0.0,0.0,0.0,0.0,0.0,99.01,0.0,0.0,0.0,0.0,0.0,0.0,0.0,0.0,0.0,100.0,0.0,0.0,0.0,2.02,0.0,0.0,0.0,0.0,0.0,97.98,0.99,0.0,0.0,0.0,0.0,0.0,0.0,0.0,0.0,99.01,0.0,0.0,0.0,13.13,0.0,0.0,0.0,0.0,0.0,86.87,0.0,0.0,0.0,0.0,0.0,0.0,0.0,0.0,0.0,100.0
132,0.0,0.0,0.0,0.0,0.0,90.0,0.0,0.0,0.0,10.0,0.0,0.0,0.0,0.0,0.0,100.0,0.0,0.0,0.0,0.0,0.0,0.0,0.0,0.0,0.0,88.24,0.0,0.0,0.0,11.76,0.0,0.0,0.0,0.0,0.0,71.29,0.0,0.0,0.0,28.71,0.0,0.0,0.0,0.0,0.0,99.0,0.0,0.0,0.0,1.0,0.0,0.0,0.0,0.0,0.0,86.0,0.0,0.0,0.0,14.0,0.0,0.0,0.0,0.0,0.0,97.0,0.0,0.0,0.0,3.0,0.0,0.0,0.0,0.0,0.0,100.0,0.0,0.0,0.0,0.0,0.0,0.0,0.0,0.0,0.0,71.0,0.0,0.0,0.0,29.0,0.0,0.0,1.0,0.0,0.0,16.0,0.0,0.0,0.0,83.0,1.0,0.0,0.0,0.0,0.0,32.0,0.0,0.0,0.0,67.0,0.0,0.0,0.0,0.0,0.0,53.0,0.0,0.0,0.0,47.0,1.01,0.0,0.0,0.0,0.0,36.36,0.0,0.0,0.0,62.63,0.0,0.0,0.0,0.0,0.0,44.55,0.0,0.0,0.0,55.45,0.0,0.0,0.0,0.0,0.0,51.96,0.0,0.0,0.0,48.04,0.98,0.0,0.98,0.0,0.0,51.96,0.0,0.0,0.0,46.08,0.0,0.0,1.01,21.21,0.0,0.0,0.0,0.0,0.0,77.78,1.01,0.0,0.0,0.0,0.0,0.0,0.0,0.0,0.0,98.99,0.0,0.0,0.0,0.0,0.0,0.0,0.0,0.0,0.0,100.0,0.0,0.0,0.0,0.0,0.0,0.0,0.0,0.0,0.0,100.0,0.0,0.0,0.0,0.0,0.0,0.0,0.0,0.0,0.0,100.0,0.0,0.0,0.0,0.0,0.0,0.0,0.0,0.0,0.0,100.0,0.0,0.0,0.0,0.0,0.0,0.0,0.0,0.0,0.0,100.0,1.0,0.0,0.0,0.0,0.0,0.0,0.0,0.0,0.0,99.0
133,0.0,0.0,0.0,0.0,0.0,88.54,0.0,0.0,0.0,11.46,0.0,0.0,0.0,0.0,0.0,100.0,0.0,0.0,0.0,0.0,0.0,0.0,0.0,0.0,0.0,87.88,0.0,0.0,0.0,12.12,0.0,0.0,0.0,0.0,0.0,71.72,0.0,0.0,0.0,28.28,0.0,0.0,0.0,0.0,0.0,99.0,0.0,0.0,0.0,1.0,0.0,0.0,0.0,0.0,0.0,86.73,0.0,0.0,0.0,13.27,0.0,0.0,0.0,0.0,0.0,97.0,0.0,0.0,0.0,3.0,0.0,0.0,0.0,0.0,0.0,100.0,0.0,0.0,0.0,0.0,1.02,0.0,0.0,0.0,0.0,70.41,0.0,0.0,0.0,28.57,0.0,0.0,0.0,0.0,0.0,16.0,0.0,0.0,0.0,84.0,0.0,0.0,0.0,0.0,0.0,30.93,0.0,0.0,0.0,69.07,0.0,0.0,0.0,0.0,0.0,53.06,0.0,0.0,0.0,46.94,0.0,0.0,0.0,0.0,0.0,35.71,0.0,0.0,0.0,64.29,0.0,0.0,0.0,0.0,0.0,45.0,0.0,0.0,0.0,55.0,0.0,0.0,0.0,0.0,0.0,49.48,0.0,0.0,0.0,50.52,0.0,0.0,0.0,0.0,0.0,52.0,0.0,0.0,0.0,48.0,0.0,0.0,0.0,20.0,0.0,1.0,0.0,0.0,0.0,79.0,0.0,0.0,1.0,0.0,0.0,0.0,0.0,0.0,0.0,99.0,1.01,0.0,0.0,0.0,0.0,0.0,0.0,0.0,0.0,98.99,0.0,0.0,0.0,0.0,0.0,0.0,0.0,0.0,0.0,100.0,0.99,0.0,0.0,0.0,0.0,0.0,0.0,0.0,0.0,99.01,0.0,0.0,0.0,0.0,0.0,0.0,0.0,0.0,0.0,100.0,0.0,0.0,0.0,0.0,0.0,0.0,0.0,0.0,0.0,100.0,0.0,0.0,0.0,0.0,0.0,0.0,0.0,0.0,0.0,100.0
134,0.0,0.0,0.0,0.0,0.0,85.71,0.0,0.0,0.0,14.29,0.0,0.0,0.99,0.0,0.0,99.01,0.0,0.0,0.0,0.0,0.0,0.0,0.0,0.0,0.0,87.13,0.0,0.0,0.0,12.87,0.0,0.0,0.0,0.0,0.0,71.0,0.0,0.0,0.0,29.0,0.0,0.0,0.0,0.0,0.0,98.02,0.0,0.0,0.0,1.98,0.0,0.0,0.0,0.0,0.0,86.0,0.0,0.0,0.0,14.0,0.0,0.0,0.0,0.0,0.0,95.05,0.0,0.0,0.0,4.95,0.0,0.0,0.0,0.0,0.0,100.0,0.0,0.0,0.0,0.0,0.0,0.0,0.0,0.0,0.0,71.29,0.0,0.0,0.0,28.71,0.0,0.0,0.0,0.0,0.0,16.0,0.0,0.0,0.0,84.0,0.98,0.0,0.98,0.0,0.0,31.37,0.0,0.0,0.0,66.67,0.0,0.0,0.0,0.0,0.0,54.0,0.0,0.0,0.0,46.0,0.0,0.0,0.99,0.0,0.0,35.64,0.0,0.0,0.0,63.37,0.0,0.0,0.0,0.0,0.0,43.56,0.0,0.0,0.0,56.44,0.0,0.0,0.99,0.0,0.0,50.5,0.0,0.0,0.0,48.51,0.0,0.0,0.0,0.0,0.0,51.0,0.0,0.0,0.0,49.0,0.0,0.0,0.0,18.18,0.0,0.0,0.0,0.0,0.0,81.82,0.0,0.0,0.0,2.04,0.0,0.0,0.0,0.0,0.0,97.96,0.0,0.0,0.0,0.0,0.0,0.0,0.0,0.0,0.0,100.0,0.0,0.0,0.0,0.0,0.0,0.0,0.0,0.0,0.0,100.0,0.0,0.0,1.0,0.0,0.0,0.0,0.0,0.0,0.0,99.0,0.0,0.0,0.0,0.0,0.0,0.0,0.0,0.0,0.0,100.0,0.99,0.0,0.99,0.0,0.0,0.0,0.0,0.0,0.0,98.02,1.0,0.0,0.0,0.0,0.0,0.0,0.0,0.0,0.0,99.0
135,0.0,0.0,0.0,0.0,0.0,88.12,0.0,0.0,0.0,11.88,0.0,0.0,0.0,0.0,0.0,100.0,0.0,0.0,0.0,0.0,0.0,0.0,0.0,0.0,0.0,88.12,0.0,0.0,0.0,11.88,0.0,0.0,0.0,0.0,0.0,71.0,0.0,0.0,0.0,29.0,0.0,0.0,0.0,0.0,0.0,99.0,0.0,0.0,0.0,1.0,0.0,0.0,0.0,0.0,0.0,85.86,0.0,0.0,0.0,14.14,0.0,0.0,0.0,0.0,0.0,98.02,0.0,0.0,0.0,1.98,0.0,0.0,0.0,0.0,0.0,100.0,0.0,0.0,0.0,0.0,0.0,0.0,0.0,0.0,0.0,72.55,0.0,0.0,0.0,27.45,1.0,0.0,0.0,0.0,0.0,16.0,0.0,0.0,0.0,83.0,0.0,0.0,0.0,0.0,0.0,31.0,0.0,0.0,0.0,69.0,0.0,0.0,0.0,0.0,0.0,54.08,0.0,0.0,0.0,45.92,0.99,0.0,0.0,0.0,0.0,36.63,0.0,0.0,0.0,62.38,0.0,0.0,0.0,0.0,0.0,43.43,0.0,0.0,0.0,56.57,0.99,0.0,0.0,0.0,0.0,50.5,0.0,0.0,0.0,48.51,0.0,0.0,0.0,0.0,0.0,52.48,0.0,0.0,0.0,47.52,1.01,0.0,1.01,7.07,0.0,0.0,0.0,0.0,0.0,90.91,1.01,0.0,0.0,4.04,0.0,0.0,0.0,0.0,0.0,94.95,0.0,0.0,0.0,0.0,0.0,0.0,0.0,0.0,0.0,100.0,0.0,0.0,0.0,0.0,0.0,0.0,0.0,0.0,0.0,100.0,0.0,0.0,0.0,2.02,0.0,0.0,0.0,0.0,0.0,97.98,0.0,0.0,0.0,1.0,0.0,0.0,0.0,0.0,0.0,99.0,0.0,0.0,0.0,0.0,0.0,0.0,0.0,0.0,0.0,100.0,0.0,0.0,1.0,6.0,0.0,0.0,0.0,0.0,0.0,93.0
136,0.0,0.0,0.0,0.0,0.0,87.13,0.0,0.0,0.0,12.87,0.0,0.0,0.0,0.0,0.0,100.0,0.0,0.0,0.0,0.0,1.0,0.0,0.0,0.0,0.0,87.0,0.0,0.0,0.0,12.0,0.0,0.0,0.0,0.0,0.0,71.13,0.0,0.0,0.0,28.87,0.0,0.0,0.99,0.0,0.0,98.02,0.0,0.0,0.0,0.99,0.0,0.0,0.0,0.0,0.0,85.86,0.0,0.0,0.0,14.14,0.0,0.0,0.0,0.0,0.0,96.0,0.0,0.0,0.0,4.0,0.0,0.0,0.0,0.0,0.0,100.0,0.0,0.0,0.0,0.0,0.0,0.0,0.0,0.0,0.0,71.13,0.0,0.0,0.0,28.87,0.0,0.0,0.0,0.0,0.0,16.0,0.0,0.0,0.0,84.0,0.0,0.0,0.99,0.0,0.0,29.7,0.0,0.0,0.0,69.31,0.0,0.0,0.0,0.0,0.0,54.9,0.0,0.0,0.0,45.1,0.0,0.0,0.0,0.0,0.0,36.63,0.0,0.0,0.0,63.37,0.0,0.0,0.0,0.0,0.0,44.55,0.0,0.0,0.0,55.45,0.0,0.0,0.0,0.0,0.0,50.5,0.0,0.0,0.0,49.5,0.0,0.0,0.0,0.0,0.0,51.0,0.0,0.0,0.0,49.0,0.0,0.0,0.0,0.0,0.0,0.0,0.0,0.0,0.0,100.0,0.0,0.0,1.0,0.0,0.0,0.0,0.0,0.0,0.0,99.0,0.0,0.0,0.0,0.0,0.0,0.0,0.0,0.0,0.0,100.0,0.0,0.0,0.0,0.0,0.0,0.0,0.0,0.0,0.0,100.0,0.0,0.0,0.0,0.0,0.0,0.0,0.0,0.0,0.0,100.0,0.0,0.0,0.0,19.19,0.0,0.0,0.0,0.0,0.0,80.81,1.0,0.0,1.0,0.0,0.0,0.0,0.0,0.0,0.0,98.0,0.99,0.0,0.0,0.0,0.0,0.0,0.0,0.0,0.0,99.01
137,0.0,0.0,0.0,0.0,0.0,86.73,0.0,0.0,0.0,13.27,0.0,0.0,0.0,0.0,0.0,100.0,0.0,0.0,0.0,0.0,0.0,0.0,0.0,0.0,0.0,87.13,0.0,0.0,0.0,12.87,0.0,0.0,0.99,0.0,0.0,70.3,0.0,0.0,0.0,28.71,0.0,0.0,0.0,0.0,0.0,97.0,0.0,0.0,0.0,3.0,0.0,0.0,0.0,0.0,0.0,86.14,0.0,0.0,0.0,13.86,0.0,0.0,0.0,0.0,0.0,96.08,0.0,0.0,0.0,3.92,0.0,0.0,0.0,0.0,0.0,100.0,0.0,0.0,0.0,0.0,0.0,0.0,0.0,0.0,0.0,73.0,0.0,0.0,0.0,27.0,0.99,0.0,0.99,0.0,0.0,15.84,0.0,0.0,0.0,82.18,1.02,0.0,0.0,0.0,0.0,30.61,0.0,0.0,0.0,68.37,0.0,0.0,0.0,0.0,0.0,53.54,0.0,0.0,0.0,46.46,0.99,0.0,0.99,0.0,0.0,34.65,0.0,0.0,0.0,63.37,0.0,0.0,0.0,0.0,0.0,43.0,0.0,0.0,0.0,57.0,1.01,0.0,0.0,0.0,0.0,50.51,0.0,0.0,0.0,48.48,0.0,0.0,0.0,0.0,0.0,51.0,0.0,0.0,0.0,49.0,0.0,0.0,0.0,0.0,0.0,0.0,0.0,0.0,0.0,100.0,0.0,0.0,0.0,0.0,0.0,0.0,0.0,0.0,0.0,100.0,0.0,0.0,0.0,0.0,0.0,0.0,0.0,0.0,0.0,100.0,0.0,0.0,0.0,0.0,0.0,0.0,0.0,0.0,0.0,100.0,0.0,0.0,0.99,0.0,0.0,0.0,0.0,0.0,0.0,99.01,0.0,0.0,1.0,18.0,0.0,0.0,0.0,0.0,0.0,81.0,0.0,0.0,0.99,0.0,0.0,0.0,0.0,0.0,0.0,99.01,0.0,0.0,0.0,0.0,0.0,0.0,0.0,0.0,0.0,100.0
138,0.0,0.0,0.0,0.0,0.0,84.0,0.0,0.0,0.0,16.0,0.0,0.0,0.0,0.0,0.0,100.0,0.0,0.0,0.0,0.0,0.0,0.0,0.0,0.0,0.0,87.25,0.0,0.0,0.0,12.75,1.01,0.0,0.0,0.0,0.0,69.7,0.0,0.0,0.0,29.29,0.0,0.0,0.0,0.0,0.0,97.03,0.0,0.0,0.0,2.97,0.0,0.0,0.0,0.0,0.0,86.0,0.0,0.0,0.0,14.0,0.0,0.0,0.0,0.0,0.0,97.0,0.0,0.0,0.0,3.0,0.0,0.0,0.0,0.0,0.0,100.0,0.0,0.0,0.0,0.0,2.0,0.0,0.0,0.0,0.0,72.0,0.0,0.0,0.0,26.0,2.0,0.0,0.0,0.0,0.0,16.0,0.0,0.0,0.0,82.0,2.97,0.0,0.99,0.0,0.0,30.69,0.0,0.0,0.0,65.35,0.0,0.0,0.0,0.0,0.0,54.9,0.0,0.0,0.0,45.1,1.02,0.0,0.0,0.0,0.0,35.71,0.0,0.0,0.0,63.27,0.0,0.0,0.0,0.0,0.0,44.0,0.0,0.0,0.0,56.0,3.09,0.0,0.0,0.0,0.0,48.45,0.0,0.0,0.0,48.45,1.94,0.0,0.0,0.0,0.0,52.43,0.0,0.0,0.0,45.63,1.0,0.0,2.0,3.0,0.0,0.0,0.0,0.0,0.0,94.0,5.05,0.0,2.02,0.0,0.0,0.0,0.0,0.0,0.0,92.93,0.0,0.0,1.0,0.0,0.0,0.0,0.0,0.0,0.0,99.0,1.0,0.0,1.0,0.0,0.0,0.0,0.0,0.0,0.0,98.0,3.03,0.0,2.02,0.0,0.0,0.0,0.0,0.0,0.0,94.95,0.0,0.0,0.0,9.09,0.0,0.0,0.0,0.0,0.0,90.91,0.0,0.0,0.0,0.0,0.0,0.0,0.0,0.0,0.0,100.0,2.0,0.0,1.0,6.0,0.0,0.0,0.0,0.0,0.0,91.0
139,0.0,0.0,0.0,0.0,0.0,97.0,0.0,0.0,0.0,3.0,0.0,0.0,0.0,0.0,0.0,100.0,0.0,0.0,0.0,0.0,0.0,0.0,0.0,0.0,0.0,96.04,0.0,0.0,0.0,3.96,0.0,0.0,0.0,0.0,0.0,77.23,0.0,0.0,0.0,22.77,0.0,0.0,0.0,0.0,0.0,100.0,0.0,0.0,0.0,0.0,0.0,0.0,0.97,0.0,0.0,93.2,0.0,0.0,0.0,5.83,0.0,0.0,0.0,0.0,0.0,100.0,0.0,0.0,0.0,0.0,0.0,0.0,0.0,0.0,0.0,100.0,0.0,0.0,0.0,0.0,14.0,0.0,1.0,0.0,0.0,80.0,0.0,0.0,0.0,5.0,9.9,0.0,1.98,0.0,0.0,18.81,0.0,0.0,0.0,69.31,15.84,0.0,6.93,0.0,0.0,40.59,0.0,0.0,0.0,36.63,0.0,0.0,0.0,0.0,0.0,65.98,0.0,0.0,0.0,34.02,1.96,0.0,1.96,0.0,0.0,41.18,0.0,0.0,0.0,54.9,0.0,0.0,0.0,0.0,0.0,47.0,0.0,0.0,0.0,53.0,12.87,0.0,5.94,0.0,0.0,51.49,0.0,0.0,0.0,29.7,0.0,0.0,0.0,0.0,0.0,56.57,0.0,0.0,0.0,43.43,6.0,0.0,4.0,7.0,0.0,1.0,0.0,0.0,0.0,82.0,7.0,0.0,6.0,7.0,0.0,0.0,0.0,0.0,0.0,80.0,7.14,0.0,5.1,0.0,0.0,0.0,0.0,0.0,0.0,87.76,7.07,0.0,6.06,0.0,0.0,0.0,0.0,0.0,0.0,86.87,11.0,0.0,9.0,0.0,0.0,0.0,0.0,0.0,0.0,80.0,3.96,0.0,4.95,0.99,0.0,0.0,0.0,0.0,0.0,90.1,5.0,0.0,6.0,2.0,0.0,0.0,0.0,0.0,0.0,87.0,4.0,0.0,4.0,1.0,0.0,0.0,0.0,0.0,0.0,91.0
140,0.0,0.0,0.0,0.0,0.0,92.93,0.0,0.0,0.0,7.07,0.0,0.0,0.0,0.0,0.0,100.0,0.0,0.0,0.0,0.0,0.0,0.0,0.0,0.0,0.0,89.11,0.0,0.0,0.0,10.89,0.0,0.0,0.0,0.0,0.0,71.72,0.0,0.0,0.0,28.28,0.0,0.0,0.0,0.0,0.0,100.0,0.0,0.0,0.0,0.0,0.0,0.0,0.0,0.0,0.0,88.78,0.0,0.0,0.0,11.22,0.0,0.0,0.0,0.0,0.0,99.0,0.0,0.0,0.0,1.0,0.0,0.0,0.0,0.0,0.0,100.0,0.0,0.0,0.0,0.0,0.0,0.0,0.0,0.0,0.0,78.79,0.0,0.0,0.0,21.21,10.31,0.0,1.03,0.0,0.0,14.43,0.0,0.0,0.0,74.23,0.0,0.0,0.0,0.0,0.0,35.0,0.0,0.0,0.0,65.0,0.99,0.0,0.0,0.0,0.0,58.42,0.0,0.0,0.0,40.59,0.0,0.0,0.0,0.0,0.0,37.37,0.0,0.0,0.0,62.63,0.0,0.0,0.0,0.0,0.0,43.88,0.0,0.0,0.0,56.12,8.08,0.0,1.01,0.0,0.0,46.46,0.0,0.0,0.0,44.44,0.0,0.0,0.0,0.0,0.0,52.94,0.0,0.0,0.0,47.06,0.0,0.0,1.01,15.15,0.0,0.0,0.0,0.0,0.0,83.84,1.01,0.0,1.01,0.0,0.0,0.0,0.0,0.0,0.0,97.98,1.98,0.0,1.98,2.97,0.0,0.0,0.0,0.0,0.0,93.07,2.02,0.0,1.01,0.0,0.0,0.0,0.0,0.0,0.0,96.97,1.0,0.0,2.0,0.0,0.0,0.0,0.0,0.0,0.0,97.0,1.0,0.0,1.0,0.0,0.0,0.0,0.0,0.0,0.0,98.0,0.0,0.0,1.0,0.0,0.0,0.0,0.0,0.0,0.0,99.0,0.99,0.0,0.99,0.0,0.0,0.0,0.0,0.0,0.0,98.02
141,0.0,0.0,0.0,0.0,0.0,95.0,0.0,0.0,0.0,5.0,0.0,0.0,0.0,0.0,0.0,100.0,0.0,0.0,0.0,0.0,0.0,0.0,0.0,0.0,0.0,93.0,0.0,0.0,0.0,7.0,0.0,0.0,0.0,0.0,0.0,74.75,0.0,0.0,0.0,25.25,0.0,0.0,0.0,0.0,0.0,100.0,0.0,0.0,0.0,0.0,0.0,0.0,0.0,0.0,0.0,90.2,0.0,0.0,0.0,9.8,0.0,0.0,0.0,0.0,0.0,99.0,0.0,0.0,0.0,1.0,0.0,0.0,0.0,0.0,0.0,100.0,0.0,0.0,0.0,0.0,0.0,0.0,0.98,0.0,0.0,76.47,0.0,0.0,0.0,22.55,3.03,0.0,0.0,0.0,0.0,16.16,0.0,0.0,0.0,80.81,10.2,0.0,1.02,0.0,0.0,38.78,0.0,0.0,0.0,50.0,0.0,0.0,0.0,0.0,0.0,64.65,0.0,0.0,0.0,35.35,16.16,0.0,2.02,0.0,0.0,36.36,0.0,0.0,0.0,45.45,0.0,0.0,0.0,0.0,0.0,44.55,0.0,0.0,0.0,55.45,10.0,0.0,2.0,0.0,0.0,49.0,0.0,0.0,0.0,39.0,0.0,0.0,0.0,0.0,0.0,54.0,0.0,0.0,0.0,46.0,4.08,0.0,2.04,11.22,0.0,0.0,0.0,0.0,0.0,82.65,4.04,0.0,4.04,0.0,0.0,0.0,0.0,0.0,0.0,91.92,5.05,0.0,5.05,3.03,0.0,0.0,0.0,0.0,0.0,86.87,6.06,0.0,4.04,3.03,0.0,0.0,0.0,0.0,0.0,86.87,2.02,0.0,1.01,0.0,0.0,0.0,0.0,0.0,0.0,96.97,3.03,0.0,4.04,0.0,0.0,0.0,0.0,0.0,0.0,92.93,3.0,0.0,5.0,0.0,0.0,0.0,0.0,0.0,0.0,92.0,2.02,0.0,2.02,0.0,0.0,0.0,0.0,0.0,0.0,95.96
142,0.0,0.0,0.0,0.0,0.0,94.0,0.0,0.0,0.0,6.0,0.0,0.0,0.0,0.0,0.0,100.0,0.0,0.0,0.0,0.0,0.0,0.0,0.0,0.0,0.0,91.0,0.0,0.0,0.0,9.0,0.0,0.0,0.99,0.0,0.0,71.29,0.0,0.0,0.0,27.72,0.0,0.0,0.0,0.0,0.0,99.0,0.0,0.0,0.0,1.0,0.0,0.0,0.0,0.0,0.0,86.0,0.0,0.0,0.0,14.0,0.0,0.0,0.0,0.0,0.0,99.0,0.0,0.0,0.0,1.0,0.0,0.0,0.0,0.0,0.0,100.0,0.0,0.0,0.0,0.0,0.99,0.0,0.0,0.0,0.0,73.27,0.0,0.0,0.0,25.74,0.0,0.0,1.0,0.0,0.0,16.0,0.0,0.0,0.0,83.0,0.0,0.0,0.99,0.0,0.0,36.63,0.0,0.0,0.0,62.38,0.98,0.0,0.98,0.0,0.0,60.78,0.0,0.0,0.0,37.25,1.01,0.0,0.0,0.0,0.0,30.3,0.0,0.0,0.0,68.69,0.0,0.0,0.0,0.0,0.0,39.0,0.0,0.0,0.0,61.0,0.0,0.0,0.0,0.0,0.0,43.88,0.0,0.0,0.0,56.12,0.0,0.0,0.0,0.0,0.0,48.51,0.0,0.0,0.0,51.49,0.0,0.0,1.0,17.0,0.0,0.0,0.0,0.0,0.0,82.0,2.0,0.0,0.0,0.0,0.0,0.0,0.0,0.0,0.0,98.0,0.0,0.0,0.0,0.0,0.0,0.0,0.0,0.0,0.0,100.0,0.0,0.0,0.0,0.0,0.0,0.0,0.0,0.0,0.0,100.0,0.0,0.0,0.99,0.0,0.0,0.0,0.0,0.0,0.0,99.01,0.0,0.0,0.0,0.0,0.0,0.0,0.0,0.0,0.0,100.0,0.0,0.0,0.0,0.0,0.0,0.0,0.0,0.0,0.0,100.0,0.0,0.0,0.0,0.0,0.0,0.0,0.0,0.0,0.0,100.0
143,0.0,0.0,0.0,0.0,0.0,91.0,0.0,0.0,0.0,9.0,0.0,0.0,0.0,0.0,0.0,100.0,0.0,0.0,0.0,0.0,0.0,0.0,1.0,0.0,0.0,90.0,0.0,0.0,0.0,9.0,1.0,0.0,0.0,0.0,0.0,72.0,0.0,0.0,0.0,27.0,0.0,0.0,0.0,0.0,0.0,98.02,0.0,0.0,0.0,1.98,0.0,0.0,0.0,0.0,0.0,87.0,0.0,0.0,0.0,13.0,0.0,0.0,0.0,0.0,0.0,98.0,0.0,0.0,0.0,2.0,0.0,0.0,0.0,0.0,0.0,100.0,0.0,0.0,0.0,0.0,0.0,0.0,1.0,0.0,0.0,73.0,0.0,0.0,0.0,26.0,0.0,0.0,0.0,0.0,0.0,15.15,0.0,0.0,0.0,84.85,1.0,0.0,0.0,0.0,0.0,38.0,0.0,0.0,0.0,61.0,0.0,0.0,0.0,0.0,0.0,61.39,0.0,0.0,0.0,38.61,3.96,0.0,1.98,0.0,0.0,30.69,0.0,0.0,0.0,63.37,0.0,0.0,0.0,0.0,0.0,35.35,0.0,0.0,0.0,64.65,5.1,0.0,2.04,0.0,0.0,42.86,0.0,0.0,0.0,50.0,0.0,0.0,0.0,0.0,0.0,47.96,0.0,0.0,0.0,52.04,4.04,0.0,3.03,15.15,0.0,0.0,0.0,0.0,0.0,77.78,1.0,0.0,2.0,0.0,0.0,0.0,0.0,0.0,0.0,97.0,2.0,0.0,1.0,0.0,0.0,0.0,0.0,0.0,0.0,97.0,1.0,0.0,1.0,2.0,0.0,0.0,0.0,0.0,0.0,96.0,2.0,0.0,2.0,0.0,0.0,0.0,0.0,0.0,0.0,96.0,0.99,0.0,0.99,0.0,0.0,0.0,0.0,0.0,0.0,98.02,1.01,0.0,0.0,0.0,0.0,0.0,0.0,0.0,0.0,98.99,1.0,0.0,1.0,0.0,0.0,0.0,0.0,0.0,0.0,98.0
144,0.0,0.0,0.0,0.0,0.0,96.04,0.0,0.0,0.0,3.96,0.0,0.0,0.0,0.0,0.0,100.0,0.0,0.0,0.0,0.0,0.0,0.0,0.0,0.0,0.0,93.14,0.0,0.0,0.0,6.86,2.02,0.0,1.01,0.0,0.0,74.75,0.0,0.0,0.0,22.22,0.0,0.0,0.0,0.0,0.0,100.0,0.0,0.0,0.0,0.0,0.0,0.0,0.0,0.0,0.0,90.0,0.0,0.0,0.0,10.0,0.0,0.0,0.0,0.0,0.0,100.0,0.0,0.0,0.0,0.0,0.0,0.0,0.0,0.0,0.0,100.0,0.0,0.0,0.0,0.0,17.0,0.0,2.0,0.0,0.0,77.0,0.0,0.0,0.0,4.0,0.0,0.0,0.0,0.0,0.0,17.17,0.0,0.0,0.0,82.83,2.04,0.0,0.0,0.0,0.0,38.78,0.0,0.0,0.0,59.18,0.0,0.0,0.0,0.0,0.0,63.37,0.0,0.0,0.0,36.63,1.01,0.0,0.0,0.0,0.0,32.32,0.0,0.0,0.0,66.67,0.0,0.0,0.0,0.0,0.0,39.0,0.0,0.0,0.0,61.0,16.0,0.0,2.0,0.0,0.0,51.0,0.0,0.0,0.0,31.0,0.0,0.0,0.0,0.0,0.0,53.12,0.0,0.0,0.0,46.88,1.0,0.0,1.0,12.0,0.0,1.0,0.0,0.0,0.0,85.0,1.02,0.0,2.04,0.0,0.0,0.0,0.0,0.0,0.0,96.94,3.0,0.0,2.0,0.0,0.0,0.0,0.0,0.0,0.0,95.0,2.02,0.0,4.04,6.06,0.0,0.0,0.0,0.0,0.0,87.88,1.0,0.0,2.0,0.0,0.0,0.0,0.0,0.0,0.0,97.0,0.0,0.0,0.0,0.0,0.0,0.0,0.0,0.0,0.0,100.0,0.0,0.0,2.0,0.0,0.0,0.0,0.0,0.0,0.0,98.0,2.0,0.0,2.0,0.0,0.0,0.0,0.0,0.0,0.0,96.0
145,0.0,0.0,0.0,0.0,0.0,89.9,0.0,0.0,0.0,10.1,0.0,0.0,0.0,0.0,0.0,100.0,0.0,0.0,0.0,0.0,0.0,0.0,0.0,0.0,0.0,89.8,0.0,0.0,0.0,10.2,0.0,0.0,0.0,0.0,0.0,70.0,0.0,0.0,0.0,30.0,0.0,0.0,0.0,0.0,0.0,98.0,0.0,0.0,0.0,2.0,0.0,0.0,0.0,0.0,0.0,85.86,0.0,0.0,0.0,14.14,0.0,0.0,0.0,0.0,0.0,98.02,0.0,0.0,0.0,1.98,0.0,0.0,0.0,0.0,0.0,100.0,0.0,0.0,0.0,0.0,0.0,0.0,0.0,0.0,0.0,72.0,0.0,0.0,0.0,28.0,0.0,0.0,0.0,0.0,0.0,15.15,0.0,0.0,0.0,84.85,0.99,0.0,0.0,0.0,0.0,37.62,0.0,0.0,0.0,61.39,0.0,0.0,0.0,0.0,0.0,59.0,0.0,0.0,0.0,41.0,0.0,0.0,0.99,0.99,0.0,31.68,0.0,0.0,0.0,66.34,0.0,0.0,0.0,0.0,0.0,36.0,0.0,0.0,0.0,64.0,0.0,0.0,0.0,0.0,0.0,50.0,0.0,0.0,0.0,50.0,0.0,0.0,0.0,0.0,0.0,52.58,0.0,0.0,0.0,47.42,1.01,0.0,1.01,0.0,0.0,0.0,0.0,0.0,0.0,97.98,0.0,0.0,1.0,0.0,0.0,0.0,0.0,0.0,0.0,99.0,0.0,0.0,0.0,0.0,0.0,0.0,0.0,0.0,0.0,100.0,0.0,0.0,0.0,19.19,0.0,0.0,0.0,0.0,0.0,80.81,0.0,0.0,0.0,0.0,0.0,0.0,0.0,0.0,0.0,100.0,0.99,0.0,0.99,0.0,0.0,0.0,0.0,0.0,0.0,98.02,0.99,0.0,0.0,0.0,0.0,0.0,0.0,0.0,0.0,99.01,0.0,0.0,0.0,0.0,0.0,0.0,0.0,0.0,0.0,100.0
146,0.0,0.0,0.0,0.0,0.0,87.88,0.0,0.0,0.0,12.12,0.0,0.0,0.0,0.0,0.0,100.0,0.0,0.0,0.0,0.0,0.0,0.0,0.0,0.0,0.0,88.12,0.0,0.0,0.0,11.88,0.0,0.0,0.0,0.0,0.0,69.39,0.0,0.0,0.0,30.61,0.0,0.0,0.0,0.0,0.0,97.0,0.0,0.0,0.0,3.0,0.0,0.0,0.0,0.0,0.0,85.15,0.0,0.0,0.0,14.85,0.0,0.0,0.0,0.0,0.0,96.08,0.0,0.0,0.0,3.92,0.0,0.0,0.0,0.0,0.0,100.0,0.0,0.0,0.0,0.0,0.0,0.0,0.0,0.0,0.0,70.71,0.0,0.0,0.0,29.29,0.0,0.0,0.0,0.0,0.0,15.31,0.0,0.0,0.0,84.69,1.01,0.0,1.01,0.0,0.0,36.36,0.0,0.0,0.0,61.62,0.0,0.0,0.0,0.0,0.0,59.6,0.0,0.0,0.0,40.4,2.02,0.0,0.0,9.09,0.0,30.3,0.0,0.0,0.0,58.59,0.0,0.0,0.0,0.0,0.0,34.65,0.0,0.0,0.0,65.35,0.0,0.0,0.99,5.94,0.0,50.5,0.0,0.0,0.0,42.57,0.0,0.0,0.0,0.0,0.0,52.0,0.0,0.0,0.0,48.0,0.0,0.0,0.0,0.0,0.0,0.0,0.0,0.0,0.0,100.0,1.0,0.0,0.0,0.0,0.0,0.0,0.0,0.0,0.0,99.0,0.0,0.0,0.0,0.0,0.0,0.0,0.0,0.0,0.0,100.0,0.99,0.0,0.0,0.0,0.0,0.0,0.0,0.0,0.0,99.01,0.0,0.0,0.0,0.0,0.0,0.0,0.0,0.0,0.0,100.0,0.0,0.0,0.0,0.0,0.0,0.0,0.0,0.0,0.0,100.0,0.0,0.0,1.0,0.0,0.0,0.0,0.0,0.0,0.0,99.0,0.99,0.0,0.99,0.0,0.0,0.0,0.0,0.0,0.0,98.02
147,0.0,0.0,0.0,0.0,0.0,91.75,0.0,0.0,0.0,8.25,0.0,0.0,0.0,0.0,0.0,100.0,0.0,0.0,0.0,0.0,0.0,0.0,0.0,0.0,0.0,90.82,0.0,0.0,0.0,9.18,0.0,0.0,0.0,0.0,0.0,71.43,0.0,0.0,0.0,28.57,0.0,0.0,0.0,0.0,0.0,99.0,0.0,0.0,0.0,1.0,0.0,0.0,0.0,0.0,0.0,87.38,0.0,0.0,0.0,12.62,0.0,0.0,0.0,0.0,0.0,99.0,0.0,0.0,0.0,1.0,0.0,0.0,0.0,0.0,0.0,100.0,0.0,0.0,0.0,0.0,0.0,0.0,0.0,0.0,0.0,75.0,0.0,0.0,0.0,25.0,0.0,0.0,0.99,0.0,0.0,16.83,0.0,0.0,0.0,82.18,6.0,0.0,2.0,0.0,0.0,39.0,0.0,0.0,0.0,53.0,0.0,0.0,0.0,0.0,0.0,61.0,0.0,0.0,0.0,39.0,0.0,0.0,0.0,6.0,0.0,33.0,0.0,0.0,0.0,61.0,0.0,0.0,0.0,0.0,0.0,35.0,0.0,0.0,0.0,65.0,0.0,0.0,1.03,7.22,0.0,52.58,0.0,0.0,0.0,39.18,0.0,0.0,0.0,0.0,0.0,51.58,0.0,0.0,0.0,48.42,6.0,0.0,3.0,0.0,0.0,0.0,0.0,0.0,0.0,91.0,2.02,0.0,1.01,0.0,0.0,0.0,0.0,0.0,0.0,96.97,2.02,0.0,1.01,0.0,0.0,0.0,0.0,0.0,0.0,96.97,3.0,0.0,3.0,0.0,0.0,0.0,0.0,0.0,0.0,94.0,3.03,0.0,3.03,0.0,0.0,0.0,0.0,0.0,0.0,93.94,2.02,0.0,1.01,0.0,0.0,0.0,0.0,0.0,0.0,96.97,1.01,0.0,1.01,0.0,0.0,0.0,0.0,0.0,0.0,97.98,1.0,0.0,0.0,0.0,0.0,0.0,0.0,0.0,0.0,99.0
148,0.0,0.0,0.0,0.0,0.0,96.97,0.0,0.0,0.0,3.03,0.0,0.0,0.0,0.0,0.0,100.0,0.0,0.0,0.0,0.0,0.0,0.0,0.0,0.0,0.0,93.88,0.0,0.0,0.0,6.12,0.0,0.0,0.0,0.0,0.0,74.75,0.0,0.0,0.0,25.25,0.0,0.0,0.0,0.0,0.0,100.0,0.0,0.0,0.0,0.0,0.0,0.0,0.0,0.0,0.0,91.75,0.0,0.0,0.0,8.25,0.0,0.0,0.0,0.0,0.0,99.0,0.0,0.0,0.0,1.0,0.0,0.0,0.0,0.0,0.0,100.0,0.0,0.0,0.0,0.0,0.0,0.0,0.0,0.0,0.0,76.77,0.0,0.0,0.0,23.23,0.0,0.0,0.0,0.0,0.0,17.0,0.0,0.0,0.0,83.0,31.68,0.0,2.97,0.0,0.0,39.6,0.0,0.0,0.0,25.74,0.0,0.0,0.0,0.0,0.0,66.33,0.0,0.0,0.0,33.67,2.02,0.0,1.01,0.0,0.0,39.39,0.0,0.0,0.0,57.58,0.0,0.0,0.0,0.0,0.0,45.45,0.0,0.0,0.0,54.55,1.01,0.0,1.01,1.01,0.0,53.54,0.0,0.0,0.0,43.43,0.0,0.0,0.0,0.0,0.0,55.1,0.0,0.0,0.0,44.9,3.03,0.0,3.03,0.0,0.0,1.01,0.0,0.0,0.0,92.93,6.06,0.0,5.05,0.0,0.0,0.0,0.0,0.0,0.0,88.89,4.04,0.0,3.03,18.18,0.0,0.0,0.0,0.0,0.0,74.75,2.02,0.0,2.02,2.02,0.0,0.0,0.0,0.0,0.0,93.94,2.0,0.0,3.0,0.0,0.0,0.0,0.0,0.0,0.0,95.0,2.97,0.0,3.96,0.0,0.0,0.0,0.0,0.0,0.0,93.07,2.0,0.0,3.0,0.0,0.0,0.0,0.0,0.0,0.0,95.0,1.0,0.0,2.0,0.0,0.0,1.0,0.0,0.0,0.0,96.0
149,0.0,0.0,0.0,0.0,0.0,91.0,0.0,0.0,0.0,9.0,0.0,0.0,0.0,0.0,0.0,100.0,0.0,0.0,0.0,0.0,0.0,0.0,0.0,0.0,0.0,89.0,0.0,0.0,0.0,11.0,0.0,0.0,0.0,0.0,0.0,71.72,0.0,0.0,0.0,28.28,0.0,0.0,0.0,0.0,0.0,99.01,0.0,0.0,0.0,0.99,0.0,0.0,0.0,0.0,0.0,87.13,0.0,0.0,0.0,12.87,0.0,0.0,0.0,0.0,0.0,98.0,0.0,0.0,0.0,2.0,0.0,0.0,0.0,0.0,0.0,100.0,0.0,0.0,0.0,0.0,0.0,0.0,0.0,0.0,0.0,73.0,0.0,0.0,0.0,27.0,0.0,0.0,0.0,0.0,0.0,15.84,0.0,0.0,0.0,84.16,0.0,0.0,0.0,0.0,0.0,37.37,0.0,0.0,0.0,62.63,0.0,0.0,0.0,0.0,0.0,59.79,0.0,0.0,0.0,40.21,0.98,0.0,0.98,0.0,0.0,38.24,0.0,0.0,0.0,59.8,0.0,0.0,0.0,0.0,0.0,44.12,0.0,0.0,0.0,55.88,0.98,0.0,0.0,0.0,0.0,51.96,0.0,0.0,0.0,47.06,0.0,0.0,0.99,0.0,0.0,51.49,0.0,0.0,0.0,47.52,1.0,0.0,0.0,0.0,0.0,0.0,0.0,0.0,0.0,99.0,0.0,0.0,0.0,0.0,0.0,0.0,0.0,0.0,0.0,100.0,1.0,0.0,1.0,15.0,0.0,0.0,0.0,0.0,0.0,83.0,0.0,0.0,0.0,8.08,0.0,0.0,0.0,0.0,0.0,91.92,0.0,0.0,0.0,0.0,0.0,0.0,0.0,0.0,0.0,100.0,0.0,0.0,0.0,0.0,0.0,0.0,0.0,0.0,0.0,100.0,0.0,0.0,0.0,0.0,0.0,0.0,0.0,0.0,0.0,100.0,1.0,0.0,0.0,0.0,0.0,0.0,0.0,0.0,0.0,99.0
150,0.0,0.0,0.0,0.0,0.0,90.0,0.0,0.0,0.0,10.0,0.0,0.0,0.0,0.0,0.0,100.0,0.0,0.0,0.0,0.0,0.0,0.0,0.0,0.0,0.0,89.9,0.0,0.0,0.0,10.1,1.0,0.0,0.0,0.0,0.0,71.0,0.0,0.0,0.0,28.0,0.0,0.0,0.0,0.0,0.0,98.99,0.0,0.0,0.0,1.01,0.0,0.0,0.0,0.0,0.0,86.87,0.0,0.0,0.0,13.13,0.0,0.0,0.0,0.0,0.0,96.97,0.0,0.0,0.0,3.03,0.0,0.0,0.99,0.0,0.0,99.01,0.0,0.0,0.0,0.0,0.98,0.0,0.98,0.0,0.0,72.55,0.0,0.0,0.0,25.49,1.01,0.0,0.0,0.0,0.0,15.15,0.0,0.0,0.0,83.84,1.0,0.0,0.0,0.0,0.0,38.0,0.0,0.0,0.0,61.0,0.0,0.0,0.0,0.0,0.0,60.0,0.0,0.0,0.0,40.0,0.0,0.0,0.0,0.0,0.0,36.63,0.0,0.0,0.0,63.37,0.0,0.0,0.0,0.0,0.0,42.86,0.0,0.0,0.0,57.14,0.97,0.0,0.97,0.0,0.0,50.49,0.0,0.0,0.0,47.57,0.0,0.0,0.0,0.0,0.0,52.0,0.0,0.0,0.0,48.0,1.01,0.0,0.0,0.0,0.0,0.0,0.0,0.0,0.0,98.99,1.01,0.0,0.0,0.0,0.0,0.0,0.0,0.0,0.0,98.99,0.0,0.0,1.02,0.0,0.0,0.0,0.0,0.0,0.0,98.98,0.99,0.0,0.0,24.75,0.0,0.0,0.0,0.0,0.0,74.26,0.0,0.0,0.0,0.0,0.0,0.0,0.0,0.0,0.0,100.0,0.0,0.0,0.0,0.0,0.0,0.0,0.0,0.0,0.0,100.0,0.0,0.0,0.0,0.0,0.0,0.0,0.0,0.0,0.0,100.0,0.0,0.0,0.0,0.0,0.0,0.0,0.0,0.0,0.0,100.0
151,0.0,0.0,0.0,0.0,0.0,91.92,0.0,0.0,0.0,8.08,0.0,0.0,0.0,0.0,0.0,100.0,0.0,0.0,0.0,0.0,0.0,0.0,0.0,0.0,0.0,90.1,0.0,0.0,0.0,9.9,0.0,0.0,0.0,0.0,0.0,71.43,0.0,0.0,0.0,28.57,0.0,0.0,0.0,0.0,0.0,99.01,0.0,0.0,0.0,0.99,0.0,0.0,0.0,0.0,0.0,87.76,0.0,0.0,0.0,12.24,0.0,0.0,0.0,0.0,0.0,99.0,0.0,0.0,0.0,1.0,0.0,0.0,0.0,0.0,0.0,100.0,0.0,0.0,0.0,0.0,0.0,0.0,0.0,0.0,0.0,74.0,0.0,0.0,0.0,26.0,0.0,0.0,0.0,0.0,0.0,14.14,0.0,0.0,0.0,85.86,0.0,0.0,0.0,0.0,0.0,37.37,0.0,0.0,0.0,62.63,0.0,0.0,1.0,0.0,0.0,59.0,0.0,0.0,0.0,40.0,0.0,0.0,0.0,0.0,0.0,36.36,0.0,0.0,0.0,63.64,0.0,0.0,0.0,0.0,0.0,44.0,0.0,0.0,0.0,56.0,0.0,0.0,0.0,0.0,0.0,51.96,0.0,0.0,0.0,48.04,1.0,0.0,0.0,0.0,0.0,51.0,0.0,0.0,0.0,48.0,0.0,0.0,1.01,0.0,0.0,0.0,0.0,0.0,0.0,98.99,1.01,0.0,1.01,0.0,0.0,0.0,0.0,0.0,0.0,97.98,0.99,0.0,0.0,0.0,0.0,0.0,0.0,0.0,0.0,99.01,0.0,0.0,1.01,21.21,0.0,0.0,0.0,0.0,0.0,77.78,0.0,0.0,0.0,0.0,0.0,0.0,0.0,0.0,0.0,100.0,1.01,0.0,0.0,0.0,0.0,0.0,0.0,0.0,0.0,98.99,0.98,0.0,0.98,0.0,0.0,0.0,0.0,0.0,0.0,98.04,0.0,0.0,1.0,0.0,0.0,0.0,0.0,0.0,0.0,99.0
152,0.0,0.0,0.0,0.0,0.0,87.76,0.0,0.0,0.0,12.24,0.0,0.0,0.0,0.0,0.0,100.0,0.0,0.0,0.0,0.0,0.0,0.0,0.0,0.0,0.0,89.8,0.0,0.0,0.0,10.2,0.0,0.0,0.0,0.0,0.0,71.0,0.0,0.0,0.0,29.0,0.0,0.0,0.0,0.0,0.0,98.99,0.0,0.0,0.0,1.01,0.0,0.0,0.0,0.0,0.0,85.71,0.0,0.0,0.0,14.29,0.0,0.0,0.0,0.0,0.0,96.97,0.0,0.0,0.0,3.03,0.0,0.0,0.0,0.0,0.0,100.0,0.0,0.0,0.0,0.0,0.0,0.0,0.0,0.0,0.0,73.27,0.0,0.0,0.0,26.73,0.0,0.0,0.0,0.0,0.0,15.0,0.0,0.0,0.0,85.0,0.0,0.0,0.0,0.0,0.0,38.38,0.0,0.0,0.0,61.62,0.0,0.0,0.0,0.0,0.0,59.6,0.0,0.0,0.0,40.4,0.0,0.0,0.0,0.0,0.0,35.0,0.0,0.0,0.0,65.0,0.0,0.0,0.0,0.0,0.0,42.0,0.0,0.0,0.0,58.0,0.0,0.0,0.0,0.0,0.0,50.51,0.0,0.0,0.0,49.49,0.0,0.0,0.0,0.0,0.0,51.52,0.0,0.0,0.0,48.48,2.0,0.0,1.0,0.0,0.0,0.0,0.0,0.0,0.0,97.0,0.99,0.0,0.99,0.0,0.0,0.0,0.0,0.0,0.0,98.02,0.0,0.0,1.0,0.0,0.0,0.0,0.0,0.0,0.0,99.0,0.0,0.0,0.0,18.0,0.0,0.0,0.0,0.0,0.0,82.0,1.0,0.0,1.0,0.0,0.0,0.0,0.0,0.0,0.0,98.0,0.0,0.0,0.0,0.0,0.0,0.0,0.0,0.0,0.0,100.0,0.0,0.0,0.0,0.0,0.0,0.0,0.0,0.0,0.0,100.0,1.0,0.0,0.0,0.0,0.0,0.0,0.0,0.0,0.0,99.0
153,0.0,0.0,0.0,0.0,0.0,90.0,0.0,0.0,0.0,10.0,0.0,0.0,0.0,0.0,0.0,100.0,0.0,0.0,0.0,0.0,0.0,0.0,0.0,0.0,0.0,93.88,0.0,0.0,0.0,6.12,0.0,0.0,0.0,0.0,0.0,71.58,0.0,0.0,0.0,28.42,0.0,0.0,0.0,0.0,0.0,99.01,0.0,0.0,0.0,0.99,0.0,0.0,0.0,0.0,0.0,89.9,0.0,0.0,0.0,10.1,0.0,0.0,0.0,0.0,0.0,99.0,0.0,0.0,0.0,1.0,0.0,0.0,0.0,0.0,0.0,100.0,0.0,0.0,0.0,0.0,1.96,0.0,1.96,0.0,0.0,76.47,0.0,0.0,0.0,19.61,0.0,0.0,1.0,0.0,0.0,15.0,0.0,0.0,0.0,84.0,5.05,0.0,1.01,0.0,0.0,37.37,0.0,0.0,0.0,56.57,0.0,0.0,0.0,0.0,0.0,61.39,0.0,0.0,0.0,38.61,18.0,0.0,2.0,0.0,0.0,37.0,0.0,0.0,0.0,43.0,0.0,0.0,0.0,0.0,0.0,44.55,0.0,0.0,0.0,55.45,7.84,0.0,2.94,0.0,0.0,52.94,0.0,0.0,0.0,36.27,0.0,0.0,0.0,0.0,0.0,52.58,0.0,0.0,0.0,47.42,6.12,0.0,5.1,0.0,0.0,0.0,0.0,0.0,0.0,88.78,0.0,0.0,1.02,0.0,0.0,0.0,0.0,0.0,0.0,98.98,4.04,0.0,2.02,5.05,0.0,0.0,0.0,0.0,0.0,88.89,1.0,0.0,1.0,19.0,0.0,0.0,0.0,0.0,0.0,79.0,1.01,0.0,0.0,0.0,0.0,0.0,0.0,0.0,0.0,98.99,2.0,0.0,3.0,0.0,0.0,0.0,0.0,0.0,0.0,95.0,2.0,0.0,2.0,0.0,0.0,0.0,0.0,0.0,0.0,96.0,2.02,0.0,3.03,0.0,0.0,0.0,0.0,0.0,0.0,94.95
154,0.0,0.0,0.0,0.0,0.0,96.04,0.0,0.0,0.0,3.96,0.0,0.0,0.0,0.0,0.0,100.0,0.0,0.0,0.0,0.0,0.0,0.0,0.0,0.0,0.0,95.96,0.0,0.0,0.0,4.04,0.0,0.0,0.0,0.0,0.0,74.47,0.0,0.0,0.0,25.53,0.0,0.0,0.0,0.0,0.0,100.0,0.0,0.0,0.0,0.0,0.0,0.0,0.0,0.0,0.0,92.86,0.0,0.0,0.0,7.14,0.0,0.0,0.0,0.0,0.0,100.0,0.0,0.0,0.0,0.0,0.0,0.0,0.0,0.0,0.0,100.0,0.0,0.0,0.0,0.0,12.12,0.0,1.01,0.0,0.0,77.78,0.0,0.0,0.0,9.09,0.0,0.0,0.0,0.0,0.0,16.16,0.0,0.0,0.0,83.84,1.01,0.0,1.01,0.0,0.0,39.39,0.0,0.0,0.0,58.59,0.0,0.0,0.0,0.0,0.0,62.89,0.0,0.0,0.0,37.11,2.04,0.0,0.0,0.0,0.0,33.67,0.0,0.0,0.0,64.29,0.0,0.0,0.0,0.0,0.0,41.0,0.0,0.0,0.0,59.0,17.17,0.0,4.04,0.0,0.0,52.53,0.0,0.0,0.0,26.26,11.7,0.0,2.13,0.0,0.0,53.19,0.0,0.0,0.0,32.98,2.06,0.0,3.09,6.19,0.0,0.0,0.0,0.0,0.0,88.66,6.12,0.0,4.08,9.18,0.0,0.0,0.0,0.0,0.0,80.61,3.03,0.0,2.02,0.0,0.0,0.0,0.0,0.0,0.0,94.95,3.03,0.0,4.04,7.07,0.0,0.0,0.0,0.0,0.0,85.86,2.02,0.0,4.04,0.0,0.0,0.0,0.0,0.0,0.0,93.94,3.0,0.0,4.0,0.0,0.0,0.0,0.0,0.0,0.0,93.0,3.96,0.0,1.98,0.0,0.0,0.0,0.0,0.0,0.0,94.06,2.02,0.0,2.02,0.0,0.0,0.0,0.0,0.0,0.0,95.96
155,0.0,0.0,0.0,0.0,0.0,100.0,0.0,0.0,0.0,0.0,0.0,0.0,0.0,0.0,0.0,100.0,0.0,0.0,0.0,0.0,0.0,0.0,0.0,0.0,0.0,100.0,0.0,0.0,0.0,0.0,0.0,0.0,0.0,0.0,0.0,75.0,0.0,0.0,0.0,25.0,0.0,0.0,0.99,0.0,0.0,99.01,0.0,0.0,0.0,0.0,0.0,0.0,0.0,0.0,0.0,98.0,0.0,0.0,0.0,2.0,0.0,0.0,0.0,0.0,0.0,100.0,0.0,0.0,0.0,0.0,0.0,0.0,0.0,0.0,0.0,100.0,0.0,0.0,0.0,0.0,3.03,0.0,5.05,0.0,0.0,83.84,0.0,0.0,0.0,8.08,0.0,0.0,0.0,0.0,0.0,18.18,0.0,0.0,0.0,81.82,10.89,0.0,19.8,0.0,0.0,41.58,0.0,0.0,0.0,27.72,0.0,0.0,0.0,0.0,0.0,71.43,0.0,0.0,0.0,28.57,26.0,0.0,8.0,0.0,0.0,38.0,0.0,0.0,0.0,28.0,0.0,0.0,0.0,0.0,0.0,46.94,0.0,0.0,0.0,53.06,9.0,0.0,9.0,0.0,0.0,58.0,0.0,0.0,0.0,24.0,6.06,0.0,4.04,0.0,0.0,58.59,0.0,0.0,0.0,31.31,10.0,0.0,13.0,1.0,0.0,2.0,0.0,0.0,0.0,74.0,10.0,0.0,10.0,9.0,0.0,0.0,0.0,0.0,0.0,71.0,9.0,0.0,8.0,0.0,0.0,1.0,0.0,0.0,0.0,82.0,8.0,0.0,11.0,0.0,0.0,0.0,0.0,0.0,0.0,81.0,7.92,0.0,5.94,0.0,0.0,0.0,0.0,0.0,0.0,86.14,6.06,0.0,7.07,2.02,0.0,0.0,0.0,0.0,0.0,84.85,5.0,0.0,7.0,9.0,0.0,0.0,0.0,0.0,0.0,79.0,6.0,0.0,6.0,3.0,0.0,0.0,0.0,0.0,0.0,85.0
