{
  "peak_forwarded_pps": 24856267.2,
  "peak_forwarded_gbps": 11.9310108064,
  "sender_injection_pps": 37346902.922779925,
  "packet_loss_pct": 62.21068294826887,
  "nic_drop_rate_mean": 0.0,
  "nic_drop_rate_peak": 0.0,
  "forwarding_efficiency_pct": 37.78931705173113,
  "throughput_std_dev": 6995782.192073051
}