{
  "peak_forwarded_pps": 858900.0,
  "peak_forwarded_gbps": 0.5771808,
  "sender_injection_pps": 37203234.62962963,
  "packet_loss_pct": 97.70750373640789,
  "nic_drop_rate_mean": 0.0,
  "nic_drop_rate_peak": 0.0,
  "forwarding_efficiency_pct": 2.292496263592116,
  "throughput_std_dev": 3990.759513688309
}