{
  "peak_forwarded_pps": 16965361.3,
  "peak_forwarded_gbps": 11.4007374112,
  "sender_injection_pps": 38403285.0,
  "packet_loss_pct": 55.17710768090903,
  "nic_drop_rate_mean": 0.0,
  "nic_drop_rate_peak": 0.0,
  "forwarding_efficiency_pct": 44.82289231909097,
  "throughput_std_dev": 7611.369186508649
}