{
  "peak_forwarded_pps": 11762067.3,
  "peak_forwarded_gbps": 5.64579128,
  "sender_injection_pps": 37546580.95283019,
  "packet_loss_pct": 73.61622168158331,
  "nic_drop_rate_mean": 0.0,
  "nic_drop_rate_peak": 0.0,
  "forwarding_efficiency_pct": 26.383778318416685,
  "throughput_std_dev": 899153.8932546397
}