{
  "peak_forwarded_pps": 29958580.99999999,
  "peak_forwarded_gbps": 20.133087726399992,
  "sender_injection_pps": 37201557.43478261,
  "packet_loss_pct": 54.778042539429556,
  "nic_drop_rate_mean": 0.0,
  "nic_drop_rate_peak": 0.0,
  "forwarding_efficiency_pct": 45.221957460570444,
  "throughput_std_dev": 4418197.825788545
}