{
  "peak_forwarded_pps": 5343565.6,
  "peak_forwarded_gbps": 2.5649118208,
  "sender_injection_pps": 37203396.657142855,
  "packet_loss_pct": 87.67948407965106,
  "nic_drop_rate_mean": 0.0,
  "nic_drop_rate_peak": 0.0,
  "forwarding_efficiency_pct": 12.320515920348944,
  "throughput_std_dev": 427849.4749384011
}