{
  "peak_forwarded_pps": 5129344.0,
  "peak_forwarded_gbps": 3.446919168,
  "sender_injection_pps": 37203309.7,
  "packet_loss_pct": 84.77814854511979,
  "nic_drop_rate_mean": 0.0,
  "nic_drop_rate_peak": 0.0,
  "forwarding_efficiency_pct": 15.221851454880206,
  "throughput_std_dev": 1582484.112046486
}