{
  "peak_forwarded_pps": 296819.0,
  "peak_forwarded_gbps": 0.199462368,
  "sender_injection_pps": 37168316.56521739,
  "packet_loss_pct": 99.20426733710998,
  "nic_drop_rate_mean": 0.0,
  "nic_drop_rate_peak": 0.0,
  "forwarding_efficiency_pct": 0.7957326628900253,
  "throughput_std_dev": 1589.6846909581368
}