{
  "peak_forwarded_pps": 30773179.2,
  "peak_forwarded_gbps": 20.679574169600002,
  "sender_injection_pps": 37183454.30434783,
  "packet_loss_pct": 17.591175501255012,
  "nic_drop_rate_mean": 0.0,
  "nic_drop_rate_peak": 0.0,
  "forwarding_efficiency_pct": 82.40882449874499,
  "throughput_std_dev": 143909.27007638064
}