{
  "peak_forwarded_pps": 6079199.6,
  "peak_forwarded_gbps": 2.9180177536,
  "sender_injection_pps": 37154117.91891892,
  "packet_loss_pct": 85.39671180158659,
  "nic_drop_rate_mean": 0.0,
  "nic_drop_rate_peak": 0.0,
  "forwarding_efficiency_pct": 14.603288198413408,
  "throughput_std_dev": 598680.0705057294
}