{
  "peak_forwarded_pps": 22064050.3,
  "peak_forwarded_gbps": 10.590755664,
  "sender_injection_pps": 37606576.73417722,
  "packet_loss_pct": 40.590895616008865,
  "nic_drop_rate_mean": 0.0,
  "nic_drop_rate_peak": 0.0,
  "forwarding_efficiency_pct": 59.409104383991135,
  "throughput_std_dev": 2454073.1891383156
}