{
  "peak_forwarded_pps": 12432473.75,
  "peak_forwarded_gbps": 5.967586248,
  "sender_injection_pps": 37201286.03614458,
  "packet_loss_pct": 66.62693641860726,
  "nic_drop_rate_mean": 0.0,
  "nic_drop_rate_peak": 0.0,
  "forwarding_efficiency_pct": 33.37306358139274,
  "throughput_std_dev": 751028.9852204245
}