{
  "peak_forwarded_pps": 1528990.15,
  "peak_forwarded_gbps": 1.0274808944,
  "sender_injection_pps": 39059444.75,
  "packet_loss_pct": 96.04372583066514,
  "nic_drop_rate_mean": 0.0,
  "nic_drop_rate_peak": 0.0,
  "forwarding_efficiency_pct": 3.956274169334859,
  "throughput_std_dev": 9314.304328692508
}