{
  "peak_forwarded_pps": 2.0,
  "peak_forwarded_gbps": 5.328e-06,
  "sender_injection_pps": 37203311.04651163,
  "packet_loss_pct": 99.99999831222804,
  "nic_drop_rate_mean": 0.0,
  "nic_drop_rate_peak": 0.0,
  "forwarding_efficiency_pct": 1.687771951280762e-06,
  "throughput_std_dev": 0.7619570279200095
}