{
  "peak_forwarded_pps": 804820.45,
  "peak_forwarded_gbps": 0.386313816,
  "sender_injection_pps": 37180937.815789476,
  "packet_loss_pct": 97.84039671787825,
  "nic_drop_rate_mean": 0.0,
  "nic_drop_rate_peak": 0.0,
  "forwarding_efficiency_pct": 2.159603282121745,
  "throughput_std_dev": 1410.6640790933614
}