{
  "peak_forwarded_pps": 6655072.1,
  "peak_forwarded_gbps": 3.1944377312,
  "sender_injection_pps": 37752091.03278688,
  "packet_loss_pct": 85.36119679792927,
  "nic_drop_rate_mean": 0.0,
  "nic_drop_rate_peak": 0.0,
  "forwarding_efficiency_pct": 14.638803202070738,
  "throughput_std_dev": 507658.9796494885
}