{
  "peak_forwarded_pps": 32726954.0,
  "peak_forwarded_gbps": 21.992513088,
  "sender_injection_pps": 37201958.0,
  "packet_loss_pct": 12.709355064592657,
  "nic_drop_rate_mean": 0.0,
  "nic_drop_rate_peak": 0.0,
  "forwarding_efficiency_pct": 87.29064493540734,
  "throughput_std_dev": 283946.05372658814
}