{
  "peak_forwarded_pps": 32180056.55,
  "peak_forwarded_gbps": 21.6281761568,
  "sender_injection_pps": 37192512.09090909,
  "packet_loss_pct": 16.556551309330843,
  "nic_drop_rate_mean": 0.0,
  "nic_drop_rate_peak": 0.0,
  "forwarding_efficiency_pct": 83.44344869066916,
  "throughput_std_dev": 2400009.6569928387
}