{
  "peak_forwarded_pps": 33819455.0,
  "peak_forwarded_gbps": 22.72667376,
  "sender_injection_pps": 38974757.38095238,
  "packet_loss_pct": 49.58843357453697,
  "nic_drop_rate_mean": 0.0,
  "nic_drop_rate_peak": 0.0,
  "forwarding_efficiency_pct": 50.41156642546303,
  "throughput_std_dev": 5532696.771961912
}