Linux 6.8.0-111-generic (testbed-node5) 	03/06/26 	_x86_64_	(24 CPU)

18:37:25     CPU    %usr   %nice    %sys %iowait    %irq   %soft  %steal  %guest  %gnice   %idle
18:37:26     all   29,17    0,00    0,04    0,04    0,00    0,00    0,00    0,00    0,00   70,75
18:37:26       0  100,00    0,00    0,00    0,00    0,00    0,00    0,00    0,00    0,00    0,00
18:37:26       1  100,00    0,00    0,00    0,00    0,00    0,00    0,00    0,00    0,00    0,00
18:37:26       2  100,00    0,00    0,00    0,00    0,00    0,00    0,00    0,00    0,00    0,00
18:37:26       3  100,00    0,00    0,00    0,00    0,00    0,00    0,00    0,00    0,00    0,00
18:37:26       4  100,00    0,00    0,00    0,00    0,00    0,00    0,00    0,00    0,00    0,00
18:37:26       5  100,00    0,00    0,00    0,00    0,00    0,00    0,00    0,00    0,00    0,00
18:37:26       6  100,00    0,00    0,00    0,00    0,00    0,00    0,00    0,00    0,00    0,00
18:37:26       7    0,00    0,00    0,00    0,00    0,00    0,00    0,00    0,00    0,00  100,00
18:37:26       8    0,00    0,00    0,00    0,00    0,00    0,00    0,00    0,00    0,00  100,00
18:37:26       9    0,00    0,00    0,00    0,00    0,00    0,00    0,00    0,00    0,00  100,00
18:37:26      10    0,00    0,00    0,00    0,00    0,00    0,00    0,00    0,00    0,00  100,00
18:37:26      11    0,00    0,00    0,00    0,00    0,00    0,00    0,00    0,00    0,00  100,00
18:37:26      12    0,00    0,00    0,00    0,00    0,00    0,00    0,00    0,00    0,00  100,00
18:37:26      13    0,00    0,00    0,00    0,00    0,00    0,00    0,00    0,00    0,00  100,00
18:37:26      14    0,00    0,00    0,00    0,00    0,00    0,00    0,00    0,00    0,00  100,00
18:37:26      15    0,00    0,00    0,00    0,00    0,00    0,00    0,00    0,00    0,00  100,00
18:37:26      16    0,00    0,00    0,00    0,00    0,00    0,00    0,00    0,00    0,00  100,00
18:37:26      17    0,00    0,00    0,00    1,00    0,00    0,00    0,00    0,00    0,00   99,00
18:37:26      18    0,00    0,00    0,00    0,00    0,00    0,00    0,00    0,00    0,00  100,00
18:37:26      19    0,00    0,00    0,00    0,00    0,00    0,00    0,00    0,00    0,00  100,00
18:37:26      20    0,00    0,00    0,00    0,00    0,00    0,00    0,00    0,00    0,00  100,00
18:37:26      21    0,00    0,00    0,00    0,00    0,00    0,00    0,00    0,00    0,00  100,00
18:37:26      22    0,00    0,00    0,00    0,00    0,00    0,00    0,00    0,00    0,00  100,00
18:37:26      23    0,00    0,00    1,00    0,00    0,00    0,00    0,00    0,00    0,00   99,00

18:37:26     CPU    %usr   %nice    %sys %iowait    %irq   %soft  %steal  %guest  %gnice   %idle
18:37:27     all   29,22    0,00    0,00    0,00    0,00    0,00    0,00    0,00    0,00   70,78
18:37:27       0  100,00    0,00    0,00    0,00    0,00    0,00    0,00    0,00    0,00    0,00
18:37:27       1  100,00    0,00    0,00    0,00    0,00    0,00    0,00    0,00    0,00    0,00
18:37:27       2  100,00    0,00    0,00    0,00    0,00    0,00    0,00    0,00    0,00    0,00
18:37:27       3  100,00    0,00    0,00    0,00    0,00    0,00    0,00    0,00    0,00    0,00
18:37:27       4  100,00    0,00    0,00    0,00    0,00    0,00    0,00    0,00    0,00    0,00
18:37:27       5  100,00    0,00    0,00    0,00    0,00    0,00    0,00    0,00    0,00    0,00
18:37:27       6  100,00    0,00    0,00    0,00    0,00    0,00    0,00    0,00    0,00    0,00
18:37:27       7    0,00    0,00    0,00    0,00    0,00    0,00    0,00    0,00    0,00  100,00
18:37:27       8    0,00    0,00    0,00    0,00    0,00    0,00    0,00    0,00    0,00  100,00
18:37:27       9    0,00    0,00    0,00    0,00    0,00    0,00    0,00    0,00    0,00  100,00
18:37:27      10    0,00    0,00    0,00    0,00    0,00    0,00    0,00    0,00    0,00  100,00
18:37:27      11    0,00    0,00    0,00    0,00    0,00    0,00    0,00    0,00    0,00  100,00
18:37:27      12    0,00    0,00    0,00    0,00    0,00    0,00    0,00    0,00    0,00  100,00
18:37:27      13    0,00    0,00    0,00    0,00    0,00    0,00    0,00    0,00    0,00  100,00
18:37:27      14    1,00    0,00    0,00    0,00    0,00    0,00    0,00    0,00    0,00   99,00
18:37:27      15    0,00    0,00    0,00    0,00    0,00    0,00    0,00    0,00    0,00  100,00
18:37:27      16    0,00    0,00    0,00    0,00    0,00    0,00    0,00    0,00    0,00  100,00
18:37:27      17    0,00    0,00    0,00    0,00    0,00    0,00    0,00    0,00    0,00  100,00
18:37:27      18    0,00    0,00    0,00    0,00    0,00    0,00    0,00    0,00    0,00  100,00
18:37:27      19    0,00    0,00    0,00    0,00    0,00    0,00    0,00    0,00    0,00  100,00
18:37:27      20    0,00    0,00    0,00    0,00    0,00    0,00    0,00    0,00    0,00  100,00
18:37:27      21    0,00    0,00    0,00    0,00    0,00    0,00    0,00    0,00    0,00  100,00
18:37:27      22    0,00    0,00    0,00    0,00    0,00    0,00    0,00    0,00    0,00  100,00
18:37:27      23    0,00    0,00    0,00    0,00    0,00    0,00    0,00    0,00    0,00  100,00

18:37:27     CPU    %usr   %nice    %sys %iowait    %irq   %soft  %steal  %guest  %gnice   %idle
18:37:28     all   29,64    0,00    0,17    0,17    0,00    0,00    0,00    0,00    0,00   70,02
18:37:28       0  100,00    0,00    0,00    0,00    0,00    0,00    0,00    0,00    0,00    0,00
18:37:28       1  100,00    0,00    0,00    0,00    0,00    0,00    0,00    0,00    0,00    0,00
18:37:28       2  100,00    0,00    0,00    0,00    0,00    0,00    0,00    0,00    0,00    0,00
18:37:28       3  100,00    0,00    0,00    0,00    0,00    0,00    0,00    0,00    0,00    0,00
18:37:28       4  100,00    0,00    0,00    0,00    0,00    0,00    0,00    0,00    0,00    0,00
18:37:28       5  100,00    0,00    0,00    0,00    0,00    0,00    0,00    0,00    0,00    0,00
18:37:28       6  100,00    0,00    0,00    0,00    0,00    0,00    0,00    0,00    0,00    0,00
18:37:28       7    0,00    0,00    0,00    0,00    0,00    0,00    0,00    0,00    0,00  100,00
18:37:28       8    0,00    0,00    0,00    0,00    0,00    0,00    0,00    0,00    0,00  100,00
18:37:28       9    0,00    0,00    0,00    0,00    0,00    0,00    0,00    0,00    0,00  100,00
18:37:28      10    0,00    0,00    0,00    1,00    0,00    0,00    0,00    0,00    0,00   99,00
18:37:28      11    0,00    0,00    0,00    0,00    0,00    0,00    0,00    0,00    0,00  100,00
18:37:28      12    0,00    0,00    0,00    1,00    0,00    0,00    0,00    0,00    0,00   99,00
18:37:28      13    0,00    0,00    0,00    0,00    0,00    0,00    0,00    0,00    0,00  100,00
18:37:28      14    0,00    0,00    0,00    0,00    0,00    0,00    0,00    0,00    0,00  100,00
18:37:28      15    0,00    0,00    0,00    0,00    0,00    0,00    0,00    0,00    0,00  100,00
18:37:28      16    0,99    0,00    0,99    0,00    0,00    0,00    0,00    0,00    0,00   98,02
18:37:28      17    9,90    0,00    0,99    1,98    0,00    0,00    0,00    0,00    0,00   87,13
18:37:28      18    0,99    0,00    0,99    0,00    0,00    0,00    0,00    0,00    0,00   98,02
18:37:28      19    0,00    0,00    0,00    0,00    0,00    0,00    0,00    0,00    0,00  100,00
18:37:28      20    0,00    0,00    0,00    0,00    0,00    0,00    0,00    0,00    0,00  100,00
18:37:28      21    0,00    0,00    1,00    0,00    0,00    0,00    0,00    0,00    0,00   99,00
18:37:28      22    0,00    0,00    0,00    0,00    0,00    0,00    0,00    0,00    0,00  100,00
18:37:28      23    0,00    0,00    0,00    0,00    0,00    0,00    0,00    0,00    0,00  100,00

18:37:28     CPU    %usr   %nice    %sys %iowait    %irq   %soft  %steal  %guest  %gnice   %idle
18:37:29     all   29,17    0,00    0,00    0,00    0,00    0,00    0,00    0,00    0,00   70,83
18:37:29       0  100,00    0,00    0,00    0,00    0,00    0,00    0,00    0,00    0,00    0,00
18:37:29       1  100,00    0,00    0,00    0,00    0,00    0,00    0,00    0,00    0,00    0,00
18:37:29       2  100,00    0,00    0,00    0,00    0,00    0,00    0,00    0,00    0,00    0,00
18:37:29       3  100,00    0,00    0,00    0,00    0,00    0,00    0,00    0,00    0,00    0,00
18:37:29       4  100,00    0,00    0,00    0,00    0,00    0,00    0,00    0,00    0,00    0,00
18:37:29       5  100,00    0,00    0,00    0,00    0,00    0,00    0,00    0,00    0,00    0,00
18:37:29       6  100,00    0,00    0,00    0,00    0,00    0,00    0,00    0,00    0,00    0,00
18:37:29       7    0,00    0,00    0,00    0,00    0,00    0,00    0,00    0,00    0,00  100,00
18:37:29       8    0,00    0,00    0,00    0,00    0,00    0,00    0,00    0,00    0,00  100,00
18:37:29       9    0,00    0,00    0,00    0,00    0,00    0,00    0,00    0,00    0,00  100,00
18:37:29      10    0,00    0,00    0,00    0,00    0,00    0,00    0,00    0,00    0,00  100,00
18:37:29      11    0,00    0,00    0,00    0,00    0,00    0,00    0,00    0,00    0,00  100,00
18:37:29      12    0,00    0,00    0,00    0,00    0,00    0,00    0,00    0,00    0,00  100,00
18:37:29      13    0,00    0,00    0,00    0,00    0,00    0,00    0,00    0,00    0,00  100,00
18:37:29      14    0,00    0,00    0,00    0,00    0,00    0,00    0,00    0,00    0,00  100,00
18:37:29      15    0,00    0,00    0,00    0,00    0,00    0,00    0,00    0,00    0,00  100,00
18:37:29      16    0,00    0,00    0,00    0,00    0,00    0,00    0,00    0,00    0,00  100,00
18:37:29      17    0,00    0,00    0,00    0,00    0,00    0,00    0,00    0,00    0,00  100,00
18:37:29      18    0,00    0,00    0,00    0,00    0,00    0,00    0,00    0,00    0,00  100,00
18:37:29      19    0,00    0,00    0,00    0,00    0,00    0,00    0,00    0,00    0,00  100,00
18:37:29      20    0,00    0,00    0,00    0,00    0,00    0,00    0,00    0,00    0,00  100,00
18:37:29      21    0,00    0,00    0,00    0,00    0,00    0,00    0,00    0,00    0,00  100,00
18:37:29      22    0,00    0,00    0,00    0,00    0,00    0,00    0,00    0,00    0,00  100,00
18:37:29      23    0,00    0,00    0,00    0,00    0,00    0,00    0,00    0,00    0,00  100,00

18:37:29     CPU    %usr   %nice    %sys %iowait    %irq   %soft  %steal  %guest  %gnice   %idle
18:37:30     all   29,17    0,00    0,00    0,00    0,00    0,00    0,00    0,00    0,00   70,83
18:37:30       0  100,00    0,00    0,00    0,00    0,00    0,00    0,00    0,00    0,00    0,00
18:37:30       1  100,00    0,00    0,00    0,00    0,00    0,00    0,00    0,00    0,00    0,00
18:37:30       2  100,00    0,00    0,00    0,00    0,00    0,00    0,00    0,00    0,00    0,00
18:37:30       3  100,00    0,00    0,00    0,00    0,00    0,00    0,00    0,00    0,00    0,00
18:37:30       4  100,00    0,00    0,00    0,00    0,00    0,00    0,00    0,00    0,00    0,00
18:37:30       5  100,00    0,00    0,00    0,00    0,00    0,00    0,00    0,00    0,00    0,00
18:37:30       6  100,00    0,00    0,00    0,00    0,00    0,00    0,00    0,00    0,00    0,00
18:37:30       7    0,00    0,00    0,00    0,00    0,00    0,00    0,00    0,00    0,00  100,00
18:37:30       8    0,00    0,00    0,00    0,00    0,00    0,00    0,00    0,00    0,00  100,00
18:37:30       9    0,00    0,00    0,00    0,00    0,00    0,00    0,00    0,00    0,00  100,00
18:37:30      10    0,00    0,00    0,00    0,00    0,00    0,00    0,00    0,00    0,00  100,00
18:37:30      11    0,00    0,00    0,00    0,00    0,00    0,00    0,00    0,00    0,00  100,00
18:37:30      12    0,00    0,00    0,00    0,00    0,00    0,00    0,00    0,00    0,00  100,00
18:37:30      13    0,00    0,00    0,00    0,00    0,00    0,00    0,00    0,00    0,00  100,00
18:37:30      14    0,00    0,00    0,00    0,00    0,00    0,00    0,00    0,00    0,00  100,00
18:37:30      15    0,00    0,00    0,00    0,00    0,00    0,00    0,00    0,00    0,00  100,00
18:37:30      16    0,00    0,00    0,00    0,00    0,00    0,00    0,00    0,00    0,00  100,00
18:37:30      17    0,00    0,00    0,00    0,00    0,00    0,00    0,00    0,00    0,00  100,00
18:37:30      18    0,00    0,00    0,00    0,00    0,00    0,00    0,00    0,00    0,00  100,00
18:37:30      19    0,00    0,00    0,00    0,00    0,00    0,00    0,00    0,00    0,00  100,00
18:37:30      20    0,00    0,00    0,00    0,00    0,00    0,00    0,00    0,00    0,00  100,00
18:37:30      21    0,00    0,00    0,00    0,00    0,00    0,00    0,00    0,00    0,00  100,00
18:37:30      22    0,00    0,00    0,00    0,00    0,00    0,00    0,00    0,00    0,00  100,00
18:37:30      23    0,00    0,00    0,00    0,00    0,00    0,00    0,00    0,00    0,00  100,00

18:37:30     CPU    %usr   %nice    %sys %iowait    %irq   %soft  %steal  %guest  %gnice   %idle
18:37:31     all   29,17    0,00    0,00    0,00    0,00    0,00    0,00    0,00    0,00   70,83
18:37:31       0  100,00    0,00    0,00    0,00    0,00    0,00    0,00    0,00    0,00    0,00
18:37:31       1  100,00    0,00    0,00    0,00    0,00    0,00    0,00    0,00    0,00    0,00
18:37:31       2  100,00    0,00    0,00    0,00    0,00    0,00    0,00    0,00    0,00    0,00
18:37:31       3  100,00    0,00    0,00    0,00    0,00    0,00    0,00    0,00    0,00    0,00
18:37:31       4  100,00    0,00    0,00    0,00    0,00    0,00    0,00    0,00    0,00    0,00
18:37:31       5  100,00    0,00    0,00    0,00    0,00    0,00    0,00    0,00    0,00    0,00
18:37:31       6  100,00    0,00    0,00    0,00    0,00    0,00    0,00    0,00    0,00    0,00
18:37:31       7    0,00    0,00    0,00    0,00    0,00    0,00    0,00    0,00    0,00  100,00
18:37:31       8    0,00    0,00    0,00    0,00    0,00    0,00    0,00    0,00    0,00  100,00
18:37:31       9    0,00    0,00    0,00    0,00    0,00    0,00    0,00    0,00    0,00  100,00
18:37:31      10    0,00    0,00    0,00    0,00    0,00    0,00    0,00    0,00    0,00  100,00
18:37:31      11    0,00    0,00    0,00    0,00    0,00    0,00    0,00    0,00    0,00  100,00
18:37:31      12    0,00    0,00    0,00    0,00    0,00    0,00    0,00    0,00    0,00  100,00
18:37:31      13    0,00    0,00    0,00    0,00    0,00    0,00    0,00    0,00    0,00  100,00
18:37:31      14    0,00    0,00    0,00    0,00    0,00    0,00    0,00    0,00    0,00  100,00
18:37:31      15    0,00    0,00    0,00    0,00    0,00    0,00    0,00    0,00    0,00  100,00
18:37:31      16    0,00    0,00    0,00    0,00    0,00    0,00    0,00    0,00    0,00  100,00
18:37:31      17    0,00    0,00    0,00    0,00    0,00    0,00    0,00    0,00    0,00  100,00
18:37:31      18    0,00    0,00    0,00    0,00    0,00    0,00    0,00    0,00    0,00  100,00
18:37:31      19    0,00    0,00    0,00    0,00    0,00    0,00    0,00    0,00    0,00  100,00
18:37:31      20    0,00    0,00    0,00    0,00    0,00    0,00    0,00    0,00    0,00  100,00
18:37:31      21    0,00    0,00    0,00    0,00    0,00    0,00    0,00    0,00    0,00  100,00
18:37:31      22    0,00    0,00    0,00    0,00    0,00    0,00    0,00    0,00    0,00  100,00
18:37:31      23    0,00    0,00    0,00    0,00    0,00    0,00    0,00    0,00    0,00  100,00

18:37:31     CPU    %usr   %nice    %sys %iowait    %irq   %soft  %steal  %guest  %gnice   %idle
18:37:32     all   29,17    0,00    0,04    0,00    0,00    0,00    0,00    0,00    0,00   70,79
18:37:32       0  100,00    0,00    0,00    0,00    0,00    0,00    0,00    0,00    0,00    0,00
18:37:32       1  100,00    0,00    0,00    0,00    0,00    0,00    0,00    0,00    0,00    0,00
18:37:32       2  100,00    0,00    0,00    0,00    0,00    0,00    0,00    0,00    0,00    0,00
18:37:32       3  100,00    0,00    0,00    0,00    0,00    0,00    0,00    0,00    0,00    0,00
18:37:32       4  100,00    0,00    0,00    0,00    0,00    0,00    0,00    0,00    0,00    0,00
18:37:32       5  100,00    0,00    0,00    0,00    0,00    0,00    0,00    0,00    0,00    0,00
18:37:32       6  100,00    0,00    0,00    0,00    0,00    0,00    0,00    0,00    0,00    0,00
18:37:32       7    0,00    0,00    0,00    0,00    0,00    0,00    0,00    0,00    0,00  100,00
18:37:32       8    0,00    0,00    1,00    0,00    0,00    0,00    0,00    0,00    0,00   99,00
18:37:32       9    0,00    0,00    0,00    0,00    0,00    0,00    0,00    0,00    0,00  100,00
18:37:32      10    0,00    0,00    0,00    0,00    0,00    0,00    0,00    0,00    0,00  100,00
18:37:32      11    0,00    0,00    0,00    0,00    0,00    0,00    0,00    0,00    0,00  100,00
18:37:32      12    0,00    0,00    0,00    0,00    0,00    0,00    0,00    0,00    0,00  100,00
18:37:32      13    0,00    0,00    0,00    0,00    0,00    0,00    0,00    0,00    0,00  100,00
18:37:32      14    0,00    0,00    0,00    0,00    0,00    0,00    0,00    0,00    0,00  100,00
18:37:32      15    0,00    0,00    0,00    0,00    0,00    0,00    0,00    0,00    0,00  100,00
18:37:32      16    0,00    0,00    0,00    0,00    0,00    0,00    0,00    0,00    0,00  100,00
18:37:32      17    0,00    0,00    0,00    0,00    0,00    0,00    0,00    0,00    0,00  100,00
18:37:32      18    0,00    0,00    0,00    0,00    0,00    0,00    0,00    0,00    0,00  100,00
18:37:32      19    0,00    0,00    0,00    0,00    0,00    0,00    0,00    0,00    0,00  100,00
18:37:32      20    0,00    0,00    0,00    0,00    0,00    0,00    0,00    0,00    0,00  100,00
18:37:32      21    0,00    0,00    0,00    0,00    0,00    0,00    0,00    0,00    0,00  100,00
18:37:32      22    0,00    0,00    0,00    0,00    0,00    0,00    0,00    0,00    0,00  100,00
18:37:32      23    0,00    0,00    0,00    0,00    0,00    0,00    0,00    0,00    0,00  100,00

18:37:32     CPU    %usr   %nice    %sys %iowait    %irq   %soft  %steal  %guest  %gnice   %idle
18:37:33     all   29,18    0,00    0,00    0,04    0,00    0,00    0,00    0,00    0,00   70,78
18:37:33       0  100,00    0,00    0,00    0,00    0,00    0,00    0,00    0,00    0,00    0,00
18:37:33       1  100,00    0,00    0,00    0,00    0,00    0,00    0,00    0,00    0,00    0,00
18:37:33       2  100,00    0,00    0,00    0,00    0,00    0,00    0,00    0,00    0,00    0,00
18:37:33       3  100,00    0,00    0,00    0,00    0,00    0,00    0,00    0,00    0,00    0,00
18:37:33       4  100,00    0,00    0,00    0,00    0,00    0,00    0,00    0,00    0,00    0,00
18:37:33       5  100,00    0,00    0,00    0,00    0,00    0,00    0,00    0,00    0,00    0,00
18:37:33       6  100,00    0,00    0,00    0,00    0,00    0,00    0,00    0,00    0,00    0,00
18:37:33       7    0,00    0,00    0,00    0,00    0,00    0,00    0,00    0,00    0,00  100,00
18:37:33       8    0,00    0,00    0,00    0,00    0,00    0,00    0,00    0,00    0,00  100,00
18:37:33       9    0,00    0,00    0,00    0,00    0,00    0,00    0,00    0,00    0,00  100,00
18:37:33      10    0,00    0,00    0,00    0,00    0,00    0,00    0,00    0,00    0,00  100,00
18:37:33      11    0,00    0,00    0,00    0,00    0,00    0,00    0,00    0,00    0,00  100,00
18:37:33      12    0,00    0,00    0,00    0,00    0,00    0,00    0,00    0,00    0,00  100,00
18:37:33      13    0,00    0,00    0,00    0,00    0,00    0,00    0,00    0,00    0,00  100,00
18:37:33      14    0,00    0,00    0,00    0,00    0,00    0,00    0,00    0,00    0,00  100,00
18:37:33      15    0,00    0,00    0,00    0,00    0,00    0,00    0,00    0,00    0,00  100,00
18:37:33      16    0,00    0,00    0,00    0,00    0,00    0,00    0,00    0,00    0,00  100,00
18:37:33      17    0,00    0,00    0,00    1,00    0,00    0,00    0,00    0,00    0,00   99,00
18:37:33      18    0,00    0,00    0,00    0,00    0,00    0,00    0,00    0,00    0,00  100,00
18:37:33      19    0,00    0,00    0,00    0,00    0,00    0,00    0,00    0,00    0,00  100,00
18:37:33      20    0,00    0,00    0,00    0,00    0,00    0,00    0,00    0,00    0,00  100,00
18:37:33      21    0,00    0,00    0,00    0,00    0,00    0,00    0,00    0,00    0,00  100,00
18:37:33      22    0,00    0,00    0,00    0,00    0,00    0,00    0,00    0,00    0,00  100,00
18:37:33      23    0,00    0,00    0,00    0,00    0,00    0,00    0,00    0,00    0,00  100,00

18:37:33     CPU    %usr   %nice    %sys %iowait    %irq   %soft  %steal  %guest  %gnice   %idle
18:37:34     all   29,18    0,00    0,04    0,04    0,00    0,00    0,00    0,00    0,00   70,74
18:37:34       0  100,00    0,00    0,00    0,00    0,00    0,00    0,00    0,00    0,00    0,00
18:37:34       1  100,00    0,00    0,00    0,00    0,00    0,00    0,00    0,00    0,00    0,00
18:37:34       2  100,00    0,00    0,00    0,00    0,00    0,00    0,00    0,00    0,00    0,00
18:37:34       3  100,00    0,00    0,00    0,00    0,00    0,00    0,00    0,00    0,00    0,00
18:37:34       4  100,00    0,00    0,00    0,00    0,00    0,00    0,00    0,00    0,00    0,00
18:37:34       5  100,00    0,00    0,00    0,00    0,00    0,00    0,00    0,00    0,00    0,00
18:37:34       6  100,00    0,00    0,00    0,00    0,00    0,00    0,00    0,00    0,00    0,00
18:37:34       7    0,00    0,00    0,00    0,00    0,00    0,00    0,00    0,00    0,00  100,00
18:37:34       8    0,00    0,00    0,00    0,00    0,00    0,00    0,00    0,00    0,00  100,00
18:37:34       9    0,00    0,00    0,00    0,00    0,00    0,00    0,00    0,00    0,00  100,00
18:37:34      10    0,00    0,00    0,00    0,00    0,00    0,00    0,00    0,00    0,00  100,00
18:37:34      11    0,00    0,00    0,00    0,00    0,00    0,00    0,00    0,00    0,00  100,00
18:37:34      12    0,00    0,00    0,00    0,00    0,00    0,00    0,00    0,00    0,00  100,00
18:37:34      13    0,00    0,00    0,00    0,00    0,00    0,00    0,00    0,00    0,00  100,00
18:37:34      14    0,00    0,00    0,00    0,00    0,00    0,00    0,00    0,00    0,00  100,00
18:37:34      15    0,00    0,00    0,00    0,00    0,00    0,00    0,00    0,00    0,00  100,00
18:37:34      16    0,00    0,00    0,00    1,00    0,00    0,00    0,00    0,00    0,00   99,00
18:37:34      17    0,00    0,00    0,00    0,00    0,00    0,00    0,00    0,00    0,00  100,00
18:37:34      18    0,00    0,00    0,00    0,00    0,00    0,00    0,00    0,00    0,00  100,00
18:37:34      19    0,00    0,00    0,00    0,00    0,00    0,00    0,00    0,00    0,00  100,00
18:37:34      20    0,00    0,00    0,00    0,00    0,00    0,00    0,00    0,00    0,00  100,00
18:37:34      21    0,00    0,00    0,00    0,00    0,00    0,00    0,00    0,00    0,00  100,00
18:37:34      22    0,00    0,00    0,99    0,00    0,00    0,00    0,00    0,00    0,00   99,01
18:37:34      23    0,00    0,00    0,00    0,00    0,00    0,00    0,00    0,00    0,00  100,00

18:37:34     CPU    %usr   %nice    %sys %iowait    %irq   %soft  %steal  %guest  %gnice   %idle
18:37:35     all   29,20    0,00    0,00    0,00    0,00    0,00    0,00    0,00    0,00   70,80
18:37:35       0  100,00    0,00    0,00    0,00    0,00    0,00    0,00    0,00    0,00    0,00
18:37:35       1  100,00    0,00    0,00    0,00    0,00    0,00    0,00    0,00    0,00    0,00
18:37:35       2  100,00    0,00    0,00    0,00    0,00    0,00    0,00    0,00    0,00    0,00
18:37:35       3  100,00    0,00    0,00    0,00    0,00    0,00    0,00    0,00    0,00    0,00
18:37:35       4  100,00    0,00    0,00    0,00    0,00    0,00    0,00    0,00    0,00    0,00
18:37:35       5  100,00    0,00    0,00    0,00    0,00    0,00    0,00    0,00    0,00    0,00
18:37:35       6  100,00    0,00    0,00    0,00    0,00    0,00    0,00    0,00    0,00    0,00
18:37:35       7    0,00    0,00    0,00    0,00    0,00    0,00    0,00    0,00    0,00  100,00
18:37:35       8    0,00    0,00    0,00    0,00    0,00    0,00    0,00    0,00    0,00  100,00
18:37:35       9    0,00    0,00    0,00    0,00    0,00    0,00    0,00    0,00    0,00  100,00
18:37:35      10    0,00    0,00    0,00    0,00    0,00    0,00    0,00    0,00    0,00  100,00
18:37:35      11    0,00    0,00    0,00    0,00    0,00    0,00    0,00    0,00    0,00  100,00
18:37:35      12    0,00    0,00    0,00    0,00    0,00    0,00    0,00    0,00    0,00  100,00
18:37:35      13    0,00    0,00    0,00    0,00    0,00    0,00    0,00    0,00    0,00  100,00
18:37:35      14    0,00    0,00    0,00    0,00    0,00    0,00    0,00    0,00    0,00  100,00
18:37:35      15    0,00    0,00    0,00    0,00    0,00    0,00    0,00    0,00    0,00  100,00
18:37:35      16    0,00    0,00    0,00    0,00    0,00    0,00    0,00    0,00    0,00  100,00
18:37:35      17    0,00    0,00    0,00    0,00    0,00    0,00    0,00    0,00    0,00  100,00
18:37:35      18    0,00    0,00    0,00    0,00    0,00    0,00    0,00    0,00    0,00  100,00
18:37:35      19    0,00    0,00    0,00    0,00    0,00    0,00    0,00    0,00    0,00  100,00
18:37:35      20    0,00    0,00    0,00    0,00    0,00    0,00    0,00    0,00    0,00  100,00
18:37:35      21    0,00    0,00    0,00    0,00    0,00    0,00    0,00    0,00    0,00  100,00
18:37:35      22    0,00    0,00    0,00    0,00    0,00    0,00    0,00    0,00    0,00  100,00
18:37:35      23    0,00    0,00    0,00    0,00    0,00    0,00    0,00    0,00    0,00  100,00

18:37:35     CPU    %usr   %nice    %sys %iowait    %irq   %soft  %steal  %guest  %gnice   %idle
18:37:36     all   29,17    0,00    0,00    0,00    0,00    0,00    0,00    0,00    0,00   70,83
18:37:36       0  100,00    0,00    0,00    0,00    0,00    0,00    0,00    0,00    0,00    0,00
18:37:36       1  100,00    0,00    0,00    0,00    0,00    0,00    0,00    0,00    0,00    0,00
18:37:36       2  100,00    0,00    0,00    0,00    0,00    0,00    0,00    0,00    0,00    0,00
18:37:36       3  100,00    0,00    0,00    0,00    0,00    0,00    0,00    0,00    0,00    0,00
18:37:36       4  100,00    0,00    0,00    0,00    0,00    0,00    0,00    0,00    0,00    0,00
18:37:36       5  100,00    0,00    0,00    0,00    0,00    0,00    0,00    0,00    0,00    0,00
18:37:36       6  100,00    0,00    0,00    0,00    0,00    0,00    0,00    0,00    0,00    0,00
18:37:36       7    0,00    0,00    0,00    0,00    0,00    0,00    0,00    0,00    0,00  100,00
18:37:36       8    0,00    0,00    0,00    0,00    0,00    0,00    0,00    0,00    0,00  100,00
18:37:36       9    0,00    0,00    0,00    0,00    0,00    0,00    0,00    0,00    0,00  100,00
18:37:36      10    0,00    0,00    0,00    0,00    0,00    0,00    0,00    0,00    0,00  100,00
18:37:36      11    0,00    0,00    0,00    0,00    0,00    0,00    0,00    0,00    0,00  100,00
18:37:36      12    0,00    0,00    0,00    0,00    0,00    0,00    0,00    0,00    0,00  100,00
18:37:36      13    0,00    0,00    0,00    0,00    0,00    0,00    0,00    0,00    0,00  100,00
18:37:36      14    0,00    0,00    0,00    0,00    0,00    0,00    0,00    0,00    0,00  100,00
18:37:36      15    0,00    0,00    0,00    0,00    0,00    0,00    0,00    0,00    0,00  100,00
18:37:36      16    0,00    0,00    0,00    0,00    0,00    0,00    0,00    0,00    0,00  100,00
18:37:36      17    0,00    0,00    0,00    0,00    0,00    0,00    0,00    0,00    0,00  100,00
18:37:36      18    0,00    0,00    0,00    0,00    0,00    0,00    0,00    0,00    0,00  100,00
18:37:36      19    0,00    0,00    0,00    0,00    0,00    0,00    0,00    0,00    0,00  100,00
18:37:36      20    0,00    0,00    0,00    0,00    0,00    0,00    0,00    0,00    0,00  100,00
18:37:36      21    0,00    0,00    0,00    0,00    0,00    0,00    0,00    0,00    0,00  100,00
18:37:36      22    0,00    0,00    0,00    0,00    0,00    0,00    0,00    0,00    0,00  100,00
18:37:36      23    0,00    0,00    0,00    0,00    0,00    0,00    0,00    0,00    0,00  100,00

18:37:36     CPU    %usr   %nice    %sys %iowait    %irq   %soft  %steal  %guest  %gnice   %idle
18:37:37     all   29,15    0,00    0,00    0,00    0,00    0,00    0,00    0,00    0,00   70,85
18:37:37       0  100,00    0,00    0,00    0,00    0,00    0,00    0,00    0,00    0,00    0,00
18:37:37       1  100,00    0,00    0,00    0,00    0,00    0,00    0,00    0,00    0,00    0,00
18:37:37       2  100,00    0,00    0,00    0,00    0,00    0,00    0,00    0,00    0,00    0,00
18:37:37       3  100,00    0,00    0,00    0,00    0,00    0,00    0,00    0,00    0,00    0,00
18:37:37       4  100,00    0,00    0,00    0,00    0,00    0,00    0,00    0,00    0,00    0,00
18:37:37       5  100,00    0,00    0,00    0,00    0,00    0,00    0,00    0,00    0,00    0,00
18:37:37       6  100,00    0,00    0,00    0,00    0,00    0,00    0,00    0,00    0,00    0,00
18:37:37       7    0,00    0,00    0,00    0,00    0,00    0,00    0,00    0,00    0,00  100,00
18:37:37       8    0,00    0,00    0,00    0,00    0,00    0,00    0,00    0,00    0,00  100,00
18:37:37       9    0,00    0,00    0,00    0,00    0,00    0,00    0,00    0,00    0,00  100,00
18:37:37      10    0,00    0,00    0,00    0,00    0,00    0,00    0,00    0,00    0,00  100,00
18:37:37      11    0,00    0,00    0,00    0,00    0,00    0,00    0,00    0,00    0,00  100,00
18:37:37      12    0,00    0,00    0,00    0,00    0,00    0,00    0,00    0,00    0,00  100,00
18:37:37      13    0,00    0,00    0,00    0,00    0,00    0,00    0,00    0,00    0,00  100,00
18:37:37      14    0,00    0,00    0,00    0,00    0,00    0,00    0,00    0,00    0,00  100,00
18:37:37      15    0,00    0,00    0,00    0,00    0,00    0,00    0,00    0,00    0,00  100,00
18:37:37      16    0,00    0,00    0,00    0,00    0,00    0,00    0,00    0,00    0,00  100,00
18:37:37      17    0,00    0,00    0,00    0,00    0,00    0,00    0,00    0,00    0,00  100,00
18:37:37      18    0,00    0,00    0,00    0,00    0,00    0,00    0,00    0,00    0,00  100,00
18:37:37      19    0,00    0,00    0,00    0,00    0,00    0,00    0,00    0,00    0,00  100,00
18:37:37      20    0,00    0,00    0,00    0,00    0,00    0,00    0,00    0,00    0,00  100,00
18:37:37      21    0,00    0,00    0,00    0,00    0,00    0,00    0,00    0,00    0,00  100,00
18:37:37      22    0,00    0,00    0,00    0,00    0,00    0,00    0,00    0,00    0,00  100,00
18:37:37      23    0,00    0,00    0,00    0,00    0,00    0,00    0,00    0,00    0,00  100,00

18:37:37     CPU    %usr   %nice    %sys %iowait    %irq   %soft  %steal  %guest  %gnice   %idle
18:37:38     all   29,25    0,00    0,00    0,12    0,00    0,00    0,00    0,00    0,00   70,62
18:37:38       0  100,00    0,00    0,00    0,00    0,00    0,00    0,00    0,00    0,00    0,00
18:37:38       1  100,00    0,00    0,00    0,00    0,00    0,00    0,00    0,00    0,00    0,00
18:37:38       2  100,00    0,00    0,00    0,00    0,00    0,00    0,00    0,00    0,00    0,00
18:37:38       3  100,00    0,00    0,00    0,00    0,00    0,00    0,00    0,00    0,00    0,00
18:37:38       4  100,00    0,00    0,00    0,00    0,00    0,00    0,00    0,00    0,00    0,00
18:37:38       5  100,00    0,00    0,00    0,00    0,00    0,00    0,00    0,00    0,00    0,00
18:37:38       6  100,00    0,00    0,00    0,00    0,00    0,00    0,00    0,00    0,00    0,00
18:37:38       7    0,00    0,00    0,00    0,00    0,00    0,00    0,00    0,00    0,00  100,00
18:37:38       8    1,98    0,00    0,00    0,00    0,00    0,00    0,00    0,00    0,00   98,02
18:37:38       9    0,00    0,00    0,00    0,00    0,00    0,00    0,00    0,00    0,00  100,00
18:37:38      10    0,00    0,00    0,00    0,00    0,00    0,00    0,00    0,00    0,00  100,00
18:37:38      11    0,00    0,00    0,00    0,00    0,00    0,00    0,00    0,00    0,00  100,00
18:37:38      12    0,00    0,00    0,00    0,00    0,00    0,00    0,00    0,00    0,00  100,00
18:37:38      13    0,00    0,00    0,00    0,00    0,00    0,00    0,00    0,00    0,00  100,00
18:37:38      14    0,00    0,00    0,00    0,00    0,00    0,00    0,00    0,00    0,00  100,00
18:37:38      15    0,00    0,00    0,00    0,00    0,00    0,00    0,00    0,00    0,00  100,00
18:37:38      16    0,00    0,00    0,00    2,00    0,00    0,00    0,00    0,00    0,00   98,00
18:37:38      17    0,00    0,00    0,00    0,99    0,00    0,00    0,00    0,00    0,00   99,01
18:37:38      18    0,00    0,00    0,00    0,00    0,00    0,00    0,00    0,00    0,00  100,00
18:37:38      19    0,00    0,00    0,00    0,00    0,00    0,00    0,00    0,00    0,00  100,00
18:37:38      20    0,00    0,00    0,00    0,00    0,00    0,00    0,00    0,00    0,00  100,00
18:37:38      21    0,00    0,00    0,00    0,00    0,00    0,00    0,00    0,00    0,00  100,00
18:37:38      22    0,00    0,00    0,00    0,00    0,00    0,00    0,00    0,00    0,00  100,00
18:37:38      23    0,00    0,00    0,00    0,00    0,00    0,00    0,00    0,00    0,00  100,00

18:37:38     CPU    %usr   %nice    %sys %iowait    %irq   %soft  %steal  %guest  %gnice   %idle
18:37:39     all   29,20    0,00    0,00    0,00    0,00    0,00    0,00    0,00    0,00   70,80
18:37:39       0  100,00    0,00    0,00    0,00    0,00    0,00    0,00    0,00    0,00    0,00
18:37:39       1  100,00    0,00    0,00    0,00    0,00    0,00    0,00    0,00    0,00    0,00
18:37:39       2  100,00    0,00    0,00    0,00    0,00    0,00    0,00    0,00    0,00    0,00
18:37:39       3  100,00    0,00    0,00    0,00    0,00    0,00    0,00    0,00    0,00    0,00
18:37:39       4  100,00    0,00    0,00    0,00    0,00    0,00    0,00    0,00    0,00    0,00
18:37:39       5  100,00    0,00    0,00    0,00    0,00    0,00    0,00    0,00    0,00    0,00
18:37:39       6  100,00    0,00    0,00    0,00    0,00    0,00    0,00    0,00    0,00    0,00
18:37:39       7    0,00    0,00    0,00    0,00    0,00    0,00    0,00    0,00    0,00  100,00
18:37:39       8    0,00    0,00    0,00    0,00    0,00    0,00    0,00    0,00    0,00  100,00
18:37:39       9    0,00    0,00    0,00    0,00    0,00    0,00    0,00    0,00    0,00  100,00
18:37:39      10    0,00    0,00    0,00    0,00    0,00    0,00    0,00    0,00    0,00  100,00
18:37:39      11    0,00    0,00    0,00    0,00    0,00    0,00    0,00    0,00    0,00  100,00
18:37:39      12    0,00    0,00    0,00    0,00    0,00    0,00    0,00    0,00    0,00  100,00
18:37:39      13    0,00    0,00    0,00    0,00    0,00    0,00    0,00    0,00    0,00  100,00
18:37:39      14    0,00    0,00    0,00    0,00    0,00    0,00    0,00    0,00    0,00  100,00
18:37:39      15    0,00    0,00    0,00    0,00    0,00    0,00    0,00    0,00    0,00  100,00
18:37:39      16    0,00    0,00    0,00    0,00    0,00    0,00    0,00    0,00    0,00  100,00
18:37:39      17    0,00    0,00    0,00    0,00    0,00    0,00    0,00    0,00    0,00  100,00
18:37:39      18    0,00    0,00    0,00    0,00    0,00    0,00    0,00    0,00    0,00  100,00
18:37:39      19    0,00    0,00    0,00    0,00    0,00    0,00    0,00    0,00    0,00  100,00
18:37:39      20    0,00    0,00    0,00    0,00    0,00    0,00    0,00    0,00    0,00  100,00
18:37:39      21    0,00    0,00    0,00    0,00    0,00    0,00    0,00    0,00    0,00  100,00
18:37:39      22    0,00    0,00    0,00    0,00    0,00    0,00    0,00    0,00    0,00  100,00
18:37:39      23    0,99    0,00    0,00    0,00    0,00    0,00    0,00    0,00    0,00   99,01

18:37:39     CPU    %usr   %nice    %sys %iowait    %irq   %soft  %steal  %guest  %gnice   %idle
18:37:40     all   29,18    0,00    0,00    0,00    0,00    0,00    0,00    0,00    0,00   70,82
18:37:40       0  100,00    0,00    0,00    0,00    0,00    0,00    0,00    0,00    0,00    0,00
18:37:40       1  100,00    0,00    0,00    0,00    0,00    0,00    0,00    0,00    0,00    0,00
18:37:40       2  100,00    0,00    0,00    0,00    0,00    0,00    0,00    0,00    0,00    0,00
18:37:40       3  100,00    0,00    0,00    0,00    0,00    0,00    0,00    0,00    0,00    0,00
18:37:40       4  100,00    0,00    0,00    0,00    0,00    0,00    0,00    0,00    0,00    0,00
18:37:40       5  100,00    0,00    0,00    0,00    0,00    0,00    0,00    0,00    0,00    0,00
18:37:40       6  100,00    0,00    0,00    0,00    0,00    0,00    0,00    0,00    0,00    0,00
18:37:40       7    0,00    0,00    0,00    0,00    0,00    0,00    0,00    0,00    0,00  100,00
18:37:40       8    0,00    0,00    0,00    0,00    0,00    0,00    0,00    0,00    0,00  100,00
18:37:40       9    0,00    0,00    0,00    0,00    0,00    0,00    0,00    0,00    0,00  100,00
18:37:40      10    0,00    0,00    0,00    0,00    0,00    0,00    0,00    0,00    0,00  100,00
18:37:40      11    0,00    0,00    0,00    0,00    0,00    0,00    0,00    0,00    0,00  100,00
18:37:40      12    0,00    0,00    0,00    0,00    0,00    0,00    0,00    0,00    0,00  100,00
18:37:40      13    0,00    0,00    0,00    0,00    0,00    0,00    0,00    0,00    0,00  100,00
18:37:40      14    0,00    0,00    0,00    0,00    0,00    0,00    0,00    0,00    0,00  100,00
18:37:40      15    0,00    0,00    0,00    0,00    0,00    0,00    0,00    0,00    0,00  100,00
18:37:40      16    0,00    0,00    0,00    0,00    0,00    0,00    0,00    0,00    0,00  100,00
18:37:40      17    0,00    0,00    0,00    0,00    0,00    0,00    0,00    0,00    0,00  100,00
18:37:40      18    0,00    0,00    0,00    0,00    0,00    0,00    0,00    0,00    0,00  100,00
18:37:40      19    0,00    0,00    0,00    0,00    0,00    0,00    0,00    0,00    0,00  100,00
18:37:40      20    0,00    0,00    0,00    0,00    0,00    0,00    0,00    0,00    0,00  100,00
18:37:40      21    0,00    0,00    0,00    0,00    0,00    0,00    0,00    0,00    0,00  100,00
18:37:40      22    0,00    0,00    0,00    0,00    0,00    0,00    0,00    0,00    0,00  100,00
18:37:40      23    0,00    0,00    0,00    0,00    0,00    0,00    0,00    0,00    0,00  100,00

18:37:40     CPU    %usr   %nice    %sys %iowait    %irq   %soft  %steal  %guest  %gnice   %idle
18:37:41     all   29,17    0,00    0,00    0,00    0,00    0,00    0,00    0,00    0,00   70,83
18:37:41       0  100,00    0,00    0,00    0,00    0,00    0,00    0,00    0,00    0,00    0,00
18:37:41       1  100,00    0,00    0,00    0,00    0,00    0,00    0,00    0,00    0,00    0,00
18:37:41       2  100,00    0,00    0,00    0,00    0,00    0,00    0,00    0,00    0,00    0,00
18:37:41       3  100,00    0,00    0,00    0,00    0,00    0,00    0,00    0,00    0,00    0,00
18:37:41       4  100,00    0,00    0,00    0,00    0,00    0,00    0,00    0,00    0,00    0,00
18:37:41       5  100,00    0,00    0,00    0,00    0,00    0,00    0,00    0,00    0,00    0,00
18:37:41       6  100,00    0,00    0,00    0,00    0,00    0,00    0,00    0,00    0,00    0,00
18:37:41       7    0,00    0,00    0,00    0,00    0,00    0,00    0,00    0,00    0,00  100,00
18:37:41       8    0,00    0,00    0,00    0,00    0,00    0,00    0,00    0,00    0,00  100,00
18:37:41       9    0,00    0,00    0,00    0,00    0,00    0,00    0,00    0,00    0,00  100,00
18:37:41      10    0,00    0,00    0,00    0,00    0,00    0,00    0,00    0,00    0,00  100,00
18:37:41      11    0,00    0,00    0,00    0,00    0,00    0,00    0,00    0,00    0,00  100,00
18:37:41      12    0,00    0,00    0,00    0,00    0,00    0,00    0,00    0,00    0,00  100,00
18:37:41      13    0,00    0,00    0,00    0,00    0,00    0,00    0,00    0,00    0,00  100,00
18:37:41      14    0,00    0,00    0,00    0,00    0,00    0,00    0,00    0,00    0,00  100,00
18:37:41      15    0,00    0,00    0,00    0,00    0,00    0,00    0,00    0,00    0,00  100,00
18:37:41      16    0,00    0,00    0,00    0,00    0,00    0,00    0,00    0,00    0,00  100,00
18:37:41      17    0,00    0,00    0,00    0,00    0,00    0,00    0,00    0,00    0,00  100,00
18:37:41      18    0,00    0,00    0,00    0,00    0,00    0,00    0,00    0,00    0,00  100,00
18:37:41      19    0,00    0,00    0,00    0,00    0,00    0,00    0,00    0,00    0,00  100,00
18:37:41      20    0,00    0,00    0,00    0,00    0,00    0,00    0,00    0,00    0,00  100,00
18:37:41      21    0,00    0,00    0,00    0,00    0,00    0,00    0,00    0,00    0,00  100,00
18:37:41      22    0,00    0,00    0,00    0,00    0,00    0,00    0,00    0,00    0,00  100,00
18:37:41      23    0,00    0,00    0,00    0,00    0,00    0,00    0,00    0,00    0,00  100,00

18:37:41     CPU    %usr   %nice    %sys %iowait    %irq   %soft  %steal  %guest  %gnice   %idle
18:37:42     all   29,17    0,00    0,00    0,00    0,00    0,00    0,00    0,00    0,00   70,83
18:37:42       0  100,00    0,00    0,00    0,00    0,00    0,00    0,00    0,00    0,00    0,00
18:37:42       1  100,00    0,00    0,00    0,00    0,00    0,00    0,00    0,00    0,00    0,00
18:37:42       2  100,00    0,00    0,00    0,00    0,00    0,00    0,00    0,00    0,00    0,00
18:37:42       3  100,00    0,00    0,00    0,00    0,00    0,00    0,00    0,00    0,00    0,00
18:37:42       4  100,00    0,00    0,00    0,00    0,00    0,00    0,00    0,00    0,00    0,00
18:37:42       5  100,00    0,00    0,00    0,00    0,00    0,00    0,00    0,00    0,00    0,00
18:37:42       6  100,00    0,00    0,00    0,00    0,00    0,00    0,00    0,00    0,00    0,00
18:37:42       7    0,00    0,00    0,00    0,00    0,00    0,00    0,00    0,00    0,00  100,00
18:37:42       8    0,00    0,00    0,00    0,00    0,00    0,00    0,00    0,00    0,00  100,00
18:37:42       9    0,00    0,00    0,00    0,00    0,00    0,00    0,00    0,00    0,00  100,00
18:37:42      10    0,00    0,00    0,00    0,00    0,00    0,00    0,00    0,00    0,00  100,00
18:37:42      11    0,00    0,00    0,00    0,00    0,00    0,00    0,00    0,00    0,00  100,00
18:37:42      12    0,00    0,00    0,00    0,00    0,00    0,00    0,00    0,00    0,00  100,00
18:37:42      13    0,00    0,00    0,00    0,00    0,00    0,00    0,00    0,00    0,00  100,00
18:37:42      14    0,00    0,00    0,00    0,00    0,00    0,00    0,00    0,00    0,00  100,00
18:37:42      15    0,00    0,00    0,00    0,00    0,00    0,00    0,00    0,00    0,00  100,00
18:37:42      16    0,00    0,00    0,00    0,00    0,00    0,00    0,00    0,00    0,00  100,00
18:37:42      17    0,00    0,00    0,00    0,00    0,00    0,00    0,00    0,00    0,00  100,00
18:37:42      18    0,00    0,00    0,00    0,00    0,00    0,00    0,00    0,00    0,00  100,00
18:37:42      19    0,00    0,00    0,00    0,00    0,00    0,00    0,00    0,00    0,00  100,00
18:37:42      20    0,00    0,00    0,00    0,00    0,00    0,00    0,00    0,00    0,00  100,00
18:37:42      21    0,00    0,00    0,00    0,00    0,00    0,00    0,00    0,00    0,00  100,00
18:37:42      22    0,00    0,00    0,00    0,00    0,00    0,00    0,00    0,00    0,00  100,00
18:37:42      23    0,00    0,00    0,00    0,00    0,00    0,00    0,00    0,00    0,00  100,00

18:37:42     CPU    %usr   %nice    %sys %iowait    %irq   %soft  %steal  %guest  %gnice   %idle
18:37:43     all   29,18    0,00    0,00    0,04    0,00    0,00    0,00    0,00    0,00   70,78
18:37:43       0  100,00    0,00    0,00    0,00    0,00    0,00    0,00    0,00    0,00    0,00
18:37:43       1  100,00    0,00    0,00    0,00    0,00    0,00    0,00    0,00    0,00    0,00
18:37:43       2  100,00    0,00    0,00    0,00    0,00    0,00    0,00    0,00    0,00    0,00
18:37:43       3  100,00    0,00    0,00    0,00    0,00    0,00    0,00    0,00    0,00    0,00
18:37:43       4  100,00    0,00    0,00    0,00    0,00    0,00    0,00    0,00    0,00    0,00
18:37:43       5  100,00    0,00    0,00    0,00    0,00    0,00    0,00    0,00    0,00    0,00
18:37:43       6  100,00    0,00    0,00    0,00    0,00    0,00    0,00    0,00    0,00    0,00
18:37:43       7    0,00    0,00    0,00    0,00    0,00    0,00    0,00    0,00    0,00  100,00
18:37:43       8    0,00    0,00    0,00    0,00    0,00    0,00    0,00    0,00    0,00  100,00
18:37:43       9    0,00    0,00    0,00    0,00    0,00    0,00    0,00    0,00    0,00  100,00
18:37:43      10    0,00    0,00    0,00    0,00    0,00    0,00    0,00    0,00    0,00  100,00
18:37:43      11    0,00    0,00    0,00    0,00    0,00    0,00    0,00    0,00    0,00  100,00
18:37:43      12    0,00    0,00    0,00    0,00    0,00    0,00    0,00    0,00    0,00  100,00
18:37:43      13    0,00    0,00    0,00    0,00    0,00    0,00    0,00    0,00    0,00  100,00
18:37:43      14    0,00    0,00    0,00    0,00    0,00    0,00    0,00    0,00    0,00  100,00
18:37:43      15    0,00    0,00    0,00    0,00    0,00    0,00    0,00    0,00    0,00  100,00
18:37:43      16    0,00    0,00    0,00    0,00    0,00    0,00    0,00    0,00    0,00  100,00
18:37:43      17    0,00    0,00    0,00    1,01    0,00    0,00    0,00    0,00    0,00   98,99
18:37:43      18    0,00    0,00    0,00    0,00    0,00    0,00    0,00    0,00    0,00  100,00
18:37:43      19    0,00    0,00    0,00    0,00    0,00    0,00    0,00    0,00    0,00  100,00
18:37:43      20    0,00    0,00    0,00    0,00    0,00    0,00    0,00    0,00    0,00  100,00
18:37:43      21    0,00    0,00    0,00    0,00    0,00    0,00    0,00    0,00    0,00  100,00
18:37:43      22    0,00    0,00    0,00    0,00    0,00    0,00    0,00    0,00    0,00  100,00
18:37:43      23    0,00    0,00    0,00    0,00    0,00    0,00    0,00    0,00    0,00  100,00

18:37:43     CPU    %usr   %nice    %sys %iowait    %irq   %soft  %steal  %guest  %gnice   %idle
18:37:44     all   29,17    0,00    0,00    0,00    0,00    0,00    0,00    0,00    0,00   70,83
18:37:44       0  100,00    0,00    0,00    0,00    0,00    0,00    0,00    0,00    0,00    0,00
18:37:44       1  100,00    0,00    0,00    0,00    0,00    0,00    0,00    0,00    0,00    0,00
18:37:44       2  100,00    0,00    0,00    0,00    0,00    0,00    0,00    0,00    0,00    0,00
18:37:44       3  100,00    0,00    0,00    0,00    0,00    0,00    0,00    0,00    0,00    0,00
18:37:44       4  100,00    0,00    0,00    0,00    0,00    0,00    0,00    0,00    0,00    0,00
18:37:44       5  100,00    0,00    0,00    0,00    0,00    0,00    0,00    0,00    0,00    0,00
18:37:44       6  100,00    0,00    0,00    0,00    0,00    0,00    0,00    0,00    0,00    0,00
18:37:44       7    0,00    0,00    0,00    0,00    0,00    0,00    0,00    0,00    0,00  100,00
18:37:44       8    0,00    0,00    0,00    0,00    0,00    0,00    0,00    0,00    0,00  100,00
18:37:44       9    0,00    0,00    0,00    0,00    0,00    0,00    0,00    0,00    0,00  100,00
18:37:44      10    0,00    0,00    0,00    0,00    0,00    0,00    0,00    0,00    0,00  100,00
18:37:44      11    0,00    0,00    0,00    0,00    0,00    0,00    0,00    0,00    0,00  100,00
18:37:44      12    0,00    0,00    0,00    0,00    0,00    0,00    0,00    0,00    0,00  100,00
18:37:44      13    0,00    0,00    0,00    0,00    0,00    0,00    0,00    0,00    0,00  100,00
18:37:44      14    0,00    0,00    0,00    0,00    0,00    0,00    0,00    0,00    0,00  100,00
18:37:44      15    0,00    0,00    0,00    0,00    0,00    0,00    0,00    0,00    0,00  100,00
18:37:44      16    0,00    0,00    0,00    0,00    0,00    0,00    0,00    0,00    0,00  100,00
18:37:44      17    0,00    0,00    0,00    0,00    0,00    0,00    0,00    0,00    0,00  100,00
18:37:44      18    0,00    0,00    0,00    0,00    0,00    0,00    0,00    0,00    0,00  100,00
18:37:44      19    0,00    0,00    0,00    0,00    0,00    0,00    0,00    0,00    0,00  100,00
18:37:44      20    0,00    0,00    0,00    0,00    0,00    0,00    0,00    0,00    0,00  100,00
18:37:44      21    0,00    0,00    0,00    0,00    0,00    0,00    0,00    0,00    0,00  100,00
18:37:44      22    0,00    0,00    0,00    0,00    0,00    0,00    0,00    0,00    0,00  100,00
18:37:44      23    0,00    0,00    0,00    0,00    0,00    0,00    0,00    0,00    0,00  100,00

18:37:44     CPU    %usr   %nice    %sys %iowait    %irq   %soft  %steal  %guest  %gnice   %idle
18:37:45     all   29,17    0,00    0,00    0,00    0,00    0,00    0,00    0,00    0,00   70,83
18:37:45       0  100,00    0,00    0,00    0,00    0,00    0,00    0,00    0,00    0,00    0,00
18:37:45       1  100,00    0,00    0,00    0,00    0,00    0,00    0,00    0,00    0,00    0,00
18:37:45       2  100,00    0,00    0,00    0,00    0,00    0,00    0,00    0,00    0,00    0,00
18:37:45       3  100,00    0,00    0,00    0,00    0,00    0,00    0,00    0,00    0,00    0,00
18:37:45       4  100,00    0,00    0,00    0,00    0,00    0,00    0,00    0,00    0,00    0,00
18:37:45       5  100,00    0,00    0,00    0,00    0,00    0,00    0,00    0,00    0,00    0,00
18:37:45       6  100,00    0,00    0,00    0,00    0,00    0,00    0,00    0,00    0,00    0,00
18:37:45       7    0,00    0,00    0,00    0,00    0,00    0,00    0,00    0,00    0,00  100,00
18:37:45       8    0,00    0,00    0,00    0,00    0,00    0,00    0,00    0,00    0,00  100,00
18:37:45       9    0,00    0,00    0,00    0,00    0,00    0,00    0,00    0,00    0,00  100,00
18:37:45      10    0,00    0,00    0,00    0,00    0,00    0,00    0,00    0,00    0,00  100,00
18:37:45      11    0,00    0,00    0,00    0,00    0,00    0,00    0,00    0,00    0,00  100,00
18:37:45      12    0,00    0,00    0,00    0,00    0,00    0,00    0,00    0,00    0,00  100,00
18:37:45      13    0,00    0,00    0,00    0,00    0,00    0,00    0,00    0,00    0,00  100,00
18:37:45      14    0,00    0,00    0,00    0,00    0,00    0,00    0,00    0,00    0,00  100,00
18:37:45      15    0,00    0,00    0,00    0,00    0,00    0,00    0,00    0,00    0,00  100,00
18:37:45      16    0,00    0,00    0,00    0,00    0,00    0,00    0,00    0,00    0,00  100,00
18:37:45      17    0,00    0,00    0,00    0,00    0,00    0,00    0,00    0,00    0,00  100,00
18:37:45      18    0,00    0,00    0,00    0,00    0,00    0,00    0,00    0,00    0,00  100,00
18:37:45      19    0,00    0,00    0,00    0,00    0,00    0,00    0,00    0,00    0,00  100,00
18:37:45      20    0,00    0,00    0,00    0,00    0,00    0,00    0,00    0,00    0,00  100,00
18:37:45      21    0,00    0,00    0,00    0,00    0,00    0,00    0,00    0,00    0,00  100,00
18:37:45      22    0,00    0,00    0,00    0,00    0,00    0,00    0,00    0,00    0,00  100,00
18:37:45      23    0,00    0,00    0,00    0,00    0,00    0,00    0,00    0,00    0,00  100,00

18:37:45     CPU    %usr   %nice    %sys %iowait    %irq   %soft  %steal  %guest  %gnice   %idle
18:37:46     all   29,17    0,00    0,00    0,00    0,00    0,00    0,00    0,00    0,00   70,83
18:37:46       0  100,00    0,00    0,00    0,00    0,00    0,00    0,00    0,00    0,00    0,00
18:37:46       1  100,00    0,00    0,00    0,00    0,00    0,00    0,00    0,00    0,00    0,00
18:37:46       2  100,00    0,00    0,00    0,00    0,00    0,00    0,00    0,00    0,00    0,00
18:37:46       3  100,00    0,00    0,00    0,00    0,00    0,00    0,00    0,00    0,00    0,00
18:37:46       4  100,00    0,00    0,00    0,00    0,00    0,00    0,00    0,00    0,00    0,00
18:37:46       5  100,00    0,00    0,00    0,00    0,00    0,00    0,00    0,00    0,00    0,00
18:37:46       6  100,00    0,00    0,00    0,00    0,00    0,00    0,00    0,00    0,00    0,00
18:37:46       7    0,00    0,00    0,00    0,00    0,00    0,00    0,00    0,00    0,00  100,00
18:37:46       8    0,00    0,00    0,00    0,00    0,00    0,00    0,00    0,00    0,00  100,00
18:37:46       9    0,00    0,00    0,00    0,00    0,00    0,00    0,00    0,00    0,00  100,00
18:37:46      10    0,00    0,00    0,00    0,00    0,00    0,00    0,00    0,00    0,00  100,00
18:37:46      11    0,00    0,00    0,00    0,00    0,00    0,00    0,00    0,00    0,00  100,00
18:37:46      12    0,00    0,00    0,00    0,00    0,00    0,00    0,00    0,00    0,00  100,00
18:37:46      13    0,00    0,00    0,00    0,00    0,00    0,00    0,00    0,00    0,00  100,00
18:37:46      14    0,00    0,00    0,00    0,00    0,00    0,00    0,00    0,00    0,00  100,00
18:37:46      15    0,00    0,00    0,00    0,00    0,00    0,00    0,00    0,00    0,00  100,00
18:37:46      16    0,00    0,00    0,00    0,00    0,00    0,00    0,00    0,00    0,00  100,00
18:37:46      17    0,00    0,00    0,00    0,00    0,00    0,00    0,00    0,00    0,00  100,00
18:37:46      18    0,00    0,00    0,00    0,00    0,00    0,00    0,00    0,00    0,00  100,00
18:37:46      19    0,00    0,00    0,00    0,00    0,00    0,00    0,00    0,00    0,00  100,00
18:37:46      20    0,00    0,00    0,00    0,00    0,00    0,00    0,00    0,00    0,00  100,00
18:37:46      21    0,00    0,00    0,00    0,00    0,00    0,00    0,00    0,00    0,00  100,00
18:37:46      22    0,00    0,00    0,00    0,00    0,00    0,00    0,00    0,00    0,00  100,00
18:37:46      23    0,00    0,00    0,00    0,00    0,00    0,00    0,00    0,00    0,00  100,00

18:37:46     CPU    %usr   %nice    %sys %iowait    %irq   %soft  %steal  %guest  %gnice   %idle
18:37:47     all   29,19    0,00    0,00    0,00    0,00    0,00    0,00    0,00    0,00   70,81
18:37:47       0  100,00    0,00    0,00    0,00    0,00    0,00    0,00    0,00    0,00    0,00
18:37:47       1  100,00    0,00    0,00    0,00    0,00    0,00    0,00    0,00    0,00    0,00
18:37:47       2  100,00    0,00    0,00    0,00    0,00    0,00    0,00    0,00    0,00    0,00
18:37:47       3  100,00    0,00    0,00    0,00    0,00    0,00    0,00    0,00    0,00    0,00
18:37:47       4  100,00    0,00    0,00    0,00    0,00    0,00    0,00    0,00    0,00    0,00
18:37:47       5  100,00    0,00    0,00    0,00    0,00    0,00    0,00    0,00    0,00    0,00
18:37:47       6  100,00    0,00    0,00    0,00    0,00    0,00    0,00    0,00    0,00    0,00
18:37:47       7    0,00    0,00    0,00    0,00    0,00    0,00    0,00    0,00    0,00  100,00
18:37:47       8    0,00    0,00    0,00    0,00    0,00    0,00    0,00    0,00    0,00  100,00
18:37:47       9    0,00    0,00    0,00    0,00    0,00    0,00    0,00    0,00    0,00  100,00
18:37:47      10    0,00    0,00    0,00    0,00    0,00    0,00    0,00    0,00    0,00  100,00
18:37:47      11    0,00    0,00    0,00    0,00    0,00    0,00    0,00    0,00    0,00  100,00
18:37:47      12    0,00    0,00    0,00    0,00    0,00    0,00    0,00    0,00    0,00  100,00
18:37:47      13    0,00    0,00    0,00    0,00    0,00    0,00    0,00    0,00    0,00  100,00
18:37:47      14    0,00    0,00    0,00    0,00    0,00    0,00    0,00    0,00    0,00  100,00
18:37:47      15    0,00    0,00    0,00    0,00    0,00    0,00    0,00    0,00    0,00  100,00
18:37:47      16    0,00    0,00    0,00    0,00    0,00    0,00    0,00    0,00    0,00  100,00
18:37:47      17    0,00    0,00    0,00    0,00    0,00    0,00    0,00    0,00    0,00  100,00
18:37:47      18    0,00    0,00    0,00    0,00    0,00    0,00    0,00    0,00    0,00  100,00
18:37:47      19    0,00    0,00    0,00    0,00    0,00    0,00    0,00    0,00    0,00  100,00
18:37:47      20    0,00    0,00    0,00    0,00    0,00    0,00    0,00    0,00    0,00  100,00
18:37:47      21    0,00    0,00    0,00    0,00    0,00    0,00    0,00    0,00    0,00  100,00
18:37:47      22    0,00    0,00    0,00    0,00    0,00    0,00    0,00    0,00    0,00  100,00
18:37:47      23    0,00    0,00    0,00    0,00    0,00    0,00    0,00    0,00    0,00  100,00

18:37:47     CPU    %usr   %nice    %sys %iowait    %irq   %soft  %steal  %guest  %gnice   %idle
18:37:48     all   29,17    0,00    0,00    0,00    0,00    0,00    0,00    0,00    0,00   70,83
18:37:48       0  100,00    0,00    0,00    0,00    0,00    0,00    0,00    0,00    0,00    0,00
18:37:48       1  100,00    0,00    0,00    0,00    0,00    0,00    0,00    0,00    0,00    0,00
18:37:48       2  100,00    0,00    0,00    0,00    0,00    0,00    0,00    0,00    0,00    0,00
18:37:48       3  100,00    0,00    0,00    0,00    0,00    0,00    0,00    0,00    0,00    0,00
18:37:48       4  100,00    0,00    0,00    0,00    0,00    0,00    0,00    0,00    0,00    0,00
18:37:48       5  100,00    0,00    0,00    0,00    0,00    0,00    0,00    0,00    0,00    0,00
18:37:48       6  100,00    0,00    0,00    0,00    0,00    0,00    0,00    0,00    0,00    0,00
18:37:48       7    0,00    0,00    0,00    0,00    0,00    0,00    0,00    0,00    0,00  100,00
18:37:48       8    0,00    0,00    0,00    0,00    0,00    0,00    0,00    0,00    0,00  100,00
18:37:48       9    0,00    0,00    0,00    0,00    0,00    0,00    0,00    0,00    0,00  100,00
18:37:48      10    0,00    0,00    0,00    0,00    0,00    0,00    0,00    0,00    0,00  100,00
18:37:48      11    0,00    0,00    0,00    0,00    0,00    0,00    0,00    0,00    0,00  100,00
18:37:48      12    0,00    0,00    0,00    0,00    0,00    0,00    0,00    0,00    0,00  100,00
18:37:48      13    0,00    0,00    0,00    0,00    0,00    0,00    0,00    0,00    0,00  100,00
18:37:48      14    0,00    0,00    0,00    0,00    0,00    0,00    0,00    0,00    0,00  100,00
18:37:48      15    0,00    0,00    0,00    0,00    0,00    0,00    0,00    0,00    0,00  100,00
18:37:48      16    0,00    0,00    0,00    0,00    0,00    0,00    0,00    0,00    0,00  100,00
18:37:48      17    0,00    0,00    0,00    0,00    0,00    0,00    0,00    0,00    0,00  100,00
18:37:48      18    0,00    0,00    0,00    0,00    0,00    0,00    0,00    0,00    0,00  100,00
18:37:48      19    0,00    0,00    0,00    0,00    0,00    0,00    0,00    0,00    0,00  100,00
18:37:48      20    0,00    0,00    0,00    0,00    0,00    0,00    0,00    0,00    0,00  100,00
18:37:48      21    0,00    0,00    0,00    0,00    0,00    0,00    0,00    0,00    0,00  100,00
18:37:48      22    0,00    0,00    0,00    0,00    0,00    0,00    0,00    0,00    0,00  100,00
18:37:48      23    0,00    0,00    0,00    0,00    0,00    0,00    0,00    0,00    0,00  100,00

18:37:48     CPU    %usr   %nice    %sys %iowait    %irq   %soft  %steal  %guest  %gnice   %idle
18:37:49     all   29,15    0,00    0,00    0,12    0,00    0,00    0,00    0,00    0,00   70,72
18:37:49       0  100,00    0,00    0,00    0,00    0,00    0,00    0,00    0,00    0,00    0,00
18:37:49       1  100,00    0,00    0,00    0,00    0,00    0,00    0,00    0,00    0,00    0,00
18:37:49       2  100,00    0,00    0,00    0,00    0,00    0,00    0,00    0,00    0,00    0,00
18:37:49       3  100,00    0,00    0,00    0,00    0,00    0,00    0,00    0,00    0,00    0,00
18:37:49       4  100,00    0,00    0,00    0,00    0,00    0,00    0,00    0,00    0,00    0,00
18:37:49       5  100,00    0,00    0,00    0,00    0,00    0,00    0,00    0,00    0,00    0,00
18:37:49       6  100,00    0,00    0,00    0,00    0,00    0,00    0,00    0,00    0,00    0,00
18:37:49       7    0,00    0,00    0,00    0,00    0,00    0,00    0,00    0,00    0,00  100,00
18:37:49       8    0,00    0,00    0,00    0,00    0,00    0,00    0,00    0,00    0,00  100,00
18:37:49       9    0,00    0,00    0,00    0,00    0,00    0,00    0,00    0,00    0,00  100,00
18:37:49      10    0,00    0,00    0,00    0,00    0,00    0,00    0,00    0,00    0,00  100,00
18:37:49      11    0,00    0,00    0,00    0,00    0,00    0,00    0,00    0,00    0,00  100,00
18:37:49      12    0,00    0,00    0,00    0,00    0,00    0,00    0,00    0,00    0,00  100,00
18:37:49      13    0,00    0,00    0,00    0,00    0,00    0,00    0,00    0,00    0,00  100,00
18:37:49      14    0,00    0,00    0,00    0,00    0,00    0,00    0,00    0,00    0,00  100,00
18:37:49      15    0,00    0,00    0,00    0,00    0,00    0,00    0,00    0,00    0,00  100,00
18:37:49      16    0,00    0,00    0,00    0,00    0,00    0,00    0,00    0,00    0,00  100,00
18:37:49      17    0,00    0,00    0,00    1,98    0,00    0,00    0,00    0,00    0,00   98,02
18:37:49      18    0,00    0,00    0,00    0,00    0,00    0,00    0,00    0,00    0,00  100,00
18:37:49      19    0,00    0,00    0,00    0,00    0,00    0,00    0,00    0,00    0,00  100,00
18:37:49      20    0,00    0,00    0,00    0,00    0,00    0,00    0,00    0,00    0,00  100,00
18:37:49      21    0,00    0,00    0,00    0,00    0,00    0,00    0,00    0,00    0,00  100,00
18:37:49      22    0,00    0,00    0,00    0,00    0,00    0,00    0,00    0,00    0,00  100,00
18:37:49      23    0,00    0,00    0,00    1,00    0,00    0,00    0,00    0,00    0,00   99,00

18:37:49     CPU    %usr   %nice    %sys %iowait    %irq   %soft  %steal  %guest  %gnice   %idle
18:37:50     all   29,14    0,00    0,04    0,00    0,00    0,00    0,00    0,00    0,00   70,82
18:37:50       0  100,00    0,00    0,00    0,00    0,00    0,00    0,00    0,00    0,00    0,00
18:37:50       1  100,00    0,00    0,00    0,00    0,00    0,00    0,00    0,00    0,00    0,00
18:37:50       2  100,00    0,00    0,00    0,00    0,00    0,00    0,00    0,00    0,00    0,00
18:37:50       3  100,00    0,00    0,00    0,00    0,00    0,00    0,00    0,00    0,00    0,00
18:37:50       4  100,00    0,00    0,00    0,00    0,00    0,00    0,00    0,00    0,00    0,00
18:37:50       5  100,00    0,00    0,00    0,00    0,00    0,00    0,00    0,00    0,00    0,00
18:37:50       6  100,00    0,00    0,00    0,00    0,00    0,00    0,00    0,00    0,00    0,00
18:37:50       7    0,00    0,00    0,00    0,00    0,00    0,00    0,00    0,00    0,00  100,00
18:37:50       8    0,00    0,00    0,00    0,00    0,00    0,00    0,00    0,00    0,00  100,00
18:37:50       9    0,00    0,00    0,00    0,00    0,00    0,00    0,00    0,00    0,00  100,00
18:37:50      10    0,00    0,00    0,00    0,00    0,00    0,00    0,00    0,00    0,00  100,00
18:37:50      11    0,00    0,00    0,00    0,00    0,00    0,00    0,00    0,00    0,00  100,00
18:37:50      12    0,00    0,00    0,00    0,00    0,00    0,00    0,00    0,00    0,00  100,00
18:37:50      13    0,00    0,00    0,00    0,00    0,00    0,00    0,00    0,00    0,00  100,00
18:37:50      14    0,00    0,00    0,00    0,00    0,00    0,00    0,00    0,00    0,00  100,00
18:37:50      15    0,00    0,00    0,00    0,00    0,00    0,00    0,00    0,00    0,00  100,00
18:37:50      16    0,00    0,00    0,00    0,00    0,00    0,00    0,00    0,00    0,00  100,00
18:37:50      17    0,00    0,00    0,00    0,00    0,00    0,00    0,00    0,00    0,00  100,00
18:37:50      18    0,00    0,00    0,00    0,00    0,00    0,00    0,00    0,00    0,00  100,00
18:37:50      19    0,00    0,00    0,00    0,00    0,00    0,00    0,00    0,00    0,00  100,00
18:37:50      20    0,00    0,00    0,00    0,00    0,00    0,00    0,00    0,00    0,00  100,00
18:37:50      21    0,00    0,00    0,00    0,00    0,00    0,00    0,00    0,00    0,00  100,00
18:37:50      22    0,00    0,00    0,00    0,00    0,00    0,00    0,00    0,00    0,00  100,00
18:37:50      23    0,00    0,00    0,99    0,00    0,00    0,00    0,00    0,00    0,00   99,01

18:37:50     CPU    %usr   %nice    %sys %iowait    %irq   %soft  %steal  %guest  %gnice   %idle
18:37:51     all   29,20    0,00    0,00    0,00    0,00    0,00    0,00    0,00    0,00   70,80
18:37:51       0  100,00    0,00    0,00    0,00    0,00    0,00    0,00    0,00    0,00    0,00
18:37:51       1  100,00    0,00    0,00    0,00    0,00    0,00    0,00    0,00    0,00    0,00
18:37:51       2  100,00    0,00    0,00    0,00    0,00    0,00    0,00    0,00    0,00    0,00
18:37:51       3  100,00    0,00    0,00    0,00    0,00    0,00    0,00    0,00    0,00    0,00
18:37:51       4  100,00    0,00    0,00    0,00    0,00    0,00    0,00    0,00    0,00    0,00
18:37:51       5  100,00    0,00    0,00    0,00    0,00    0,00    0,00    0,00    0,00    0,00
18:37:51       6  100,00    0,00    0,00    0,00    0,00    0,00    0,00    0,00    0,00    0,00
18:37:51       7    0,00    0,00    0,00    0,00    0,00    0,00    0,00    0,00    0,00  100,00
18:37:51       8    0,00    0,00    0,00    0,00    0,00    0,00    0,00    0,00    0,00  100,00
18:37:51       9    0,00    0,00    0,00    0,00    0,00    0,00    0,00    0,00    0,00  100,00
18:37:51      10    0,00    0,00    0,00    0,00    0,00    0,00    0,00    0,00    0,00  100,00
18:37:51      11    0,00    0,00    0,00    0,00    0,00    0,00    0,00    0,00    0,00  100,00
18:37:51      12    0,00    0,00    0,00    0,00    0,00    0,00    0,00    0,00    0,00  100,00
18:37:51      13    0,00    0,00    0,00    0,00    0,00    0,00    0,00    0,00    0,00  100,00
18:37:51      14    0,00    0,00    0,00    0,00    0,00    0,00    0,00    0,00    0,00  100,00
18:37:51      15    0,00    0,00    0,00    0,00    0,00    0,00    0,00    0,00    0,00  100,00
18:37:51      16    0,00    0,00    0,00    0,00    0,00    0,00    0,00    0,00    0,00  100,00
18:37:51      17    0,00    0,00    0,00    0,00    0,00    0,00    0,00    0,00    0,00  100,00
18:37:51      18    0,00    0,00    0,00    0,00    0,00    0,00    0,00    0,00    0,00  100,00
18:37:51      19    0,99    0,00    0,00    0,00    0,00    0,00    0,00    0,00    0,00   99,01
18:37:51      20    0,00    0,00    0,00    0,00    0,00    0,00    0,00    0,00    0,00  100,00
18:37:51      21    0,00    0,00    0,00    0,00    0,00    0,00    0,00    0,00    0,00  100,00
18:37:51      22    0,00    0,00    0,00    0,00    0,00    0,00    0,00    0,00    0,00  100,00
18:37:51      23    0,00    0,00    0,00    0,00    0,00    0,00    0,00    0,00    0,00  100,00

18:37:51     CPU    %usr   %nice    %sys %iowait    %irq   %soft  %steal  %guest  %gnice   %idle
18:37:52     all   29,20    0,00    0,00    0,00    0,00    0,00    0,00    0,00    0,00   70,80
18:37:52       0  100,00    0,00    0,00    0,00    0,00    0,00    0,00    0,00    0,00    0,00
18:37:52       1  100,00    0,00    0,00    0,00    0,00    0,00    0,00    0,00    0,00    0,00
18:37:52       2  100,00    0,00    0,00    0,00    0,00    0,00    0,00    0,00    0,00    0,00
18:37:52       3  100,00    0,00    0,00    0,00    0,00    0,00    0,00    0,00    0,00    0,00
18:37:52       4  100,00    0,00    0,00    0,00    0,00    0,00    0,00    0,00    0,00    0,00
18:37:52       5  100,00    0,00    0,00    0,00    0,00    0,00    0,00    0,00    0,00    0,00
18:37:52       6  100,00    0,00    0,00    0,00    0,00    0,00    0,00    0,00    0,00    0,00
18:37:52       7    0,00    0,00    0,00    0,00    0,00    0,00    0,00    0,00    0,00  100,00
18:37:52       8    0,00    0,00    0,00    0,00    0,00    0,00    0,00    0,00    0,00  100,00
18:37:52       9    0,00    0,00    0,00    0,00    0,00    0,00    0,00    0,00    0,00  100,00
18:37:52      10    0,00    0,00    0,00    0,00    0,00    0,00    0,00    0,00    0,00  100,00
18:37:52      11    0,00    0,00    0,00    0,00    0,00    0,00    0,00    0,00    0,00  100,00
18:37:52      12    0,00    0,00    0,00    0,00    0,00    0,00    0,00    0,00    0,00  100,00
18:37:52      13    0,00    0,00    0,00    0,00    0,00    0,00    0,00    0,00    0,00  100,00
18:37:52      14    0,00    0,00    0,00    0,00    0,00    0,00    0,00    0,00    0,00  100,00
18:37:52      15    0,00    0,00    0,00    0,00    0,00    0,00    0,00    0,00    0,00  100,00
18:37:52      16    0,00    0,00    0,00    0,00    0,00    0,00    0,00    0,00    0,00  100,00
18:37:52      17    0,00    0,00    0,00    0,00    0,00    0,00    0,00    0,00    0,00  100,00
18:37:52      18    0,00    0,00    0,00    0,00    0,00    0,00    0,00    0,00    0,00  100,00
18:37:52      19    0,00    0,00    0,00    0,00    0,00    0,00    0,00    0,00    0,00  100,00
18:37:52      20    0,00    0,00    0,00    0,00    0,00    0,00    0,00    0,00    0,00  100,00
18:37:52      21    0,00    0,00    0,00    0,00    0,00    0,00    0,00    0,00    0,00  100,00
18:37:52      22    0,00    0,00    0,00    0,00    0,00    0,00    0,00    0,00    0,00  100,00
18:37:52      23    0,00    0,00    0,00    0,00    0,00    0,00    0,00    0,00    0,00  100,00

18:37:52     CPU    %usr   %nice    %sys %iowait    %irq   %soft  %steal  %guest  %gnice   %idle
18:37:53     all   29,18    0,00    0,00    0,00    0,00    0,00    0,00    0,00    0,00   70,82
18:37:53       0  100,00    0,00    0,00    0,00    0,00    0,00    0,00    0,00    0,00    0,00
18:37:53       1  100,00    0,00    0,00    0,00    0,00    0,00    0,00    0,00    0,00    0,00
18:37:53       2  100,00    0,00    0,00    0,00    0,00    0,00    0,00    0,00    0,00    0,00
18:37:53       3  100,00    0,00    0,00    0,00    0,00    0,00    0,00    0,00    0,00    0,00
18:37:53       4  100,00    0,00    0,00    0,00    0,00    0,00    0,00    0,00    0,00    0,00
18:37:53       5  100,00    0,00    0,00    0,00    0,00    0,00    0,00    0,00    0,00    0,00
18:37:53       6  100,00    0,00    0,00    0,00    0,00    0,00    0,00    0,00    0,00    0,00
18:37:53       7    0,00    0,00    0,00    0,00    0,00    0,00    0,00    0,00    0,00  100,00
18:37:53       8    0,00    0,00    0,00    0,00    0,00    0,00    0,00    0,00    0,00  100,00
18:37:53       9    0,00    0,00    0,00    0,00    0,00    0,00    0,00    0,00    0,00  100,00
18:37:53      10    0,00    0,00    0,00    0,00    0,00    0,00    0,00    0,00    0,00  100,00
18:37:53      11    0,00    0,00    0,00    0,00    0,00    0,00    0,00    0,00    0,00  100,00
18:37:53      12    0,00    0,00    0,00    0,00    0,00    0,00    0,00    0,00    0,00  100,00
18:37:53      13    0,00    0,00    0,00    0,00    0,00    0,00    0,00    0,00    0,00  100,00
18:37:53      14    0,00    0,00    0,00    0,00    0,00    0,00    0,00    0,00    0,00  100,00
18:37:53      15    0,00    0,00    0,00    0,00    0,00    0,00    0,00    0,00    0,00  100,00
18:37:53      16    0,00    0,00    0,00    0,00    0,00    0,00    0,00    0,00    0,00  100,00
18:37:53      17    0,00    0,00    0,00    0,00    0,00    0,00    0,00    0,00    0,00  100,00
18:37:53      18    0,00    0,00    0,00    0,00    0,00    0,00    0,00    0,00    0,00  100,00
18:37:53      19    0,00    0,00    0,00    0,00    0,00    0,00    0,00    0,00    0,00  100,00
18:37:53      20    0,00    0,00    0,00    0,00    0,00    0,00    0,00    0,00    0,00  100,00
18:37:53      21    0,00    0,00    0,00    0,00    0,00    0,00    0,00    0,00    0,00  100,00
18:37:53      22    0,00    0,00    0,00    0,00    0,00    0,00    0,00    0,00    0,00  100,00
18:37:53      23    0,00    0,00    0,00    0,00    0,00    0,00    0,00    0,00    0,00  100,00

18:37:53     CPU    %usr   %nice    %sys %iowait    %irq   %soft  %steal  %guest  %gnice   %idle
18:37:54     all   29,18    0,00    0,04    0,04    0,00    0,00    0,00    0,00    0,00   70,74
18:37:54       0  100,00    0,00    0,00    0,00    0,00    0,00    0,00    0,00    0,00    0,00
18:37:54       1  100,00    0,00    0,00    0,00    0,00    0,00    0,00    0,00    0,00    0,00
18:37:54       2  100,00    0,00    0,00    0,00    0,00    0,00    0,00    0,00    0,00    0,00
18:37:54       3  100,00    0,00    0,00    0,00    0,00    0,00    0,00    0,00    0,00    0,00
18:37:54       4  100,00    0,00    0,00    0,00    0,00    0,00    0,00    0,00    0,00    0,00
18:37:54       5  100,00    0,00    0,00    0,00    0,00    0,00    0,00    0,00    0,00    0,00
18:37:54       6  100,00    0,00    0,00    0,00    0,00    0,00    0,00    0,00    0,00    0,00
18:37:54       7    0,00    0,00    0,00    0,00    0,00    0,00    0,00    0,00    0,00  100,00
18:37:54       8    0,00    0,00    0,00    0,00    0,00    0,00    0,00    0,00    0,00  100,00
18:37:54       9    0,00    0,00    0,00    0,00    0,00    0,00    0,00    0,00    0,00  100,00
18:37:54      10    0,00    0,00    0,00    0,00    0,00    0,00    0,00    0,00    0,00  100,00
18:37:54      11    0,00    0,00    0,00    0,00    0,00    0,00    0,00    0,00    0,00  100,00
18:37:54      12    0,00    0,00    0,00    0,00    0,00    0,00    0,00    0,00    0,00  100,00
18:37:54      13    0,00    0,00    0,00    0,00    0,00    0,00    0,00    0,00    0,00  100,00
18:37:54      14    0,00    0,00    0,00    0,00    0,00    0,00    0,00    0,00    0,00  100,00
18:37:54      15    0,00    0,00    0,00    0,00    0,00    0,00    0,00    0,00    0,00  100,00
18:37:54      16    0,00    0,00    0,99    0,00    0,00    0,00    0,00    0,00    0,00   99,01
18:37:54      17    0,00    0,00    0,00    1,01    0,00    0,00    0,00    0,00    0,00   98,99
18:37:54      18    0,00    0,00    0,00    0,00    0,00    0,00    0,00    0,00    0,00  100,00
18:37:54      19    0,00    0,00    0,00    0,00    0,00    0,00    0,00    0,00    0,00  100,00
18:37:54      20    0,00    0,00    0,00    0,00    0,00    0,00    0,00    0,00    0,00  100,00
18:37:54      21    0,00    0,00    0,00    0,00    0,00    0,00    0,00    0,00    0,00  100,00
18:37:54      22    0,00    0,00    0,00    0,00    0,00    0,00    0,00    0,00    0,00  100,00
18:37:54      23    0,00    0,00    0,00    0,00    0,00    0,00    0,00    0,00    0,00  100,00

18:37:54     CPU    %usr   %nice    %sys %iowait    %irq   %soft  %steal  %guest  %gnice   %idle
18:37:55     all   29,17    0,00    0,00    0,00    0,00    0,00    0,00    0,00    0,00   70,83
18:37:55       0  100,00    0,00    0,00    0,00    0,00    0,00    0,00    0,00    0,00    0,00
18:37:55       1  100,00    0,00    0,00    0,00    0,00    0,00    0,00    0,00    0,00    0,00
18:37:55       2  100,00    0,00    0,00    0,00    0,00    0,00    0,00    0,00    0,00    0,00
18:37:55       3  100,00    0,00    0,00    0,00    0,00    0,00    0,00    0,00    0,00    0,00
18:37:55       4  100,00    0,00    0,00    0,00    0,00    0,00    0,00    0,00    0,00    0,00
18:37:55       5  100,00    0,00    0,00    0,00    0,00    0,00    0,00    0,00    0,00    0,00
18:37:55       6  100,00    0,00    0,00    0,00    0,00    0,00    0,00    0,00    0,00    0,00
18:37:55       7    0,00    0,00    0,00    0,00    0,00    0,00    0,00    0,00    0,00  100,00
18:37:55       8    0,00    0,00    0,00    0,00    0,00    0,00    0,00    0,00    0,00  100,00
18:37:55       9    0,00    0,00    0,00    0,00    0,00    0,00    0,00    0,00    0,00  100,00
18:37:55      10    0,00    0,00    0,00    0,00    0,00    0,00    0,00    0,00    0,00  100,00
18:37:55      11    0,00    0,00    0,00    0,00    0,00    0,00    0,00    0,00    0,00  100,00
18:37:55      12    0,00    0,00    0,00    0,00    0,00    0,00    0,00    0,00    0,00  100,00
18:37:55      13    0,00    0,00    0,00    0,00    0,00    0,00    0,00    0,00    0,00  100,00
18:37:55      14    0,00    0,00    0,00    0,00    0,00    0,00    0,00    0,00    0,00  100,00
18:37:55      15    0,00    0,00    0,00    0,00    0,00    0,00    0,00    0,00    0,00  100,00
18:37:55      16    0,00    0,00    0,00    0,00    0,00    0,00    0,00    0,00    0,00  100,00
18:37:55      17    0,00    0,00    0,00    0,00    0,00    0,00    0,00    0,00    0,00  100,00
18:37:55      18    0,00    0,00    0,00    0,00    0,00    0,00    0,00    0,00    0,00  100,00
18:37:55      19    0,00    0,00    0,00    0,00    0,00    0,00    0,00    0,00    0,00  100,00
18:37:55      20    0,00    0,00    0,00    0,00    0,00    0,00    0,00    0,00    0,00  100,00
18:37:55      21    0,00    0,00    0,00    0,00    0,00    0,00    0,00    0,00    0,00  100,00
18:37:55      22    0,00    0,00    0,00    0,00    0,00    0,00    0,00    0,00    0,00  100,00
18:37:55      23    0,00    0,00    0,00    0,00    0,00    0,00    0,00    0,00    0,00  100,00

18:37:55     CPU    %usr   %nice    %sys %iowait    %irq   %soft  %steal  %guest  %gnice   %idle
18:37:56     all   29,17    0,00    0,00    0,00    0,00    0,00    0,00    0,00    0,00   70,83
18:37:56       0  100,00    0,00    0,00    0,00    0,00    0,00    0,00    0,00    0,00    0,00
18:37:56       1  100,00    0,00    0,00    0,00    0,00    0,00    0,00    0,00    0,00    0,00
18:37:56       2  100,00    0,00    0,00    0,00    0,00    0,00    0,00    0,00    0,00    0,00
18:37:56       3  100,00    0,00    0,00    0,00    0,00    0,00    0,00    0,00    0,00    0,00
18:37:56       4  100,00    0,00    0,00    0,00    0,00    0,00    0,00    0,00    0,00    0,00
18:37:56       5  100,00    0,00    0,00    0,00    0,00    0,00    0,00    0,00    0,00    0,00
18:37:56       6  100,00    0,00    0,00    0,00    0,00    0,00    0,00    0,00    0,00    0,00
18:37:56       7    0,00    0,00    0,00    0,00    0,00    0,00    0,00    0,00    0,00  100,00
18:37:56       8    0,00    0,00    0,00    0,00    0,00    0,00    0,00    0,00    0,00  100,00
18:37:56       9    0,00    0,00    0,00    0,00    0,00    0,00    0,00    0,00    0,00  100,00
18:37:56      10    0,00    0,00    0,00    0,00    0,00    0,00    0,00    0,00    0,00  100,00
18:37:56      11    0,00    0,00    0,00    0,00    0,00    0,00    0,00    0,00    0,00  100,00
18:37:56      12    0,00    0,00    0,00    0,00    0,00    0,00    0,00    0,00    0,00  100,00
18:37:56      13    0,00    0,00    0,00    0,00    0,00    0,00    0,00    0,00    0,00  100,00
18:37:56      14    0,00    0,00    0,00    0,00    0,00    0,00    0,00    0,00    0,00  100,00
18:37:56      15    0,00    0,00    0,00    0,00    0,00    0,00    0,00    0,00    0,00  100,00
18:37:56      16    0,00    0,00    0,00    0,00    0,00    0,00    0,00    0,00    0,00  100,00
18:37:56      17    0,00    0,00    0,00    0,00    0,00    0,00    0,00    0,00    0,00  100,00
18:37:56      18    0,00    0,00    0,00    0,00    0,00    0,00    0,00    0,00    0,00  100,00
18:37:56      19    0,00    0,00    0,00    0,00    0,00    0,00    0,00    0,00    0,00  100,00
18:37:56      20    0,00    0,00    0,00    0,00    0,00    0,00    0,00    0,00    0,00  100,00
18:37:56      21    0,00    0,00    0,00    0,00    0,00    0,00    0,00    0,00    0,00  100,00
18:37:56      22    0,00    0,00    0,00    0,00    0,00    0,00    0,00    0,00    0,00  100,00
18:37:56      23    0,00    0,00    0,00    0,00    0,00    0,00    0,00    0,00    0,00  100,00

18:37:56     CPU    %usr   %nice    %sys %iowait    %irq   %soft  %steal  %guest  %gnice   %idle
18:37:57     all   29,15    0,00    0,00    0,00    0,00    0,00    0,00    0,00    0,00   70,85
18:37:57       0  100,00    0,00    0,00    0,00    0,00    0,00    0,00    0,00    0,00    0,00
18:37:57       1  100,00    0,00    0,00    0,00    0,00    0,00    0,00    0,00    0,00    0,00
18:37:57       2  100,00    0,00    0,00    0,00    0,00    0,00    0,00    0,00    0,00    0,00
18:37:57       3  100,00    0,00    0,00    0,00    0,00    0,00    0,00    0,00    0,00    0,00
18:37:57       4  100,00    0,00    0,00    0,00    0,00    0,00    0,00    0,00    0,00    0,00
18:37:57       5  100,00    0,00    0,00    0,00    0,00    0,00    0,00    0,00    0,00    0,00
18:37:57       6  100,00    0,00    0,00    0,00    0,00    0,00    0,00    0,00    0,00    0,00
18:37:57       7    0,00    0,00    0,00    0,00    0,00    0,00    0,00    0,00    0,00  100,00
18:37:57       8    0,00    0,00    0,00    0,00    0,00    0,00    0,00    0,00    0,00  100,00
18:37:57       9    0,00    0,00    0,00    0,00    0,00    0,00    0,00    0,00    0,00  100,00
18:37:57      10    0,00    0,00    0,00    0,00    0,00    0,00    0,00    0,00    0,00  100,00
18:37:57      11    0,00    0,00    0,00    0,00    0,00    0,00    0,00    0,00    0,00  100,00
18:37:57      12    0,00    0,00    0,00    0,00    0,00    0,00    0,00    0,00    0,00  100,00
18:37:57      13    0,00    0,00    0,00    0,00    0,00    0,00    0,00    0,00    0,00  100,00
18:37:57      14    0,00    0,00    0,00    0,00    0,00    0,00    0,00    0,00    0,00  100,00
18:37:57      15    0,00    0,00    0,00    0,00    0,00    0,00    0,00    0,00    0,00  100,00
18:37:57      16    0,00    0,00    0,00    0,00    0,00    0,00    0,00    0,00    0,00  100,00
18:37:57      17    0,00    0,00    0,00    0,00    0,00    0,00    0,00    0,00    0,00  100,00
18:37:57      18    0,00    0,00    0,00    0,00    0,00    0,00    0,00    0,00    0,00  100,00
18:37:57      19    0,00    0,00    0,00    0,00    0,00    0,00    0,00    0,00    0,00  100,00
18:37:57      20    0,00    0,00    0,00    0,00    0,00    0,00    0,00    0,00    0,00  100,00
18:37:57      21    0,00    0,00    0,00    0,00    0,00    0,00    0,00    0,00    0,00  100,00
18:37:57      22    0,00    0,00    0,00    0,00    0,00    0,00    0,00    0,00    0,00  100,00
18:37:57      23    0,00    0,00    0,00    0,00    0,00    0,00    0,00    0,00    0,00  100,00

18:37:57     CPU    %usr   %nice    %sys %iowait    %irq   %soft  %steal  %guest  %gnice   %idle
18:37:58     all   29,18    0,00    0,00    0,00    0,00    0,00    0,00    0,00    0,00   70,82
18:37:58       0  100,00    0,00    0,00    0,00    0,00    0,00    0,00    0,00    0,00    0,00
18:37:58       1  100,00    0,00    0,00    0,00    0,00    0,00    0,00    0,00    0,00    0,00
18:37:58       2  100,00    0,00    0,00    0,00    0,00    0,00    0,00    0,00    0,00    0,00
18:37:58       3  100,00    0,00    0,00    0,00    0,00    0,00    0,00    0,00    0,00    0,00
18:37:58       4  100,00    0,00    0,00    0,00    0,00    0,00    0,00    0,00    0,00    0,00
18:37:58       5  100,00    0,00    0,00    0,00    0,00    0,00    0,00    0,00    0,00    0,00
18:37:58       6  100,00    0,00    0,00    0,00    0,00    0,00    0,00    0,00    0,00    0,00
18:37:58       7    0,00    0,00    0,00    0,00    0,00    0,00    0,00    0,00    0,00  100,00
18:37:58       8    0,00    0,00    0,00    0,00    0,00    0,00    0,00    0,00    0,00  100,00
18:37:58       9    0,00    0,00    0,00    0,00    0,00    0,00    0,00    0,00    0,00  100,00
18:37:58      10    0,00    0,00    0,00    0,00    0,00    0,00    0,00    0,00    0,00  100,00
18:37:58      11    0,00    0,00    0,00    0,00    0,00    0,00    0,00    0,00    0,00  100,00
18:37:58      12    0,00    0,00    0,00    0,00    0,00    0,00    0,00    0,00    0,00  100,00
18:37:58      13    0,00    0,00    0,00    0,00    0,00    0,00    0,00    0,00    0,00  100,00
18:37:58      14    0,00    0,00    0,00    0,00    0,00    0,00    0,00    0,00    0,00  100,00
18:37:58      15    0,00    0,00    0,00    0,00    0,00    0,00    0,00    0,00    0,00  100,00
18:37:58      16    0,00    0,00    0,00    0,00    0,00    0,00    0,00    0,00    0,00  100,00
18:37:58      17    0,00    0,00    0,00    0,00    0,00    0,00    0,00    0,00    0,00  100,00
18:37:58      18    0,00    0,00    0,00    0,00    0,00    0,00    0,00    0,00    0,00  100,00
18:37:58      19    0,00    0,00    0,00    0,00    0,00    0,00    0,00    0,00    0,00  100,00
18:37:58      20    0,00    0,00    0,00    0,00    0,00    0,00    0,00    0,00    0,00  100,00
18:37:58      21    0,00    0,00    0,00    0,00    0,00    0,00    0,00    0,00    0,00  100,00
18:37:58      22    0,00    0,00    0,00    0,00    0,00    0,00    0,00    0,00    0,00  100,00
18:37:58      23    0,00    0,00    0,00    0,00    0,00    0,00    0,00    0,00    0,00  100,00

18:37:58     CPU    %usr   %nice    %sys %iowait    %irq   %soft  %steal  %guest  %gnice   %idle
18:37:59     all   29,15    0,00    0,00    0,08    0,00    0,00    0,00    0,00    0,00   70,76
18:37:59       0  100,00    0,00    0,00    0,00    0,00    0,00    0,00    0,00    0,00    0,00
18:37:59       1  100,00    0,00    0,00    0,00    0,00    0,00    0,00    0,00    0,00    0,00
18:37:59       2  100,00    0,00    0,00    0,00    0,00    0,00    0,00    0,00    0,00    0,00
18:37:59       3  100,00    0,00    0,00    0,00    0,00    0,00    0,00    0,00    0,00    0,00
18:37:59       4  100,00    0,00    0,00    0,00    0,00    0,00    0,00    0,00    0,00    0,00
18:37:59       5  100,00    0,00    0,00    0,00    0,00    0,00    0,00    0,00    0,00    0,00
18:37:59       6  100,00    0,00    0,00    0,00    0,00    0,00    0,00    0,00    0,00    0,00
18:37:59       7    0,00    0,00    0,00    0,00    0,00    0,00    0,00    0,00    0,00  100,00
18:37:59       8    0,00    0,00    0,00    0,00    0,00    0,00    0,00    0,00    0,00  100,00
18:37:59       9    0,00    0,00    0,00    0,00    0,00    0,00    0,00    0,00    0,00  100,00
18:37:59      10    0,00    0,00    0,00    0,00    0,00    0,00    0,00    0,00    0,00  100,00
18:37:59      11    0,00    0,00    0,00    0,00    0,00    0,00    0,00    0,00    0,00  100,00
18:37:59      12    0,00    0,00    0,00    0,00    0,00    0,00    0,00    0,00    0,00  100,00
18:37:59      13    0,00    0,00    0,00    0,00    0,00    0,00    0,00    0,00    0,00  100,00
18:37:59      14    0,00    0,00    0,00    0,00    0,00    0,00    0,00    0,00    0,00  100,00
18:37:59      15    0,00    0,00    0,00    0,00    0,00    0,00    0,00    0,00    0,00  100,00
18:37:59      16    0,00    0,00    0,00    0,00    0,00    0,00    0,00    0,00    0,00  100,00
18:37:59      17    0,00    0,00    0,00    1,98    0,00    0,00    0,00    0,00    0,00   98,02
18:37:59      18    0,00    0,00    0,00    0,00    0,00    0,00    0,00    0,00    0,00  100,00
18:37:59      19    0,00    0,00    0,00    0,00    0,00    0,00    0,00    0,00    0,00  100,00
18:37:59      20    0,00    0,00    0,00    0,00    0,00    0,00    0,00    0,00    0,00  100,00
18:37:59      21    0,00    0,00    0,00    0,00    0,00    0,00    0,00    0,00    0,00  100,00
18:37:59      22    0,00    0,00    0,00    0,00    0,00    0,00    0,00    0,00    0,00  100,00
18:37:59      23    0,00    0,00    0,00    0,00    0,00    0,00    0,00    0,00    0,00  100,00

18:37:59     CPU    %usr   %nice    %sys %iowait    %irq   %soft  %steal  %guest  %gnice   %idle
18:38:00     all   29,15    0,00    0,04    0,00    0,00    0,00    0,00    0,00    0,00   70,80
18:38:00       0  100,00    0,00    0,00    0,00    0,00    0,00    0,00    0,00    0,00    0,00
18:38:00       1  100,00    0,00    0,00    0,00    0,00    0,00    0,00    0,00    0,00    0,00
18:38:00       2  100,00    0,00    0,00    0,00    0,00    0,00    0,00    0,00    0,00    0,00
18:38:00       3  100,00    0,00    0,00    0,00    0,00    0,00    0,00    0,00    0,00    0,00
18:38:00       4  100,00    0,00    0,00    0,00    0,00    0,00    0,00    0,00    0,00    0,00
18:38:00       5  100,00    0,00    0,00    0,00    0,00    0,00    0,00    0,00    0,00    0,00
18:38:00       6  100,00    0,00    0,00    0,00    0,00    0,00    0,00    0,00    0,00    0,00
18:38:00       7    0,00    0,00    0,00    0,00    0,00    0,00    0,00    0,00    0,00  100,00
18:38:00       8    0,00    0,00    0,99    0,00    0,00    0,00    0,00    0,00    0,00   99,01
18:38:00       9    0,00    0,00    0,00    0,00    0,00    0,00    0,00    0,00    0,00  100,00
18:38:00      10    0,00    0,00    0,00    0,00    0,00    0,00    0,00    0,00    0,00  100,00
18:38:00      11    0,00    0,00    0,00    0,00    0,00    0,00    0,00    0,00    0,00  100,00
18:38:00      12    0,00    0,00    0,00    0,00    0,00    0,00    0,00    0,00    0,00  100,00
18:38:00      13    0,00    0,00    0,00    0,00    0,00    0,00    0,00    0,00    0,00  100,00
18:38:00      14    0,00    0,00    0,00    0,00    0,00    0,00    0,00    0,00    0,00  100,00
18:38:00      15    0,00    0,00    0,00    0,00    0,00    0,00    0,00    0,00    0,00  100,00
18:38:00      16    0,00    0,00    0,00    0,00    0,00    0,00    0,00    0,00    0,00  100,00
18:38:00      17    0,00    0,00    0,00    0,00    0,00    0,00    0,00    0,00    0,00  100,00
18:38:00      18    0,00    0,00    0,00    0,00    0,00    0,00    0,00    0,00    0,00  100,00
18:38:00      19    0,00    0,00    0,00    0,00    0,00    0,00    0,00    0,00    0,00  100,00
18:38:00      20    0,00    0,00    0,00    0,00    0,00    0,00    0,00    0,00    0,00  100,00
18:38:00      21    0,00    0,00    0,00    0,00    0,00    0,00    0,00    0,00    0,00  100,00
18:38:00      22    0,00    0,00    0,00    0,00    0,00    0,00    0,00    0,00    0,00  100,00
18:38:00      23    0,00    0,00    0,00    0,00    0,00    0,00    0,00    0,00    0,00  100,00

18:38:00     CPU    %usr   %nice    %sys %iowait    %irq   %soft  %steal  %guest  %gnice   %idle
18:38:01     all   29,18    0,00    0,00    0,00    0,00    0,00    0,00    0,00    0,00   70,82
18:38:01       0  100,00    0,00    0,00    0,00    0,00    0,00    0,00    0,00    0,00    0,00
18:38:01       1  100,00    0,00    0,00    0,00    0,00    0,00    0,00    0,00    0,00    0,00
18:38:01       2  100,00    0,00    0,00    0,00    0,00    0,00    0,00    0,00    0,00    0,00
18:38:01       3  100,00    0,00    0,00    0,00    0,00    0,00    0,00    0,00    0,00    0,00
18:38:01       4  100,00    0,00    0,00    0,00    0,00    0,00    0,00    0,00    0,00    0,00
18:38:01       5  100,00    0,00    0,00    0,00    0,00    0,00    0,00    0,00    0,00    0,00
18:38:01       6  100,00    0,00    0,00    0,00    0,00    0,00    0,00    0,00    0,00    0,00
18:38:01       7    0,00    0,00    0,00    0,00    0,00    0,00    0,00    0,00    0,00  100,00
18:38:01       8    0,00    0,00    0,00    0,00    0,00    0,00    0,00    0,00    0,00  100,00
18:38:01       9    0,00    0,00    0,00    0,00    0,00    0,00    0,00    0,00    0,00  100,00
18:38:01      10    0,00    0,00    0,00    0,00    0,00    0,00    0,00    0,00    0,00  100,00
18:38:01      11    0,00    0,00    0,00    0,00    0,00    0,00    0,00    0,00    0,00  100,00
18:38:01      12    0,00    0,00    0,00    0,00    0,00    0,00    0,00    0,00    0,00  100,00
18:38:01      13    0,00    0,00    0,00    0,00    0,00    0,00    0,00    0,00    0,00  100,00
18:38:01      14    0,00    0,00    0,00    0,00    0,00    0,00    0,00    0,00    0,00  100,00
18:38:01      15    0,00    0,00    0,00    0,00    0,00    0,00    0,00    0,00    0,00  100,00
18:38:01      16    0,00    0,00    0,00    0,00    0,00    0,00    0,00    0,00    0,00  100,00
18:38:01      17    0,00    0,00    0,00    0,00    0,00    0,00    0,00    0,00    0,00  100,00
18:38:01      18    0,00    0,00    0,00    0,00    0,00    0,00    0,00    0,00    0,00  100,00
18:38:01      19    0,00    0,00    0,00    0,00    0,00    0,00    0,00    0,00    0,00  100,00
18:38:01      20    0,00    0,00    0,00    0,00    0,00    0,00    0,00    0,00    0,00  100,00
18:38:01      21    0,00    0,00    0,00    0,00    0,00    0,00    0,00    0,00    0,00  100,00
18:38:01      22    0,00    0,00    0,00    0,00    0,00    0,00    0,00    0,00    0,00  100,00
18:38:01      23    0,00    0,00    0,00    0,00    0,00    0,00    0,00    0,00    0,00  100,00

18:38:01     CPU    %usr   %nice    %sys %iowait    %irq   %soft  %steal  %guest  %gnice   %idle
18:38:02     all   29,17    0,00    0,00    0,00    0,00    0,00    0,00    0,00    0,00   70,83
18:38:02       0  100,00    0,00    0,00    0,00    0,00    0,00    0,00    0,00    0,00    0,00
18:38:02       1  100,00    0,00    0,00    0,00    0,00    0,00    0,00    0,00    0,00    0,00
18:38:02       2  100,00    0,00    0,00    0,00    0,00    0,00    0,00    0,00    0,00    0,00
18:38:02       3  100,00    0,00    0,00    0,00    0,00    0,00    0,00    0,00    0,00    0,00
18:38:02       4  100,00    0,00    0,00    0,00    0,00    0,00    0,00    0,00    0,00    0,00
18:38:02       5  100,00    0,00    0,00    0,00    0,00    0,00    0,00    0,00    0,00    0,00
18:38:02       6  100,00    0,00    0,00    0,00    0,00    0,00    0,00    0,00    0,00    0,00
18:38:02       7    0,00    0,00    0,00    0,00    0,00    0,00    0,00    0,00    0,00  100,00
18:38:02       8    0,00    0,00    0,00    0,00    0,00    0,00    0,00    0,00    0,00  100,00
18:38:02       9    0,00    0,00    0,00    0,00    0,00    0,00    0,00    0,00    0,00  100,00
18:38:02      10    0,00    0,00    0,00    0,00    0,00    0,00    0,00    0,00    0,00  100,00
18:38:02      11    0,00    0,00    0,00    0,00    0,00    0,00    0,00    0,00    0,00  100,00
18:38:02      12    0,00    0,00    0,00    0,00    0,00    0,00    0,00    0,00    0,00  100,00
18:38:02      13    0,00    0,00    0,00    0,00    0,00    0,00    0,00    0,00    0,00  100,00
18:38:02      14    0,00    0,00    0,00    0,00    0,00    0,00    0,00    0,00    0,00  100,00
18:38:02      15    0,00    0,00    0,00    0,00    0,00    0,00    0,00    0,00    0,00  100,00
18:38:02      16    0,00    0,00    0,00    0,00    0,00    0,00    0,00    0,00    0,00  100,00
18:38:02      17    0,00    0,00    0,00    0,00    0,00    0,00    0,00    0,00    0,00  100,00
18:38:02      18    0,00    0,00    0,00    0,00    0,00    0,00    0,00    0,00    0,00  100,00
18:38:02      19    0,00    0,00    0,00    0,00    0,00    0,00    0,00    0,00    0,00  100,00
18:38:02      20    0,00    0,00    0,00    0,00    0,00    0,00    0,00    0,00    0,00  100,00
18:38:02      21    0,00    0,00    0,00    0,00    0,00    0,00    0,00    0,00    0,00  100,00
18:38:02      22    0,00    0,00    0,00    0,00    0,00    0,00    0,00    0,00    0,00  100,00
18:38:02      23    0,00    0,00    0,00    0,00    0,00    0,00    0,00    0,00    0,00  100,00

18:38:02     CPU    %usr   %nice    %sys %iowait    %irq   %soft  %steal  %guest  %gnice   %idle
18:38:03     all   29,17    0,00    0,00    0,00    0,00    0,00    0,00    0,00    0,00   70,83
18:38:03       0  100,00    0,00    0,00    0,00    0,00    0,00    0,00    0,00    0,00    0,00
18:38:03       1  100,00    0,00    0,00    0,00    0,00    0,00    0,00    0,00    0,00    0,00
18:38:03       2  100,00    0,00    0,00    0,00    0,00    0,00    0,00    0,00    0,00    0,00
18:38:03       3  100,00    0,00    0,00    0,00    0,00    0,00    0,00    0,00    0,00    0,00
18:38:03       4  100,00    0,00    0,00    0,00    0,00    0,00    0,00    0,00    0,00    0,00
18:38:03       5  100,00    0,00    0,00    0,00    0,00    0,00    0,00    0,00    0,00    0,00
18:38:03       6  100,00    0,00    0,00    0,00    0,00    0,00    0,00    0,00    0,00    0,00
18:38:03       7    0,00    0,00    0,00    0,00    0,00    0,00    0,00    0,00    0,00  100,00
18:38:03       8    0,00    0,00    0,00    0,00    0,00    0,00    0,00    0,00    0,00  100,00
18:38:03       9    0,00    0,00    0,00    0,00    0,00    0,00    0,00    0,00    0,00  100,00
18:38:03      10    0,00    0,00    0,00    0,00    0,00    0,00    0,00    0,00    0,00  100,00
18:38:03      11    0,00    0,00    0,00    0,00    0,00    0,00    0,00    0,00    0,00  100,00
18:38:03      12    0,00    0,00    0,00    0,00    0,00    0,00    0,00    0,00    0,00  100,00
18:38:03      13    0,00    0,00    0,00    0,00    0,00    0,00    0,00    0,00    0,00  100,00
18:38:03      14    0,00    0,00    0,00    0,00    0,00    0,00    0,00    0,00    0,00  100,00
18:38:03      15    0,00    0,00    0,00    0,00    0,00    0,00    0,00    0,00    0,00  100,00
18:38:03      16    0,00    0,00    0,00    0,00    0,00    0,00    0,00    0,00    0,00  100,00
18:38:03      17    0,00    0,00    0,00    0,00    0,00    0,00    0,00    0,00    0,00  100,00
18:38:03      18    0,00    0,00    0,00    0,00    0,00    0,00    0,00    0,00    0,00  100,00
18:38:03      19    0,00    0,00    0,00    0,00    0,00    0,00    0,00    0,00    0,00  100,00
18:38:03      20    0,00    0,00    0,00    0,00    0,00    0,00    0,00    0,00    0,00  100,00
18:38:03      21    0,00    0,00    0,00    0,00    0,00    0,00    0,00    0,00    0,00  100,00
18:38:03      22    0,00    0,00    0,00    0,00    0,00    0,00    0,00    0,00    0,00  100,00
18:38:03      23    0,00    0,00    0,00    0,00    0,00    0,00    0,00    0,00    0,00  100,00

18:38:03     CPU    %usr   %nice    %sys %iowait    %irq   %soft  %steal  %guest  %gnice   %idle
18:38:04     all   29,17    0,00    0,04    0,04    0,00    0,00    0,00    0,00    0,00   70,75
18:38:04       0   99,01    0,00    0,99    0,00    0,00    0,00    0,00    0,00    0,00    0,00
18:38:04       1  100,00    0,00    0,00    0,00    0,00    0,00    0,00    0,00    0,00    0,00
18:38:04       2  100,00    0,00    0,00    0,00    0,00    0,00    0,00    0,00    0,00    0,00
18:38:04       3  100,00    0,00    0,00    0,00    0,00    0,00    0,00    0,00    0,00    0,00
18:38:04       4  100,00    0,00    0,00    0,00    0,00    0,00    0,00    0,00    0,00    0,00
18:38:04       5  100,00    0,00    0,00    0,00    0,00    0,00    0,00    0,00    0,00    0,00
18:38:04       6  100,00    0,00    0,00    0,00    0,00    0,00    0,00    0,00    0,00    0,00
18:38:04       7    0,00    0,00    0,00    0,00    0,00    0,00    0,00    0,00    0,00  100,00
18:38:04       8    0,00    0,00    0,00    0,00    0,00    0,00    0,00    0,00    0,00  100,00
18:38:04       9    0,00    0,00    0,00    0,00    0,00    0,00    0,00    0,00    0,00  100,00
18:38:04      10    0,00    0,00    0,00    0,00    0,00    0,00    0,00    0,00    0,00  100,00
18:38:04      11    0,00    0,00    0,00    0,00    0,00    0,00    0,00    0,00    0,00  100,00
18:38:04      12    0,00    0,00    0,00    0,00    0,00    0,00    0,00    0,00    0,00  100,00
18:38:04      13    0,00    0,00    0,00    0,00    0,00    0,00    0,00    0,00    0,00  100,00
18:38:04      14    0,00    0,00    0,00    0,00    0,00    0,00    0,00    0,00    0,00  100,00
18:38:04      15    0,00    0,00    0,00    0,00    0,00    0,00    0,00    0,00    0,00  100,00
18:38:04      16    0,00    0,00    0,00    0,00    0,00    0,00    0,00    0,00    0,00  100,00
18:38:04      17    0,00    0,00    0,00    1,01    0,00    0,00    0,00    0,00    0,00   98,99
18:38:04      18    0,00    0,00    0,00    0,00    0,00    0,00    0,00    0,00    0,00  100,00
18:38:04      19    0,00    0,00    0,00    0,00    0,00    0,00    0,00    0,00    0,00  100,00
18:38:04      20    0,00    0,00    0,00    0,00    0,00    0,00    0,00    0,00    0,00  100,00
18:38:04      21    0,00    0,00    0,00    0,00    0,00    0,00    0,00    0,00    0,00  100,00
18:38:04      22    0,00    0,00    0,00    0,00    0,00    0,00    0,00    0,00    0,00  100,00
18:38:04      23    0,00    0,00    0,00    0,00    0,00    0,00    0,00    0,00    0,00  100,00

18:38:04     CPU    %usr   %nice    %sys %iowait    %irq   %soft  %steal  %guest  %gnice   %idle
18:38:05     all   29,17    0,00    0,00    0,00    0,00    0,00    0,00    0,00    0,00   70,83
18:38:05       0  100,00    0,00    0,00    0,00    0,00    0,00    0,00    0,00    0,00    0,00
18:38:05       1  100,00    0,00    0,00    0,00    0,00    0,00    0,00    0,00    0,00    0,00
18:38:05       2  100,00    0,00    0,00    0,00    0,00    0,00    0,00    0,00    0,00    0,00
18:38:05       3  100,00    0,00    0,00    0,00    0,00    0,00    0,00    0,00    0,00    0,00
18:38:05       4  100,00    0,00    0,00    0,00    0,00    0,00    0,00    0,00    0,00    0,00
18:38:05       5  100,00    0,00    0,00    0,00    0,00    0,00    0,00    0,00    0,00    0,00
18:38:05       6  100,00    0,00    0,00    0,00    0,00    0,00    0,00    0,00    0,00    0,00
18:38:05       7    0,00    0,00    0,00    0,00    0,00    0,00    0,00    0,00    0,00  100,00
18:38:05       8    0,00    0,00    0,00    0,00    0,00    0,00    0,00    0,00    0,00  100,00
18:38:05       9    0,00    0,00    0,00    0,00    0,00    0,00    0,00    0,00    0,00  100,00
18:38:05      10    0,00    0,00    0,00    0,00    0,00    0,00    0,00    0,00    0,00  100,00
18:38:05      11    0,00    0,00    0,00    0,00    0,00    0,00    0,00    0,00    0,00  100,00
18:38:05      12    0,00    0,00    0,00    0,00    0,00    0,00    0,00    0,00    0,00  100,00
18:38:05      13    0,00    0,00    0,00    0,00    0,00    0,00    0,00    0,00    0,00  100,00
18:38:05      14    0,00    0,00    0,00    0,00    0,00    0,00    0,00    0,00    0,00  100,00
18:38:05      15    0,00    0,00    0,00    0,00    0,00    0,00    0,00    0,00    0,00  100,00
18:38:05      16    0,00    0,00    0,00    0,00    0,00    0,00    0,00    0,00    0,00  100,00
18:38:05      17    0,00    0,00    0,00    0,00    0,00    0,00    0,00    0,00    0,00  100,00
18:38:05      18    0,00    0,00    0,00    0,00    0,00    0,00    0,00    0,00    0,00  100,00
18:38:05      19    0,00    0,00    0,00    0,00    0,00    0,00    0,00    0,00    0,00  100,00
18:38:05      20    0,00    0,00    0,00    0,00    0,00    0,00    0,00    0,00    0,00  100,00
18:38:05      21    0,00    0,00    0,00    0,00    0,00    0,00    0,00    0,00    0,00  100,00
18:38:05      22    0,00    0,00    0,00    0,00    0,00    0,00    0,00    0,00    0,00  100,00
18:38:05      23    0,00    0,00    0,00    0,00    0,00    0,00    0,00    0,00    0,00  100,00

18:38:05     CPU    %usr   %nice    %sys %iowait    %irq   %soft  %steal  %guest  %gnice   %idle
18:38:06     all   29,17    0,00    0,00    0,00    0,00    0,00    0,00    0,00    0,00   70,83
18:38:06       0  100,00    0,00    0,00    0,00    0,00    0,00    0,00    0,00    0,00    0,00
18:38:06       1  100,00    0,00    0,00    0,00    0,00    0,00    0,00    0,00    0,00    0,00
18:38:06       2  100,00    0,00    0,00    0,00    0,00    0,00    0,00    0,00    0,00    0,00
18:38:06       3  100,00    0,00    0,00    0,00    0,00    0,00    0,00    0,00    0,00    0,00
18:38:06       4  100,00    0,00    0,00    0,00    0,00    0,00    0,00    0,00    0,00    0,00
18:38:06       5  100,00    0,00    0,00    0,00    0,00    0,00    0,00    0,00    0,00    0,00
18:38:06       6  100,00    0,00    0,00    0,00    0,00    0,00    0,00    0,00    0,00    0,00
18:38:06       7    0,00    0,00    0,00    0,00    0,00    0,00    0,00    0,00    0,00  100,00
18:38:06       8    0,00    0,00    0,00    0,00    0,00    0,00    0,00    0,00    0,00  100,00
18:38:06       9    0,00    0,00    0,00    0,00    0,00    0,00    0,00    0,00    0,00  100,00
18:38:06      10    0,00    0,00    0,00    0,00    0,00    0,00    0,00    0,00    0,00  100,00
18:38:06      11    0,00    0,00    0,00    0,00    0,00    0,00    0,00    0,00    0,00  100,00
18:38:06      12    0,00    0,00    0,00    0,00    0,00    0,00    0,00    0,00    0,00  100,00
18:38:06      13    0,00    0,00    0,00    0,00    0,00    0,00    0,00    0,00    0,00  100,00
18:38:06      14    0,00    0,00    0,00    0,00    0,00    0,00    0,00    0,00    0,00  100,00
18:38:06      15    0,00    0,00    0,00    0,00    0,00    0,00    0,00    0,00    0,00  100,00
18:38:06      16    0,00    0,00    0,00    0,00    0,00    0,00    0,00    0,00    0,00  100,00
18:38:06      17    0,00    0,00    0,00    0,00    0,00    0,00    0,00    0,00    0,00  100,00
18:38:06      18    0,00    0,00    0,00    0,00    0,00    0,00    0,00    0,00    0,00  100,00
18:38:06      19    0,00    0,00    0,00    0,00    0,00    0,00    0,00    0,00    0,00  100,00
18:38:06      20    0,00    0,00    0,00    0,00    0,00    0,00    0,00    0,00    0,00  100,00
18:38:06      21    0,00    0,00    0,00    0,00    0,00    0,00    0,00    0,00    0,00  100,00
18:38:06      22    0,00    0,00    0,00    0,00    0,00    0,00    0,00    0,00    0,00  100,00
18:38:06      23    0,00    0,00    0,00    0,00    0,00    0,00    0,00    0,00    0,00  100,00

18:38:06     CPU    %usr   %nice    %sys %iowait    %irq   %soft  %steal  %guest  %gnice   %idle
18:38:07     all   29,17    0,00    0,00    0,00    0,00    0,00    0,00    0,00    0,00   70,83
18:38:07       0  100,00    0,00    0,00    0,00    0,00    0,00    0,00    0,00    0,00    0,00
18:38:07       1  100,00    0,00    0,00    0,00    0,00    0,00    0,00    0,00    0,00    0,00
18:38:07       2  100,00    0,00    0,00    0,00    0,00    0,00    0,00    0,00    0,00    0,00
18:38:07       3  100,00    0,00    0,00    0,00    0,00    0,00    0,00    0,00    0,00    0,00
18:38:07       4  100,00    0,00    0,00    0,00    0,00    0,00    0,00    0,00    0,00    0,00
18:38:07       5  100,00    0,00    0,00    0,00    0,00    0,00    0,00    0,00    0,00    0,00
18:38:07       6  100,00    0,00    0,00    0,00    0,00    0,00    0,00    0,00    0,00    0,00
18:38:07       7    0,00    0,00    0,00    0,00    0,00    0,00    0,00    0,00    0,00  100,00
18:38:07       8    0,00    0,00    0,00    0,00    0,00    0,00    0,00    0,00    0,00  100,00
18:38:07       9    0,00    0,00    0,00    0,00    0,00    0,00    0,00    0,00    0,00  100,00
18:38:07      10    0,00    0,00    0,00    0,00    0,00    0,00    0,00    0,00    0,00  100,00
18:38:07      11    0,00    0,00    0,00    0,00    0,00    0,00    0,00    0,00    0,00  100,00
18:38:07      12    0,00    0,00    0,00    0,00    0,00    0,00    0,00    0,00    0,00  100,00
18:38:07      13    0,00    0,00    0,00    0,00    0,00    0,00    0,00    0,00    0,00  100,00
18:38:07      14    0,00    0,00    0,00    0,00    0,00    0,00    0,00    0,00    0,00  100,00
18:38:07      15    0,00    0,00    0,00    0,00    0,00    0,00    0,00    0,00    0,00  100,00
18:38:07      16    0,00    0,00    0,00    0,00    0,00    0,00    0,00    0,00    0,00  100,00
18:38:07      17    0,00    0,00    0,00    0,00    0,00    0,00    0,00    0,00    0,00  100,00
18:38:07      18    0,00    0,00    0,00    0,00    0,00    0,00    0,00    0,00    0,00  100,00
18:38:07      19    0,00    0,00    0,00    0,00    0,00    0,00    0,00    0,00    0,00  100,00
18:38:07      20    0,00    0,00    0,00    0,00    0,00    0,00    0,00    0,00    0,00  100,00
18:38:07      21    0,00    0,00    0,00    0,00    0,00    0,00    0,00    0,00    0,00  100,00
18:38:07      22    0,00    0,00    0,00    0,00    0,00    0,00    0,00    0,00    0,00  100,00
18:38:07      23    0,00    0,00    0,00    0,00    0,00    0,00    0,00    0,00    0,00  100,00

18:38:07     CPU    %usr   %nice    %sys %iowait    %irq   %soft  %steal  %guest  %gnice   %idle
18:38:08     all   29,17    0,00    0,00    0,00    0,00    0,00    0,00    0,00    0,00   70,83
18:38:08       0  100,00    0,00    0,00    0,00    0,00    0,00    0,00    0,00    0,00    0,00
18:38:08       1  100,00    0,00    0,00    0,00    0,00    0,00    0,00    0,00    0,00    0,00
18:38:08       2  100,00    0,00    0,00    0,00    0,00    0,00    0,00    0,00    0,00    0,00
18:38:08       3  100,00    0,00    0,00    0,00    0,00    0,00    0,00    0,00    0,00    0,00
18:38:08       4  100,00    0,00    0,00    0,00    0,00    0,00    0,00    0,00    0,00    0,00
18:38:08       5  100,00    0,00    0,00    0,00    0,00    0,00    0,00    0,00    0,00    0,00
18:38:08       6  100,00    0,00    0,00    0,00    0,00    0,00    0,00    0,00    0,00    0,00
18:38:08       7    0,00    0,00    0,00    0,00    0,00    0,00    0,00    0,00    0,00  100,00
18:38:08       8    0,00    0,00    0,00    0,00    0,00    0,00    0,00    0,00    0,00  100,00
18:38:08       9    0,00    0,00    0,00    0,00    0,00    0,00    0,00    0,00    0,00  100,00
18:38:08      10    0,00    0,00    0,00    0,00    0,00    0,00    0,00    0,00    0,00  100,00
18:38:08      11    0,00    0,00    0,00    0,00    0,00    0,00    0,00    0,00    0,00  100,00
18:38:08      12    0,00    0,00    0,00    0,00    0,00    0,00    0,00    0,00    0,00  100,00
18:38:08      13    0,00    0,00    0,00    0,00    0,00    0,00    0,00    0,00    0,00  100,00
18:38:08      14    0,00    0,00    0,00    0,00    0,00    0,00    0,00    0,00    0,00  100,00
18:38:08      15    0,00    0,00    0,00    0,00    0,00    0,00    0,00    0,00    0,00  100,00
18:38:08      16    0,00    0,00    0,00    0,00    0,00    0,00    0,00    0,00    0,00  100,00
18:38:08      17    0,00    0,00    0,00    0,00    0,00    0,00    0,00    0,00    0,00  100,00
18:38:08      18    0,00    0,00    0,00    0,00    0,00    0,00    0,00    0,00    0,00  100,00
18:38:08      19    0,00    0,00    0,00    0,00    0,00    0,00    0,00    0,00    0,00  100,00
18:38:08      20    0,00    0,00    0,00    0,00    0,00    0,00    0,00    0,00    0,00  100,00
18:38:08      21    0,00    0,00    0,00    0,00    0,00    0,00    0,00    0,00    0,00  100,00
18:38:08      22    0,00    0,00    0,00    0,00    0,00    0,00    0,00    0,00    0,00  100,00
18:38:08      23    0,00    0,00    0,00    0,00    0,00    0,00    0,00    0,00    0,00  100,00

18:38:08     CPU    %usr   %nice    %sys %iowait    %irq   %soft  %steal  %guest  %gnice   %idle
18:38:09     all   29,17    0,00    0,00    0,08    0,00    0,00    0,00    0,00    0,00   70,75
18:38:09       0  100,00    0,00    0,00    0,00    0,00    0,00    0,00    0,00    0,00    0,00
18:38:09       1  100,00    0,00    0,00    0,00    0,00    0,00    0,00    0,00    0,00    0,00
18:38:09       2  100,00    0,00    0,00    0,00    0,00    0,00    0,00    0,00    0,00    0,00
18:38:09       3  100,00    0,00    0,00    0,00    0,00    0,00    0,00    0,00    0,00    0,00
18:38:09       4  100,00    0,00    0,00    0,00    0,00    0,00    0,00    0,00    0,00    0,00
18:38:09       5  100,00    0,00    0,00    0,00    0,00    0,00    0,00    0,00    0,00    0,00
18:38:09       6  100,00    0,00    0,00    0,00    0,00    0,00    0,00    0,00    0,00    0,00
18:38:09       7    0,00    0,00    0,00    0,00    0,00    0,00    0,00    0,00    0,00  100,00
18:38:09       8    0,00    0,00    0,00    0,00    0,00    0,00    0,00    0,00    0,00  100,00
18:38:09       9    0,00    0,00    0,00    0,00    0,00    0,00    0,00    0,00    0,00  100,00
18:38:09      10    0,00    0,00    0,00    0,00    0,00    0,00    0,00    0,00    0,00  100,00
18:38:09      11    0,00    0,00    0,00    0,00    0,00    0,00    0,00    0,00    0,00  100,00
18:38:09      12    0,00    0,00    0,00    0,00    0,00    0,00    0,00    0,00    0,00  100,00
18:38:09      13    0,00    0,00    0,00    0,00    0,00    0,00    0,00    0,00    0,00  100,00
18:38:09      14    0,00    0,00    0,00    0,00    0,00    0,00    0,00    0,00    0,00  100,00
18:38:09      15    0,00    0,00    0,00    0,00    0,00    0,00    0,00    0,00    0,00  100,00
18:38:09      16    0,00    0,00    0,00    0,00    0,00    0,00    0,00    0,00    0,00  100,00
18:38:09      17    0,00    0,00    0,00    1,98    0,00    0,00    0,00    0,00    0,00   98,02
18:38:09      18    0,00    0,00    0,00    0,00    0,00    0,00    0,00    0,00    0,00  100,00
18:38:09      19    0,00    0,00    0,00    0,00    0,00    0,00    0,00    0,00    0,00  100,00
18:38:09      20    0,00    0,00    0,00    0,00    0,00    0,00    0,00    0,00    0,00  100,00
18:38:09      21    0,00    0,00    0,00    0,00    0,00    0,00    0,00    0,00    0,00  100,00
18:38:09      22    0,00    0,00    0,00    0,00    0,00    0,00    0,00    0,00    0,00  100,00
18:38:09      23    0,00    0,00    0,00    0,00    0,00    0,00    0,00    0,00    0,00  100,00

18:38:09     CPU    %usr   %nice    %sys %iowait    %irq   %soft  %steal  %guest  %gnice   %idle
18:38:10     all   29,18    0,00    0,00    0,00    0,00    0,00    0,00    0,00    0,00   70,82
18:38:10       0  100,00    0,00    0,00    0,00    0,00    0,00    0,00    0,00    0,00    0,00
18:38:10       1  100,00    0,00    0,00    0,00    0,00    0,00    0,00    0,00    0,00    0,00
18:38:10       2  100,00    0,00    0,00    0,00    0,00    0,00    0,00    0,00    0,00    0,00
18:38:10       3  100,00    0,00    0,00    0,00    0,00    0,00    0,00    0,00    0,00    0,00
18:38:10       4  100,00    0,00    0,00    0,00    0,00    0,00    0,00    0,00    0,00    0,00
18:38:10       5  100,00    0,00    0,00    0,00    0,00    0,00    0,00    0,00    0,00    0,00
18:38:10       6  100,00    0,00    0,00    0,00    0,00    0,00    0,00    0,00    0,00    0,00
18:38:10       7    0,00    0,00    0,00    0,00    0,00    0,00    0,00    0,00    0,00  100,00
18:38:10       8    0,00    0,00    0,00    0,00    0,00    0,00    0,00    0,00    0,00  100,00
18:38:10       9    0,00    0,00    0,00    0,00    0,00    0,00    0,00    0,00    0,00  100,00
18:38:10      10    0,00    0,00    0,00    0,00    0,00    0,00    0,00    0,00    0,00  100,00
18:38:10      11    0,00    0,00    0,00    0,00    0,00    0,00    0,00    0,00    0,00  100,00
18:38:10      12    0,00    0,00    0,00    0,00    0,00    0,00    0,00    0,00    0,00  100,00
18:38:10      13    0,00    0,00    0,00    0,00    0,00    0,00    0,00    0,00    0,00  100,00
18:38:10      14    0,00    0,00    0,00    0,00    0,00    0,00    0,00    0,00    0,00  100,00
18:38:10      15    0,00    0,00    0,00    0,00    0,00    0,00    0,00    0,00    0,00  100,00
18:38:10      16    0,00    0,00    0,00    0,00    0,00    0,00    0,00    0,00    0,00  100,00
18:38:10      17    0,00    0,00    0,00    0,00    0,00    0,00    0,00    0,00    0,00  100,00
18:38:10      18    0,00    0,00    0,00    0,00    0,00    0,00    0,00    0,00    0,00  100,00
18:38:10      19    0,00    0,00    0,00    0,00    0,00    0,00    0,00    0,00    0,00  100,00
18:38:10      20    0,00    0,00    0,00    0,00    0,00    0,00    0,00    0,00    0,00  100,00
18:38:10      21    0,00    0,00    0,00    0,00    0,00    0,00    0,00    0,00    0,00  100,00
18:38:10      22    0,00    0,00    0,00    0,00    0,00    0,00    0,00    0,00    0,00  100,00
18:38:10      23    0,00    0,00    0,00    0,00    0,00    0,00    0,00    0,00    0,00  100,00

18:38:10     CPU    %usr   %nice    %sys %iowait    %irq   %soft  %steal  %guest  %gnice   %idle
18:38:11     all   29,24    0,00    0,00    0,00    0,00    0,00    0,00    0,00    0,00   70,76
18:38:11       0  100,00    0,00    0,00    0,00    0,00    0,00    0,00    0,00    0,00    0,00
18:38:11       1  100,00    0,00    0,00    0,00    0,00    0,00    0,00    0,00    0,00    0,00
18:38:11       2  100,00    0,00    0,00    0,00    0,00    0,00    0,00    0,00    0,00    0,00
18:38:11       3  100,00    0,00    0,00    0,00    0,00    0,00    0,00    0,00    0,00    0,00
18:38:11       4  100,00    0,00    0,00    0,00    0,00    0,00    0,00    0,00    0,00    0,00
18:38:11       5  100,00    0,00    0,00    0,00    0,00    0,00    0,00    0,00    0,00    0,00
18:38:11       6  100,00    0,00    0,00    0,00    0,00    0,00    0,00    0,00    0,00    0,00
18:38:11       7    0,00    0,00    0,00    0,00    0,00    0,00    0,00    0,00    0,00  100,00
18:38:11       8    0,00    0,00    0,00    0,00    0,00    0,00    0,00    0,00    0,00  100,00
18:38:11       9    0,00    0,00    0,00    0,00    0,00    0,00    0,00    0,00    0,00  100,00
18:38:11      10    0,00    0,00    0,00    0,00    0,00    0,00    0,00    0,00    0,00  100,00
18:38:11      11    0,00    0,00    0,00    0,00    0,00    0,00    0,00    0,00    0,00  100,00
18:38:11      12    0,00    0,00    0,00    0,00    0,00    0,00    0,00    0,00    0,00  100,00
18:38:11      13    0,00    0,00    0,00    0,00    0,00    0,00    0,00    0,00    0,00  100,00
18:38:11      14    1,98    0,00    0,00    0,00    0,00    0,00    0,00    0,00    0,00   98,02
18:38:11      15    0,00    0,00    0,00    0,00    0,00    0,00    0,00    0,00    0,00  100,00
18:38:11      16    0,00    0,00    0,00    0,00    0,00    0,00    0,00    0,00    0,00  100,00
18:38:11      17    0,00    0,00    0,00    0,00    0,00    0,00    0,00    0,00    0,00  100,00
18:38:11      18    0,00    0,00    0,00    0,00    0,00    0,00    0,00    0,00    0,00  100,00
18:38:11      19    0,00    0,00    0,00    0,00    0,00    0,00    0,00    0,00    0,00  100,00
18:38:11      20    0,00    0,00    0,00    0,00    0,00    0,00    0,00    0,00    0,00  100,00
18:38:11      21    0,00    0,00    0,00    0,00    0,00    0,00    0,00    0,00    0,00  100,00
18:38:11      22    0,00    0,00    0,00    0,00    0,00    0,00    0,00    0,00    0,00  100,00
18:38:11      23    0,00    0,00    0,00    0,00    0,00    0,00    0,00    0,00    0,00  100,00

18:38:11     CPU    %usr   %nice    %sys %iowait    %irq   %soft  %steal  %guest  %gnice   %idle
18:38:12     all   29,17    0,00    0,00    0,00    0,00    0,00    0,00    0,00    0,00   70,83
18:38:12       0  100,00    0,00    0,00    0,00    0,00    0,00    0,00    0,00    0,00    0,00
18:38:12       1  100,00    0,00    0,00    0,00    0,00    0,00    0,00    0,00    0,00    0,00
18:38:12       2  100,00    0,00    0,00    0,00    0,00    0,00    0,00    0,00    0,00    0,00
18:38:12       3  100,00    0,00    0,00    0,00    0,00    0,00    0,00    0,00    0,00    0,00
18:38:12       4  100,00    0,00    0,00    0,00    0,00    0,00    0,00    0,00    0,00    0,00
18:38:12       5  100,00    0,00    0,00    0,00    0,00    0,00    0,00    0,00    0,00    0,00
18:38:12       6  100,00    0,00    0,00    0,00    0,00    0,00    0,00    0,00    0,00    0,00
18:38:12       7    0,00    0,00    0,00    0,00    0,00    0,00    0,00    0,00    0,00  100,00
18:38:12       8    0,00    0,00    0,00    0,00    0,00    0,00    0,00    0,00    0,00  100,00
18:38:12       9    0,00    0,00    0,00    0,00    0,00    0,00    0,00    0,00    0,00  100,00
18:38:12      10    0,00    0,00    0,00    0,00    0,00    0,00    0,00    0,00    0,00  100,00
18:38:12      11    0,00    0,00    0,00    0,00    0,00    0,00    0,00    0,00    0,00  100,00
18:38:12      12    0,00    0,00    0,00    0,00    0,00    0,00    0,00    0,00    0,00  100,00
18:38:12      13    0,00    0,00    0,00    0,00    0,00    0,00    0,00    0,00    0,00  100,00
18:38:12      14    0,00    0,00    0,00    0,00    0,00    0,00    0,00    0,00    0,00  100,00
18:38:12      15    0,00    0,00    0,00    0,00    0,00    0,00    0,00    0,00    0,00  100,00
18:38:12      16    0,00    0,00    0,00    0,00    0,00    0,00    0,00    0,00    0,00  100,00
18:38:12      17    0,00    0,00    0,00    0,00    0,00    0,00    0,00    0,00    0,00  100,00
18:38:12      18    0,00    0,00    0,00    0,00    0,00    0,00    0,00    0,00    0,00  100,00
18:38:12      19    0,00    0,00    0,00    0,00    0,00    0,00    0,00    0,00    0,00  100,00
18:38:12      20    0,00    0,00    0,00    0,00    0,00    0,00    0,00    0,00    0,00  100,00
18:38:12      21    0,00    0,00    0,00    0,00    0,00    0,00    0,00    0,00    0,00  100,00
18:38:12      22    0,00    0,00    0,00    0,00    0,00    0,00    0,00    0,00    0,00  100,00
18:38:12      23    0,00    0,00    0,00    0,00    0,00    0,00    0,00    0,00    0,00  100,00

18:38:12     CPU    %usr   %nice    %sys %iowait    %irq   %soft  %steal  %guest  %gnice   %idle
18:38:13     all   29,18    0,00    0,04    0,00    0,00    0,00    0,00    0,00    0,00   70,77
18:38:13       0  100,00    0,00    0,00    0,00    0,00    0,00    0,00    0,00    0,00    0,00
18:38:13       1  100,00    0,00    0,00    0,00    0,00    0,00    0,00    0,00    0,00    0,00
18:38:13       2  100,00    0,00    0,00    0,00    0,00    0,00    0,00    0,00    0,00    0,00
18:38:13       3  100,00    0,00    0,00    0,00    0,00    0,00    0,00    0,00    0,00    0,00
18:38:13       4  100,00    0,00    0,00    0,00    0,00    0,00    0,00    0,00    0,00    0,00
18:38:13       5  100,00    0,00    0,00    0,00    0,00    0,00    0,00    0,00    0,00    0,00
18:38:13       6  100,00    0,00    0,00    0,00    0,00    0,00    0,00    0,00    0,00    0,00
18:38:13       7    0,00    0,00    0,00    0,00    0,00    0,00    0,00    0,00    0,00  100,00
18:38:13       8    0,00    0,00    0,00    0,00    0,00    0,00    0,00    0,00    0,00  100,00
18:38:13       9    0,00    0,00    0,00    0,00    0,00    0,00    0,00    0,00    0,00  100,00
18:38:13      10    0,00    0,00    0,00    0,00    0,00    0,00    0,00    0,00    0,00  100,00
18:38:13      11    0,00    0,00    0,00    0,00    0,00    0,00    0,00    0,00    0,00  100,00
18:38:13      12    0,00    0,00    0,00    0,00    0,00    0,00    0,00    0,00    0,00  100,00
18:38:13      13    0,00    0,00    0,00    0,00    0,00    0,00    0,00    0,00    0,00  100,00
18:38:13      14    0,00    0,00    0,00    0,00    0,00    0,00    0,00    0,00    0,00  100,00
18:38:13      15    0,00    0,00    0,00    0,00    0,00    0,00    0,00    0,00    0,00  100,00
18:38:13      16    0,00    0,00    0,00    0,00    0,00    0,00    0,00    0,00    0,00  100,00
18:38:13      17    0,00    0,00    0,00    0,00    0,00    0,00    0,00    0,00    0,00  100,00
18:38:13      18    0,00    0,00    0,00    0,00    0,00    0,00    0,00    0,00    0,00  100,00
18:38:13      19    0,00    0,00    0,00    0,00    0,00    0,00    0,00    0,00    0,00  100,00
18:38:13      20    0,00    0,00    0,00    0,00    0,00    0,00    0,00    0,00    0,00  100,00
18:38:13      21    0,00    0,00    0,00    0,00    0,00    0,00    0,00    0,00    0,00  100,00
18:38:13      22    0,00    0,00    0,00    0,00    0,00    0,00    0,00    0,00    0,00  100,00
18:38:13      23    0,00    0,00    0,99    0,00    0,00    0,00    0,00    0,00    0,00   99,01

18:38:13     CPU    %usr   %nice    %sys %iowait    %irq   %soft  %steal  %guest  %gnice   %idle
18:38:14     all   29,18    0,00    0,00    0,04    0,00    0,00    0,00    0,00    0,00   70,78
18:38:14       0  100,00    0,00    0,00    0,00    0,00    0,00    0,00    0,00    0,00    0,00
18:38:14       1  100,00    0,00    0,00    0,00    0,00    0,00    0,00    0,00    0,00    0,00
18:38:14       2  100,00    0,00    0,00    0,00    0,00    0,00    0,00    0,00    0,00    0,00
18:38:14       3  100,00    0,00    0,00    0,00    0,00    0,00    0,00    0,00    0,00    0,00
18:38:14       4  100,00    0,00    0,00    0,00    0,00    0,00    0,00    0,00    0,00    0,00
18:38:14       5  100,00    0,00    0,00    0,00    0,00    0,00    0,00    0,00    0,00    0,00
18:38:14       6  100,00    0,00    0,00    0,00    0,00    0,00    0,00    0,00    0,00    0,00
18:38:14       7    0,00    0,00    0,00    0,00    0,00    0,00    0,00    0,00    0,00  100,00
18:38:14       8    0,00    0,00    0,00    0,00    0,00    0,00    0,00    0,00    0,00  100,00
18:38:14       9    0,00    0,00    0,00    0,00    0,00    0,00    0,00    0,00    0,00  100,00
18:38:14      10    0,00    0,00    0,00    0,00    0,00    0,00    0,00    0,00    0,00  100,00
18:38:14      11    0,00    0,00    0,00    0,00    0,00    0,00    0,00    0,00    0,00  100,00
18:38:14      12    0,00    0,00    0,00    0,00    0,00    0,00    0,00    0,00    0,00  100,00
18:38:14      13    0,00    0,00    0,00    0,00    0,00    0,00    0,00    0,00    0,00  100,00
18:38:14      14    0,00    0,00    0,00    0,00    0,00    0,00    0,00    0,00    0,00  100,00
18:38:14      15    0,00    0,00    0,00    0,00    0,00    0,00    0,00    0,00    0,00  100,00
18:38:14      16    0,00    0,00    0,00    0,00    0,00    0,00    0,00    0,00    0,00  100,00
18:38:14      17    0,00    0,00    0,00    1,01    0,00    0,00    0,00    0,00    0,00   98,99
18:38:14      18    0,00    0,00    0,00    0,00    0,00    0,00    0,00    0,00    0,00  100,00
18:38:14      19    0,00    0,00    0,00    0,00    0,00    0,00    0,00    0,00    0,00  100,00
18:38:14      20    0,00    0,00    0,00    0,00    0,00    0,00    0,00    0,00    0,00  100,00
18:38:14      21    0,00    0,00    0,00    0,00    0,00    0,00    0,00    0,00    0,00  100,00
18:38:14      22    0,00    0,00    0,00    0,00    0,00    0,00    0,00    0,00    0,00  100,00
18:38:14      23    0,00    0,00    0,00    0,00    0,00    0,00    0,00    0,00    0,00  100,00

18:38:14     CPU    %usr   %nice    %sys %iowait    %irq   %soft  %steal  %guest  %gnice   %idle
18:38:15     all   29,18    0,00    0,00    0,00    0,00    0,00    0,00    0,00    0,00   70,82
18:38:15       0  100,00    0,00    0,00    0,00    0,00    0,00    0,00    0,00    0,00    0,00
18:38:15       1  100,00    0,00    0,00    0,00    0,00    0,00    0,00    0,00    0,00    0,00
18:38:15       2  100,00    0,00    0,00    0,00    0,00    0,00    0,00    0,00    0,00    0,00
18:38:15       3  100,00    0,00    0,00    0,00    0,00    0,00    0,00    0,00    0,00    0,00
18:38:15       4  100,00    0,00    0,00    0,00    0,00    0,00    0,00    0,00    0,00    0,00
18:38:15       5  100,00    0,00    0,00    0,00    0,00    0,00    0,00    0,00    0,00    0,00
18:38:15       6  100,00    0,00    0,00    0,00    0,00    0,00    0,00    0,00    0,00    0,00
18:38:15       7    0,00    0,00    0,00    0,00    0,00    0,00    0,00    0,00    0,00  100,00
18:38:15       8    0,00    0,00    0,00    0,00    0,00    0,00    0,00    0,00    0,00  100,00
18:38:15       9    0,00    0,00    0,00    0,00    0,00    0,00    0,00    0,00    0,00  100,00
18:38:15      10    0,00    0,00    0,00    0,00    0,00    0,00    0,00    0,00    0,00  100,00
18:38:15      11    0,00    0,00    0,00    0,00    0,00    0,00    0,00    0,00    0,00  100,00
18:38:15      12    0,00    0,00    0,00    0,00    0,00    0,00    0,00    0,00    0,00  100,00
18:38:15      13    0,00    0,00    0,00    0,00    0,00    0,00    0,00    0,00    0,00  100,00
18:38:15      14    0,00    0,00    0,00    0,00    0,00    0,00    0,00    0,00    0,00  100,00
18:38:15      15    0,00    0,00    0,00    0,00    0,00    0,00    0,00    0,00    0,00  100,00
18:38:15      16    0,00    0,00    0,00    0,00    0,00    0,00    0,00    0,00    0,00  100,00
18:38:15      17    0,00    0,00    0,00    0,00    0,00    0,00    0,00    0,00    0,00  100,00
18:38:15      18    0,00    0,00    0,00    0,00    0,00    0,00    0,00    0,00    0,00  100,00
18:38:15      19    0,00    0,00    0,00    0,00    0,00    0,00    0,00    0,00    0,00  100,00
18:38:15      20    0,00    0,00    0,00    0,00    0,00    0,00    0,00    0,00    0,00  100,00
18:38:15      21    0,00    0,00    0,00    0,00    0,00    0,00    0,00    0,00    0,00  100,00
18:38:15      22    0,00    0,00    0,00    0,00    0,00    0,00    0,00    0,00    0,00  100,00
18:38:15      23    0,00    0,00    0,00    0,00    0,00    0,00    0,00    0,00    0,00  100,00

18:38:15     CPU    %usr   %nice    %sys %iowait    %irq   %soft  %steal  %guest  %gnice   %idle
18:38:16     all   29,17    0,00    0,00    0,00    0,00    0,00    0,00    0,00    0,00   70,83
18:38:16       0  100,00    0,00    0,00    0,00    0,00    0,00    0,00    0,00    0,00    0,00
18:38:16       1  100,00    0,00    0,00    0,00    0,00    0,00    0,00    0,00    0,00    0,00
18:38:16       2  100,00    0,00    0,00    0,00    0,00    0,00    0,00    0,00    0,00    0,00
18:38:16       3  100,00    0,00    0,00    0,00    0,00    0,00    0,00    0,00    0,00    0,00
18:38:16       4  100,00    0,00    0,00    0,00    0,00    0,00    0,00    0,00    0,00    0,00
18:38:16       5  100,00    0,00    0,00    0,00    0,00    0,00    0,00    0,00    0,00    0,00
18:38:16       6  100,00    0,00    0,00    0,00    0,00    0,00    0,00    0,00    0,00    0,00
18:38:16       7    0,00    0,00    0,00    0,00    0,00    0,00    0,00    0,00    0,00  100,00
18:38:16       8    0,00    0,00    0,00    0,00    0,00    0,00    0,00    0,00    0,00  100,00
18:38:16       9    0,00    0,00    0,00    0,00    0,00    0,00    0,00    0,00    0,00  100,00
18:38:16      10    0,00    0,00    0,00    0,00    0,00    0,00    0,00    0,00    0,00  100,00
18:38:16      11    0,00    0,00    0,00    0,00    0,00    0,00    0,00    0,00    0,00  100,00
18:38:16      12    0,00    0,00    0,00    0,00    0,00    0,00    0,00    0,00    0,00  100,00
18:38:16      13    0,00    0,00    0,00    0,00    0,00    0,00    0,00    0,00    0,00  100,00
18:38:16      14    0,00    0,00    0,00    0,00    0,00    0,00    0,00    0,00    0,00  100,00
18:38:16      15    0,00    0,00    0,00    0,00    0,00    0,00    0,00    0,00    0,00  100,00
18:38:16      16    0,00    0,00    0,00    0,00    0,00    0,00    0,00    0,00    0,00  100,00
18:38:16      17    0,00    0,00    0,00    0,00    0,00    0,00    0,00    0,00    0,00  100,00
18:38:16      18    0,00    0,00    0,00    0,00    0,00    0,00    0,00    0,00    0,00  100,00
18:38:16      19    0,00    0,00    0,00    0,00    0,00    0,00    0,00    0,00    0,00  100,00
18:38:16      20    0,00    0,00    0,00    0,00    0,00    0,00    0,00    0,00    0,00  100,00
18:38:16      21    0,00    0,00    0,00    0,00    0,00    0,00    0,00    0,00    0,00  100,00
18:38:16      22    0,00    0,00    0,00    0,00    0,00    0,00    0,00    0,00    0,00  100,00
18:38:16      23    0,00    0,00    0,00    0,00    0,00    0,00    0,00    0,00    0,00  100,00

18:38:16     CPU    %usr   %nice    %sys %iowait    %irq   %soft  %steal  %guest  %gnice   %idle
18:38:17     all   29,24    0,00    0,00    0,00    0,00    0,00    0,00    0,00    0,00   70,76
18:38:17       0  100,00    0,00    0,00    0,00    0,00    0,00    0,00    0,00    0,00    0,00
18:38:17       1  100,00    0,00    0,00    0,00    0,00    0,00    0,00    0,00    0,00    0,00
18:38:17       2  100,00    0,00    0,00    0,00    0,00    0,00    0,00    0,00    0,00    0,00
18:38:17       3  100,00    0,00    0,00    0,00    0,00    0,00    0,00    0,00    0,00    0,00
18:38:17       4  100,00    0,00    0,00    0,00    0,00    0,00    0,00    0,00    0,00    0,00
18:38:17       5  100,00    0,00    0,00    0,00    0,00    0,00    0,00    0,00    0,00    0,00
18:38:17       6  100,00    0,00    0,00    0,00    0,00    0,00    0,00    0,00    0,00    0,00
18:38:17       7    0,00    0,00    0,00    0,00    0,00    0,00    0,00    0,00    0,00  100,00
18:38:17       8    0,00    0,00    0,00    0,00    0,00    0,00    0,00    0,00    0,00  100,00
18:38:17       9    0,00    0,00    0,00    0,00    0,00    0,00    0,00    0,00    0,00  100,00
18:38:17      10    0,00    0,00    0,00    0,00    0,00    0,00    0,00    0,00    0,00  100,00
18:38:17      11    0,00    0,00    0,00    0,00    0,00    0,00    0,00    0,00    0,00  100,00
18:38:17      12    0,00    0,00    0,00    0,00    0,00    0,00    0,00    0,00    0,00  100,00
18:38:17      13    0,00    0,00    0,00    0,00    0,00    0,00    0,00    0,00    0,00  100,00
18:38:17      14    0,00    0,00    0,00    0,00    0,00    0,00    0,00    0,00    0,00  100,00
18:38:17      15    0,00    0,00    0,00    0,00    0,00    0,00    0,00    0,00    0,00  100,00
18:38:17      16    0,99    0,00    0,00    0,00    0,00    0,00    0,00    0,00    0,00   99,01
18:38:17      17    0,00    0,00    0,00    0,00    0,00    0,00    0,00    0,00    0,00  100,00
18:38:17      18    0,00    0,00    0,00    0,00    0,00    0,00    0,00    0,00    0,00  100,00
18:38:17      19    0,99    0,00    0,00    0,00    0,00    0,00    0,00    0,00    0,00   99,01
18:38:17      20    0,00    0,00    0,00    0,00    0,00    0,00    0,00    0,00    0,00  100,00
18:38:17      21    0,00    0,00    0,00    0,00    0,00    0,00    0,00    0,00    0,00  100,00
18:38:17      22    0,00    0,00    0,00    0,00    0,00    0,00    0,00    0,00    0,00  100,00
18:38:17      23    0,00    0,00    0,00    0,00    0,00    0,00    0,00    0,00    0,00  100,00

18:38:17     CPU    %usr   %nice    %sys %iowait    %irq   %soft  %steal  %guest  %gnice   %idle
18:38:18     all   29,15    0,00    0,04    0,00    0,00    0,00    0,00    0,00    0,00   70,80
18:38:18       0  100,00    0,00    0,00    0,00    0,00    0,00    0,00    0,00    0,00    0,00
18:38:18       1  100,00    0,00    0,00    0,00    0,00    0,00    0,00    0,00    0,00    0,00
18:38:18       2  100,00    0,00    0,00    0,00    0,00    0,00    0,00    0,00    0,00    0,00
18:38:18       3  100,00    0,00    0,00    0,00    0,00    0,00    0,00    0,00    0,00    0,00
18:38:18       4  100,00    0,00    0,00    0,00    0,00    0,00    0,00    0,00    0,00    0,00
18:38:18       5  100,00    0,00    0,00    0,00    0,00    0,00    0,00    0,00    0,00    0,00
18:38:18       6  100,00    0,00    0,00    0,00    0,00    0,00    0,00    0,00    0,00    0,00
18:38:18       7    0,00    0,00    0,00    0,00    0,00    0,00    0,00    0,00    0,00  100,00
18:38:18       8    0,00    0,00    0,00    0,00    0,00    0,00    0,00    0,00    0,00  100,00
18:38:18       9    0,00    0,00    0,00    0,00    0,00    0,00    0,00    0,00    0,00  100,00
18:38:18      10    0,00    0,00    0,00    0,00    0,00    0,00    0,00    0,00    0,00  100,00
18:38:18      11    0,00    0,00    0,00    0,00    0,00    0,00    0,00    0,00    0,00  100,00
18:38:18      12    0,00    0,00    0,00    0,00    0,00    0,00    0,00    0,00    0,00  100,00
18:38:18      13    0,00    0,00    0,00    0,00    0,00    0,00    0,00    0,00    0,00  100,00
18:38:18      14    0,00    0,00    0,00    0,00    0,00    0,00    0,00    0,00    0,00  100,00
18:38:18      15    0,00    0,00    0,00    0,00    0,00    0,00    0,00    0,00    0,00  100,00
18:38:18      16    0,00    0,00    0,00    0,00    0,00    0,00    0,00    0,00    0,00  100,00
18:38:18      17    0,00    0,00    0,00    0,00    0,00    0,00    0,00    0,00    0,00  100,00
18:38:18      18    0,00    0,00    0,00    0,00    0,00    0,00    0,00    0,00    0,00  100,00
18:38:18      19    0,00    0,00    0,99    0,00    0,00    0,00    0,00    0,00    0,00   99,01
18:38:18      20    0,00    0,00    0,00    0,00    0,00    0,00    0,00    0,00    0,00  100,00
18:38:18      21    0,00    0,00    0,00    0,00    0,00    0,00    0,00    0,00    0,00  100,00
18:38:18      22    0,00    0,00    0,00    0,00    0,00    0,00    0,00    0,00    0,00  100,00
18:38:18      23    0,00    0,00    0,00    0,00    0,00    0,00    0,00    0,00    0,00  100,00

18:38:18     CPU    %usr   %nice    %sys %iowait    %irq   %soft  %steal  %guest  %gnice   %idle
18:38:19     all   29,41    0,00    0,08    0,00    0,00    0,00    0,00    0,00    0,00   70,50
18:38:19       0  100,00    0,00    0,00    0,00    0,00    0,00    0,00    0,00    0,00    0,00
18:38:19       1  100,00    0,00    0,00    0,00    0,00    0,00    0,00    0,00    0,00    0,00
18:38:19       2  100,00    0,00    0,00    0,00    0,00    0,00    0,00    0,00    0,00    0,00
18:38:19       3  100,00    0,00    0,00    0,00    0,00    0,00    0,00    0,00    0,00    0,00
18:38:19       4  100,00    0,00    0,00    0,00    0,00    0,00    0,00    0,00    0,00    0,00
18:38:19       5  100,00    0,00    0,00    0,00    0,00    0,00    0,00    0,00    0,00    0,00
18:38:19       6  100,00    0,00    0,00    0,00    0,00    0,00    0,00    0,00    0,00    0,00
18:38:19       7    0,00    0,00    0,00    0,00    0,00    0,00    0,00    0,00    0,00  100,00
18:38:19       8    0,00    0,00    0,00    0,00    0,00    0,00    0,00    0,00    0,00  100,00
18:38:19       9    0,00    0,00    0,00    0,00    0,00    0,00    0,00    0,00    0,00  100,00
18:38:19      10    4,00    0,00    0,00    0,00    0,00    0,00    0,00    0,00    0,00   96,00
18:38:19      11    0,00    0,00    0,00    0,00    0,00    0,00    0,00    0,00    0,00  100,00
18:38:19      12    0,00    0,00    0,00    0,00    0,00    0,00    0,00    0,00    0,00  100,00
18:38:19      13    0,00    0,00    0,00    0,00    0,00    0,00    0,00    0,00    0,00  100,00
18:38:19      14    0,00    0,00    0,00    0,00    0,00    0,00    0,00    0,00    0,00  100,00
18:38:19      15    0,00    0,00    0,00    0,00    0,00    0,00    0,00    0,00    0,00  100,00
18:38:19      16    0,00    0,00    0,00    0,00    0,00    0,00    0,00    0,00    0,00  100,00
18:38:19      17    0,00    0,00    1,00    0,00    0,00    0,00    0,00    0,00    0,00   99,00
18:38:19      18    0,99    0,00    0,99    0,00    0,00    0,00    0,00    0,00    0,00   98,02
18:38:19      19    0,00    0,00    0,00    0,00    0,00    0,00    0,00    0,00    0,00  100,00
18:38:19      20    0,00    0,00    0,00    0,00    0,00    0,00    0,00    0,00    0,00  100,00
18:38:19      21    0,00    0,00    0,00    0,00    0,00    0,00    0,00    0,00    0,00  100,00
18:38:19      22    0,00    0,00    0,00    0,00    0,00    0,00    0,00    0,00    0,00  100,00
18:38:19      23    0,00    0,00    0,00    0,00    0,00    0,00    0,00    0,00    0,00  100,00

18:38:13     CPU    %usr   %nice    %sys %iowait    %irq   %soft  %steal  %guest  %gnice   %idle
18:38:14     all   29,18    0,00    0,00    0,04    0,00    0,00    0,00    0,00    0,00   70,78
18:38:14       0  100,00    0,00    0,00    0,00    0,00    0,00    0,00    0,00    0,00    0,00
18:38:14       1  100,00    0,00    0,00    0,00    0,00    0,00    0,00    0,00    0,00    0,00
18:38:14       2  100,00    0,00    0,00    0,00    0,00    0,00    0,00    0,00    0,00    0,00
18:38:14       3  100,00    0,00    0,00    0,00    0,00    0,00    0,00    0,00    0,00    0,00
18:38:14       4  100,00    0,00    0,00    0,00    0,00    0,00    0,00    0,00    0,00    0,00
18:38:14       5  100,00    0,00    0,00    0,00    0,00    0,00    0,00    0,00    0,00    0,00
18:38:14       6  100,00    0,00    0,00    0,00    0,00    0,00    0,00    0,00    0,00    0,00
18:38:14       7    0,00    0,00    0,00    0,00    0,00    0,00    0,00    0,00    0,00  100,00
18:38:14       8    0,00    0,00    0,00    0,00    0,00    0,00    0,00    0,00    0,00  100,00
18:38:14       9    0,00    0,00    0,00    0,00    0,00    0,00    0,00    0,00    0,00  100,00
18:38:14      10    0,00    0,00    0,00    0,00    0,00    0,00    0,00    0,00    0,00  100,00
18:38:14      11    0,00    0,00    0,00    0,00    0,00    0,00    0,00    0,00    0,00  100,00
18:38:14      12    0,00    0,00    0,00    0,00    0,00    0,00    0,00    0,00    0,00  100,00
18:38:14      13    0,00    0,00    0,00    0,00    0,00    0,00    0,00    0,00    0,00  100,00
18:38:14      14    0,00    0,00    0,00    0,00    0,00    0,00    0,00    0,00    0,00  100,00
18:38:14      15    0,00    0,00    0,00    0,00    0,00    0,00    0,00    0,00    0,00  100,00
18:38:14      16    0,00    0,00    0,00    0,00    0,00    0,00    0,00    0,00    0,00  100,00
18:38:14      17    0,00    0,00    0,00    1,00    0,00    0,00    0,00    0,00    0,00   99,00
18:38:14      18    0,00    0,00    0,00    0,00    0,00    0,00    0,00    0,00    0,00  100,00
18:38:14      19    0,00    0,00    0,00    0,00    0,00    0,00    0,00    0,00    0,00  100,00
18:38:14      20    0,00    0,00    0,00    0,00    0,00    0,00    0,00    0,00    0,00  100,00
18:38:14      21    0,00    0,00    0,00    0,00    0,00    0,00    0,00    0,00    0,00  100,00
18:38:14      22    0,00    0,00    0,00    0,00    0,00    0,00    0,00    0,00    0,00  100,00
18:38:14      23    0,00    0,00    0,00    0,00    0,00    0,00    0,00    0,00    0,00  100,00

18:38:14     CPU    %usr   %nice    %sys %iowait    %irq   %soft  %steal  %guest  %gnice   %idle
18:38:15     all   29,17    0,00    0,00    0,00    0,00    0,00    0,00    0,00    0,00   70,83
18:38:15       0  100,00    0,00    0,00    0,00    0,00    0,00    0,00    0,00    0,00    0,00
18:38:15       1  100,00    0,00    0,00    0,00    0,00    0,00    0,00    0,00    0,00    0,00
18:38:15       2  100,00    0,00    0,00    0,00    0,00    0,00    0,00    0,00    0,00    0,00
18:38:15       3  100,00    0,00    0,00    0,00    0,00    0,00    0,00    0,00    0,00    0,00
18:38:15       4  100,00    0,00    0,00    0,00    0,00    0,00    0,00    0,00    0,00    0,00
18:38:15       5  100,00    0,00    0,00    0,00    0,00    0,00    0,00    0,00    0,00    0,00
18:38:15       6  100,00    0,00    0,00    0,00    0,00    0,00    0,00    0,00    0,00    0,00
18:38:15       7    0,00    0,00    0,00    0,00    0,00    0,00    0,00    0,00    0,00  100,00
18:38:15       8    0,00    0,00    0,00    0,00    0,00    0,00    0,00    0,00    0,00  100,00
18:38:15       9    0,00    0,00    0,00    0,00    0,00    0,00    0,00    0,00    0,00  100,00
18:38:15      10    0,00    0,00    0,00    0,00    0,00    0,00    0,00    0,00    0,00  100,00
18:38:15      11    0,00    0,00    0,00    0,00    0,00    0,00    0,00    0,00    0,00  100,00
18:38:15      12    0,00    0,00    0,00    0,00    0,00    0,00    0,00    0,00    0,00  100,00
18:38:15      13    0,00    0,00    0,00    0,00    0,00    0,00    0,00    0,00    0,00  100,00
18:38:15      14    0,00    0,00    0,00    0,00    0,00    0,00    0,00    0,00    0,00  100,00
18:38:15      15    0,00    0,00    0,00    0,00    0,00    0,00    0,00    0,00    0,00  100,00
18:38:15      16    0,00    0,00    0,00    0,00    0,00    0,00    0,00    0,00    0,00  100,00
18:38:15      17    0,00    0,00    0,00    0,00    0,00    0,00    0,00    0,00    0,00  100,00
18:38:15      18    0,00    0,00    0,00    0,00    0,00    0,00    0,00    0,00    0,00  100,00
18:38:15      19    0,00    0,00    0,00    0,00    0,00    0,00    0,00    0,00    0,00  100,00
18:38:15      20    0,00    0,00    0,00    0,00    0,00    0,00    0,00    0,00    0,00  100,00
18:38:15      21    0,00    0,00    0,00    0,00    0,00    0,00    0,00    0,00    0,00  100,00
18:38:15      22    0,00    0,00    0,00    0,00    0,00    0,00    0,00    0,00    0,00  100,00
18:38:15      23    0,00    0,00    0,00    0,00    0,00    0,00    0,00    0,00    0,00  100,00

18:38:15     CPU    %usr   %nice    %sys %iowait    %irq   %soft  %steal  %guest  %gnice   %idle
18:38:16     all   29,18    0,00    0,00    0,00    0,00    0,00    0,00    0,00    0,00   70,82
18:38:16       0  100,00    0,00    0,00    0,00    0,00    0,00    0,00    0,00    0,00    0,00
18:38:16       1  100,00    0,00    0,00    0,00    0,00    0,00    0,00    0,00    0,00    0,00
18:38:16       2  100,00    0,00    0,00    0,00    0,00    0,00    0,00    0,00    0,00    0,00
18:38:16       3  100,00    0,00    0,00    0,00    0,00    0,00    0,00    0,00    0,00    0,00
18:38:16       4  100,00    0,00    0,00    0,00    0,00    0,00    0,00    0,00    0,00    0,00
18:38:16       5  100,00    0,00    0,00    0,00    0,00    0,00    0,00    0,00    0,00    0,00
18:38:16       6  100,00    0,00    0,00    0,00    0,00    0,00    0,00    0,00    0,00    0,00
18:38:16       7    0,00    0,00    0,00    0,00    0,00    0,00    0,00    0,00    0,00  100,00
18:38:16       8    0,00    0,00    0,00    0,00    0,00    0,00    0,00    0,00    0,00  100,00
18:38:16       9    0,00    0,00    0,00    0,00    0,00    0,00    0,00    0,00    0,00  100,00
18:38:16      10    0,00    0,00    0,00    0,00    0,00    0,00    0,00    0,00    0,00  100,00
18:38:16      11    0,00    0,00    0,00    0,00    0,00    0,00    0,00    0,00    0,00  100,00
18:38:16      12    0,00    0,00    0,00    0,00    0,00    0,00    0,00    0,00    0,00  100,00
18:38:16      13    0,00    0,00    0,00    0,00    0,00    0,00    0,00    0,00    0,00  100,00
18:38:16      14    0,00    0,00    0,00    0,00    0,00    0,00    0,00    0,00    0,00  100,00
18:38:16      15    0,00    0,00    0,00    0,00    0,00    0,00    0,00    0,00    0,00  100,00
18:38:16      16    0,00    0,00    0,00    0,00    0,00    0,00    0,00    0,00    0,00  100,00
18:38:16      17    0,00    0,00    0,00    0,00    0,00    0,00    0,00    0,00    0,00  100,00
18:38:16      18    0,00    0,00    0,00    0,00    0,00    0,00    0,00    0,00    0,00  100,00
18:38:16      19    0,00    0,00    0,00    0,00    0,00    0,00    0,00    0,00    0,00  100,00
18:38:16      20    0,00    0,00    0,00    0,00    0,00    0,00    0,00    0,00    0,00  100,00
18:38:16      21    0,00    0,00    0,00    0,00    0,00    0,00    0,00    0,00    0,00  100,00
18:38:16      22    0,00    0,00    0,00    0,00    0,00    0,00    0,00    0,00    0,00  100,00
18:38:16      23    0,00    0,00    0,00    0,00    0,00    0,00    0,00    0,00    0,00  100,00

18:38:16     CPU    %usr   %nice    %sys %iowait    %irq   %soft  %steal  %guest  %gnice   %idle
18:38:17     all   29,21    0,00    0,04    0,00    0,00    0,00    0,00    0,00    0,00   70,74
18:38:17       0  100,00    0,00    0,00    0,00    0,00    0,00    0,00    0,00    0,00    0,00
18:38:17       1  100,00    0,00    0,00    0,00    0,00    0,00    0,00    0,00    0,00    0,00
18:38:17       2  100,00    0,00    0,00    0,00    0,00    0,00    0,00    0,00    0,00    0,00
18:38:17       3  100,00    0,00    0,00    0,00    0,00    0,00    0,00    0,00    0,00    0,00
18:38:17       4  100,00    0,00    0,00    0,00    0,00    0,00    0,00    0,00    0,00    0,00
18:38:17       5  100,00    0,00    0,00    0,00    0,00    0,00    0,00    0,00    0,00    0,00
18:38:17       6  100,00    0,00    0,00    0,00    0,00    0,00    0,00    0,00    0,00    0,00
18:38:17       7    0,00    0,00    0,00    0,00    0,00    0,00    0,00    0,00    0,00  100,00
18:38:17       8    0,00    0,00    0,00    0,00    0,00    0,00    0,00    0,00    0,00  100,00
18:38:17       9    0,00    0,00    0,00    0,00    0,00    0,00    0,00    0,00    0,00  100,00
18:38:17      10    0,00    0,00    0,00    0,00    0,00    0,00    0,00    0,00    0,00  100,00
18:38:17      11    0,00    0,00    0,00    0,00    0,00    0,00    0,00    0,00    0,00  100,00
18:38:17      12    0,00    0,00    0,00    0,00    0,00    0,00    0,00    0,00    0,00  100,00
18:38:17      13    0,00    0,00    0,00    0,00    0,00    0,00    0,00    0,00    0,00  100,00
18:38:17      14    0,00    0,00    0,00    0,00    0,00    0,00    0,00    0,00    0,00  100,00
18:38:17      15    0,00    0,00    0,00    0,00    0,00    0,00    0,00    0,00    0,00  100,00
18:38:17      16    0,99    0,00    0,00    0,00    0,00    0,00    0,00    0,00    0,00   99,01
18:38:17      17    0,00    0,00    0,00    0,00    0,00    0,00    0,00    0,00    0,00  100,00
18:38:17      18    0,00    0,00    0,00    0,00    0,00    0,00    0,00    0,00    0,00  100,00
18:38:17      19    0,98    0,00    0,98    0,00    0,00    0,00    0,00    0,00    0,00   98,04
18:38:17      20    0,00    0,00    0,00    0,00    0,00    0,00    0,00    0,00    0,00  100,00
18:38:17      21    0,00    0,00    0,00    0,00    0,00    0,00    0,00    0,00    0,00  100,00
18:38:17      22    0,00    0,00    0,00    0,00    0,00    0,00    0,00    0,00    0,00  100,00
18:38:17      23    0,00    0,00    0,00    0,00    0,00    0,00    0,00    0,00    0,00  100,00

18:38:17     CPU    %usr   %nice    %sys %iowait    %irq   %soft  %steal  %guest  %gnice   %idle
18:38:18     all   29,17    0,00    0,00    0,00    0,00    0,00    0,00    0,00    0,00   70,83
18:38:18       0  100,00    0,00    0,00    0,00    0,00    0,00    0,00    0,00    0,00    0,00
18:38:18       1  100,00    0,00    0,00    0,00    0,00    0,00    0,00    0,00    0,00    0,00
18:38:18       2  100,00    0,00    0,00    0,00    0,00    0,00    0,00    0,00    0,00    0,00
18:38:18       3  100,00    0,00    0,00    0,00    0,00    0,00    0,00    0,00    0,00    0,00
18:38:18       4  100,00    0,00    0,00    0,00    0,00    0,00    0,00    0,00    0,00    0,00
18:38:18       5  100,00    0,00    0,00    0,00    0,00    0,00    0,00    0,00    0,00    0,00
18:38:18       6  100,00    0,00    0,00    0,00    0,00    0,00    0,00    0,00    0,00    0,00
18:38:18       7    0,00    0,00    0,00    0,00    0,00    0,00    0,00    0,00    0,00  100,00
18:38:18       8    0,00    0,00    0,00    0,00    0,00    0,00    0,00    0,00    0,00  100,00
18:38:18       9    0,00    0,00    0,00    0,00    0,00    0,00    0,00    0,00    0,00  100,00
18:38:18      10    0,00    0,00    0,00    0,00    0,00    0,00    0,00    0,00    0,00  100,00
18:38:18      11    0,00    0,00    0,00    0,00    0,00    0,00    0,00    0,00    0,00  100,00
18:38:18      12    0,00    0,00    0,00    0,00    0,00    0,00    0,00    0,00    0,00  100,00
18:38:18      13    0,00    0,00    0,00    0,00    0,00    0,00    0,00    0,00    0,00  100,00
18:38:18      14    0,00    0,00    0,00    0,00    0,00    0,00    0,00    0,00    0,00  100,00
18:38:18      15    0,00    0,00    0,00    0,00    0,00    0,00    0,00    0,00    0,00  100,00
18:38:18      16    0,00    0,00    0,00    0,00    0,00    0,00    0,00    0,00    0,00  100,00
18:38:18      17    0,00    0,00    0,00    0,00    0,00    0,00    0,00    0,00    0,00  100,00
18:38:18      18    0,00    0,00    0,00    0,00    0,00    0,00    0,00    0,00    0,00  100,00
18:38:18      19    0,00    0,00    0,00    0,00    0,00    0,00    0,00    0,00    0,00  100,00
18:38:18      20    0,00    0,00    0,00    0,00    0,00    0,00    0,00    0,00    0,00  100,00
18:38:18      21    0,00    0,00    0,00    0,00    0,00    0,00    0,00    0,00    0,00  100,00
18:38:18      22    0,00    0,00    0,00    0,00    0,00    0,00    0,00    0,00    0,00  100,00
18:38:18      23    0,00    0,00    0,00    0,00    0,00    0,00    0,00    0,00    0,00  100,00

18:38:18     CPU    %usr   %nice    %sys %iowait    %irq   %soft  %steal  %guest  %gnice   %idle
18:38:19     all   29,82    0,00    0,17    0,13    0,00    0,00    0,00    0,00    0,00   69,89
18:38:19       0  100,00    0,00    0,00    0,00    0,00    0,00    0,00    0,00    0,00    0,00
18:38:19       1  100,00    0,00    0,00    0,00    0,00    0,00    0,00    0,00    0,00    0,00
18:38:19       2  100,00    0,00    0,00    0,00    0,00    0,00    0,00    0,00    0,00    0,00
18:38:19       3  100,00    0,00    0,00    0,00    0,00    0,00    0,00    0,00    0,00    0,00
18:38:19       4  100,00    0,00    0,00    0,00    0,00    0,00    0,00    0,00    0,00    0,00
18:38:19       5  100,00    0,00    0,00    0,00    0,00    0,00    0,00    0,00    0,00    0,00
18:38:19       6  100,00    0,00    0,00    0,00    0,00    0,00    0,00    0,00    0,00    0,00
18:38:19       7    0,00    0,00    0,00    0,00    0,00    0,00    0,00    0,00    0,00  100,00
18:38:19       8    0,00    0,00    0,00    0,00    0,00    0,00    0,00    0,00    0,00  100,00
18:38:19       9    0,00    0,00    0,00    0,00    0,00    0,00    0,00    0,00    0,00  100,00
18:38:19      10    7,00    0,00    0,00    0,00    0,00    0,00    0,00    0,00    0,00   93,00
18:38:19      11    0,00    0,00    0,00    0,00    0,00    0,00    0,00    0,00    0,00  100,00
18:38:19      12    0,00    0,00    0,00    0,00    0,00    0,00    0,00    0,00    0,00  100,00
18:38:19      13    0,00    0,00    0,00    0,00    0,00    0,00    0,00    0,00    0,00  100,00
18:38:19      14    6,00    0,00    1,00    0,00    0,00    0,00    0,00    0,00    0,00   93,00
18:38:19      15    0,00    0,00    0,00    0,00    0,00    0,00    0,00    0,00    0,00  100,00
18:38:19      16    0,00    0,00    0,00    0,00    0,00    0,00    0,00    0,00    0,00  100,00
18:38:19      17    0,00    0,00    0,99    1,98    0,00    0,00    0,00    0,00    0,00   97,03
18:38:19      18    0,99    0,00    0,99    0,00    0,00    0,00    0,00    0,00    0,00   98,02
18:38:19      19    0,00    0,00    0,00    0,00    0,00    0,00    0,00    0,00    0,00  100,00
18:38:19      20    0,00    0,00    0,00    0,00    0,00    0,00    0,00    0,00    0,00  100,00
18:38:19      21    0,00    0,00    0,00    0,00    0,00    0,00    0,00    0,00    0,00  100,00
18:38:19      22    0,00    0,00    0,00    1,01    0,00    0,00    0,00    0,00    0,00   98,99
18:38:19      23    1,01    0,00    1,01    0,00    0,00    0,00    0,00    0,00    0,00   97,98

18:38:19     CPU    %usr   %nice    %sys %iowait    %irq   %soft  %steal  %guest  %gnice   %idle
18:38:20     all   29,90    0,00    0,33    0,00    0,00    0,00    0,00    0,00    0,00   69,76
18:38:20       0  100,00    0,00    0,00    0,00    0,00    0,00    0,00    0,00    0,00    0,00
18:38:20       1  100,00    0,00    0,00    0,00    0,00    0,00    0,00    0,00    0,00    0,00
18:38:20       2  100,00    0,00    0,00    0,00    0,00    0,00    0,00    0,00    0,00    0,00
18:38:20       3  100,00    0,00    0,00    0,00    0,00    0,00    0,00    0,00    0,00    0,00
18:38:20       4  100,00    0,00    0,00    0,00    0,00    0,00    0,00    0,00    0,00    0,00
18:38:20       5  100,00    0,00    0,00    0,00    0,00    0,00    0,00    0,00    0,00    0,00
18:38:20       6  100,00    0,00    0,00    0,00    0,00    0,00    0,00    0,00    0,00    0,00
18:38:20       7    0,00    0,00    0,00    0,00    0,00    0,00    0,00    0,00    0,00  100,00
18:38:20       8    0,00    0,00    0,99    0,00    0,00    0,00    0,00    0,00    0,00   99,01
18:38:20       9    0,00    0,00    0,00    0,00    0,00    0,00    0,00    0,00    0,00  100,00
18:38:20      10    5,94    0,00    0,99    0,00    0,00    0,00    0,00    0,00    0,00   93,07
18:38:20      11    0,00    0,00    0,00    0,00    0,00    0,00    0,00    0,00    0,00  100,00
18:38:20      12    1,00    0,00    0,00    0,00    0,00    0,00    0,00    0,00    0,00   99,00
18:38:20      13    0,00    0,00    0,00    0,00    0,00    0,00    0,00    0,00    0,00  100,00
18:38:20      14    0,00    0,00    0,00    0,00    0,00    0,00    0,00    0,00    0,00  100,00
18:38:20      15    0,00    0,00    0,00    0,00    0,00    0,00    0,00    0,00    0,00  100,00
18:38:20      16    3,00    0,00    1,00    0,00    0,00    0,00    0,00    0,00    0,00   96,00
18:38:20      17    6,06    0,00    1,01    0,00    0,00    0,00    0,00    0,00    0,00   92,93
18:38:20      18    0,00    0,00    0,00    0,00    0,00    0,00    0,00    0,00    0,00  100,00
18:38:20      19    0,99    0,00    0,99    0,00    0,00    0,00    0,00    0,00    0,00   98,02
18:38:20      20    0,00    0,00    1,00    0,00    0,00    0,00    0,00    0,00    0,00   99,00
18:38:20      21    1,00    0,00    1,00    0,00    0,00    0,00    0,00    0,00    0,00   98,00
18:38:20      22    0,00    0,00    1,00    0,00    0,00    0,00    0,00    0,00    0,00   99,00
18:38:20      23    0,00    0,00    0,00    0,00    0,00    0,00    0,00    0,00    0,00  100,00

18:38:20     CPU    %usr   %nice    %sys %iowait    %irq   %soft  %steal  %guest  %gnice   %idle
18:38:21     all   28,07    0,00    1,29    0,00    0,00    0,00    0,00    0,00    0,00   70,64
18:38:21       0   71,00    0,00   29,00    0,00    0,00    0,00    0,00    0,00    0,00    0,00
18:38:21       1  100,00    0,00    0,00    0,00    0,00    0,00    0,00    0,00    0,00    0,00
18:38:21       2  100,00    0,00    0,00    0,00    0,00    0,00    0,00    0,00    0,00    0,00
18:38:21       3  100,00    0,00    0,00    0,00    0,00    0,00    0,00    0,00    0,00    0,00
18:38:21       4  100,00    0,00    0,00    0,00    0,00    0,00    0,00    0,00    0,00    0,00
18:38:21       5  100,00    0,00    0,00    0,00    0,00    0,00    0,00    0,00    0,00    0,00
18:38:21       6  100,00    0,00    0,00    0,00    0,00    0,00    0,00    0,00    0,00    0,00
18:38:21       7    0,00    0,00    0,00    0,00    0,00    0,00    0,00    0,00    0,00  100,00
18:38:21       8    0,00    0,00    0,00    0,00    0,00    0,00    0,00    0,00    0,00  100,00
18:38:21       9    0,00    0,00    0,00    0,00    0,00    0,00    0,00    0,00    0,00  100,00
18:38:21      10    2,02    0,00    0,00    0,00    0,00    0,00    0,00    0,00    0,00   97,98
18:38:21      11    0,00    0,00    0,00    0,00    0,00    0,00    0,00    0,00    0,00  100,00
18:38:21      12    0,00    0,00    0,00    0,00    0,00    0,00    0,00    0,00    0,00  100,00
18:38:21      13    0,00    0,00    0,00    0,00    0,00    0,00    0,00    0,00    0,00  100,00
18:38:21      14    0,00    0,00    0,00    0,00    0,00    0,00    0,00    0,00    0,00  100,00
18:38:21      15    0,00    0,00    0,00    0,00    0,00    0,00    0,00    0,00    0,00  100,00
18:38:21      16    0,00    0,00    0,00    0,00    0,00    0,00    0,00    0,00    0,00  100,00
18:38:21      17    0,00    0,00    1,00    0,00    0,00    0,00    0,00    0,00    0,00   99,00
18:38:21      18    0,00    0,00    0,00    0,00    0,00    0,00    0,00    0,00    0,00  100,00
18:38:21      19    0,00    0,00    0,00    0,00    0,00    0,00    0,00    0,00    0,00  100,00
18:38:21      20    0,00    0,00    0,00    0,00    0,00    0,00    0,00    0,00    0,00  100,00
18:38:21      21    0,00    0,00    0,00    0,00    0,00    0,00    0,00    0,00    0,00  100,00
18:38:21      22    0,00    0,00    0,00    0,00    0,00    0,00    0,00    0,00    0,00  100,00
18:38:21      23    0,00    0,00    0,99    0,00    0,00    0,00    0,00    0,00    0,00   99,01

18:38:21     CPU    %usr   %nice    %sys %iowait    %irq   %soft  %steal  %guest  %gnice   %idle
18:38:22     all   27,83    0,00    1,33    0,00    0,00    0,00    0,00    0,00    0,00   70,83
18:38:22       0   68,00    0,00   32,00    0,00    0,00    0,00    0,00    0,00    0,00    0,00
18:38:22       1  100,00    0,00    0,00    0,00    0,00    0,00    0,00    0,00    0,00    0,00
18:38:22       2  100,00    0,00    0,00    0,00    0,00    0,00    0,00    0,00    0,00    0,00
18:38:22       3  100,00    0,00    0,00    0,00    0,00    0,00    0,00    0,00    0,00    0,00
18:38:22       4  100,00    0,00    0,00    0,00    0,00    0,00    0,00    0,00    0,00    0,00
18:38:22       5  100,00    0,00    0,00    0,00    0,00    0,00    0,00    0,00    0,00    0,00
18:38:22       6  100,00    0,00    0,00    0,00    0,00    0,00    0,00    0,00    0,00    0,00
18:38:22       7    0,00    0,00    0,00    0,00    0,00    0,00    0,00    0,00    0,00  100,00
18:38:22       8    0,00    0,00    0,00    0,00    0,00    0,00    0,00    0,00    0,00  100,00
18:38:22       9    0,00    0,00    0,00    0,00    0,00    0,00    0,00    0,00    0,00  100,00
18:38:22      10    0,00    0,00    0,00    0,00    0,00    0,00    0,00    0,00    0,00  100,00
18:38:22      11    0,00    0,00    0,00    0,00    0,00    0,00    0,00    0,00    0,00  100,00
18:38:22      12    0,00    0,00    0,00    0,00    0,00    0,00    0,00    0,00    0,00  100,00
18:38:22      13    0,00    0,00    0,00    0,00    0,00    0,00    0,00    0,00    0,00  100,00
18:38:22      14    0,00    0,00    0,00    0,00    0,00    0,00    0,00    0,00    0,00  100,00
18:38:22      15    0,00    0,00    0,00    0,00    0,00    0,00    0,00    0,00    0,00  100,00
18:38:22      16    0,00    0,00    0,00    0,00    0,00    0,00    0,00    0,00    0,00  100,00
18:38:22      17    0,00    0,00    0,00    0,00    0,00    0,00    0,00    0,00    0,00  100,00
18:38:22      18    0,00    0,00    0,00    0,00    0,00    0,00    0,00    0,00    0,00  100,00
18:38:22      19    0,00    0,00    0,00    0,00    0,00    0,00    0,00    0,00    0,00  100,00
18:38:22      20    0,00    0,00    0,00    0,00    0,00    0,00    0,00    0,00    0,00  100,00
18:38:22      21    0,00    0,00    0,00    0,00    0,00    0,00    0,00    0,00    0,00  100,00
18:38:22      22    0,00    0,00    0,00    0,00    0,00    0,00    0,00    0,00    0,00  100,00
18:38:22      23    0,00    0,00    0,00    0,00    0,00    0,00    0,00    0,00    0,00  100,00

18:38:22     CPU    %usr   %nice    %sys %iowait    %irq   %soft  %steal  %guest  %gnice   %idle
18:38:23     all   29,47    0,00    0,92    0,00    0,00    0,00    0,00    0,00    0,00   69,62
18:38:23       0   82,00    0,00   18,00    0,00    0,00    0,00    0,00    0,00    0,00    0,00
18:38:23       1  100,00    0,00    0,00    0,00    0,00    0,00    0,00    0,00    0,00    0,00
18:38:23       2  100,00    0,00    0,00    0,00    0,00    0,00    0,00    0,00    0,00    0,00
18:38:23       3  100,00    0,00    0,00    0,00    0,00    0,00    0,00    0,00    0,00    0,00
18:38:23       4  100,00    0,00    0,00    0,00    0,00    0,00    0,00    0,00    0,00    0,00
18:38:23       5  100,00    0,00    0,00    0,00    0,00    0,00    0,00    0,00    0,00    0,00
18:38:23       6  100,00    0,00    0,00    0,00    0,00    0,00    0,00    0,00    0,00    0,00
18:38:23       7    0,00    0,00    0,00    0,00    0,00    0,00    0,00    0,00    0,00  100,00
18:38:23       8    0,00    0,00    0,00    0,00    0,00    0,00    0,00    0,00    0,00  100,00
18:38:23       9    0,00    0,00    0,00    0,00    0,00    0,00    0,00    0,00    0,00  100,00
18:38:23      10    0,00    0,00    0,00    0,00    0,00    0,00    0,00    0,00    0,00  100,00
18:38:23      11    0,00    0,00    0,00    0,00    0,00    0,00    0,00    0,00    0,00  100,00
18:38:23      12    0,00    0,00    0,00    0,00    0,00    0,00    0,00    0,00    0,00  100,00
18:38:23      13    0,00    0,00    0,00    0,00    0,00    0,00    0,00    0,00    0,00  100,00
18:38:23      14    0,00    0,00    0,00    0,00    0,00    0,00    0,00    0,00    0,00  100,00
18:38:23      15    0,00    0,00    0,00    0,00    0,00    0,00    0,00    0,00    0,00  100,00
18:38:23      16    0,00    0,00    0,00    0,00    0,00    0,00    0,00    0,00    0,00  100,00
18:38:23      17   11,00    0,00    2,00    0,00    0,00    0,00    0,00    0,00    0,00   87,00
18:38:23      18    1,00    0,00    0,00    0,00    0,00    0,00    0,00    0,00    0,00   99,00
18:38:23      19    0,00    0,00    1,00    0,00    0,00    0,00    0,00    0,00    0,00   99,00
18:38:23      20    0,00    0,00    1,01    0,00    0,00    0,00    0,00    0,00    0,00   98,99
18:38:23      21    0,00    0,00    0,00    0,00    0,00    0,00    0,00    0,00    0,00  100,00
18:38:23      22    0,00    0,00    0,00    0,00    0,00    0,00    0,00    0,00    0,00  100,00
18:38:23      23   12,12    0,00    0,00    0,00    0,00    0,00    0,00    0,00    0,00   87,88

18:38:23     CPU    %usr   %nice    %sys %iowait    %irq   %soft  %steal  %guest  %gnice   %idle
18:38:24     all   28,60    0,00    0,58    0,13    0,00    0,00    0,00    0,00    0,00   70,70
18:38:24       0   86,00    0,00   14,00    0,00    0,00    0,00    0,00    0,00    0,00    0,00
18:38:24       1  100,00    0,00    0,00    0,00    0,00    0,00    0,00    0,00    0,00    0,00
18:38:24       2  100,00    0,00    0,00    0,00    0,00    0,00    0,00    0,00    0,00    0,00
18:38:24       3  100,00    0,00    0,00    0,00    0,00    0,00    0,00    0,00    0,00    0,00
18:38:24       4  100,00    0,00    0,00    0,00    0,00    0,00    0,00    0,00    0,00    0,00
18:38:24       5  100,00    0,00    0,00    0,00    0,00    0,00    0,00    0,00    0,00    0,00
18:38:24       6  100,00    0,00    0,00    0,00    0,00    0,00    0,00    0,00    0,00    0,00
18:38:24       7    0,00    0,00    0,00    0,00    0,00    0,00    0,00    0,00    0,00  100,00
18:38:24       8    0,00    0,00    0,00    0,00    0,00    0,00    0,00    0,00    0,00  100,00
18:38:24       9    0,00    0,00    0,00    0,00    0,00    0,00    0,00    0,00    0,00  100,00
18:38:24      10    0,00    0,00    0,00    0,00    0,00    0,00    0,00    0,00    0,00  100,00
18:38:24      11    0,00    0,00    0,00    0,00    0,00    0,00    0,00    0,00    0,00  100,00
18:38:24      12    0,00    0,00    0,00    0,00    0,00    0,00    0,00    0,00    0,00  100,00
18:38:24      13    0,00    0,00    0,00    0,00    0,00    0,00    0,00    0,00    0,00  100,00
18:38:24      14    0,00    0,00    0,00    0,00    0,00    0,00    0,00    0,00    0,00  100,00
18:38:24      15    0,00    0,00    0,00    0,00    0,00    0,00    0,00    0,00    0,00  100,00
18:38:24      16    0,00    0,00    0,00    1,00    0,00    0,00    0,00    0,00    0,00   99,00
18:38:24      17    0,00    0,00    0,00    1,01    0,00    0,00    0,00    0,00    0,00   98,99
18:38:24      18    0,00    0,00    0,00    1,00    0,00    0,00    0,00    0,00    0,00   99,00
18:38:24      19    0,00    0,00    0,00    0,00    0,00    0,00    0,00    0,00    0,00  100,00
18:38:24      20    0,00    0,00    0,00    0,00    0,00    0,00    0,00    0,00    0,00  100,00
18:38:24      21    0,00    0,00    0,00    0,00    0,00    0,00    0,00    0,00    0,00  100,00
18:38:24      22    0,00    0,00    0,00    0,00    0,00    0,00    0,00    0,00    0,00  100,00
18:38:24      23    0,00    0,00    0,00    0,00    0,00    0,00    0,00    0,00    0,00  100,00

18:38:24     CPU    %usr   %nice    %sys %iowait    %irq   %soft  %steal  %guest  %gnice   %idle
18:38:25     all   27,75    0,00    1,42    0,00    0,00    0,00    0,00    0,00    0,00   70,83
18:38:25       0   66,00    0,00   34,00    0,00    0,00    0,00    0,00    0,00    0,00    0,00
18:38:25       1  100,00    0,00    0,00    0,00    0,00    0,00    0,00    0,00    0,00    0,00
18:38:25       2  100,00    0,00    0,00    0,00    0,00    0,00    0,00    0,00    0,00    0,00
18:38:25       3  100,00    0,00    0,00    0,00    0,00    0,00    0,00    0,00    0,00    0,00
18:38:25       4  100,00    0,00    0,00    0,00    0,00    0,00    0,00    0,00    0,00    0,00
18:38:25       5  100,00    0,00    0,00    0,00    0,00    0,00    0,00    0,00    0,00    0,00
18:38:25       6  100,00    0,00    0,00    0,00    0,00    0,00    0,00    0,00    0,00    0,00
18:38:25       7    0,00    0,00    0,00    0,00    0,00    0,00    0,00    0,00    0,00  100,00
18:38:25       8    0,00    0,00    0,00    0,00    0,00    0,00    0,00    0,00    0,00  100,00
18:38:25       9    0,00    0,00    0,00    0,00    0,00    0,00    0,00    0,00    0,00  100,00
18:38:25      10    0,00    0,00    0,00    0,00    0,00    0,00    0,00    0,00    0,00  100,00
18:38:25      11    0,00    0,00    0,00    0,00    0,00    0,00    0,00    0,00    0,00  100,00
18:38:25      12    0,00    0,00    0,00    0,00    0,00    0,00    0,00    0,00    0,00  100,00
18:38:25      13    0,00    0,00    0,00    0,00    0,00    0,00    0,00    0,00    0,00  100,00
18:38:25      14    0,00    0,00    0,00    0,00    0,00    0,00    0,00    0,00    0,00  100,00
18:38:25      15    0,00    0,00    0,00    0,00    0,00    0,00    0,00    0,00    0,00  100,00
18:38:25      16    0,00    0,00    0,00    0,00    0,00    0,00    0,00    0,00    0,00  100,00
18:38:25      17    0,00    0,00    0,00    0,00    0,00    0,00    0,00    0,00    0,00  100,00
18:38:25      18    0,00    0,00    0,00    0,00    0,00    0,00    0,00    0,00    0,00  100,00
18:38:25      19    0,00    0,00    0,00    0,00    0,00    0,00    0,00    0,00    0,00  100,00
18:38:25      20    0,00    0,00    0,00    0,00    0,00    0,00    0,00    0,00    0,00  100,00
18:38:25      21    0,00    0,00    0,00    0,00    0,00    0,00    0,00    0,00    0,00  100,00
18:38:25      22    0,00    0,00    0,00    0,00    0,00    0,00    0,00    0,00    0,00  100,00
18:38:25      23    0,00    0,00    0,00    0,00    0,00    0,00    0,00    0,00    0,00  100,00

18:38:25     CPU    %usr   %nice    %sys %iowait    %irq   %soft  %steal  %guest  %gnice   %idle
18:38:26     all   27,79    0,00    1,38    0,00    0,00    0,00    0,00    0,00    0,00   70,83
18:38:26       0   67,00    0,00   33,00    0,00    0,00    0,00    0,00    0,00    0,00    0,00
18:38:26       1  100,00    0,00    0,00    0,00    0,00    0,00    0,00    0,00    0,00    0,00
18:38:26       2  100,00    0,00    0,00    0,00    0,00    0,00    0,00    0,00    0,00    0,00
18:38:26       3  100,00    0,00    0,00    0,00    0,00    0,00    0,00    0,00    0,00    0,00
18:38:26       4  100,00    0,00    0,00    0,00    0,00    0,00    0,00    0,00    0,00    0,00
18:38:26       5  100,00    0,00    0,00    0,00    0,00    0,00    0,00    0,00    0,00    0,00
18:38:26       6  100,00    0,00    0,00    0,00    0,00    0,00    0,00    0,00    0,00    0,00
18:38:26       7    0,00    0,00    0,00    0,00    0,00    0,00    0,00    0,00    0,00  100,00
18:38:26       8    0,00    0,00    0,00    0,00    0,00    0,00    0,00    0,00    0,00  100,00
18:38:26       9    0,00    0,00    0,00    0,00    0,00    0,00    0,00    0,00    0,00  100,00
18:38:26      10    0,00    0,00    0,00    0,00    0,00    0,00    0,00    0,00    0,00  100,00
18:38:26      11    0,00    0,00    0,00    0,00    0,00    0,00    0,00    0,00    0,00  100,00
18:38:26      12    0,00    0,00    0,00    0,00    0,00    0,00    0,00    0,00    0,00  100,00
18:38:26      13    0,00    0,00    0,00    0,00    0,00    0,00    0,00    0,00    0,00  100,00
18:38:26      14    0,00    0,00    0,00    0,00    0,00    0,00    0,00    0,00    0,00  100,00
18:38:26      15    0,00    0,00    0,00    0,00    0,00    0,00    0,00    0,00    0,00  100,00
18:38:26      16    0,00    0,00    0,00    0,00    0,00    0,00    0,00    0,00    0,00  100,00
18:38:26      17    0,00    0,00    0,00    0,00    0,00    0,00    0,00    0,00    0,00  100,00
18:38:26      18    0,00    0,00    0,00    0,00    0,00    0,00    0,00    0,00    0,00  100,00
18:38:26      19    0,00    0,00    0,00    0,00    0,00    0,00    0,00    0,00    0,00  100,00
18:38:26      20    0,00    0,00    0,00    0,00    0,00    0,00    0,00    0,00    0,00  100,00
18:38:26      21    0,00    0,00    0,00    0,00    0,00    0,00    0,00    0,00    0,00  100,00
18:38:26      22    0,00    0,00    0,00    0,00    0,00    0,00    0,00    0,00    0,00  100,00
18:38:26      23    0,00    0,00    0,00    0,00    0,00    0,00    0,00    0,00    0,00  100,00

18:38:26     CPU    %usr   %nice    %sys %iowait    %irq   %soft  %steal  %guest  %gnice   %idle
18:38:27     all    9,13    0,00    0,71    0,00    0,00    0,00    0,00    0,00    0,00   90,16
18:38:27       0   21,00    0,00   10,00    0,00    0,00    0,00    0,00    0,00    0,00   69,00
18:38:27       1   29,00    0,00    0,00    0,00    0,00    0,00    0,00    0,00    0,00   71,00
18:38:27       2   29,29    0,00    0,00    0,00    0,00    0,00    0,00    0,00    0,00   70,71
18:38:27       3   29,29    0,00    0,00    0,00    0,00    0,00    0,00    0,00    0,00   70,71
18:38:27       4   29,00    0,00    0,00    0,00    0,00    0,00    0,00    0,00    0,00   71,00
18:38:27       5   29,00    0,00    0,00    0,00    0,00    0,00    0,00    0,00    0,00   71,00
18:38:27       6   35,00    0,00    1,00    0,00    0,00    0,00    0,00    0,00    0,00   64,00
18:38:27       7    0,00    0,00    0,00    0,00    0,00    0,00    0,00    0,00    0,00  100,00
18:38:27       8    0,00    0,00    0,00    0,00    0,00    0,00    0,00    0,00    0,00  100,00
18:38:27       9    0,00    0,00    0,00    0,00    0,00    0,00    0,00    0,00    0,00  100,00
18:38:27      10    0,00    0,00    0,00    0,00    0,00    0,00    0,00    0,00    0,00  100,00
18:38:27      11    0,00    0,00    0,00    0,00    0,00    0,00    0,00    0,00    0,00  100,00
18:38:27      12    0,00    0,00    0,00    0,00    0,00    0,00    0,00    0,00    0,00  100,00
18:38:27      13    0,00    0,00    0,00    0,00    0,00    0,00    0,00    0,00    0,00  100,00
18:38:27      14    0,00    0,00    0,00    0,00    0,00    0,00    0,00    0,00    0,00  100,00
18:38:27      15    0,00    0,00    0,00    0,00    0,00    0,00    0,00    0,00    0,00  100,00
18:38:27      16    0,99    0,00    0,99    0,00    0,00    0,00    0,00    0,00    0,00   98,02
18:38:27      17    1,01    0,00    0,00    0,00    0,00    0,00    0,00    0,00    0,00   98,99
18:38:27      18    0,00    0,00    1,00    0,00    0,00    0,00    0,00    0,00    0,00   99,00
18:38:27      19    0,00    0,00    1,01    0,00    0,00    0,00    0,00    0,00    0,00   98,99
18:38:27      20    2,97    0,00    0,99    0,00    0,00    0,00    0,00    0,00    0,00   96,04
18:38:27      21    0,00    0,00    1,00    0,00    0,00    0,00    0,00    0,00    0,00   99,00
18:38:27      22   11,88    0,00    0,99    0,00    0,00    0,00    0,00    0,00    0,00   87,13
18:38:27      23    0,99    0,00    0,00    0,00    0,00    0,00    0,00    0,00    0,00   99,01

18:38:27     CPU    %usr   %nice    %sys %iowait    %irq   %soft  %steal  %guest  %gnice   %idle
18:38:28     all    0,00    0,00    0,00    0,00    0,00    0,00    0,00    0,00    0,00  100,00
18:38:28       0    0,00    0,00    0,00    0,00    0,00    0,00    0,00    0,00    0,00  100,00
18:38:28       1    0,00    0,00    0,00    0,00    0,00    0,00    0,00    0,00    0,00  100,00
18:38:28       2    0,00    0,00    0,00    0,00    0,00    0,00    0,00    0,00    0,00  100,00
18:38:28       3    0,00    0,00    0,00    0,00    0,00    0,00    0,00    0,00    0,00  100,00
18:38:28       4    0,00    0,00    0,00    0,00    0,00    0,00    0,00    0,00    0,00  100,00
18:38:28       5    0,00    0,00    0,00    0,00    0,00    0,00    0,00    0,00    0,00  100,00
18:38:28       6    0,00    0,00    0,00    0,00    0,00    0,00    0,00    0,00    0,00  100,00
18:38:28       7    0,00    0,00    0,00    0,00    0,00    0,00    0,00    0,00    0,00  100,00
18:38:28       8    0,00    0,00    0,00    0,00    0,00    0,00    0,00    0,00    0,00  100,00
18:38:28       9    0,00    0,00    0,00    0,00    0,00    0,00    0,00    0,00    0,00  100,00
18:38:28      10    0,00    0,00    0,00    0,00    0,00    0,00    0,00    0,00    0,00  100,00
18:38:28      11    0,00    0,00    0,00    0,00    0,00    0,00    0,00    0,00    0,00  100,00
18:38:28      12    0,00    0,00    0,00    0,00    0,00    0,00    0,00    0,00    0,00  100,00
18:38:28      13    0,00    0,00    0,00    0,00    0,00    0,00    0,00    0,00    0,00  100,00
18:38:28      14    0,00    0,00    0,00    0,00    0,00    0,00    0,00    0,00    0,00  100,00
18:38:28      15    0,00    0,00    0,00    0,00    0,00    0,00    0,00    0,00    0,00  100,00
18:38:28      16    0,00    0,00    0,00    0,00    0,00    0,00    0,00    0,00    0,00  100,00
18:38:28      17    0,00    0,00    0,00    0,00    0,00    0,00    0,00    0,00    0,00  100,00
18:38:28      18    0,00    0,00    0,00    0,00    0,00    0,00    0,00    0,00    0,00  100,00
18:38:28      19    0,00    0,00    0,00    0,00    0,00    0,00    0,00    0,00    0,00  100,00
18:38:28      20    0,00    0,00    0,00    0,00    0,00    0,00    0,00    0,00    0,00  100,00
18:38:28      21    0,00    0,00    0,00    0,00    0,00    0,00    0,00    0,00    0,00  100,00
18:38:28      22    0,00    0,00    0,00    0,00    0,00    0,00    0,00    0,00    0,00  100,00
18:38:28      23    0,00    0,00    0,00    0,00    0,00    0,00    0,00    0,00    0,00  100,00

18:38:28     CPU    %usr   %nice    %sys %iowait    %irq   %soft  %steal  %guest  %gnice   %idle
18:38:29     all    0,00    0,00    0,12    0,04    0,00    0,00    0,00    0,00    0,00   99,83
18:38:29       0    0,00    0,00    0,00    0,00    0,00    0,00    0,00    0,00    0,00  100,00
18:38:29       1    0,00    0,00    0,00    0,00    0,00    0,00    0,00    0,00    0,00  100,00
18:38:29       2    0,00    0,00    0,00    0,00    0,00    0,00    0,00    0,00    0,00  100,00
18:38:29       3    0,00    0,00    0,00    0,00    0,00    0,00    0,00    0,00    0,00  100,00
18:38:29       4    0,00    0,00    0,00    0,00    0,00    0,00    0,00    0,00    0,00  100,00
18:38:29       5    0,00    0,00    0,00    0,00    0,00    0,00    0,00    0,00    0,00  100,00
18:38:29       6    0,00    0,00    0,00    0,00    0,00    0,00    0,00    0,00    0,00  100,00
18:38:29       7    0,00    0,00    0,00    0,00    0,00    0,00    0,00    0,00    0,00  100,00
18:38:29       8    0,00    0,00    0,00    0,00    0,00    0,00    0,00    0,00    0,00  100,00
18:38:29       9    0,00    0,00    0,00    0,00    0,00    0,00    0,00    0,00    0,00  100,00
18:38:29      10    0,00    0,00    0,00    0,00    0,00    0,00    0,00    0,00    0,00  100,00
18:38:29      11    0,00    0,00    0,00    0,00    0,00    0,00    0,00    0,00    0,00  100,00
18:38:29      12    0,00    0,00    0,00    0,00    0,00    0,00    0,00    0,00    0,00  100,00
18:38:29      13    0,00    0,00    0,99    0,00    0,00    0,00    0,00    0,00    0,00   99,01
18:38:29      14    0,00    0,00    0,00    0,00    0,00    0,00    0,00    0,00    0,00  100,00
18:38:29      15    0,00    0,00    0,00    0,00    0,00    0,00    0,00    0,00    0,00  100,00
18:38:29      16    0,00    0,00    0,00    0,00    0,00    0,00    0,00    0,00    0,00  100,00
18:38:29      17    0,00    0,00    0,99    0,99    0,00    0,00    0,00    0,00    0,00   98,02
18:38:29      18    0,00    0,00    0,00    0,00    0,00    0,00    0,00    0,00    0,00  100,00
18:38:29      19    0,00    0,00    0,00    0,00    0,00    0,00    0,00    0,00    0,00  100,00
18:38:29      20    0,00    0,00    0,00    0,00    0,00    0,00    0,00    0,00    0,00  100,00
18:38:29      21    0,00    0,00    0,00    0,00    0,00    0,00    0,00    0,00    0,00  100,00
18:38:29      22    0,00    0,00    0,00    0,00    0,00    0,00    0,00    0,00    0,00  100,00
18:38:29      23    0,00    0,00    0,99    0,00    0,00    0,00    0,00    0,00    0,00   99,01

18:38:29     CPU    %usr   %nice    %sys %iowait    %irq   %soft  %steal  %guest  %gnice   %idle
18:38:30     all    0,08    0,00    0,04    0,00    0,00    0,00    0,00    0,00    0,00   99,88
18:38:30       0    0,99    0,00    0,00    0,00    0,00    0,00    0,00    0,00    0,00   99,01
18:38:30       1    0,00    0,00    0,00    0,00    0,00    0,00    0,00    0,00    0,00  100,00
18:38:30       2    0,00    0,00    0,99    0,00    0,00    0,00    0,00    0,00    0,00   99,01
18:38:30       3    0,00    0,00    0,00    0,00    0,00    0,00    0,00    0,00    0,00  100,00
18:38:30       4    0,00    0,00    0,00    0,00    0,00    0,00    0,00    0,00    0,00  100,00
18:38:30       5    0,00    0,00    0,00    0,00    0,00    0,00    0,00    0,00    0,00  100,00
18:38:30       6    0,00    0,00    0,00    0,00    0,00    0,00    0,00    0,00    0,00  100,00
18:38:30       7    0,00    0,00    0,00    0,00    0,00    0,00    0,00    0,00    0,00  100,00
18:38:30       8    1,00    0,00    0,00    0,00    0,00    0,00    0,00    0,00    0,00   99,00
18:38:30       9    0,00    0,00    0,00    0,00    0,00    0,00    0,00    0,00    0,00  100,00
18:38:30      10    0,00    0,00    0,00    0,00    0,00    0,00    0,00    0,00    0,00  100,00
18:38:30      11    0,00    0,00    0,00    0,00    0,00    0,00    0,00    0,00    0,00  100,00
18:38:30      12    0,00    0,00    0,00    0,00    0,00    0,00    0,00    0,00    0,00  100,00
18:38:30      13    0,00    0,00    0,00    0,00    0,00    0,00    0,00    0,00    0,00  100,00
18:38:30      14    0,00    0,00    0,00    0,00    0,00    0,00    0,00    0,00    0,00  100,00
18:38:30      15    0,00    0,00    0,00    0,00    0,00    0,00    0,00    0,00    0,00  100,00
18:38:30      16    0,00    0,00    0,00    0,00    0,00    0,00    0,00    0,00    0,00  100,00
18:38:30      17    0,00    0,00    0,00    0,00    0,00    0,00    0,00    0,00    0,00  100,00
18:38:30      18    0,00    0,00    0,00    0,00    0,00    0,00    0,00    0,00    0,00  100,00
18:38:30      19    0,00    0,00    0,00    0,00    0,00    0,00    0,00    0,00    0,00  100,00
18:38:30      20    0,00    0,00    0,00    0,00    0,00    0,00    0,00    0,00    0,00  100,00
18:38:30      21    0,00    0,00    0,00    0,00    0,00    0,00    0,00    0,00    0,00  100,00
18:38:30      22    0,00    0,00    0,00    0,00    0,00    0,00    0,00    0,00    0,00  100,00
18:38:30      23    0,00    0,00    0,00    0,00    0,00    0,00    0,00    0,00    0,00  100,00

18:38:30     CPU    %usr   %nice    %sys %iowait    %irq   %soft  %steal  %guest  %gnice   %idle
18:38:31     all    0,00    0,00    0,04    0,00    0,00    0,00    0,00    0,00    0,00   99,96
18:38:31       0    0,00    0,00    0,00    0,00    0,00    0,00    0,00    0,00    0,00  100,00
18:38:31       1    0,00    0,00    0,00    0,00    0,00    0,00    0,00    0,00    0,00  100,00
18:38:31       2    0,00    0,00    0,00    0,00    0,00    0,00    0,00    0,00    0,00  100,00
18:38:31       3    0,00    0,00    0,00    0,00    0,00    0,00    0,00    0,00    0,00  100,00
18:38:31       4    0,00    0,00    0,00    0,00    0,00    0,00    0,00    0,00    0,00  100,00
18:38:31       5    0,00    0,00    0,00    0,00    0,00    0,00    0,00    0,00    0,00  100,00
18:38:31       6    0,00    0,00    0,00    0,00    0,00    0,00    0,00    0,00    0,00  100,00
18:38:31       7    0,00    0,00    0,00    0,00    0,00    0,00    0,00    0,00    0,00  100,00
18:38:31       8    0,00    0,00    0,99    0,00    0,00    0,00    0,00    0,00    0,00   99,01
18:38:31       9    0,00    0,00    0,00    0,00    0,00    0,00    0,00    0,00    0,00  100,00
18:38:31      10    0,00    0,00    0,00    0,00    0,00    0,00    0,00    0,00    0,00  100,00
18:38:31      11    0,00    0,00    0,00    0,00    0,00    0,00    0,00    0,00    0,00  100,00
18:38:31      12    0,00    0,00    0,00    0,00    0,00    0,00    0,00    0,00    0,00  100,00
18:38:31      13    0,00    0,00    0,00    0,00    0,00    0,00    0,00    0,00    0,00  100,00
18:38:31      14    0,00    0,00    0,00    0,00    0,00    0,00    0,00    0,00    0,00  100,00
18:38:31      15    0,00    0,00    0,00    0,00    0,00    0,00    0,00    0,00    0,00  100,00
18:38:31      16    0,00    0,00    0,00    0,00    0,00    0,00    0,00    0,00    0,00  100,00
18:38:31      17    0,00    0,00    0,00    0,00    0,00    0,00    0,00    0,00    0,00  100,00
18:38:31      18    0,00    0,00    0,00    0,00    0,00    0,00    0,00    0,00    0,00  100,00
18:38:31      19    0,00    0,00    0,00    0,00    0,00    0,00    0,00    0,00    0,00  100,00
18:38:31      20    0,00    0,00    0,00    0,00    0,00    0,00    0,00    0,00    0,00  100,00
18:38:31      21    0,00    0,00    0,00    0,00    0,00    0,00    0,00    0,00    0,00  100,00
18:38:31      22    0,00    0,00    0,00    0,00    0,00    0,00    0,00    0,00    0,00  100,00
18:38:31      23    0,00    0,00    0,00    0,00    0,00    0,00    0,00    0,00    0,00  100,00

18:38:31     CPU    %usr   %nice    %sys %iowait    %irq   %soft  %steal  %guest  %gnice   %idle
18:38:32     all    0,00    0,00    0,00    0,04    0,00    0,00    0,00    0,00    0,00   99,96
18:38:32       0    0,00    0,00    0,00    0,00    0,00    0,00    0,00    0,00    0,00  100,00
18:38:32       1    0,00    0,00    0,00    0,00    0,00    0,00    0,00    0,00    0,00  100,00
18:38:32       2    0,00    0,00    0,00    0,00    0,00    0,00    0,00    0,00    0,00  100,00
18:38:32       3    0,00    0,00    0,00    0,00    0,00    0,00    0,00    0,00    0,00  100,00
18:38:32       4    0,00    0,00    0,00    0,00    0,00    0,00    0,00    0,00    0,00  100,00
18:38:32       5    0,00    0,00    0,00    0,00    0,00    0,00    0,00    0,00    0,00  100,00
18:38:32       6    0,00    0,00    0,00    0,00    0,00    0,00    0,00    0,00    0,00  100,00
18:38:32       7    0,00    0,00    0,00    0,00    0,00    0,00    0,00    0,00    0,00  100,00
18:38:32       8    0,00    0,00    0,00    0,00    0,00    0,00    0,00    0,00    0,00  100,00
18:38:32       9    0,00    0,00    0,00    0,00    0,00    0,00    0,00    0,00    0,00  100,00
18:38:32      10    0,00    0,00    0,00    0,00    0,00    0,00    0,00    0,00    0,00  100,00
18:38:32      11    0,00    0,00    0,00    0,00    0,00    0,00    0,00    0,00    0,00  100,00
18:38:32      12    0,00    0,00    0,00    0,00    0,00    0,00    0,00    0,00    0,00  100,00
18:38:32      13    0,00    0,00    0,00    0,00    0,00    0,00    0,00    0,00    0,00  100,00
18:38:32      14    0,00    0,00    0,00    0,00    0,00    0,00    0,00    0,00    0,00  100,00
18:38:32      15    0,00    0,00    0,00    0,00    0,00    0,00    0,00    0,00    0,00  100,00
18:38:32      16    0,00    0,00    0,00    1,00    0,00    0,00    0,00    0,00    0,00   99,00
18:38:32      17    0,00    0,00    0,00    0,00    0,00    0,00    0,00    0,00    0,00  100,00
18:38:32      18    0,00    0,00    0,00    0,00    0,00    0,00    0,00    0,00    0,00  100,00
18:38:32      19    0,00    0,00    0,00    0,00    0,00    0,00    0,00    0,00    0,00  100,00
18:38:32      20    0,00    0,00    0,00    0,00    0,00    0,00    0,00    0,00    0,00  100,00
18:38:32      21    0,00    0,00    0,00    0,00    0,00    0,00    0,00    0,00    0,00  100,00
18:38:32      22    0,00    0,00    0,00    0,00    0,00    0,00    0,00    0,00    0,00  100,00
18:38:32      23    0,00    0,00    0,00    0,00    0,00    0,00    0,00    0,00    0,00  100,00

18:38:32     CPU    %usr   %nice    %sys %iowait    %irq   %soft  %steal  %guest  %gnice   %idle
18:38:33     all    0,42    0,00    0,21    0,00    0,00    0,00    0,00    0,00    0,00   99,37
18:38:33       0    0,00    0,00    0,00    0,00    0,00    0,00    0,00    0,00    0,00  100,00
18:38:33       1    0,00    0,00    0,00    0,00    0,00    0,00    0,00    0,00    0,00  100,00
18:38:33       2    0,00    0,00    0,00    0,00    0,00    0,00    0,00    0,00    0,00  100,00
18:38:33       3    0,00    0,00    0,00    0,00    0,00    0,00    0,00    0,00    0,00  100,00
18:38:33       4    7,07    0,00    0,00    0,00    0,00    0,00    0,00    0,00    0,00   92,93
18:38:33       5    0,00    0,00    0,00    0,00    0,00    0,00    0,00    0,00    0,00  100,00
18:38:33       6    0,00    0,00    0,00    0,00    0,00    0,00    0,00    0,00    0,00  100,00
18:38:33       7    0,00    0,00    0,00    0,00    0,00    0,00    0,00    0,00    0,00  100,00
18:38:33       8    0,00    0,00    0,00    0,00    0,00    0,00    0,00    0,00    0,00  100,00
18:38:33       9    0,00    0,00    0,00    0,00    0,00    0,00    0,00    0,00    0,00  100,00
18:38:33      10    0,00    0,00    0,00    0,00    0,00    0,00    0,00    0,00    0,00  100,00
18:38:33      11    0,00    0,00    0,00    0,00    0,00    0,00    0,00    0,00    0,00  100,00
18:38:33      12    0,00    0,00    0,00    0,00    0,00    0,00    0,00    0,00    0,00  100,00
18:38:33      13    0,00    0,00    0,00    0,00    0,00    0,00    0,00    0,00    0,00  100,00
18:38:33      14    0,00    0,00    0,00    0,00    0,00    0,00    0,00    0,00    0,00  100,00
18:38:33      15    0,00    0,00    0,00    0,00    0,00    0,00    0,00    0,00    0,00  100,00
18:38:33      16    0,00    0,00    0,00    0,00    0,00    0,00    0,00    0,00    0,00  100,00
18:38:33      17    0,00    0,00    0,00    0,00    0,00    0,00    0,00    0,00    0,00  100,00
18:38:33      18    1,00    0,00    1,00    0,00    0,00    0,00    0,00    0,00    0,00   98,00
18:38:33      19    0,99    0,00    1,98    0,00    0,00    0,00    0,00    0,00    0,00   97,03
18:38:33      20    0,00    0,00    1,01    0,00    0,00    0,00    0,00    0,00    0,00   98,99
18:38:33      21    0,00    0,00    0,00    0,00    0,00    0,00    0,00    0,00    0,00  100,00
18:38:33      22    0,00    0,00    1,00    0,00    0,00    0,00    0,00    0,00    0,00   99,00
18:38:33      23    1,01    0,00    0,00    0,00    0,00    0,00    0,00    0,00    0,00   98,99

18:38:33     CPU    %usr   %nice    %sys %iowait    %irq   %soft  %steal  %guest  %gnice   %idle
18:38:34     all    1,34    0,00    1,00    0,00    0,00    0,00    0,00    0,00    0,00   97,66
18:38:34       0    0,00    0,00    0,00    0,00    0,00    0,00    0,00    0,00    0,00  100,00
18:38:34       1    0,00    0,00    0,00    0,00    0,00    0,00    0,00    0,00    0,00  100,00
18:38:34       2    4,00    0,00    1,00    0,00    0,00    0,00    0,00    0,00    0,00   95,00
18:38:34       3    0,00    0,00    0,00    0,00    0,00    0,00    0,00    0,00    0,00  100,00
18:38:34       4    0,00    0,00    0,00    0,00    0,00    0,00    0,00    0,00    0,00  100,00
18:38:34       5    0,00    0,00    0,00    0,00    0,00    0,00    0,00    0,00    0,00  100,00
18:38:34       6    0,00    0,00    0,00    0,00    0,00    0,00    0,00    0,00    0,00  100,00
18:38:34       7    0,00    0,00    0,00    0,00    0,00    0,00    0,00    0,00    0,00  100,00
18:38:34       8   10,10    0,00    0,00    0,00    0,00    0,00    0,00    0,00    0,00   89,90
18:38:34       9    0,00    0,00    0,00    0,00    0,00    0,00    0,00    0,00    0,00  100,00
18:38:34      10    6,06    0,00    1,01    0,00    0,00    0,00    0,00    0,00    0,00   92,93
18:38:34      11    0,00    0,00    0,00    0,00    0,00    0,00    0,00    0,00    0,00  100,00
18:38:34      12    0,00    0,00    0,00    0,00    0,00    0,00    0,00    0,00    0,00  100,00
18:38:34      13    0,00    0,00    0,00    0,00    0,00    0,00    0,00    0,00    0,00  100,00
18:38:34      14    0,99    0,00    0,00    0,00    0,00    0,00    0,00    0,00    0,00   99,01
18:38:34      15    0,00    0,00    0,00    0,00    0,00    0,00    0,00    0,00    0,00  100,00
18:38:34      16    3,00    0,00    3,00    0,00    0,00    0,00    0,00    0,00    0,00   94,00
18:38:34      17    1,01    0,00    4,04    0,00    0,00    0,00    0,00    0,00    0,00   94,95
18:38:34      18    0,00    0,00    1,01    0,00    0,00    0,00    0,00    0,00    0,00   98,99
18:38:34      19    0,99    0,00    2,97    0,00    0,00    0,00    0,00    0,00    0,00   96,04
18:38:34      20    0,99    0,00    1,98    0,00    0,00    0,00    0,00    0,00    0,00   97,03
18:38:34      21    2,97    0,00    2,97    0,00    0,00    0,00    0,00    0,00    0,00   94,06
18:38:34      22    2,02    0,00    4,04    0,00    0,00    0,00    0,00    0,00    0,00   93,94
18:38:34      23    0,00    0,00    2,00    0,00    0,00    0,00    0,00    0,00    0,00   98,00
