Linux 6.8.0-124-generic (testbed-node6) 	03/06/26 	_x86_64_	(24 CPU)

18:37:25     CPU    %usr   %nice    %sys %iowait    %irq   %soft  %steal  %guest  %gnice   %idle
18:37:26     all    0,84    0,00    0,42    0,00    0,00   43,97    0,00    0,00    0,00   54,78
18:37:26       0    0,00    0,00    0,00    0,00    0,00   76,47    0,00    0,00    0,00   23,53
18:37:26       1    0,00    0,00    0,00    0,00    0,00  100,00    0,00    0,00    0,00    0,00
18:37:26       2    0,00    0,00    0,00    0,00    0,00   82,00    0,00    0,00    0,00   18,00
18:37:26       3    0,99    0,00    0,00    0,00    0,00   85,15    0,00    0,00    0,00   13,86
18:37:26       4    0,00    0,00    0,00    0,00    0,00  100,00    0,00    0,00    0,00    0,00
18:37:26       5    0,00    0,00    0,00    0,00    0,00  100,00    0,00    0,00    0,00    0,00
18:37:26       6    0,00    0,00    0,00    0,00    0,00   75,00    0,00    0,00    0,00   25,00
18:37:26       7    0,00    0,00    0,00    0,00    0,00  100,00    0,00    0,00    0,00    0,00
18:37:26       8    0,00    0,00    0,00    0,00    0,00   97,00    0,00    0,00    0,00    3,00
18:37:26       9    0,00    0,00    0,00    0,00    0,00   13,13    0,00    0,00    0,00   86,87
18:37:26      10    0,00    0,00    1,01    0,00    0,00   31,31    0,00    0,00    0,00   67,68
18:37:26      11    4,21    0,00    1,05    0,00    0,00   46,32    0,00    0,00    0,00   48,42
18:37:26      12   11,11    0,00    1,01    0,00    0,00   29,29    0,00    0,00    0,00   58,59
18:37:26      13    0,00    0,00    0,00    0,00    0,00   38,38    0,00    0,00    0,00   61,62
18:37:26      14    0,00    0,00    0,00    0,00    0,00   41,41    0,00    0,00    0,00   58,59
18:37:26      15    0,00    0,00    0,00    0,00    0,00   38,61    0,00    0,00    0,00   61,39
18:37:26      16    0,00    0,00    1,00    0,00    0,00    0,00    0,00    0,00    0,00   99,00
18:37:26      17    1,00    0,00    1,00    0,00    0,00    0,00    0,00    0,00    0,00   98,00
18:37:26      18    0,00    0,00    1,00    0,00    0,00    0,00    0,00    0,00    0,00   99,00
18:37:26      19    0,00    0,00    0,99    0,00    0,00    0,00    0,00    0,00    0,00   99,01
18:37:26      20    0,00    0,00    1,00    0,00    0,00    0,00    0,00    0,00    0,00   99,00
18:37:26      21    0,00    0,00    0,00    0,00    0,00    0,00    0,00    0,00    0,00  100,00
18:37:26      22    1,96    0,00    1,96    0,00    0,00    0,00    0,00    0,00    0,00   96,08
18:37:26      23    1,00    0,00    0,00    0,00    0,00    0,00    0,00    0,00    0,00   99,00

18:37:26     CPU    %usr   %nice    %sys %iowait    %irq   %soft  %steal  %guest  %gnice   %idle
18:37:27     all    0,08    0,00    0,04    0,13    0,00   43,47    0,00    0,00    0,00   56,28
18:37:27       0    0,00    0,00    0,00    0,00    0,00   75,76    0,00    0,00    0,00   24,24
18:37:27       1    0,00    0,00    0,00    0,00    0,00  100,00    0,00    0,00    0,00    0,00
18:37:27       2    0,00    0,00    0,00    0,00    0,00   80,81    0,00    0,00    0,00   19,19
18:37:27       3    0,00    0,00    0,00    0,00    0,00   82,98    0,00    0,00    0,00   17,02
18:37:27       4    0,00    0,00    0,00    0,00    0,00  100,00    0,00    0,00    0,00    0,00
18:37:27       5    0,00    0,00    0,00    0,00    0,00  100,00    0,00    0,00    0,00    0,00
18:37:27       6    0,00    0,00    0,00    0,00    0,00   73,47    0,00    0,00    0,00   26,53
18:37:27       7    0,00    0,00    0,00    0,00    0,00  100,00    0,00    0,00    0,00    0,00
18:37:27       8    0,00    0,00    0,00    0,00    0,00   95,10    0,00    0,00    0,00    4,90
18:37:27       9    0,00    0,00    0,00    0,00    0,00   14,00    0,00    0,00    0,00   86,00
18:37:27      10    0,00    0,00    0,00    0,00    0,00   32,65    0,00    0,00    0,00   67,35
18:37:27      11    0,00    0,00    0,00    0,00    0,00   43,02    0,00    0,00    0,00   56,98
18:37:27      12    1,00    0,00    0,00    0,00    0,00   30,00    0,00    0,00    0,00   69,00
18:37:27      13    0,00    0,00    0,00    0,00    0,00   39,00    0,00    0,00    0,00   61,00
18:37:27      14    0,00    0,00    0,00    0,00    0,00   39,39    0,00    0,00    0,00   60,61
18:37:27      15    0,00    0,00    0,00    0,00    0,00   39,39    0,00    0,00    0,00   60,61
18:37:27      16    1,00    0,00    0,00    0,00    0,00    0,00    0,00    0,00    0,00   99,00
18:37:27      17    0,00    0,00    0,00    0,00    0,00    0,00    0,00    0,00    0,00  100,00
18:37:27      18    0,00    0,00    0,00    2,00    0,00    0,00    0,00    0,00    0,00   98,00
18:37:27      19    0,00    0,00    0,00    0,00    0,00    0,00    0,00    0,00    0,00  100,00
18:37:27      20    0,00    0,00    0,00    0,00    0,00    0,00    0,00    0,00    0,00  100,00
18:37:27      21    0,00    0,00    0,00    1,00    0,00    0,00    0,00    0,00    0,00   99,00
18:37:27      22    0,00    0,00    0,00    0,00    0,00    0,00    0,00    0,00    0,00  100,00
18:37:27      23    0,00    0,00    0,99    0,00    0,00    0,00    0,00    0,00    0,00   99,01

18:37:27     CPU    %usr   %nice    %sys %iowait    %irq   %soft  %steal  %guest  %gnice   %idle
18:37:28     all    1,80    0,00    1,34    0,00    0,00   44,95    0,00    0,00    0,00   51,91
18:37:28       0    0,00    0,00    0,00    0,00    0,00   77,66    0,00    0,00    0,00   22,34
18:37:28       1    0,00    0,00    0,00    0,00    0,00  100,00    0,00    0,00    0,00    0,00
18:37:28       2    0,00    0,00    1,00    0,00    0,00   85,00    0,00    0,00    0,00   14,00
18:37:28       3    0,00    0,00    1,00    0,00    0,00   88,00    0,00    0,00    0,00   11,00
18:37:28       4    0,00    0,00    0,00    0,00    0,00  100,00    0,00    0,00    0,00    0,00
18:37:28       5    0,00    0,00    0,00    0,00    0,00  100,00    0,00    0,00    0,00    0,00
18:37:28       6    0,00    0,00    1,00    0,00    0,00   78,00    0,00    0,00    0,00   21,00
18:37:28       7    0,00    0,00    0,00    0,00    0,00  100,00    0,00    0,00    0,00    0,00
18:37:28       8    0,00    0,00    0,00    0,00    0,00   98,99    0,00    0,00    0,00    1,01
18:37:28       9    0,00    0,00    1,00    0,00    0,00   14,00    0,00    0,00    0,00   85,00
18:37:28      10    3,03    0,00    2,02    0,00    0,00   30,30    0,00    0,00    0,00   64,65
18:37:28      11    0,00    0,00    0,00    0,00    0,00   48,48    0,00    0,00    0,00   51,52
18:37:28      12   10,10    0,00    4,04    0,00    0,00   29,29    0,00    0,00    0,00   56,57
18:37:28      13    7,07    0,00    0,00    0,00    0,00   39,39    0,00    0,00    0,00   53,54
18:37:28      14    3,96    0,00    1,98    0,00    0,00   45,54    0,00    0,00    0,00   48,51
18:37:28      15    0,00    0,00    0,00    0,00    0,00   45,45    0,00    0,00    0,00   54,55
18:37:28      16    2,02    0,00    1,01    0,00    0,00    0,00    0,00    0,00    0,00   96,97
18:37:28      17    2,97    0,00    3,96    0,00    0,00    0,00    0,00    0,00    0,00   93,07
18:37:28      18    5,00    0,00    3,00    0,00    0,00    0,00    0,00    0,00    0,00   92,00
18:37:28      19    1,00    0,00    2,00    0,00    0,00    0,00    0,00    0,00    0,00   97,00
18:37:28      20    5,00    0,00    4,00    0,00    0,00    0,00    0,00    0,00    0,00   91,00
18:37:28      21    1,00    0,00    2,00    0,00    0,00    0,00    0,00    0,00    0,00   97,00
18:37:28      22    2,02    0,00    4,04    0,00    0,00    0,00    0,00    0,00    0,00   93,94
18:37:28      23    0,00    0,00    0,00    0,00    0,00    0,00    0,00    0,00    0,00  100,00

18:37:28     CPU    %usr   %nice    %sys %iowait    %irq   %soft  %steal  %guest  %gnice   %idle
18:37:29     all    0,04    0,00    0,00    0,00    0,00   43,16    0,00    0,00    0,00   56,80
18:37:29       0    0,00    0,00    0,00    0,00    0,00   74,49    0,00    0,00    0,00   25,51
18:37:29       1    0,00    0,00    0,00    0,00    0,00   99,01    0,00    0,00    0,00    0,99
18:37:29       2    0,00    0,00    0,00    0,00    0,00   80,00    0,00    0,00    0,00   20,00
18:37:29       3    0,00    0,00    0,00    0,00    0,00   82,83    0,00    0,00    0,00   17,17
18:37:29       4    0,00    0,00    0,00    0,00    0,00  100,00    0,00    0,00    0,00    0,00
18:37:29       5    0,00    0,00    0,00    0,00    0,00  100,00    0,00    0,00    0,00    0,00
18:37:29       6    0,00    0,00    0,00    0,00    0,00   75,26    0,00    0,00    0,00   24,74
18:37:29       7    0,00    0,00    0,00    0,00    0,00  100,00    0,00    0,00    0,00    0,00
18:37:29       8    0,00    0,00    0,00    0,00    0,00   94,12    0,00    0,00    0,00    5,88
18:37:29       9    0,00    0,00    0,00    0,00    0,00   12,00    0,00    0,00    0,00   88,00
18:37:29      10    0,00    0,00    0,00    0,00    0,00   24,00    0,00    0,00    0,00   76,00
18:37:29      11    0,00    0,00    0,00    0,00    0,00   42,16    0,00    0,00    0,00   57,84
18:37:29      12    0,00    0,00    0,00    0,00    0,00   27,00    0,00    0,00    0,00   73,00
18:37:29      13    0,00    0,00    0,00    0,00    0,00   33,33    0,00    0,00    0,00   66,67
18:37:29      14    0,00    0,00    0,00    0,00    0,00   46,00    0,00    0,00    0,00   54,00
18:37:29      15    0,00    0,00    0,00    0,00    0,00   45,10    0,00    0,00    0,00   54,90
18:37:29      16    0,00    0,00    0,00    0,00    0,00    0,00    0,00    0,00    0,00  100,00
18:37:29      17    0,00    0,00    0,00    0,00    0,00    0,00    0,00    0,00    0,00  100,00
18:37:29      18    0,00    0,00    0,00    0,00    0,00    0,00    0,00    0,00    0,00  100,00
18:37:29      19    0,99    0,00    0,00    0,00    0,00    0,00    0,00    0,00    0,00   99,01
18:37:29      20    0,00    0,00    0,00    0,00    0,00    0,00    0,00    0,00    0,00  100,00
18:37:29      21    0,00    0,00    0,00    0,00    0,00    0,00    0,00    0,00    0,00  100,00
18:37:29      22    0,00    0,00    0,00    0,00    0,00    0,00    0,00    0,00    0,00  100,00
18:37:29      23    0,00    0,00    0,00    0,00    0,00    0,00    0,00    0,00    0,00  100,00

18:37:29     CPU    %usr   %nice    %sys %iowait    %irq   %soft  %steal  %guest  %gnice   %idle
18:37:30     all    0,17    0,00    0,12    0,00    0,00   43,21    0,00    0,00    0,00   56,49
18:37:30       0    0,00    0,00    0,00    0,00    0,00   73,96    0,00    0,00    0,00   26,04
18:37:30       1    0,00    0,00    0,00    0,00    0,00   99,00    0,00    0,00    0,00    1,00
18:37:30       2    0,00    0,00    0,00    0,00    0,00   80,39    0,00    0,00    0,00   19,61
18:37:30       3    0,00    0,00    0,00    0,00    0,00   83,84    0,00    0,00    0,00   16,16
18:37:30       4    0,00    0,00    0,00    0,00    0,00  100,00    0,00    0,00    0,00    0,00
18:37:30       5    0,00    0,00    0,00    0,00    0,00  100,00    0,00    0,00    0,00    0,00
18:37:30       6    0,00    0,00    0,00    0,00    0,00   76,00    0,00    0,00    0,00   24,00
18:37:30       7    0,00    0,00    0,00    0,00    0,00  100,00    0,00    0,00    0,00    0,00
18:37:30       8    0,00    0,00    0,00    0,00    0,00   93,27    0,00    0,00    0,00    6,73
18:37:30       9    0,00    0,00    0,00    0,00    0,00   11,11    0,00    0,00    0,00   88,89
18:37:30      10    0,00    0,00    0,00    0,00    0,00   25,25    0,00    0,00    0,00   74,75
18:37:30      11    0,00    0,00    0,00    0,00    0,00   42,00    0,00    0,00    0,00   58,00
18:37:30      12    1,00    0,00    0,00    0,00    0,00   27,00    0,00    0,00    0,00   72,00
18:37:30      13    0,00    0,00    0,00    0,00    0,00   33,00    0,00    0,00    0,00   67,00
18:37:30      14    0,00    0,00    0,00    0,00    0,00   46,00    0,00    0,00    0,00   54,00
18:37:30      15    0,00    0,00    0,00    0,00    0,00   46,00    0,00    0,00    0,00   54,00
18:37:30      16    0,98    0,00    0,98    0,00    0,00    0,00    0,00    0,00    0,00   98,04
18:37:30      17    0,99    0,00    0,00    0,00    0,00    0,00    0,00    0,00    0,00   99,01
18:37:30      18    0,00    0,00    0,00    0,00    0,00    0,00    0,00    0,00    0,00  100,00
18:37:30      19    0,00    0,00    0,00    0,00    0,00    0,00    0,00    0,00    0,00  100,00
18:37:30      20    0,00    0,00    1,00    0,00    0,00    0,00    0,00    0,00    0,00   99,00
18:37:30      21    0,00    0,00    0,00    0,00    0,00    0,00    0,00    0,00    0,00  100,00
18:37:30      22    0,00    0,00    0,00    0,00    0,00    0,00    0,00    0,00    0,00  100,00
18:37:30      23    0,99    0,00    0,99    0,00    0,00    0,00    0,00    0,00    0,00   98,02

18:37:30     CPU    %usr   %nice    %sys %iowait    %irq   %soft  %steal  %guest  %gnice   %idle
18:37:31     all    0,04    0,00    0,08    0,00    0,00   43,47    0,00    0,00    0,00   56,40
18:37:31       0    0,00    0,00    0,00    0,00    0,00   76,00    0,00    0,00    0,00   24,00
18:37:31       1    0,00    0,00    0,00    0,00    0,00  100,00    0,00    0,00    0,00    0,00
18:37:31       2    0,00    0,00    0,00    0,00    0,00   80,81    0,00    0,00    0,00   19,19
18:37:31       3    0,00    0,00    0,00    0,00    0,00   83,00    0,00    0,00    0,00   17,00
18:37:31       4    0,00    0,00    0,00    0,00    0,00  100,00    0,00    0,00    0,00    0,00
18:37:31       5    0,00    0,00    0,00    0,00    0,00  100,00    0,00    0,00    0,00    0,00
18:37:31       6    0,00    0,00    0,00    0,00    0,00   75,51    0,00    0,00    0,00   24,49
18:37:31       7    0,00    0,00    0,00    0,00    0,00  100,00    0,00    0,00    0,00    0,00
18:37:31       8    0,00    0,00    0,00    0,00    0,00   92,08    0,00    0,00    0,00    7,92
18:37:31       9    0,00    0,00    0,00    0,00    0,00   13,00    0,00    0,00    0,00   87,00
18:37:31      10    0,98    0,00    0,98    0,00    0,00   25,49    0,00    0,00    0,00   72,55
18:37:31      11    0,00    0,00    0,00    0,00    0,00   45,45    0,00    0,00    0,00   54,55
18:37:31      12    0,00    0,00    0,00    0,00    0,00   26,00    0,00    0,00    0,00   74,00
18:37:31      13    0,00    0,00    0,00    0,00    0,00   34,65    0,00    0,00    0,00   65,35
18:37:31      14    0,00    0,00    0,99    0,00    0,00   46,53    0,00    0,00    0,00   52,48
18:37:31      15    0,00    0,00    0,00    0,00    0,00   44,55    0,00    0,00    0,00   55,45
18:37:31      16    0,00    0,00    0,00    0,00    0,00    0,00    0,00    0,00    0,00  100,00
18:37:31      17    0,00    0,00    0,00    0,00    0,00    0,00    0,00    0,00    0,00  100,00
18:37:31      18    0,00    0,00    0,00    0,00    0,00    0,00    0,00    0,00    0,00  100,00
18:37:31      19    0,00    0,00    0,00    0,00    0,00    0,00    0,00    0,00    0,00  100,00
18:37:31      20    0,00    0,00    0,00    0,00    0,00    0,00    0,00    0,00    0,00  100,00
18:37:31      21    0,00    0,00    0,00    0,00    0,00    0,00    0,00    0,00    0,00  100,00
18:37:31      22    0,00    0,00    0,00    0,00    0,00    0,00    0,00    0,00    0,00  100,00
18:37:31      23    0,00    0,00    0,00    0,00    0,00    0,00    0,00    0,00    0,00  100,00

18:37:31     CPU    %usr   %nice    %sys %iowait    %irq   %soft  %steal  %guest  %gnice   %idle
18:37:32     all    0,17    0,00    0,08    0,08    0,00   43,39    0,00    0,00    0,00   56,28
18:37:32       0    0,00    0,00    0,00    0,00    0,00   75,00    0,00    0,00    0,00   25,00
18:37:32       1    0,00    0,00    0,00    0,00    0,00   99,01    0,00    0,00    0,00    0,99
18:37:32       2    0,00    0,00    0,00    0,00    0,00   81,00    0,00    0,00    0,00   19,00
18:37:32       3    0,00    0,00    0,00    0,00    0,00   83,67    0,00    0,00    0,00   16,33
18:37:32       4    0,00    0,00    0,00    0,00    0,00  100,00    0,00    0,00    0,00    0,00
18:37:32       5    0,00    0,00    0,00    0,00    0,00  100,00    0,00    0,00    0,00    0,00
18:37:32       6    0,00    0,00    0,00    0,00    0,00   75,49    0,00    0,00    0,00   24,51
18:37:32       7    0,00    0,00    0,00    0,00    0,00  100,00    0,00    0,00    0,00    0,00
18:37:32       8    0,00    0,00    0,98    0,00    0,00   94,12    0,00    0,00    0,00    4,90
18:37:32       9    0,00    0,00    0,00    0,00    0,00   12,87    0,00    0,00    0,00   87,13
18:37:32      10    1,01    0,00    0,00    0,00    0,00   24,24    0,00    0,00    0,00   74,75
18:37:32      11    0,00    0,00    0,00    0,00    0,00   46,08    0,00    0,00    0,00   53,92
18:37:32      12    0,00    0,00    0,00    0,00    0,00   24,24    0,00    0,00    0,00   75,76
18:37:32      13    0,00    0,00    0,00    0,00    0,00   33,66    0,00    0,00    0,00   66,34
18:37:32      14    0,99    0,00    0,00    0,00    0,00   45,54    0,00    0,00    0,00   53,47
18:37:32      15    0,00    0,00    0,00    0,00    0,00   44,44    0,00    0,00    0,00   55,56
18:37:32      16    0,00    0,00    0,00    0,00    0,00    0,00    0,00    0,00    0,00  100,00
18:37:32      17    1,00    0,00    0,00    0,00    0,00    0,00    0,00    0,00    0,00   99,00
18:37:32      18    0,00    0,00    0,00    2,00    0,00    0,00    0,00    0,00    0,00   98,00
18:37:32      19    0,99    0,00    0,00    0,00    0,00    0,00    0,00    0,00    0,00   99,01
18:37:32      20    0,00    0,00    0,99    0,00    0,00    0,00    0,00    0,00    0,00   99,01
18:37:32      21    0,00    0,00    0,00    0,00    0,00    0,00    0,00    0,00    0,00  100,00
18:37:32      22    0,00    0,00    0,00    0,00    0,00    0,00    0,00    0,00    0,00  100,00
18:37:32      23    0,00    0,00    0,00    0,00    0,00    0,00    0,00    0,00    0,00  100,00

18:37:32     CPU    %usr   %nice    %sys %iowait    %irq   %soft  %steal  %guest  %gnice   %idle
18:37:33     all    0,04    0,00    0,04    0,00    0,00   43,22    0,00    0,00    0,00   56,70
18:37:33       0    0,00    0,00    0,00    0,00    0,00   74,49    0,00    0,00    0,00   25,51
18:37:33       1    0,00    0,00    0,00    0,00    0,00   99,01    0,00    0,00    0,00    0,99
18:37:33       2    0,00    0,00    0,00    0,00    0,00   80,81    0,00    0,00    0,00   19,19
18:37:33       3    0,00    0,00    0,00    0,00    0,00   83,84    0,00    0,00    0,00   16,16
18:37:33       4    0,00    0,00    0,00    0,00    0,00  100,00    0,00    0,00    0,00    0,00
18:37:33       5    0,00    0,00    0,00    0,00    0,00  100,00    0,00    0,00    0,00    0,00
18:37:33       6    0,00    0,00    0,00    0,00    0,00   75,51    0,00    0,00    0,00   24,49
18:37:33       7    0,00    0,00    0,00    0,00    0,00  100,00    0,00    0,00    0,00    0,00
18:37:33       8    0,00    0,00    0,00    0,00    0,00   93,14    0,00    0,00    0,00    6,86
18:37:33       9    0,00    0,00    0,00    0,00    0,00   13,00    0,00    0,00    0,00   87,00
18:37:33      10    0,00    0,00    0,00    0,00    0,00   26,00    0,00    0,00    0,00   74,00
18:37:33      11    0,00    0,00    0,00    0,00    0,00   45,00    0,00    0,00    0,00   55,00
18:37:33      12    0,00    0,00    0,00    0,00    0,00   25,74    0,00    0,00    0,00   74,26
18:37:33      13    0,00    0,00    0,00    0,00    0,00   32,32    0,00    0,00    0,00   67,68
18:37:33      14    0,00    0,00    0,00    0,00    0,00   44,90    0,00    0,00    0,00   55,10
18:37:33      15    0,99    0,00    0,00    0,00    0,00   43,56    0,00    0,00    0,00   55,45
18:37:33      16    0,00    0,00    0,00    0,00    0,00    0,00    0,00    0,00    0,00  100,00
18:37:33      17    0,00    0,00    0,00    0,00    0,00    0,00    0,00    0,00    0,00  100,00
18:37:33      18    0,00    0,00    0,00    0,00    0,00    0,00    0,00    0,00    0,00  100,00
18:37:33      19    0,00    0,00    0,00    0,00    0,00    0,00    0,00    0,00    0,00  100,00
18:37:33      20    0,00    0,00    1,00    0,00    0,00    0,00    0,00    0,00    0,00   99,00
18:37:33      21    0,00    0,00    0,00    0,00    0,00    0,00    0,00    0,00    0,00  100,00
18:37:33      22    0,00    0,00    0,00    0,00    0,00    0,00    0,00    0,00    0,00  100,00
18:37:33      23    0,00    0,00    0,00    0,00    0,00    0,00    0,00    0,00    0,00  100,00

18:37:33     CPU    %usr   %nice    %sys %iowait    %irq   %soft  %steal  %guest  %gnice   %idle
18:37:34     all    0,17    0,00    0,08    0,00    0,00   43,17    0,00    0,00    0,00   56,58
18:37:34       0    0,00    0,00    0,00    0,00    0,00   74,75    0,00    0,00    0,00   25,25
18:37:34       1    0,00    0,00    0,00    0,00    0,00  100,00    0,00    0,00    0,00    0,00
18:37:34       2    0,00    0,00    0,00    0,00    0,00   80,61    0,00    0,00    0,00   19,39
18:37:34       3    0,00    0,00    0,00    0,00    0,00   83,51    0,00    0,00    0,00   16,49
18:37:34       4    0,00    0,00    0,00    0,00    0,00  100,00    0,00    0,00    0,00    0,00
18:37:34       5    0,00    0,00    0,00    0,00    0,00  100,00    0,00    0,00    0,00    0,00
18:37:34       6    0,00    0,00    0,00    0,00    0,00   75,26    0,00    0,00    0,00   24,74
18:37:34       7    0,00    0,00    0,00    0,00    0,00  100,00    0,00    0,00    0,00    0,00
18:37:34       8    0,00    0,00    0,00    0,00    0,00   94,17    0,00    0,00    0,00    5,83
18:37:34       9    0,00    0,00    0,00    0,00    0,00   11,22    0,00    0,00    0,00   88,78
18:37:34      10    0,00    0,00    0,00    0,00    0,00   26,26    0,00    0,00    0,00   73,74
18:37:34      11    0,00    0,00    0,00    0,00    0,00   45,00    0,00    0,00    0,00   55,00
18:37:34      12    2,00    0,00    0,00    0,00    0,00   25,00    0,00    0,00    0,00   73,00
18:37:34      13    0,00    0,00    0,00    0,00    0,00   33,33    0,00    0,00    0,00   66,67
18:37:34      14    0,00    0,00    0,00    0,00    0,00   44,44    0,00    0,00    0,00   55,56
18:37:34      15    0,00    0,00    0,00    0,00    0,00   44,33    0,00    0,00    0,00   55,67
18:37:34      16    0,00    0,00    1,00    0,00    0,00    0,00    0,00    0,00    0,00   99,00
18:37:34      17    0,00    0,00    0,00    0,00    0,00    0,00    0,00    0,00    0,00  100,00
18:37:34      18    0,99    0,00    0,00    0,00    0,00    0,00    0,00    0,00    0,00   99,01
18:37:34      19    0,00    0,00    0,00    0,00    0,00    0,00    0,00    0,00    0,00  100,00
18:37:34      20    0,00    0,00    1,00    0,00    0,00    0,00    0,00    0,00    0,00   99,00
18:37:34      21    0,99    0,00    0,00    0,00    0,00    0,00    0,00    0,00    0,00   99,01
18:37:34      22    0,00    0,00    0,00    0,00    0,00    0,00    0,00    0,00    0,00  100,00
18:37:34      23    0,00    0,00    0,00    0,00    0,00    0,00    0,00    0,00    0,00  100,00

18:37:34     CPU    %usr   %nice    %sys %iowait    %irq   %soft  %steal  %guest  %gnice   %idle
18:37:35     all    0,12    0,00    0,08    0,00    0,00   43,51    0,00    0,00    0,00   56,28
18:37:35       0    0,00    0,00    0,00    0,00    0,00   74,26    0,00    0,00    0,00   25,74
18:37:35       1    0,00    0,00    0,00    0,00    0,00   99,01    0,00    0,00    0,00    0,99
18:37:35       2    0,00    0,00    0,00    0,00    0,00   80,39    0,00    0,00    0,00   19,61
18:37:35       3    0,00    0,00    0,00    0,00    0,00   84,00    0,00    0,00    0,00   16,00
18:37:35       4    0,00    0,00    0,00    0,00    0,00  100,00    0,00    0,00    0,00    0,00
18:37:35       5    0,00    0,00    0,00    0,00    0,00  100,00    0,00    0,00    0,00    0,00
18:37:35       6    0,00    0,00    0,00    0,00    0,00   74,75    0,00    0,00    0,00   25,25
18:37:35       7    0,00    0,00    0,00    0,00    0,00  100,00    0,00    0,00    0,00    0,00
18:37:35       8    0,00    0,00    0,00    0,00    0,00   94,06    0,00    0,00    0,00    5,94
18:37:35       9    0,00    0,00    0,00    0,00    0,00   13,86    0,00    0,00    0,00   86,14
18:37:35      10    0,00    0,00    0,00    0,00    0,00   26,73    0,00    0,00    0,00   73,27
18:37:35      11    0,00    0,00    0,00    0,00    0,00   45,00    0,00    0,00    0,00   55,00
18:37:35      12    0,00    0,00    0,99    0,00    0,00   27,72    0,00    0,00    0,00   71,29
18:37:35      13    0,00    0,00    0,00    0,00    0,00   33,67    0,00    0,00    0,00   66,33
18:37:35      14    1,00    0,00    0,00    0,00    0,00   44,00    0,00    0,00    0,00   55,00
18:37:35      15    0,00    0,00    0,00    0,00    0,00   45,00    0,00    0,00    0,00   55,00
18:37:35      16    0,00    0,00    0,00    0,00    0,00    0,00    0,00    0,00    0,00  100,00
18:37:35      17    0,99    0,00    0,00    0,00    0,00    0,00    0,00    0,00    0,00   99,01
18:37:35      18    0,00    0,00    0,00    0,00    0,00    0,00    0,00    0,00    0,00  100,00
18:37:35      19    0,00    0,00    0,00    0,00    0,00    0,00    0,00    0,00    0,00  100,00
18:37:35      20    1,00    0,00    0,00    0,00    0,00    0,00    0,00    0,00    0,00   99,00
18:37:35      21    0,00    0,00    0,99    0,00    0,00    0,00    0,00    0,00    0,00   99,01
18:37:35      22    0,00    0,00    0,00    0,00    0,00    0,00    0,00    0,00    0,00  100,00
18:37:35      23    0,00    0,00    0,00    0,00    0,00    0,00    0,00    0,00    0,00  100,00

18:37:35     CPU    %usr   %nice    %sys %iowait    %irq   %soft  %steal  %guest  %gnice   %idle
18:37:36     all    0,08    0,00    0,08    0,00    0,00   43,28    0,00    0,00    0,00   56,55
18:37:36       0    0,00    0,00    0,00    0,00    0,00   73,96    0,00    0,00    0,00   26,04
18:37:36       1    0,00    0,00    0,00    0,00    0,00   99,00    0,00    0,00    0,00    1,00
18:37:36       2    0,00    0,00    0,00    0,00    0,00   81,19    0,00    0,00    0,00   18,81
18:37:36       3    0,00    0,00    0,00    0,00    0,00   83,84    0,00    0,00    0,00   16,16
18:37:36       4    0,00    0,00    0,00    0,00    0,00  100,00    0,00    0,00    0,00    0,00
18:37:36       5    0,00    0,00    0,00    0,00    0,00  100,00    0,00    0,00    0,00    0,00
18:37:36       6    0,00    0,00    0,00    0,00    0,00   75,25    0,00    0,00    0,00   24,75
18:37:36       7    0,00    0,00    0,00    0,00    0,00  100,00    0,00    0,00    0,00    0,00
18:37:36       8    0,00    0,00    0,00    0,00    0,00   93,00    0,00    0,00    0,00    7,00
18:37:36       9    0,00    0,00    0,00    0,00    0,00   12,12    0,00    0,00    0,00   87,88
18:37:36      10    1,00    0,00    0,00    0,00    0,00   26,00    0,00    0,00    0,00   73,00
18:37:36      11    0,00    0,00    0,00    0,00    0,00   44,44    0,00    0,00    0,00   55,56
18:37:36      12    1,00    0,00    0,00    0,00    0,00   25,00    0,00    0,00    0,00   74,00
18:37:36      13    0,00    0,00    0,00    0,00    0,00   35,29    0,00    0,00    0,00   64,71
18:37:36      14    0,00    0,00    0,00    0,00    0,00   46,53    0,00    0,00    0,00   53,47
18:37:36      15    0,00    0,00    0,00    0,00    0,00   42,86    0,00    0,00    0,00   57,14
18:37:36      16    0,00    0,00    0,00    0,00    0,00    1,00    0,00    0,00    0,00   99,00
18:37:36      17    0,00    0,00    1,00    0,00    0,00    0,00    0,00    0,00    0,00   99,00
18:37:36      18    0,00    0,00    0,00    0,00    0,00    0,00    0,00    0,00    0,00  100,00
18:37:36      19    0,00    0,00    0,00    0,00    0,00    0,00    0,00    0,00    0,00  100,00
18:37:36      20    0,00    0,00    1,00    0,00    0,00    0,00    0,00    0,00    0,00   99,00
18:37:36      21    0,00    0,00    0,00    0,00    0,00    0,00    0,00    0,00    0,00  100,00
18:37:36      22    0,00    0,00    0,00    0,00    0,00    0,00    0,00    0,00    0,00  100,00
18:37:36      23    0,00    0,00    0,00    0,00    0,00    0,00    0,00    0,00    0,00  100,00

18:37:36     CPU    %usr   %nice    %sys %iowait    %irq   %soft  %steal  %guest  %gnice   %idle
18:37:37     all    0,12    0,00    0,08    0,00    0,00   43,52    0,00    0,00    0,00   56,27
18:37:37       0    0,00    0,00    0,00    0,00    0,00   75,76    0,00    0,00    0,00   24,24
18:37:37       1    0,00    0,00    0,00    0,00    0,00   99,00    0,00    0,00    0,00    1,00
18:37:37       2    0,00    0,00    0,00    0,00    0,00   81,19    0,00    0,00    0,00   18,81
18:37:37       3    0,00    0,00    0,00    0,00    0,00   83,84    0,00    0,00    0,00   16,16
18:37:37       4    0,00    0,00    0,00    0,00    0,00  100,00    0,00    0,00    0,00    0,00
18:37:37       5    0,00    0,00    0,00    0,00    0,00  100,00    0,00    0,00    0,00    0,00
18:37:37       6    0,00    0,00    0,00    0,00    0,00   76,00    0,00    0,00    0,00   24,00
18:37:37       7    0,00    0,00    0,00    0,00    0,00  100,00    0,00    0,00    0,00    0,00
18:37:37       8    0,00    0,00    0,00    0,00    0,00   95,05    0,00    0,00    0,00    4,95
18:37:37       9    0,00    0,00    0,00    0,00    0,00   12,00    0,00    0,00    0,00   88,00
18:37:37      10    0,00    0,00    0,00    0,00    0,00   27,00    0,00    0,00    0,00   73,00
18:37:37      11    0,00    0,00    0,00    0,00    0,00   45,54    0,00    0,00    0,00   54,46
18:37:37      12    1,01    0,00    0,00    0,00    0,00   26,26    0,00    0,00    0,00   72,73
18:37:37      13    0,00    0,00    0,00    0,00    0,00   34,00    0,00    0,00    0,00   66,00
18:37:37      14    0,00    0,00    0,00    0,00    0,00   45,00    0,00    0,00    0,00   55,00
18:37:37      15    0,00    0,00    0,00    0,00    0,00   44,00    0,00    0,00    0,00   56,00
18:37:37      16    0,00    0,00    0,00    0,00    0,00    0,00    0,00    0,00    0,00  100,00
18:37:37      17    1,00    0,00    0,00    0,00    0,00    0,00    0,00    0,00    0,00   99,00
18:37:37      18    0,00    0,00    0,00    0,00    0,00    0,00    0,00    0,00    0,00  100,00
18:37:37      19    0,99    0,00    0,99    0,00    0,00    0,00    0,00    0,00    0,00   98,02
18:37:37      20    0,00    0,00    0,00    0,00    0,00    0,00    0,00    0,00    0,00  100,00
18:37:37      21    0,00    0,00    1,00    0,00    0,00    0,00    0,00    0,00    0,00   99,00
18:37:37      22    0,00    0,00    0,00    0,00    0,00    0,00    0,00    0,00    0,00  100,00
18:37:37      23    0,00    0,00    0,00    0,00    0,00    0,00    0,00    0,00    0,00  100,00

18:37:37     CPU    %usr   %nice    %sys %iowait    %irq   %soft  %steal  %guest  %gnice   %idle
18:37:38     all    0,04    0,00    0,00    0,08    0,00   44,18    0,00    0,00    0,00   55,70
18:37:38       0    0,00    0,00    0,00    0,00    0,00   77,32    0,00    0,00    0,00   22,68
18:37:38       1    0,00    0,00    0,00    0,00    0,00  100,00    0,00    0,00    0,00    0,00
18:37:38       2    0,00    0,00    0,00    0,00    0,00   83,33    0,00    0,00    0,00   16,67
18:37:38       3    0,00    0,00    0,00    0,00    0,00   85,86    0,00    0,00    0,00   14,14
18:37:38       4    0,00    0,00    0,00    0,00    0,00  100,00    0,00    0,00    0,00    0,00
18:37:38       5    0,00    0,00    0,00    0,00    0,00  100,00    0,00    0,00    0,00    0,00
18:37:38       6    0,00    0,00    0,00    0,00    0,00   77,23    0,00    0,00    0,00   22,77
18:37:38       7    0,00    0,00    0,00    0,00    0,00  100,00    0,00    0,00    0,00    0,00
18:37:38       8    0,00    0,00    0,00    0,00    0,00   97,03    0,00    0,00    0,00    2,97
18:37:38       9    0,00    0,00    0,00    0,00    0,00   13,00    0,00    0,00    0,00   87,00
18:37:38      10    0,00    0,00    0,00    0,00    0,00   26,26    0,00    0,00    0,00   73,74
18:37:38      11    0,00    0,00    0,00    0,00    0,00   45,45    0,00    0,00    0,00   54,55
18:37:38      12    0,00    0,00    0,00    0,00    0,00   27,00    0,00    0,00    0,00   73,00
18:37:38      13    0,00    0,00    0,00    0,00    0,00   34,34    0,00    0,00    0,00   65,66
18:37:38      14    0,00    0,00    0,00    0,00    0,00   47,00    0,00    0,00    0,00   53,00
18:37:38      15    1,00    0,00    0,00    0,00    0,00   45,00    0,00    0,00    0,00   54,00
18:37:38      16    0,00    0,00    0,00    0,00    0,00    0,00    0,00    0,00    0,00  100,00
18:37:38      17    0,00    0,00    0,00    0,00    0,00    0,00    0,00    0,00    0,00  100,00
18:37:38      18    0,00    0,00    0,00    2,00    0,00    0,00    0,00    0,00    0,00   98,00
18:37:38      19    0,00    0,00    0,00    0,00    0,00    0,00    0,00    0,00    0,00  100,00
18:37:38      20    0,00    0,00    0,00    0,00    0,00    0,00    0,00    0,00    0,00  100,00
18:37:38      21    0,00    0,00    0,00    0,00    0,00    0,00    0,00    0,00    0,00  100,00
18:37:38      22    0,00    0,00    0,00    0,00    0,00    0,00    0,00    0,00    0,00  100,00
18:37:38      23    0,00    0,00    0,00    0,00    0,00    0,00    0,00    0,00    0,00  100,00

18:37:38     CPU    %usr   %nice    %sys %iowait    %irq   %soft  %steal  %guest  %gnice   %idle
18:37:39     all    0,17    0,00    0,04    0,00    0,00   44,70    0,00    0,00    0,00   55,09
18:37:39       0    0,00    0,00    0,00    0,00    0,00   78,57    0,00    0,00    0,00   21,43
18:37:39       1    0,00    0,00    0,00    0,00    0,00  100,00    0,00    0,00    0,00    0,00
18:37:39       2    1,00    0,00    0,00    0,00    0,00   84,00    0,00    0,00    0,00   15,00
18:37:39       3    0,00    0,00    0,00    0,00    0,00   87,76    0,00    0,00    0,00   12,24
18:37:39       4    0,00    0,00    0,00    0,00    0,00  100,00    0,00    0,00    0,00    0,00
18:37:39       5    0,00    0,00    0,00    0,00    0,00  100,00    0,00    0,00    0,00    0,00
18:37:39       6    0,00    0,00    0,00    0,00    0,00   79,21    0,00    0,00    0,00   20,79
18:37:39       7    0,00    0,00    0,00    0,00    0,00  100,00    0,00    0,00    0,00    0,00
18:37:39       8    0,00    0,00    0,00    0,00    0,00  100,00    0,00    0,00    0,00    0,00
18:37:39       9    0,00    0,00    0,00    0,00    0,00   13,86    0,00    0,00    0,00   86,14
18:37:39      10    0,00    0,00    0,00    0,00    0,00   27,72    0,00    0,00    0,00   72,28
18:37:39      11    0,00    0,00    0,00    0,00    0,00   47,52    0,00    0,00    0,00   52,48
18:37:39      12    1,00    0,00    0,00    0,00    0,00   26,00    0,00    0,00    0,00   73,00
18:37:39      13    0,00    0,00    0,00    0,00    0,00   35,64    0,00    0,00    0,00   64,36
18:37:39      14    0,00    0,00    0,00    0,00    0,00   48,00    0,00    0,00    0,00   52,00
18:37:39      15    0,00    0,00    0,00    0,00    0,00   46,94    0,00    0,00    0,00   53,06
18:37:39      16    1,00    0,00    0,00    0,00    0,00    0,00    0,00    0,00    0,00   99,00
18:37:39      17    0,00    0,00    0,00    0,00    0,00    0,00    0,00    0,00    0,00  100,00
18:37:39      18    1,00    0,00    0,00    0,00    0,00    0,00    0,00    0,00    0,00   99,00
18:37:39      19    0,00    0,00    0,00    0,00    0,00    0,00    0,00    0,00    0,00  100,00
18:37:39      20    0,00    0,00    0,00    0,00    0,00    0,00    0,00    0,00    0,00  100,00
18:37:39      21    0,00    0,00    1,00    0,00    0,00    0,00    0,00    0,00    0,00   99,00
18:37:39      22    0,00    0,00    0,00    0,00    0,00    0,00    0,00    0,00    0,00  100,00
18:37:39      23    0,00    0,00    0,00    0,00    0,00    0,00    0,00    0,00    0,00  100,00

18:37:39     CPU    %usr   %nice    %sys %iowait    %irq   %soft  %steal  %guest  %gnice   %idle
18:37:40     all    0,04    0,00    0,00    0,00    0,00   44,71    0,00    0,00    0,00   55,25
18:37:40       0    0,00    0,00    0,00    0,00    0,00   78,00    0,00    0,00    0,00   22,00
18:37:40       1    0,00    0,00    0,00    0,00    0,00  100,00    0,00    0,00    0,00    0,00
18:37:40       2    0,00    0,00    0,00    0,00    0,00   84,85    0,00    0,00    0,00   15,15
18:37:40       3    0,00    0,00    0,00    0,00    0,00   87,13    0,00    0,00    0,00   12,87
18:37:40       4    0,00    0,00    0,00    0,00    0,00  100,00    0,00    0,00    0,00    0,00
18:37:40       5    0,00    0,00    0,00    0,00    0,00  100,00    0,00    0,00    0,00    0,00
18:37:40       6    0,00    0,00    0,00    0,00    0,00   78,00    0,00    0,00    0,00   22,00
18:37:40       7    0,00    0,00    0,00    0,00    0,00  100,00    0,00    0,00    0,00    0,00
18:37:40       8    0,00    0,00    0,00    0,00    0,00   98,04    0,00    0,00    0,00    1,96
18:37:40       9    0,00    0,00    0,00    0,00    0,00   14,00    0,00    0,00    0,00   86,00
18:37:40      10    0,00    0,00    0,00    0,00    0,00   28,71    0,00    0,00    0,00   71,29
18:37:40      11    0,00    0,00    0,00    0,00    0,00   46,46    0,00    0,00    0,00   53,54
18:37:40      12    0,00    0,00    0,00    0,00    0,00   26,73    0,00    0,00    0,00   73,27
18:37:40      13    0,00    0,00    0,00    0,00    0,00   35,00    0,00    0,00    0,00   65,00
18:37:40      14    0,00    0,00    0,00    0,00    0,00   47,00    0,00    0,00    0,00   53,00
18:37:40      15    0,00    0,00    0,00    0,00    0,00   48,00    0,00    0,00    0,00   52,00
18:37:40      16    0,00    0,00    0,00    0,00    0,00    0,00    0,00    0,00    0,00  100,00
18:37:40      17    0,99    0,00    0,00    0,00    0,00    0,00    0,00    0,00    0,00   99,01
18:37:40      18    0,00    0,00    0,00    0,00    0,00    0,00    0,00    0,00    0,00  100,00
18:37:40      19    0,00    0,00    0,00    0,00    0,00    0,00    0,00    0,00    0,00  100,00
18:37:40      20    0,00    0,00    0,00    0,00    0,00    0,00    0,00    0,00    0,00  100,00
18:37:40      21    0,00    0,00    0,00    0,00    0,00    0,00    0,00    0,00    0,00  100,00
18:37:40      22    0,00    0,00    0,00    0,00    0,00    0,00    0,00    0,00    0,00  100,00
18:37:40      23    0,00    0,00    0,00    0,00    0,00    0,00    0,00    0,00    0,00  100,00

18:37:40     CPU    %usr   %nice    %sys %iowait    %irq   %soft  %steal  %guest  %gnice   %idle
18:37:41     all    0,17    0,00    0,17    0,00    0,00   44,60    0,00    0,00    0,00   55,07
18:37:41       0    0,00    0,00    0,00    0,00    0,00   79,00    0,00    0,00    0,00   21,00
18:37:41       1    0,00    0,00    0,00    0,00    0,00  100,00    0,00    0,00    0,00    0,00
18:37:41       2    0,00    0,00    0,00    0,00    0,00   86,14    0,00    0,00    0,00   13,86
18:37:41       3    0,00    0,00    0,00    0,00    0,00   87,88    0,00    0,00    0,00   12,12
18:37:41       4    0,00    0,00    0,00    0,00    0,00  100,00    0,00    0,00    0,00    0,00
18:37:41       5    0,00    0,00    0,00    0,00    0,00  100,00    0,00    0,00    0,00    0,00
18:37:41       6    0,00    0,00    0,00    0,00    0,00   78,00    0,00    0,00    0,00   22,00
18:37:41       7    0,00    0,00    0,00    0,00    0,00  100,00    0,00    0,00    0,00    0,00
18:37:41       8    0,00    0,00    0,00    0,00    0,00   97,00    0,00    0,00    0,00    3,00
18:37:41       9    0,00    0,00    0,00    0,00    0,00   14,00    0,00    0,00    0,00   86,00
18:37:41      10    0,00    0,00    0,98    0,00    0,00   27,45    0,00    0,00    0,00   71,57
18:37:41      11    0,00    0,00    0,00    0,00    0,00   48,04    0,00    0,00    0,00   51,96
18:37:41      12    1,00    0,00    1,00    0,00    0,00   25,00    0,00    0,00    0,00   73,00
18:37:41      13    0,00    0,00    0,00    0,00    0,00   35,00    0,00    0,00    0,00   65,00
18:37:41      14    0,98    0,00    0,00    0,00    0,00   47,06    0,00    0,00    0,00   51,96
18:37:41      15    0,98    0,00    0,00    0,00    0,00   47,06    0,00    0,00    0,00   51,96
18:37:41      16    0,00    0,00    0,00    0,00    0,00    0,00    0,00    0,00    0,00  100,00
18:37:41      17    0,00    0,00    0,00    0,00    0,00    0,00    0,00    0,00    0,00  100,00
18:37:41      18    0,00    0,00    0,00    0,00    0,00    0,00    0,00    0,00    0,00  100,00
18:37:41      19    0,98    0,00    0,98    0,00    0,00    0,00    0,00    0,00    0,00   98,04
18:37:41      20    0,00    0,00    0,00    0,00    0,00    0,00    0,00    0,00    0,00  100,00
18:37:41      21    0,00    0,00    0,00    0,00    0,00    0,00    0,00    0,00    0,00  100,00
18:37:41      22    0,00    0,00    0,99    0,00    0,00    0,00    0,00    0,00    0,00   99,01
18:37:41      23    0,00    0,00    0,00    0,00    0,00    0,00    0,00    0,00    0,00  100,00

18:37:41     CPU    %usr   %nice    %sys %iowait    %irq   %soft  %steal  %guest  %gnice   %idle
18:37:42     all    0,08    0,00    0,08    0,00    0,00   44,58    0,00    0,00    0,00   55,25
18:37:42       0    0,00    0,00    0,00    0,00    0,00   79,00    0,00    0,00    0,00   21,00
18:37:42       1    0,00    0,00    0,00    0,00    0,00  100,00    0,00    0,00    0,00    0,00
18:37:42       2    0,00    0,00    0,00    0,00    0,00   85,15    0,00    0,00    0,00   14,85
18:37:42       3    0,00    0,00    0,00    0,00    0,00   87,13    0,00    0,00    0,00   12,87
18:37:42       4    0,00    0,00    0,00    0,00    0,00  100,00    0,00    0,00    0,00    0,00
18:37:42       5    0,00    0,00    0,00    0,00    0,00  100,00    0,00    0,00    0,00    0,00
18:37:42       6    0,00    0,00    0,00    0,00    0,00   77,55    0,00    0,00    0,00   22,45
18:37:42       7    0,00    0,00    0,00    0,00    0,00  100,00    0,00    0,00    0,00    0,00
18:37:42       8    0,00    0,00    0,00    0,00    0,00   97,03    0,00    0,00    0,00    2,97
18:37:42       9    0,00    0,00    0,00    0,00    0,00   14,14    0,00    0,00    0,00   85,86
18:37:42      10    0,00    0,00    0,00    0,00    0,00   27,27    0,00    0,00    0,00   72,73
18:37:42      11    0,00    0,00    0,00    0,00    0,00   47,00    0,00    0,00    0,00   53,00
18:37:42      12    0,00    0,00    0,00    0,00    0,00   26,26    0,00    0,00    0,00   73,74
18:37:42      13    0,00    0,00    0,00    0,00    0,00   33,67    0,00    0,00    0,00   66,33
18:37:42      14    0,00    0,00    0,99    0,00    0,00   47,52    0,00    0,00    0,00   51,49
18:37:42      15    0,00    0,00    0,00    0,00    0,00   47,47    0,00    0,00    0,00   52,53
18:37:42      16    0,00    0,00    0,00    0,00    0,00    0,00    0,00    0,00    0,00  100,00
18:37:42      17    0,00    0,00    0,00    0,00    0,00    0,00    0,00    0,00    0,00  100,00
18:37:42      18    0,99    0,00    0,00    0,00    0,00    0,00    0,00    0,00    0,00   99,01
18:37:42      19    0,00    0,00    0,00    0,00    0,00    0,00    0,00    0,00    0,00  100,00
18:37:42      20    0,00    0,00    0,00    0,00    0,00    0,00    0,00    0,00    0,00  100,00
18:37:42      21    0,00    0,00    0,00    0,00    0,00    0,00    0,00    0,00    0,00  100,00
18:37:42      22    0,99    0,00    0,99    0,00    0,00    0,00    0,00    0,00    0,00   98,02
18:37:42      23    0,00    0,00    0,00    0,00    0,00    0,00    0,00    0,00    0,00  100,00

18:37:42     CPU    %usr   %nice    %sys %iowait    %irq   %soft  %steal  %guest  %gnice   %idle
18:37:43     all    0,04    0,00    0,13    0,13    0,00   44,66    0,00    0,00    0,00   55,05
18:37:43       0    0,00    0,00    0,00    0,00    0,00   79,21    0,00    0,00    0,00   20,79
18:37:43       1    0,00    0,00    0,00    0,00    0,00  100,00    0,00    0,00    0,00    0,00
18:37:43       2    0,00    0,00    0,00    0,00    0,00   85,00    0,00    0,00    0,00   15,00
18:37:43       3    0,00    0,00    0,00    0,00    0,00   87,88    0,00    0,00    0,00   12,12
18:37:43       4    0,00    0,00    0,99    0,00    0,00   99,01    0,00    0,00    0,00    0,00
18:37:43       5    0,00    0,00    0,00    0,00    0,00  100,00    0,00    0,00    0,00    0,00
18:37:43       6    0,00    0,00    0,00    0,00    0,00   77,78    0,00    0,00    0,00   22,22
18:37:43       7    0,00    0,00    0,00    0,00    0,00  100,00    0,00    0,00    0,00    0,00
18:37:43       8    0,00    0,00    0,00    0,00    0,00   98,00    0,00    0,00    0,00    2,00
18:37:43       9    0,00    0,00    0,00    0,00    0,00   13,13    0,00    0,00    0,00   86,87
18:37:43      10    0,00    0,00    0,00    0,00    0,00   27,00    0,00    0,00    0,00   73,00
18:37:43      11    0,00    0,00    0,00    0,00    0,00   47,52    0,00    0,00    0,00   52,48
18:37:43      12    0,00    0,00    0,00    0,00    0,00   26,00    0,00    0,00    0,00   74,00
18:37:43      13    0,00    0,00    0,00    0,00    0,00   36,27    0,00    0,00    0,00   63,73
18:37:43      14    0,00    0,00    0,00    0,00    0,00   47,00    0,00    0,00    0,00   53,00
18:37:43      15    1,01    0,00    0,00    0,00    0,00   46,46    0,00    0,00    0,00   52,53
18:37:43      16    0,00    0,00    1,00    0,00    0,00    0,00    0,00    0,00    0,00   99,00
18:37:43      17    0,00    0,00    0,00    0,00    0,00    0,00    0,00    0,00    0,00  100,00
18:37:43      18    0,00    0,00    0,00    2,02    0,00    0,00    0,00    0,00    0,00   97,98
18:37:43      19    0,00    0,00    0,00    0,00    0,00    0,00    0,00    0,00    0,00  100,00
18:37:43      20    0,00    0,00    0,00    1,00    0,00    0,00    0,00    0,00    0,00   99,00
18:37:43      21    0,00    0,00    0,99    0,00    0,00    0,00    0,00    0,00    0,00   99,01
18:37:43      22    0,00    0,00    0,00    0,00    0,00    0,00    0,00    0,00    0,00  100,00
18:37:43      23    0,00    0,00    0,00    0,00    0,00    0,00    0,00    0,00    0,00  100,00

18:37:43     CPU    %usr   %nice    %sys %iowait    %irq   %soft  %steal  %guest  %gnice   %idle
18:37:44     all    0,17    0,00    0,08    0,00    0,00   44,67    0,00    0,00    0,00   55,08
18:37:44       0    0,00    0,00    0,00    0,00    0,00   79,21    0,00    0,00    0,00   20,79
18:37:44       1    0,00    0,00    0,00    0,00    0,00  100,00    0,00    0,00    0,00    0,00
18:37:44       2    0,00    0,00    0,00    0,00    0,00   85,86    0,00    0,00    0,00   14,14
18:37:44       3    0,00    0,00    0,00    0,00    0,00   88,00    0,00    0,00    0,00   12,00
18:37:44       4    0,00    0,00    0,00    0,00    0,00  100,00    0,00    0,00    0,00    0,00
18:37:44       5    0,00    0,00    0,00    0,00    0,00  100,00    0,00    0,00    0,00    0,00
18:37:44       6    0,00    0,00    0,00    0,00    0,00   77,78    0,00    0,00    0,00   22,22
18:37:44       7    0,00    0,00    0,00    0,00    0,00  100,00    0,00    0,00    0,00    0,00
18:37:44       8    0,00    0,00    0,00    0,00    0,00   97,98    0,00    0,00    0,00    2,02
18:37:44       9    0,00    0,00    0,00    0,00    0,00   14,85    0,00    0,00    0,00   85,15
18:37:44      10    0,99    0,00    0,00    0,00    0,00   27,72    0,00    0,00    0,00   71,29
18:37:44      11    0,00    0,00    0,00    0,00    0,00   46,46    0,00    0,00    0,00   53,54
18:37:44      12    1,01    0,00    0,00    0,00    0,00   25,25    0,00    0,00    0,00   73,74
18:37:44      13    0,00    0,00    0,00    0,00    0,00   35,00    0,00    0,00    0,00   65,00
18:37:44      14    0,00    0,00    0,00    0,00    0,00   48,54    0,00    0,00    0,00   51,46
18:37:44      15    0,00    0,00    0,00    0,00    0,00   47,47    0,00    0,00    0,00   52,53
18:37:44      16    0,00    0,00    0,00    0,00    0,00    0,00    0,00    0,00    0,00  100,00
18:37:44      17    0,00    0,00    0,00    0,00    0,00    0,00    0,00    0,00    0,00  100,00
18:37:44      18    0,00    0,00    0,99    0,00    0,00    0,00    0,00    0,00    0,00   99,01
18:37:44      19    1,00    0,00    0,00    0,00    0,00    0,00    0,00    0,00    0,00   99,00
18:37:44      20    0,00    0,00    0,00    0,00    0,00    0,00    0,00    0,00    0,00  100,00
18:37:44      21    0,00    0,00    0,00    0,00    0,00    0,00    0,00    0,00    0,00  100,00
18:37:44      22    0,00    0,00    1,00    0,00    0,00    0,00    0,00    0,00    0,00   99,00
18:37:44      23    0,99    0,00    0,00    0,00    0,00    0,00    0,00    0,00    0,00   99,01

18:37:44     CPU    %usr   %nice    %sys %iowait    %irq   %soft  %steal  %guest  %gnice   %idle
18:37:45     all    0,04    0,00    0,04    0,00    0,00   44,59    0,00    0,00    0,00   55,32
18:37:45       0    0,00    0,00    0,00    0,00    0,00   79,00    0,00    0,00    0,00   21,00
18:37:45       1    0,00    0,00    0,00    0,00    0,00  100,00    0,00    0,00    0,00    0,00
18:37:45       2    0,00    0,00    0,00    0,00    0,00   85,00    0,00    0,00    0,00   15,00
18:37:45       3    0,00    0,00    0,00    0,00    0,00   87,88    0,00    0,00    0,00   12,12
18:37:45       4    0,00    0,00    0,00    0,00    0,00  100,00    0,00    0,00    0,00    0,00
18:37:45       5    0,00    0,00    0,00    0,00    0,00  100,00    0,00    0,00    0,00    0,00
18:37:45       6    0,00    0,00    0,00    0,00    0,00   78,00    0,00    0,00    0,00   22,00
18:37:45       7    0,00    0,00    0,00    0,00    0,00  100,00    0,00    0,00    0,00    0,00
18:37:45       8    0,00    0,00    0,00    0,00    0,00   97,03    0,00    0,00    0,00    2,97
18:37:45       9    0,00    0,00    0,00    0,00    0,00   13,27    0,00    0,00    0,00   86,73
18:37:45      10    0,00    0,00    0,00    0,00    0,00   27,00    0,00    0,00    0,00   73,00
18:37:45      11    0,00    0,00    0,00    0,00    0,00   47,47    0,00    0,00    0,00   52,53
18:37:45      12    0,00    0,00    0,00    0,00    0,00   26,26    0,00    0,00    0,00   73,74
18:37:45      13    0,00    0,00    0,00    0,00    0,00   34,34    0,00    0,00    0,00   65,66
18:37:45      14    0,00    0,00    0,00    0,00    0,00   47,00    0,00    0,00    0,00   53,00
18:37:45      15    0,00    0,00    0,00    0,00    0,00   46,53    0,00    0,00    0,00   53,47
18:37:45      16    0,00    0,00    0,00    0,00    0,00    0,00    0,00    0,00    0,00  100,00
18:37:45      17    1,00    0,00    0,00    0,00    0,00    0,00    0,00    0,00    0,00   99,00
18:37:45      18    0,00    0,00    0,00    0,00    0,00    0,00    0,00    0,00    0,00  100,00
18:37:45      19    0,00    0,00    0,00    0,00    0,00    0,00    0,00    0,00    0,00  100,00
18:37:45      20    0,00    0,00    0,00    0,00    0,00    0,00    0,00    0,00    0,00  100,00
18:37:45      21    0,00    0,00    0,00    0,00    0,00    0,00    0,00    0,00    0,00  100,00
18:37:45      22    0,00    0,00    0,00    0,00    0,00    0,00    0,00    0,00    0,00  100,00
18:37:45      23    0,00    0,00    1,00    0,00    0,00    0,00    0,00    0,00    0,00   99,00

18:37:45     CPU    %usr   %nice    %sys %iowait    %irq   %soft  %steal  %guest  %gnice   %idle
18:37:46     all    0,08    0,00    0,08    0,00    0,00   44,56    0,00    0,00    0,00   55,28
18:37:46       0    0,00    0,00    0,00    0,00    0,00   79,00    0,00    0,00    0,00   21,00
18:37:46       1    0,00    0,00    0,00    0,00    0,00  100,00    0,00    0,00    0,00    0,00
18:37:46       2    0,00    0,00    0,00    0,00    0,00   85,00    0,00    0,00    0,00   15,00
18:37:46       3    0,00    0,00    0,00    0,00    0,00   87,13    0,00    0,00    0,00   12,87
18:37:46       4    0,00    0,00    0,00    0,00    0,00  100,00    0,00    0,00    0,00    0,00
18:37:46       5    0,00    0,00    0,00    0,00    0,00  100,00    0,00    0,00    0,00    0,00
18:37:46       6    0,00    0,00    0,00    0,00    0,00   76,77    0,00    0,00    0,00   23,23
18:37:46       7    0,00    0,00    0,00    0,00    0,00  100,00    0,00    0,00    0,00    0,00
18:37:46       8    0,00    0,00    0,00    0,00    0,00   97,98    0,00    0,00    0,00    2,02
18:37:46       9    0,00    0,00    0,00    0,00    0,00   14,00    0,00    0,00    0,00   86,00
18:37:46      10    0,00    0,00    0,00    0,00    0,00   28,00    0,00    0,00    0,00   72,00
18:37:46      11    0,00    0,00    0,00    0,00    0,00   46,46    0,00    0,00    0,00   53,54
18:37:46      12    0,00    0,00    0,00    0,00    0,00   25,25    0,00    0,00    0,00   74,75
18:37:46      13    0,00    0,00    0,00    0,00    0,00   35,64    0,00    0,00    0,00   64,36
18:37:46      14    1,00    0,00    0,00    0,00    0,00   47,00    0,00    0,00    0,00   52,00
18:37:46      15    0,00    0,00    0,00    0,00    0,00   47,47    0,00    0,00    0,00   52,53
18:37:46      16    1,00    0,00    0,00    0,00    0,00    0,00    0,00    0,00    0,00   99,00
18:37:46      17    0,00    0,00    0,99    0,00    0,00    0,00    0,00    0,00    0,00   99,01
18:37:46      18    0,00    0,00    0,00    0,00    0,00    0,00    0,00    0,00    0,00  100,00
18:37:46      19    0,00    0,00    0,00    0,00    0,00    0,00    0,00    0,00    0,00  100,00
18:37:46      20    0,00    0,00    0,99    0,00    0,00    0,00    0,00    0,00    0,00   99,01
18:37:46      21    0,00    0,00    0,00    0,00    0,00    0,00    0,00    0,00    0,00  100,00
18:37:46      22    0,00    0,00    0,00    0,00    0,00    0,00    0,00    0,00    0,00  100,00
18:37:46      23    0,00    0,00    0,00    0,00    0,00    0,00    0,00    0,00    0,00  100,00

18:37:46     CPU    %usr   %nice    %sys %iowait    %irq   %soft  %steal  %guest  %gnice   %idle
18:37:47     all    0,08    0,00    0,00    0,00    0,00   44,70    0,00    0,00    0,00   55,21
18:37:47       0    0,00    0,00    0,00    0,00    0,00   79,59    0,00    0,00    0,00   20,41
18:37:47       1    0,00    0,00    0,00    0,00    0,00  100,00    0,00    0,00    0,00    0,00
18:37:47       2    0,00    0,00    0,00    0,00    0,00   86,00    0,00    0,00    0,00   14,00
18:37:47       3    0,00    0,00    0,00    0,00    0,00   88,00    0,00    0,00    0,00   12,00
18:37:47       4    0,00    0,00    0,00    0,00    0,00  100,00    0,00    0,00    0,00    0,00
18:37:47       5    0,00    0,00    0,00    0,00    0,00  100,00    0,00    0,00    0,00    0,00
18:37:47       6    0,00    0,00    0,00    0,00    0,00   77,78    0,00    0,00    0,00   22,22
18:37:47       7    0,00    0,00    0,00    0,00    0,00  100,00    0,00    0,00    0,00    0,00
18:37:47       8    0,00    0,00    0,00    0,00    0,00   97,03    0,00    0,00    0,00    2,97
18:37:47       9    0,00    0,00    0,00    0,00    0,00   15,00    0,00    0,00    0,00   85,00
18:37:47      10    0,00    0,00    0,00    0,00    0,00   27,00    0,00    0,00    0,00   73,00
18:37:47      11    0,00    0,00    0,00    0,00    0,00   47,52    0,00    0,00    0,00   52,48
18:37:47      12    1,00    0,00    0,00    0,00    0,00   26,00    0,00    0,00    0,00   73,00
18:37:47      13    0,00    0,00    0,00    0,00    0,00   35,00    0,00    0,00    0,00   65,00
18:37:47      14    0,00    0,00    0,00    0,00    0,00   46,39    0,00    0,00    0,00   53,61
18:37:47      15    0,00    0,00    0,00    0,00    0,00   48,04    0,00    0,00    0,00   51,96
18:37:47      16    0,00    0,00    0,00    0,00    0,00    0,00    0,00    0,00    0,00  100,00
18:37:47      17    0,00    0,00    0,00    0,00    0,00    0,00    0,00    0,00    0,00  100,00
18:37:47      18    0,99    0,00    0,00    0,00    0,00    0,00    0,00    0,00    0,00   99,01
18:37:47      19    0,00    0,00    0,00    0,00    0,00    0,00    0,00    0,00    0,00  100,00
18:37:47      20    0,00    0,00    0,00    0,00    0,00    0,00    0,00    0,00    0,00  100,00
18:37:47      21    0,00    0,00    0,00    0,00    0,00    0,00    0,00    0,00    0,00  100,00
18:37:47      22    0,00    0,00    0,00    0,00    0,00    0,00    0,00    0,00    0,00  100,00
18:37:47      23    0,00    0,00    0,00    0,00    0,00    0,00    0,00    0,00    0,00  100,00

18:37:47     CPU    %usr   %nice    %sys %iowait    %irq   %soft  %steal  %guest  %gnice   %idle
18:37:48     all    0,12    0,00    0,08    0,08    0,00   44,63    0,00    0,00    0,00   55,08
18:37:48       0    0,00    0,00    0,00    0,00    0,00   79,41    0,00    0,00    0,00   20,59
18:37:48       1    0,00    0,00    0,00    0,00    0,00  100,00    0,00    0,00    0,00    0,00
18:37:48       2    0,00    0,00    0,00    0,00    0,00   85,29    0,00    0,00    0,00   14,71
18:37:48       3    0,00    0,00    0,00    0,00    0,00   87,88    0,00    0,00    0,00   12,12
18:37:48       4    0,00    0,00    0,00    0,00    0,00  100,00    0,00    0,00    0,00    0,00
18:37:48       5    0,00    0,00    0,00    0,00    0,00  100,00    0,00    0,00    0,00    0,00
18:37:48       6    0,00    0,00    0,00    0,00    0,00   77,78    0,00    0,00    0,00   22,22
18:37:48       7    0,00    0,00    0,00    0,00    0,00  100,00    0,00    0,00    0,00    0,00
18:37:48       8    0,00    0,00    1,00    0,00    0,00   97,00    0,00    0,00    0,00    2,00
18:37:48       9    0,00    0,00    0,00    0,00    0,00   14,00    0,00    0,00    0,00   86,00
18:37:48      10    0,00    0,00    0,00    0,00    0,00   28,00    0,00    0,00    0,00   72,00
18:37:48      11    0,00    0,00    0,00    0,00    0,00   47,47    0,00    0,00    0,00   52,53
18:37:48      12    1,00    0,00    0,00    0,00    0,00   25,00    0,00    0,00    0,00   74,00
18:37:48      13    0,00    0,00    0,00    0,00    0,00   35,00    0,00    0,00    0,00   65,00
18:37:48      14    0,00    0,00    0,00    0,00    0,00   47,52    0,00    0,00    0,00   52,48
18:37:48      15    1,00    0,00    0,00    0,00    0,00   46,00    0,00    0,00    0,00   53,00
18:37:48      16    0,00    0,00    0,00    0,00    0,00    0,00    0,00    0,00    0,00  100,00
18:37:48      17    1,00    0,00    0,00    0,00    0,00    0,00    0,00    0,00    0,00   99,00
18:37:48      18    0,00    0,00    0,00    2,00    0,00    0,00    0,00    0,00    0,00   98,00
18:37:48      19    0,00    0,00    0,00    0,00    0,00    0,00    0,00    0,00    0,00  100,00
18:37:48      20    0,00    0,00    0,00    0,00    0,00    0,00    0,00    0,00    0,00  100,00
18:37:48      21    0,00    0,00    0,00    0,00    0,00    0,00    0,00    0,00    0,00  100,00
18:37:48      22    0,00    0,00    0,00    0,00    0,00    0,00    0,00    0,00    0,00  100,00
18:37:48      23    0,00    0,00    1,00    0,00    0,00    0,00    0,00    0,00    0,00   99,00

18:37:48     CPU    %usr   %nice    %sys %iowait    %irq   %soft  %steal  %guest  %gnice   %idle
18:37:49     all    0,08    0,00    0,13    0,00    0,00   44,58    0,00    0,00    0,00   55,21
18:37:49       0    0,00    0,00    0,00    0,00    0,00   79,00    0,00    0,00    0,00   21,00
18:37:49       1    0,00    0,00    0,00    0,00    0,00  100,00    0,00    0,00    0,00    0,00
18:37:49       2    0,00    0,00    0,00    0,00    0,00   86,14    0,00    0,00    0,00   13,86
18:37:49       3    0,00    0,00    0,00    0,00    0,00   88,00    0,00    0,00    0,00   12,00
18:37:49       4    0,00    0,00    0,00    0,00    0,00  100,00    0,00    0,00    0,00    0,00
18:37:49       5    0,00    0,00    0,00    0,00    0,00  100,00    0,00    0,00    0,00    0,00
18:37:49       6    0,00    0,00    0,00    0,00    0,00   78,43    0,00    0,00    0,00   21,57
18:37:49       7    0,00    0,00    0,00    0,00    0,00  100,00    0,00    0,00    0,00    0,00
18:37:49       8    0,00    0,00    0,00    0,00    0,00   98,00    0,00    0,00    0,00    2,00
18:37:49       9    0,00    0,00    0,00    0,00    0,00   14,14    0,00    0,00    0,00   85,86
18:37:49      10    0,00    0,00    0,00    0,00    0,00   26,26    0,00    0,00    0,00   73,74
18:37:49      11    0,00    0,00    0,00    0,00    0,00   42,86    0,00    0,00    0,00   57,14
18:37:49      12    0,00    0,00    1,00    0,00    0,00   26,00    0,00    0,00    0,00   73,00
18:37:49      13    0,00    0,00    0,00    0,00    0,00   35,64    0,00    0,00    0,00   64,36
18:37:49      14    0,99    0,00    0,00    0,00    0,00   46,53    0,00    0,00    0,00   52,48
18:37:49      15    0,00    0,00    0,00    0,00    0,00   46,46    0,00    0,00    0,00   53,54
18:37:49      16    0,00    0,00    0,00    0,00    0,00    0,00    0,00    0,00    0,00  100,00
18:37:49      17    0,00    0,00    1,00    0,00    0,00    0,00    0,00    0,00    0,00   99,00
18:37:49      18    0,00    0,00    0,00    0,00    0,00    0,00    0,00    0,00    0,00  100,00
18:37:49      19    0,98    0,00    0,98    0,00    0,00    0,00    0,00    0,00    0,00   98,04
18:37:49      20    0,00    0,00    0,00    0,00    0,00    0,00    0,00    0,00    0,00  100,00
18:37:49      21    0,00    0,00    0,00    0,00    0,00    0,00    0,00    0,00    0,00  100,00
18:37:49      22    0,00    0,00    0,00    0,00    0,00    0,00    0,00    0,00    0,00  100,00
18:37:49      23    0,00    0,00    0,00    0,00    0,00    0,00    0,00    0,00    0,00  100,00

18:37:49     CPU    %usr   %nice    %sys %iowait    %irq   %soft  %steal  %guest  %gnice   %idle
18:37:50     all    0,00    0,00    0,08    0,00    0,00   44,58    0,00    0,00    0,00   55,33
18:37:50       0    0,00    0,00    0,00    0,00    0,00   79,00    0,00    0,00    0,00   21,00
18:37:50       1    0,00    0,00    0,00    0,00    0,00  100,00    0,00    0,00    0,00    0,00
18:37:50       2    0,00    0,00    0,00    0,00    0,00   85,71    0,00    0,00    0,00   14,29
18:37:50       3    0,00    0,00    0,00    0,00    0,00   88,00    0,00    0,00    0,00   12,00
18:37:50       4    0,00    0,00    0,00    0,00    0,00  100,00    0,00    0,00    0,00    0,00
18:37:50       5    0,00    0,00    0,00    0,00    0,00  100,00    0,00    0,00    0,00    0,00
18:37:50       6    0,00    0,00    0,00    0,00    0,00   78,22    0,00    0,00    0,00   21,78
18:37:50       7    0,00    0,00    0,00    0,00    0,00  100,00    0,00    0,00    0,00    0,00
18:37:50       8    0,00    0,00    0,00    0,00    0,00   97,03    0,00    0,00    0,00    2,97
18:37:50       9    0,00    0,00    0,00    0,00    0,00   14,00    0,00    0,00    0,00   86,00
18:37:50      10    0,00    0,00    0,00    0,00    0,00   27,00    0,00    0,00    0,00   73,00
18:37:50      11    0,00    0,00    0,00    0,00    0,00   44,00    0,00    0,00    0,00   56,00
18:37:50      12    0,00    0,00    0,00    0,00    0,00   25,25    0,00    0,00    0,00   74,75
18:37:50      13    0,00    0,00    0,00    0,00    0,00   34,65    0,00    0,00    0,00   65,35
18:37:50      14    0,00    0,00    0,97    0,00    0,00   48,54    0,00    0,00    0,00   50,49
18:37:50      15    0,00    0,00    0,00    0,00    0,00   47,00    0,00    0,00    0,00   53,00
18:37:50      16    0,00    0,00    0,00    0,00    0,00    0,00    0,00    0,00    0,00  100,00
18:37:50      17    0,00    0,00    0,00    0,00    0,00    0,00    0,00    0,00    0,00  100,00
18:37:50      18    0,00    0,00    0,00    0,00    0,00    0,00    0,00    0,00    0,00  100,00
18:37:50      19    0,00    0,00    0,00    0,00    0,00    0,00    0,00    0,00    0,00  100,00
18:37:50      20    0,00    0,00    0,00    0,00    0,00    0,00    0,00    0,00    0,00  100,00
18:37:50      21    0,00    0,00    0,00    0,00    0,00    0,00    0,00    0,00    0,00  100,00
18:37:50      22    0,00    0,00    0,00    0,00    0,00    0,00    0,00    0,00    0,00  100,00
18:37:50      23    0,00    0,00    1,00    0,00    0,00    0,00    0,00    0,00    0,00   99,00

18:37:50     CPU    %usr   %nice    %sys %iowait    %irq   %soft  %steal  %guest  %gnice   %idle
18:37:51     all    0,17    0,00    0,08    0,00    0,00   44,39    0,00    0,00    0,00   55,36
18:37:51       0    0,00    0,00    0,00    0,00    0,00   79,00    0,00    0,00    0,00   21,00
18:37:51       1    0,00    0,00    0,00    0,00    0,00  100,00    0,00    0,00    0,00    0,00
18:37:51       2    0,00    0,00    0,00    0,00    0,00   86,14    0,00    0,00    0,00   13,86
18:37:51       3    0,00    0,00    0,00    0,00    0,00   87,88    0,00    0,00    0,00   12,12
18:37:51       4    0,00    0,00    0,00    0,00    0,00  100,00    0,00    0,00    0,00    0,00
18:37:51       5    0,00    0,00    0,00    0,00    0,00  100,00    0,00    0,00    0,00    0,00
18:37:51       6    0,00    0,00    0,00    0,00    0,00   77,55    0,00    0,00    0,00   22,45
18:37:51       7    0,00    0,00    0,00    0,00    0,00  100,00    0,00    0,00    0,00    0,00
18:37:51       8    0,00    0,00    0,00    0,00    0,00   96,04    0,00    0,00    0,00    3,96
18:37:51       9    0,00    0,00    0,00    0,00    0,00   14,14    0,00    0,00    0,00   85,86
18:37:51      10    1,00    0,00    0,00    0,00    0,00   26,00    0,00    0,00    0,00   73,00
18:37:51      11    0,00    0,00    0,00    0,00    0,00   45,00    0,00    0,00    0,00   55,00
18:37:51      12    0,00    0,00    0,00    0,00    0,00   25,25    0,00    0,00    0,00   74,75
18:37:51      13    0,00    0,00    0,00    0,00    0,00   34,34    0,00    0,00    0,00   65,66
18:37:51      14    1,00    0,00    0,00    0,00    0,00   47,00    0,00    0,00    0,00   52,00
18:37:51      15    0,00    0,00    0,00    0,00    0,00   47,52    0,00    0,00    0,00   52,48
18:37:51      16    1,00    0,00    0,00    0,00    0,00    0,00    0,00    0,00    0,00   99,00
18:37:51      17    0,99    0,00    0,00    0,00    0,00    0,00    0,00    0,00    0,00   99,01
18:37:51      18    0,00    0,00    0,00    0,00    0,00    0,00    0,00    0,00    0,00  100,00
18:37:51      19    0,00    0,00    0,00    0,00    0,00    0,00    0,00    0,00    0,00  100,00
18:37:51      20    0,00    0,00    0,99    0,00    0,00    0,00    0,00    0,00    0,00   99,01
18:37:51      21    0,00    0,00    1,00    0,00    0,00    0,00    0,00    0,00    0,00   99,00
18:37:51      22    0,00    0,00    0,00    0,00    0,00    0,00    0,00    0,00    0,00  100,00
18:37:51      23    0,00    0,00    0,00    0,00    0,00    0,00    0,00    0,00    0,00  100,00

18:37:51     CPU    %usr   %nice    %sys %iowait    %irq   %soft  %steal  %guest  %gnice   %idle
18:37:52     all    0,12    0,00    0,08    0,00    0,00   44,29    0,00    0,00    0,00   55,50
18:37:52       0    0,00    0,00    0,00    0,00    0,00   78,79    0,00    0,00    0,00   21,21
18:37:52       1    0,00    0,00    0,00    0,00    0,00  100,00    0,00    0,00    0,00    0,00
18:37:52       2    0,00    0,00    0,00    0,00    0,00   85,29    0,00    0,00    0,00   14,71
18:37:52       3    0,00    0,00    0,00    0,00    0,00   88,00    0,00    0,00    0,00   12,00
18:37:52       4    0,00    0,00    0,00    0,00    0,00  100,00    0,00    0,00    0,00    0,00
18:37:52       5    0,00    0,00    0,00    0,00    0,00  100,00    0,00    0,00    0,00    0,00
18:37:52       6    0,00    0,00    0,00    0,00    0,00   77,45    0,00    0,00    0,00   22,55
18:37:52       7    0,00    0,00    0,00    0,00    0,00  100,00    0,00    0,00    0,00    0,00
18:37:52       8    0,00    0,00    0,00    0,00    0,00   95,05    0,00    0,00    0,00    4,95
18:37:52       9    0,00    0,00    0,00    0,00    0,00   13,13    0,00    0,00    0,00   86,87
18:37:52      10    0,00    0,00    1,00    0,00    0,00   27,00    0,00    0,00    0,00   72,00
18:37:52      11    0,00    0,00    0,00    0,00    0,00   43,43    0,00    0,00    0,00   56,57
18:37:52      12    0,99    0,00    0,00    0,00    0,00   25,74    0,00    0,00    0,00   73,27
18:37:52      13    0,00    0,00    0,00    0,00    0,00   35,00    0,00    0,00    0,00   65,00
18:37:52      14    1,00    0,00    0,00    0,00    0,00   46,00    0,00    0,00    0,00   53,00
18:37:52      15    0,00    0,00    0,00    0,00    0,00   45,92    0,00    0,00    0,00   54,08
18:37:52      16    0,00    0,00    0,00    0,00    0,00    0,00    0,00    0,00    0,00  100,00
18:37:52      17    0,00    0,00    1,00    0,00    0,00    0,00    0,00    0,00    0,00   99,00
18:37:52      18    0,00    0,00    0,00    0,00    0,00    0,00    0,00    0,00    0,00  100,00
18:37:52      19    0,00    0,00    0,00    0,00    0,00    0,00    0,00    0,00    0,00  100,00
18:37:52      20    0,00    0,00    0,00    0,00    0,00    0,00    0,00    0,00    0,00  100,00
18:37:52      21    1,00    0,00    0,00    0,00    0,00    0,00    0,00    0,00    0,00   99,00
18:37:52      22    0,00    0,00    0,00    0,00    0,00    0,00    0,00    0,00    0,00  100,00
18:37:52      23    0,00    0,00    0,00    0,00    0,00    0,00    0,00    0,00    0,00  100,00

18:37:52     CPU    %usr   %nice    %sys %iowait    %irq   %soft  %steal  %guest  %gnice   %idle
18:37:53     all    0,00    0,00    0,08    0,00    0,00   44,56    0,00    0,00    0,00   55,36
18:37:53       0    0,00    0,00    0,00    0,00    0,00   79,21    0,00    0,00    0,00   20,79
18:37:53       1    0,00    0,00    0,00    0,00    0,00  100,00    0,00    0,00    0,00    0,00
18:37:53       2    0,00    0,00    0,00    0,00    0,00   85,15    0,00    0,00    0,00   14,85
18:37:53       3    0,00    0,00    0,00    0,00    0,00   88,12    0,00    0,00    0,00   11,88
18:37:53       4    0,00    0,00    0,00    0,00    0,00  100,00    0,00    0,00    0,00    0,00
18:37:53       5    0,00    0,00    0,00    0,00    0,00  100,00    0,00    0,00    0,00    0,00
18:37:53       6    0,00    0,00    0,00    0,00    0,00   78,43    0,00    0,00    0,00   21,57
18:37:53       7    0,00    0,00    0,00    0,00    0,00  100,00    0,00    0,00    0,00    0,00
18:37:53       8    0,00    0,00    0,00    0,00    0,00   95,15    0,00    0,00    0,00    4,85
18:37:53       9    0,00    0,00    0,00    0,00    0,00   14,14    0,00    0,00    0,00   85,86
18:37:53      10    0,00    0,00    0,00    0,00    0,00   27,00    0,00    0,00    0,00   73,00
18:37:53      11    0,00    0,00    0,00    0,00    0,00   43,00    0,00    0,00    0,00   57,00
18:37:53      12    0,00    0,00    0,00    0,00    0,00   26,26    0,00    0,00    0,00   73,74
18:37:53      13    0,00    0,00    0,00    0,00    0,00   34,65    0,00    0,00    0,00   65,35
18:37:53      14    0,00    0,00    0,00    0,00    0,00   46,46    0,00    0,00    0,00   53,54
18:37:53      15    0,00    0,00    0,00    0,00    0,00   48,04    0,00    0,00    0,00   51,96
18:37:53      16    0,00    0,00    1,00    0,00    0,00    0,00    0,00    0,00    0,00   99,00
18:37:53      17    0,00    0,00    0,00    0,00    0,00    0,00    0,00    0,00    0,00  100,00
18:37:53      18    0,00    0,00    0,00    0,00    0,00    0,00    0,00    0,00    0,00  100,00
18:37:53      19    0,00    0,00    0,00    0,00    0,00    0,00    0,00    0,00    0,00  100,00
18:37:53      20    0,00    0,00    0,00    0,00    0,00    0,00    0,00    0,00    0,00  100,00
18:37:53      21    0,00    0,00    1,00    0,00    0,00    0,00    0,00    0,00    0,00   99,00
18:37:53      22    0,00    0,00    0,00    0,00    0,00    0,00    0,00    0,00    0,00  100,00
18:37:53      23    0,00    0,00    0,00    0,00    0,00    0,00    0,00    0,00    0,00  100,00

18:37:53     CPU    %usr   %nice    %sys %iowait    %irq   %soft  %steal  %guest  %gnice   %idle
18:37:54     all    0,12    0,00    0,12    0,08    0,00   44,57    0,00    0,00    0,00   55,10
18:37:54       0    0,00    0,00    0,00    0,00    0,00   79,21    0,00    0,00    0,00   20,79
18:37:54       1    0,00    0,00    0,00    0,00    0,00  100,00    0,00    0,00    0,00    0,00
18:37:54       2    0,00    0,00    0,00    0,00    0,00   85,15    0,00    0,00    0,00   14,85
18:37:54       3    0,00    0,00    0,00    0,00    0,00   87,13    0,00    0,00    0,00   12,87
18:37:54       4    0,00    0,00    0,00    0,00    0,00  100,00    0,00    0,00    0,00    0,00
18:37:54       5    0,00    0,00    0,00    0,00    0,00  100,00    0,00    0,00    0,00    0,00
18:37:54       6    0,00    0,00    0,00    0,00    0,00   78,43    0,00    0,00    0,00   21,57
18:37:54       7    0,00    0,00    0,00    0,00    0,00  100,00    0,00    0,00    0,00    0,00
18:37:54       8    0,00    0,00    0,00    0,00    0,00   96,08    0,00    0,00    0,00    3,92
18:37:54       9    0,00    0,00    0,00    0,00    0,00   14,85    0,00    0,00    0,00   85,15
18:37:54      10    0,00    0,00    0,00    0,00    0,00   26,73    0,00    0,00    0,00   73,27
18:37:54      11    0,00    0,00    0,00    0,00    0,00   44,00    0,00    0,00    0,00   56,00
18:37:54      12    0,00    0,00    0,00    0,00    0,00   26,26    0,00    0,00    0,00   73,74
18:37:54      13    0,00    0,00    0,00    0,00    0,00   35,64    0,00    0,00    0,00   64,36
18:37:54      14    0,99    0,00    0,00    0,00    0,00   47,52    0,00    0,00    0,00   51,49
18:37:54      15    0,00    0,00    0,00    0,00    0,00   47,00    0,00    0,00    0,00   53,00
18:37:54      16    0,00    0,00    0,00    0,00    0,00    0,00    0,00    0,00    0,00  100,00
18:37:54      17    0,99    0,00    0,99    0,00    0,00    0,00    0,00    0,00    0,00   98,02
18:37:54      18    0,00    0,00    0,99    1,98    0,00    0,00    0,00    0,00    0,00   97,03
18:37:54      19    0,00    0,00    0,00    0,00    0,00    0,00    0,00    0,00    0,00  100,00
18:37:54      20    1,00    0,00    0,00    0,00    0,00    0,00    0,00    0,00    0,00   99,00
18:37:54      21    0,00    0,00    0,00    0,00    0,00    0,00    0,00    0,00    0,00  100,00
18:37:54      22    0,00    0,00    0,99    0,00    0,00    0,00    0,00    0,00    0,00   99,01
18:37:54      23    0,00    0,00    0,00    0,00    0,00    0,00    0,00    0,00    0,00  100,00

18:37:54     CPU    %usr   %nice    %sys %iowait    %irq   %soft  %steal  %guest  %gnice   %idle
18:37:55     all    0,17    0,00    0,04    0,00    0,00   44,31    0,00    0,00    0,00   55,48
18:37:55       0    0,00    0,00    0,00    0,00    0,00   78,57    0,00    0,00    0,00   21,43
18:37:55       1    0,00    0,00    0,00    0,00    0,00  100,00    0,00    0,00    0,00    0,00
18:37:55       2    0,00    0,00    0,99    0,00    0,00   84,16    0,00    0,00    0,00   14,85
18:37:55       3    0,00    0,00    0,00    0,00    0,00   88,00    0,00    0,00    0,00   12,00
18:37:55       4    0,00    0,00    0,00    0,00    0,00  100,00    0,00    0,00    0,00    0,00
18:37:55       5    0,00    0,00    0,00    0,00    0,00  100,00    0,00    0,00    0,00    0,00
18:37:55       6    0,00    0,00    0,00    0,00    0,00   78,00    0,00    0,00    0,00   22,00
18:37:55       7    0,00    0,00    0,00    0,00    0,00  100,00    0,00    0,00    0,00    0,00
18:37:55       8    0,00    0,00    0,00    0,00    0,00   95,10    0,00    0,00    0,00    4,90
18:37:55       9    0,00    0,00    0,00    0,00    0,00   14,14    0,00    0,00    0,00   85,86
18:37:55      10    1,01    0,00    0,00    0,00    0,00   25,25    0,00    0,00    0,00   73,74
18:37:55      11    0,00    0,00    0,00    0,00    0,00   43,43    0,00    0,00    0,00   56,57
18:37:55      12    1,00    0,00    0,00    0,00    0,00   25,00    0,00    0,00    0,00   74,00
18:37:55      13    0,00    0,00    0,00    0,00    0,00   35,00    0,00    0,00    0,00   65,00
18:37:55      14    0,00    0,00    0,00    0,00    0,00   47,52    0,00    0,00    0,00   52,48
18:37:55      15    0,99    0,00    0,00    0,00    0,00   47,52    0,00    0,00    0,00   51,49
18:37:55      16    0,00    0,00    0,00    0,00    0,00    0,00    0,00    0,00    0,00  100,00
18:37:55      17    0,00    0,00    0,00    0,00    0,00    0,00    0,00    0,00    0,00  100,00
18:37:55      18    1,00    0,00    0,00    0,00    0,00    0,00    0,00    0,00    0,00   99,00
18:37:55      19    0,00    0,00    0,00    0,00    0,00    0,00    0,00    0,00    0,00  100,00
18:37:55      20    0,00    0,00    0,00    0,00    0,00    0,00    0,00    0,00    0,00  100,00
18:37:55      21    0,00    0,00    0,00    0,00    0,00    0,00    0,00    0,00    0,00  100,00
18:37:55      22    0,00    0,00    0,00    0,00    0,00    0,00    0,00    0,00    0,00  100,00
18:37:55      23    0,00    0,00    0,00    0,00    0,00    0,00    0,00    0,00    0,00  100,00

18:37:55     CPU    %usr   %nice    %sys %iowait    %irq   %soft  %steal  %guest  %gnice   %idle
18:37:56     all    0,21    0,00    0,12    0,00    0,00   44,50    0,00    0,00    0,00   55,17
18:37:56       0    0,00    0,00    0,00    0,00    0,00   79,00    0,00    0,00    0,00   21,00
18:37:56       1    0,00    0,00    0,00    0,00    0,00  100,00    0,00    0,00    0,00    0,00
18:37:56       2    0,00    0,00    0,00    0,00    0,00   84,69    0,00    0,00    0,00   15,31
18:37:56       3    0,00    0,00    0,00    0,00    0,00   87,88    0,00    0,00    0,00   12,12
18:37:56       4    0,00    0,00    0,00    0,00    0,00  100,00    0,00    0,00    0,00    0,00
18:37:56       5    0,00    0,00    0,00    0,00    0,00  100,00    0,00    0,00    0,00    0,00
18:37:56       6    0,00    0,00    0,00    0,00    0,00   78,00    0,00    0,00    0,00   22,00
18:37:56       7    0,00    0,00    0,00    0,00    0,00  100,00    0,00    0,00    0,00    0,00
18:37:56       8    0,00    0,00    0,00    0,00    0,00   96,08    0,00    0,00    0,00    3,92
18:37:56       9    0,00    0,00    0,00    0,00    0,00   14,00    0,00    0,00    0,00   86,00
18:37:56      10    0,00    0,00    0,00    0,00    0,00   27,00    0,00    0,00    0,00   73,00
18:37:56      11    0,00    0,00    0,00    0,00    0,00   44,00    0,00    0,00    0,00   56,00
18:37:56      12    1,01    0,00    0,00    0,00    0,00   27,27    0,00    0,00    0,00   71,72
18:37:56      13    1,96    0,00    0,98    0,00    0,00   35,29    0,00    0,00    0,00   61,76
18:37:56      14    0,00    0,00    0,00    0,00    0,00   47,00    0,00    0,00    0,00   53,00
18:37:56      15    0,00    0,00    0,00    0,00    0,00   48,00    0,00    0,00    0,00   52,00
18:37:56      16    1,00    0,00    0,00    0,00    0,00    0,00    0,00    0,00    0,00   99,00
18:37:56      17    0,00    0,00    1,00    0,00    0,00    0,00    0,00    0,00    0,00   99,00
18:37:56      18    0,00    0,00    0,00    0,00    0,00    0,00    0,00    0,00    0,00  100,00
18:37:56      19    0,00    0,00    0,00    0,00    0,00    0,00    0,00    0,00    0,00  100,00
18:37:56      20    0,00    0,00    0,00    0,00    0,00    0,00    0,00    0,00    0,00  100,00
18:37:56      21    0,00    0,00    1,00    0,00    0,00    0,00    0,00    0,00    0,00   99,00
18:37:56      22    0,00    0,00    0,00    0,00    0,00    0,00    0,00    0,00    0,00  100,00
18:37:56      23    0,99    0,00    0,00    0,00    0,00    0,00    0,00    0,00    0,00   99,01

18:37:56     CPU    %usr   %nice    %sys %iowait    %irq   %soft  %steal  %guest  %gnice   %idle
18:37:57     all    0,17    0,00    0,00    0,00    0,00   45,11    0,00    0,00    0,00   54,72
18:37:57       0    0,00    0,00    0,00    0,00    0,00   79,00    0,00    0,00    0,00   21,00
18:37:57       1    0,00    0,00    0,00    0,00    0,00  100,00    0,00    0,00    0,00    0,00
18:37:57       2    0,00    0,00    0,00    0,00    0,00   85,15    0,00    0,00    0,00   14,85
18:37:57       3    0,00    0,00    0,00    0,00    0,00   87,88    0,00    0,00    0,00   12,12
18:37:57       4    0,00    0,00    0,00    0,00    0,00  100,00    0,00    0,00    0,00    0,00
18:37:57       5    0,00    0,00    0,00    0,00    0,00  100,00    0,00    0,00    0,00    0,00
18:37:57       6    0,00    0,00    0,00    0,00    0,00   78,57    0,00    0,00    0,00   21,43
18:37:57       7    0,00    0,00    0,00    0,00    0,00  100,00    0,00    0,00    0,00    0,00
18:37:57       8    0,00    0,00    0,00    0,00    0,00  100,00    0,00    0,00    0,00    0,00
18:37:57       9    0,00    0,00    0,00    0,00    0,00   12,12    0,00    0,00    0,00   87,88
18:37:57      10    0,00    0,00    0,00    0,00    0,00   32,00    0,00    0,00    0,00   68,00
18:37:57      11    0,00    0,00    0,00    0,00    0,00   45,54    0,00    0,00    0,00   54,46
18:37:57      12    1,00    0,00    0,00    0,00    0,00   31,00    0,00    0,00    0,00   68,00
18:37:57      13    1,02    0,00    0,00    0,00    0,00   38,78    0,00    0,00    0,00   60,20
18:37:57      14    0,00    0,00    0,00    0,00    0,00   44,90    0,00    0,00    0,00   55,10
18:37:57      15    0,00    0,00    0,00    0,00    0,00   47,00    0,00    0,00    0,00   53,00
18:37:57      16    0,00    0,00    0,00    0,00    0,00    0,00    0,00    0,00    0,00  100,00
18:37:57      17    0,00    0,00    0,00    0,00    0,00    0,00    0,00    0,00    0,00  100,00
18:37:57      18    0,00    0,00    0,00    0,00    0,00    0,00    0,00    0,00    0,00  100,00
18:37:57      19    1,00    0,00    0,00    0,00    0,00    0,00    0,00    0,00    0,00   99,00
18:37:57      20    0,00    0,00    0,00    0,00    0,00    0,00    0,00    0,00    0,00  100,00
18:37:57      21    1,00    0,00    0,00    0,00    0,00    0,00    0,00    0,00    0,00   99,00
18:37:57      22    0,00    0,00    0,00    0,00    0,00    0,00    0,00    0,00    0,00  100,00
18:37:57      23    0,00    0,00    0,00    0,00    0,00    0,00    0,00    0,00    0,00  100,00

18:37:57     CPU    %usr   %nice    %sys %iowait    %irq   %soft  %steal  %guest  %gnice   %idle
18:37:58     all    0,17    0,00    0,12    0,00    0,00   45,12    0,00    0,00    0,00   54,58
18:37:58       0    0,00    0,00    0,00    0,00    0,00   78,79    0,00    0,00    0,00   21,21
18:37:58       1    0,00    0,00    0,00    0,00    0,00  100,00    0,00    0,00    0,00    0,00
18:37:58       2    0,00    0,00    0,00    0,00    0,00   84,16    0,00    0,00    0,00   15,84
18:37:58       3    0,00    0,00    0,00    0,00    0,00   87,88    0,00    0,00    0,00   12,12
18:37:58       4    0,00    0,00    0,00    0,00    0,00  100,00    0,00    0,00    0,00    0,00
18:37:58       5    0,00    0,00    0,00    0,00    0,00  100,00    0,00    0,00    0,00    0,00
18:37:58       6    0,00    0,00    0,00    0,00    0,00   78,00    0,00    0,00    0,00   22,00
18:37:58       7    0,00    0,00    0,00    0,00    0,00  100,00    0,00    0,00    0,00    0,00
18:37:58       8    0,00    0,00    0,00    0,00    0,00   99,00    0,00    0,00    0,00    1,00
18:37:58       9    0,00    0,00    0,00    0,00    0,00   13,00    0,00    0,00    0,00   87,00
18:37:58      10    0,00    0,00    0,00    0,00    0,00   30,00    0,00    0,00    0,00   70,00
18:37:58      11    0,00    0,00    0,98    0,00    0,00   46,08    0,00    0,00    0,00   52,94
18:37:58      12    0,00    0,00    0,00    0,00    0,00   33,00    0,00    0,00    0,00   67,00
18:37:58      13    1,94    0,00    0,97    0,00    0,00   39,81    0,00    0,00    0,00   57,28
18:37:58      14    0,00    0,00    0,00    0,00    0,00   46,46    0,00    0,00    0,00   53,54
18:37:58      15    0,00    0,00    0,00    0,00    0,00   46,46    0,00    0,00    0,00   53,54
18:37:58      16    1,00    0,00    0,00    0,00    0,00    0,00    0,00    0,00    0,00   99,00
18:37:58      17    0,00    0,00    0,00    0,00    0,00    0,00    0,00    0,00    0,00  100,00
18:37:58      18    1,00    0,00    0,00    0,00    0,00    0,00    0,00    0,00    0,00   99,00
18:37:58      19    0,00    0,00    0,00    0,00    0,00    0,00    0,00    0,00    0,00  100,00
18:37:58      20    0,00    0,00    0,00    0,00    0,00    0,00    0,00    0,00    0,00  100,00
18:37:58      21    0,00    0,00    1,00    0,00    0,00    0,00    0,00    0,00    0,00   99,00
18:37:58      22    0,00    0,00    0,00    0,00    0,00    0,00    0,00    0,00    0,00  100,00
18:37:58      23    0,00    0,00    0,00    0,00    0,00    0,00    0,00    0,00    0,00  100,00

18:37:58     CPU    %usr   %nice    %sys %iowait    %irq   %soft  %steal  %guest  %gnice   %idle
18:37:59     all    0,34    0,00    0,08    0,08    0,00   43,98    0,00    0,00    0,00   55,52
18:37:59       0    0,00    0,00    0,00    0,00    0,00   78,79    0,00    0,00    0,00   21,21
18:37:59       1    0,00    0,00    0,99    0,00    0,00   99,01    0,00    0,00    0,00    0,00
18:37:59       2    0,00    0,00    0,00    0,00    0,00   84,16    0,00    0,00    0,00   15,84
18:37:59       3    0,00    0,00    0,00    0,00    0,00   84,51    0,00    0,00    0,00   15,49
18:37:59       4    0,00    0,00    0,00    0,00    0,00  100,00    0,00    0,00    0,00    0,00
18:37:59       5    0,00    0,00    0,00    0,00    0,00  100,00    0,00    0,00    0,00    0,00
18:37:59       6    0,99    0,00    0,00    0,00    0,00   77,23    0,00    0,00    0,00   21,78
18:37:59       7    0,00    0,00    0,00    0,00    0,00  100,00    0,00    0,00    0,00    0,00
18:37:59       8    0,00    0,00    0,00    0,00    0,00  100,00    0,00    0,00    0,00    0,00
18:37:59       9    0,00    0,00    0,00    0,00    0,00   13,86    0,00    0,00    0,00   86,14
18:37:59      10    1,00    0,00    0,00    0,00    0,00   27,00    0,00    0,00    0,00   72,00
18:37:59      11    0,00    0,00    0,00    0,00    0,00   43,43    0,00    0,00    0,00   56,57
18:37:59      12    1,00    0,00    0,00    0,00    0,00   29,00    0,00    0,00    0,00   70,00
18:37:59      13    1,01    0,00    0,00    0,00    0,00   35,35    0,00    0,00    0,00   63,64
18:37:59      14    0,99    0,00    0,00    0,00    0,00   46,53    0,00    0,00    0,00   52,48
18:37:59      15    0,99    0,00    0,00    0,00    0,00   47,52    0,00    0,00    0,00   51,49
18:37:59      16    0,00    0,00    0,00    0,00    0,00    0,00    0,00    0,00    0,00  100,00
18:37:59      17    0,98    0,00    0,98    0,00    0,00    0,00    0,00    0,00    0,00   98,04
18:37:59      18    0,00    0,00    0,00    1,01    0,00    0,00    0,00    0,00    0,00   98,99
18:37:59      19    0,00    0,00    0,00    0,00    0,00    0,00    0,00    0,00    0,00  100,00
18:37:59      20    0,00    0,00    0,00    1,00    0,00    0,00    0,00    0,00    0,00   99,00
18:37:59      21    0,00    0,00    0,00    0,00    0,00    0,00    0,00    0,00    0,00  100,00
18:37:59      22    0,99    0,00    0,00    0,00    0,00    0,00    0,00    0,00    0,00   99,01
18:37:59      23    0,00    0,00    0,00    0,00    0,00    0,00    0,00    0,00    0,00  100,00

18:37:59     CPU    %usr   %nice    %sys %iowait    %irq   %soft  %steal  %guest  %gnice   %idle
18:38:00     all    0,17    0,00    0,04    0,00    0,00   44,69    0,00    0,00    0,00   55,10
18:38:00       0    0,00    0,00    0,00    0,00    0,00   78,79    0,00    0,00    0,00   21,21
18:38:00       1    0,00    0,00    0,00    0,00    0,00  100,00    0,00    0,00    0,00    0,00
18:38:00       2    0,00    0,00    0,00    0,00    0,00   84,00    0,00    0,00    0,00   16,00
18:38:00       3    0,00    0,00    0,00    0,00    0,00   87,00    0,00    0,00    0,00   13,00
18:38:00       4    0,00    0,00    0,00    0,00    0,00  100,00    0,00    0,00    0,00    0,00
18:38:00       5    0,00    0,00    0,00    0,00    0,00  100,00    0,00    0,00    0,00    0,00
18:38:00       6    0,00    0,00    0,00    0,00    0,00   78,00    0,00    0,00    0,00   22,00
18:38:00       7    0,00    0,00    0,00    0,00    0,00  100,00    0,00    0,00    0,00    0,00
18:38:00       8    0,00    0,00    0,00    0,00    0,00  100,00    0,00    0,00    0,00    0,00
18:38:00       9    0,00    0,00    0,00    0,00    0,00   13,13    0,00    0,00    0,00   86,87
18:38:00      10    0,00    0,00    0,00    0,00    0,00   28,28    0,00    0,00    0,00   71,72
18:38:00      11    0,00    0,00    0,00    0,00    0,00   43,43    0,00    0,00    0,00   56,57
18:38:00      12    0,99    0,00    0,00    0,00    0,00   29,70    0,00    0,00    0,00   69,31
18:38:00      13    0,00    0,00    0,00    0,00    0,00   36,36    0,00    0,00    0,00   63,64
18:38:00      14    0,00    0,00    0,00    0,00    0,00   45,92    0,00    0,00    0,00   54,08
18:38:00      15    0,00    0,00    0,00    0,00    0,00   48,00    0,00    0,00    0,00   52,00
18:38:00      16    0,00    0,00    0,00    0,00    0,00    0,00    0,00    0,00    0,00  100,00
18:38:00      17    0,00    0,00    0,00    0,00    0,00    0,00    0,00    0,00    0,00  100,00
18:38:00      18    1,00    0,00    0,00    0,00    0,00    0,00    0,00    0,00    0,00   99,00
18:38:00      19    0,00    0,00    0,00    0,00    0,00    0,00    0,00    0,00    0,00  100,00
18:38:00      20    0,99    0,00    0,00    0,00    0,00    0,00    0,00    0,00    0,00   99,01
18:38:00      21    0,99    0,00    0,99    0,00    0,00    0,00    0,00    0,00    0,00   98,02
18:38:00      22    0,00    0,00    0,00    0,00    0,00    0,00    0,00    0,00    0,00  100,00
18:38:00      23    0,00    0,00    0,00    0,00    0,00    0,00    0,00    0,00    0,00  100,00

18:38:00     CPU    %usr   %nice    %sys %iowait    %irq   %soft  %steal  %guest  %gnice   %idle
18:38:01     all    0,09    0,00    0,13    0,00    0,00   43,16    0,00    0,00    0,00   56,62
18:38:01       0    0,00    0,00    0,00    0,00    0,00   76,92    0,00    0,00    0,00   23,08
18:38:01       1    0,00    0,00    0,00    0,00    0,00  100,00    0,00    0,00    0,00    0,00
18:38:01       2    0,00    0,00    0,00    0,00    0,00   83,17    0,00    0,00    0,00   16,83
18:38:01       3    0,00    0,00    0,00    0,00    0,00   67,50    0,00    0,00    0,00   32,50
18:38:01       4    0,00    0,00    0,00    0,00    0,00  100,00    0,00    0,00    0,00    0,00
18:38:01       5    0,00    0,00    0,00    0,00    0,00  100,00    0,00    0,00    0,00    0,00
18:38:01       6    0,00    0,00    0,00    0,00    0,00   76,77    0,00    0,00    0,00   23,23
18:38:01       7    0,00    0,00    0,00    0,00    0,00  100,00    0,00    0,00    0,00    0,00
18:38:01       8    0,00    0,00    0,00    0,00    0,00   99,00    0,00    0,00    0,00    1,00
18:38:01       9    0,00    0,00    0,00    0,00    0,00   12,87    0,00    0,00    0,00   87,13
18:38:01      10    0,00    0,00    0,99    0,00    0,00   28,71    0,00    0,00    0,00   70,30
18:38:01      11    0,00    0,00    0,00    0,00    0,00   43,56    0,00    0,00    0,00   56,44
18:38:01      12    1,00    0,00    0,00    0,00    0,00   34,00    0,00    0,00    0,00   65,00
18:38:01      13    0,00    0,00    0,00    0,00    0,00   38,38    0,00    0,00    0,00   61,62
18:38:01      14    1,00    0,00    0,00    0,00    0,00   45,00    0,00    0,00    0,00   54,00
18:38:01      15    0,00    0,00    0,00    0,00    0,00   48,00    0,00    0,00    0,00   52,00
18:38:01      16    0,00    0,00    0,99    0,00    0,00    0,00    0,00    0,00    0,00   99,01
18:38:01      17    0,00    0,00    0,00    0,00    0,00    0,00    0,00    0,00    0,00  100,00
18:38:01      18    0,00    0,00    0,00    0,00    0,00    0,00    0,00    0,00    0,00  100,00
18:38:01      19    0,00    0,00    0,00    0,00    0,00    0,00    0,00    0,00    0,00  100,00
18:38:01      20    0,00    0,00    0,00    0,00    0,00    0,00    0,00    0,00    0,00  100,00
18:38:01      21    0,00    0,00    0,00    0,00    0,00    0,00    0,00    0,00    0,00  100,00
18:38:01      22    0,00    0,00    1,00    0,00    0,00    0,00    0,00    0,00    0,00   99,00
18:38:01      23    0,00    0,00    0,00    0,00    0,00    0,00    0,00    0,00    0,00  100,00

18:38:01     CPU    %usr   %nice    %sys %iowait    %irq   %soft  %steal  %guest  %gnice   %idle
18:38:02     all    0,04    0,00    0,22    0,04    0,00   42,70    0,00    0,00    0,00   57,00
18:38:02       0    0,00    0,00    0,00    0,00    0,00   78,72    0,00    0,00    0,00   21,28
18:38:02       1    0,00    0,00    0,00    0,00    0,00  100,00    0,00    0,00    0,00    0,00
18:38:02       2    0,00    0,00    0,00    0,00    0,00   83,67    0,00    0,00    0,00   16,33
18:38:02       3    0,00    0,00    0,00    0,00    0,00   25,00    0,00    0,00    0,00   75,00
18:38:02       4    0,00    0,00    0,00    0,00    0,00  100,00    0,00    0,00    0,00    0,00
18:38:02       5    0,00    0,00    0,00    0,00    0,00  100,00    0,00    0,00    0,00    0,00
18:38:02       6    0,00    0,00    0,00    0,00    0,00   77,78    0,00    0,00    0,00   22,22
18:38:02       7    0,00    0,00    0,00    0,00    0,00  100,00    0,00    0,00    0,00    0,00
18:38:02       8    0,00    0,00    0,00    0,00    0,00   99,00    0,00    0,00    0,00    1,00
18:38:02       9    0,00    0,00    0,00    0,00    0,00   12,12    0,00    0,00    0,00   87,88
18:38:02      10    0,00    0,00    0,00    0,00    0,00   28,71    0,00    0,00    0,00   71,29
18:38:02      11    0,00    0,00    0,00    0,00    0,00   41,84    0,00    0,00    0,00   58,16
18:38:02      12    0,00    0,00    0,99    0,00    0,00   33,66    0,00    0,00    0,00   65,35
18:38:02      13    0,00    0,00    0,00    0,00    0,00   40,00    0,00    0,00    0,00   60,00
18:38:02      14    0,00    0,00    0,00    0,00    0,00   46,00    0,00    0,00    0,00   54,00
18:38:02      15    0,00    0,00    1,00    0,00    0,00   47,00    0,00    0,00    0,00   52,00
18:38:02      16    0,00    0,00    0,00    0,00    0,00    0,00    0,00    0,00    0,00  100,00
18:38:02      17    0,00    0,00    0,00    0,00    0,00    0,00    0,00    0,00    0,00  100,00
18:38:02      18    0,00    0,00    1,00    0,00    0,00    0,00    0,00    0,00    0,00   99,00
18:38:02      19    0,98    0,00    0,98    0,00    0,00    0,00    0,00    0,00    0,00   98,04
18:38:02      20    0,00    0,00    0,99    0,00    0,00    0,00    0,00    0,00    0,00   99,01
18:38:02      21    0,00    0,00    0,00    0,00    0,00    0,00    0,00    0,00    0,00  100,00
18:38:02      22    0,00    0,00    0,00    0,00    0,00    0,00    0,00    0,00    0,00  100,00
18:38:02      23    0,00    0,00    0,00    1,00    0,00    0,00    0,00    0,00    0,00   99,00

18:38:02     CPU    %usr   %nice    %sys %iowait    %irq   %soft  %steal  %guest  %gnice   %idle
18:38:03     all    0,13    0,00    0,09    0,00    0,00   43,79    0,00    0,00    0,00   56,00
18:38:03       0    0,00    0,00    0,00    0,00    0,00   78,79    0,00    0,00    0,00   21,21
18:38:03       1    0,00    0,00    0,00    0,00    0,00  100,00    0,00    0,00    0,00    0,00
18:38:03       2    0,00    0,00    0,00    0,00    0,00   73,68    0,00    0,00    0,00   26,32
18:38:03       3    0,00    0,00    0,00    0,00    0,00   88,30    0,00    0,00    0,00   11,70
18:38:03       4    0,00    0,00    0,00    0,00    0,00  100,00    0,00    0,00    0,00    0,00
18:38:03       5    0,00    0,00    0,00    0,00    0,00  100,00    0,00    0,00    0,00    0,00
18:38:03       6    0,00    0,00    0,00    0,00    0,00   78,22    0,00    0,00    0,00   21,78
18:38:03       7    0,00    0,00    0,00    0,00    0,00  100,00    0,00    0,00    0,00    0,00
18:38:03       8    0,00    0,00    0,00    0,00    0,00   97,00    0,00    0,00    0,00    3,00
18:38:03       9    0,00    0,00    0,00    0,00    0,00   13,00    0,00    0,00    0,00   87,00
18:38:03      10    0,00    0,00    0,00    0,00    0,00   27,55    0,00    0,00    0,00   72,45
18:38:03      11    0,00    0,00    0,00    0,00    0,00   43,56    0,00    0,00    0,00   56,44
18:38:03      12    1,00    0,00    0,00    0,00    0,00   34,00    0,00    0,00    0,00   65,00
18:38:03      13    0,00    0,00    0,00    0,00    0,00   39,60    0,00    0,00    0,00   60,40
18:38:03      14    0,99    0,00    0,99    0,00    0,00   44,55    0,00    0,00    0,00   53,47
18:38:03      15    1,01    0,00    0,00    0,00    0,00   46,46    0,00    0,00    0,00   52,53
18:38:03      16    0,00    0,00    0,00    0,00    0,00    0,00    0,00    0,00    0,00  100,00
18:38:03      17    0,00    0,00    0,00    0,00    0,00    0,00    0,00    0,00    0,00  100,00
18:38:03      18    0,00    0,00    0,00    0,00    0,00    0,00    0,00    0,00    0,00  100,00
18:38:03      19    0,00    0,00    0,00    0,00    0,00    0,00    0,00    0,00    0,00  100,00
18:38:03      20    0,00    0,00    0,00    0,00    0,00    0,00    0,00    0,00    0,00  100,00
18:38:03      21    0,00    0,00    0,00    0,00    0,00    0,00    0,00    0,00    0,00  100,00
18:38:03      22    0,00    0,00    0,99    0,00    0,00    0,00    0,00    0,00    0,00   99,01
18:38:03      23    0,00    0,00    0,00    0,00    0,00    0,00    0,00    0,00    0,00  100,00

18:38:03     CPU    %usr   %nice    %sys %iowait    %irq   %soft  %steal  %guest  %gnice   %idle
18:38:04     all    0,09    0,00    0,04    0,09    0,00   43,70    0,00    0,00    0,00   56,09
18:38:04       0    0,00    0,00    0,00    0,00    0,00   78,79    0,00    0,00    0,00   21,21
18:38:04       1    0,00    0,00    0,00    0,00    0,00  100,00    0,00    0,00    0,00    0,00
18:38:04       2    1,02    0,00    0,00    0,00    0,00   83,67    0,00    0,00    0,00   15,31
18:38:04       3    0,00    0,00    0,00    0,00    0,00   74,47    0,00    0,00    0,00   25,53
18:38:04       4    0,00    0,00    0,00    0,00    0,00  100,00    0,00    0,00    0,00    0,00
18:38:04       5    0,00    0,00    0,00    0,00    0,00  100,00    0,00    0,00    0,00    0,00
18:38:04       6    0,00    0,00    0,00    0,00    0,00   78,22    0,00    0,00    0,00   21,78
18:38:04       7    0,00    0,00    0,00    0,00    0,00  100,00    0,00    0,00    0,00    0,00
18:38:04       8    0,00    0,00    0,00    0,00    0,00   98,02    0,00    0,00    0,00    1,98
18:38:04       9    0,00    0,00    0,00    0,00    0,00   13,00    0,00    0,00    0,00   87,00
18:38:04      10    0,00    0,00    0,00    0,00    0,00   29,00    0,00    0,00    0,00   71,00
18:38:04      11    0,00    0,00    0,00    0,00    0,00   44,00    0,00    0,00    0,00   56,00
18:38:04      12    0,00    0,00    0,00    0,00    0,00   34,00    0,00    0,00    0,00   66,00
18:38:04      13    0,00    0,00    0,00    0,00    0,00   39,00    0,00    0,00    0,00   61,00
18:38:04      14    0,00    0,00    0,00    0,00    0,00   46,46    0,00    0,00    0,00   53,54
18:38:04      15    0,00    0,00    0,00    0,00    0,00   45,92    0,00    0,00    0,00   54,08
18:38:04      16    0,99    0,00    0,99    0,00    0,00    0,00    0,00    0,00    0,00   98,02
18:38:04      17    0,00    0,00    0,00    0,00    0,00    0,00    0,00    0,00    0,00  100,00
18:38:04      18    0,00    0,00    0,00    2,00    0,00    0,00    0,00    0,00    0,00   98,00
18:38:04      19    0,00    0,00    0,00    0,00    0,00    0,00    0,00    0,00    0,00  100,00
18:38:04      20    0,00    0,00    0,00    0,00    0,00    0,00    0,00    0,00    0,00  100,00
18:38:04      21    0,00    0,00    0,00    0,00    0,00    0,00    0,00    0,00    0,00  100,00
18:38:04      22    0,00    0,00    0,00    0,00    0,00    0,00    0,00    0,00    0,00  100,00
18:38:04      23    0,00    0,00    0,00    0,00    0,00    0,00    0,00    0,00    0,00  100,00

18:38:04     CPU    %usr   %nice    %sys %iowait    %irq   %soft  %steal  %guest  %gnice   %idle
18:38:05     all    0,12    0,00    0,12    0,00    0,00   44,69    0,00    0,00    0,00   55,06
18:38:05       0    0,00    0,00    0,00    0,00    0,00   79,00    0,00    0,00    0,00   21,00
18:38:05       1    0,00    0,00    0,00    0,00    0,00  100,00    0,00    0,00    0,00    0,00
18:38:05       2    0,00    0,00    0,00    0,00    0,00   84,00    0,00    0,00    0,00   16,00
18:38:05       3    0,00    0,00    0,00    0,00    0,00   87,63    0,00    0,00    0,00   12,37
18:38:05       4    0,00    0,00    0,00    0,00    0,00  100,00    0,00    0,00    0,00    0,00
18:38:05       5    0,00    0,00    0,00    0,00    0,00  100,00    0,00    0,00    0,00    0,00
18:38:05       6    0,00    0,00    0,00    0,00    0,00   76,77    0,00    0,00    0,00   23,23
18:38:05       7    0,00    0,00    0,00    0,00    0,00  100,00    0,00    0,00    0,00    0,00
18:38:05       8    0,00    0,00    0,00    0,00    0,00   99,01    0,00    0,00    0,00    0,99
18:38:05       9    0,00    0,00    0,00    0,00    0,00   12,00    0,00    0,00    0,00   88,00
18:38:05      10    0,00    0,00    0,00    0,00    0,00   27,00    0,00    0,00    0,00   73,00
18:38:05      11    0,00    0,00    0,00    0,00    0,00   43,56    0,00    0,00    0,00   56,44
18:38:05      12    0,99    0,00    0,00    0,00    0,00   33,66    0,00    0,00    0,00   65,35
18:38:05      13    0,00    0,00    0,00    0,00    0,00   39,00    0,00    0,00    0,00   61,00
18:38:05      14    0,00    0,00    0,00    0,00    0,00   46,00    0,00    0,00    0,00   54,00
18:38:05      15    0,00    0,00    0,00    0,00    0,00   48,00    0,00    0,00    0,00   52,00
18:38:05      16    0,00    0,00    0,00    0,00    0,00    0,00    0,00    0,00    0,00  100,00
18:38:05      17    0,00    0,00    0,00    0,00    0,00    0,00    0,00    0,00    0,00  100,00
18:38:05      18    0,00    0,00    0,00    0,00    0,00    0,00    0,00    0,00    0,00  100,00
18:38:05      19    0,99    0,00    0,99    0,00    0,00    0,00    0,00    0,00    0,00   98,02
18:38:05      20    0,00    0,00    0,00    0,00    0,00    0,00    0,00    0,00    0,00  100,00
18:38:05      21    0,00    0,00    0,00    0,00    0,00    0,00    0,00    0,00    0,00  100,00
18:38:05      22    0,98    0,00    0,98    0,00    0,00    0,00    0,00    0,00    0,00   98,04
18:38:05      23    0,00    0,00    0,99    0,00    0,00    0,00    0,00    0,00    0,00   99,01

18:38:05     CPU    %usr   %nice    %sys %iowait    %irq   %soft  %steal  %guest  %gnice   %idle
18:38:06     all    0,21    0,00    0,00    0,00    0,00   44,90    0,00    0,00    0,00   54,89
18:38:06       0    0,00    0,00    0,00    0,00    0,00   79,21    0,00    0,00    0,00   20,79
18:38:06       1    0,00    0,00    0,00    0,00    0,00  100,00    0,00    0,00    0,00    0,00
18:38:06       2    0,00    0,00    0,00    0,00    0,00   83,84    0,00    0,00    0,00   16,16
18:38:06       3    0,00    0,00    0,00    0,00    0,00   86,14    0,00    0,00    0,00   13,86
18:38:06       4    0,00    0,00    0,00    0,00    0,00  100,00    0,00    0,00    0,00    0,00
18:38:06       5    0,00    0,00    0,00    0,00    0,00  100,00    0,00    0,00    0,00    0,00
18:38:06       6    0,00    0,00    0,00    0,00    0,00   77,78    0,00    0,00    0,00   22,22
18:38:06       7    0,00    0,00    0,00    0,00    0,00  100,00    0,00    0,00    0,00    0,00
18:38:06       8    0,00    0,00    0,00    0,00    0,00  100,00    0,00    0,00    0,00    0,00
18:38:06       9    0,00    0,00    0,00    0,00    0,00   12,24    0,00    0,00    0,00   87,76
18:38:06      10    0,00    0,00    0,00    0,00    0,00   28,00    0,00    0,00    0,00   72,00
18:38:06      11    0,00    0,00    0,00    0,00    0,00   43,43    0,00    0,00    0,00   56,57
18:38:06      12    2,04    0,00    0,00    0,00    0,00   32,65    0,00    0,00    0,00   65,31
18:38:06      13    0,00    0,00    0,00    0,00    0,00   39,80    0,00    0,00    0,00   60,20
18:38:06      14    1,00    0,00    0,00    0,00    0,00   45,00    0,00    0,00    0,00   54,00
18:38:06      15    0,00    0,00    0,00    0,00    0,00   48,00    0,00    0,00    0,00   52,00
18:38:06      16    0,00    0,00    0,00    0,00    0,00    0,00    0,00    0,00    0,00  100,00
18:38:06      17    0,99    0,00    0,00    0,00    0,00    0,00    0,00    0,00    0,00   99,01
18:38:06      18    0,99    0,00    0,00    0,00    0,00    0,00    0,00    0,00    0,00   99,01
18:38:06      19    0,00    0,00    0,00    0,00    0,00    0,00    0,00    0,00    0,00  100,00
18:38:06      20    0,00    0,00    0,00    0,00    0,00    0,00    0,00    0,00    0,00  100,00
18:38:06      21    0,00    0,00    0,00    0,00    0,00    0,00    0,00    0,00    0,00  100,00
18:38:06      22    0,00    0,00    0,00    0,00    0,00    0,00    0,00    0,00    0,00  100,00
18:38:06      23    0,00    0,00    0,00    0,00    0,00    0,00    0,00    0,00    0,00  100,00

18:38:06     CPU    %usr   %nice    %sys %iowait    %irq   %soft  %steal  %guest  %gnice   %idle
18:38:07     all    0,04    0,00    0,00    0,00    0,00   44,71    0,00    0,00    0,00   55,25
18:38:07       0    0,00    0,00    0,00    0,00    0,00   78,57    0,00    0,00    0,00   21,43
18:38:07       1    0,00    0,00    0,00    0,00    0,00  100,00    0,00    0,00    0,00    0,00
18:38:07       2    0,00    0,00    0,00    0,00    0,00   83,84    0,00    0,00    0,00   16,16
18:38:07       3    0,00    0,00    0,00    0,00    0,00   86,73    0,00    0,00    0,00   13,27
18:38:07       4    0,00    0,00    0,00    0,00    0,00  100,00    0,00    0,00    0,00    0,00
18:38:07       5    0,00    0,00    0,00    0,00    0,00  100,00    0,00    0,00    0,00    0,00
18:38:07       6    0,00    0,00    0,00    0,00    0,00   77,00    0,00    0,00    0,00   23,00
18:38:07       7    0,00    0,00    0,00    0,00    0,00  100,00    0,00    0,00    0,00    0,00
18:38:07       8    0,00    0,00    0,00    0,00    0,00   99,00    0,00    0,00    0,00    1,00
18:38:07       9    0,00    0,00    0,00    0,00    0,00   13,00    0,00    0,00    0,00   87,00
18:38:07      10    0,00    0,00    0,00    0,00    0,00   28,00    0,00    0,00    0,00   72,00
18:38:07      11    0,00    0,00    0,00    0,00    0,00   43,00    0,00    0,00    0,00   57,00
18:38:07      12    0,00    0,00    0,00    0,00    0,00   33,00    0,00    0,00    0,00   67,00
18:38:07      13    0,00    0,00    0,00    0,00    0,00   39,60    0,00    0,00    0,00   60,40
18:38:07      14    0,00    0,00    0,00    0,00    0,00   45,36    0,00    0,00    0,00   54,64
18:38:07      15    1,00    0,00    0,00    0,00    0,00   47,00    0,00    0,00    0,00   52,00
18:38:07      16    0,00    0,00    0,00    0,00    0,00    0,00    0,00    0,00    0,00  100,00
18:38:07      17    0,00    0,00    0,00    0,00    0,00    0,00    0,00    0,00    0,00  100,00
18:38:07      18    0,00    0,00    0,00    0,00    0,00    0,00    0,00    0,00    0,00  100,00
18:38:07      19    0,00    0,00    0,00    0,00    0,00    0,00    0,00    0,00    0,00  100,00
18:38:07      20    0,00    0,00    0,00    0,00    0,00    0,00    0,00    0,00    0,00  100,00
18:38:07      21    0,00    0,00    0,00    0,00    0,00    0,00    0,00    0,00    0,00  100,00
18:38:07      22    0,00    0,00    0,00    0,00    0,00    0,00    0,00    0,00    0,00  100,00
18:38:07      23    0,00    0,00    0,00    0,00    0,00    0,00    0,00    0,00    0,00  100,00

18:38:07     CPU    %usr   %nice    %sys %iowait    %irq   %soft  %steal  %guest  %gnice   %idle
18:38:08     all    0,17    0,00    0,17    0,00    0,00   44,75    0,00    0,00    0,00   54,92
18:38:08       0    0,00    0,00    0,00    0,00    0,00   78,22    0,00    0,00    0,00   21,78
18:38:08       1    0,00    0,00    0,00    0,00    0,00  100,00    0,00    0,00    0,00    0,00
18:38:08       2    0,00    0,00    0,00    0,00    0,00   84,00    0,00    0,00    0,00   16,00
18:38:08       3    0,00    0,00    0,00    0,00    0,00   87,00    0,00    0,00    0,00   13,00
18:38:08       4    0,00    0,00    0,00    0,00    0,00  100,00    0,00    0,00    0,00    0,00
18:38:08       5    0,00    0,00    0,99    0,00    0,00   99,01    0,00    0,00    0,00    0,00
18:38:08       6    0,00    0,00    0,00    0,00    0,00   78,22    0,00    0,00    0,00   21,78
18:38:08       7    0,00    0,00    0,00    0,00    0,00  100,00    0,00    0,00    0,00    0,00
18:38:08       8    0,00    0,00    0,00    0,00    0,00   99,00    0,00    0,00    0,00    1,00
18:38:08       9    0,00    0,00    0,00    0,00    0,00   12,12    0,00    0,00    0,00   87,88
18:38:08      10    0,00    0,00    0,00    0,00    0,00   28,28    0,00    0,00    0,00   71,72
18:38:08      11    0,00    0,00    0,00    0,00    0,00   42,42    0,00    0,00    0,00   57,58
18:38:08      12    1,00    0,00    1,00    0,00    0,00   33,00    0,00    0,00    0,00   65,00
18:38:08      13    0,00    0,00    0,00    0,00    0,00   38,38    0,00    0,00    0,00   61,62
18:38:08      14    1,00    0,00    1,00    0,00    0,00   45,00    0,00    0,00    0,00   53,00
18:38:08      15    0,00    0,00    0,00    0,00    0,00   47,52    0,00    0,00    0,00   52,48
18:38:08      16    1,00    0,00    0,00    0,00    0,00    0,00    0,00    0,00    0,00   99,00
18:38:08      17    0,00    0,00    0,00    0,00    0,00    0,00    0,00    0,00    0,00  100,00
18:38:08      18    0,00    0,00    0,00    0,00    0,00    0,00    0,00    0,00    0,00  100,00
18:38:08      19    0,00    0,00    0,99    0,00    0,00    0,00    0,00    0,00    0,00   99,01
18:38:08      20    0,00    0,00    0,00    0,00    0,00    0,00    0,00    0,00    0,00  100,00
18:38:08      21    0,00    0,00    0,00    0,00    0,00    0,00    0,00    0,00    0,00  100,00
18:38:08      22    0,00    0,00    0,00    0,00    0,00    0,00    0,00    0,00    0,00  100,00
18:38:08      23    1,00    0,00    0,00    0,00    0,00    0,00    0,00    0,00    0,00   99,00

18:38:08     CPU    %usr   %nice    %sys %iowait    %irq   %soft  %steal  %guest  %gnice   %idle
18:38:09     all    0,13    0,00    0,04    0,00    0,00   44,85    0,00    0,00    0,00   54,98
18:38:09       0    0,00    0,00    0,00    0,00    0,00   79,59    0,00    0,00    0,00   20,41
18:38:09       1    0,00    0,00    0,00    0,00    0,00  100,00    0,00    0,00    0,00    0,00
18:38:09       2    0,00    0,00    0,00    0,00    0,00   84,85    0,00    0,00    0,00   15,15
18:38:09       3    0,00    0,00    0,00    0,00    0,00   86,87    0,00    0,00    0,00   13,13
18:38:09       4    0,00    0,00    0,00    0,00    0,00  100,00    0,00    0,00    0,00    0,00
18:38:09       5    0,00    0,00    0,00    0,00    0,00  100,00    0,00    0,00    0,00    0,00
18:38:09       6    0,00    0,00    0,00    0,00    0,00   78,00    0,00    0,00    0,00   22,00
18:38:09       7    0,00    0,00    0,00    0,00    0,00  100,00    0,00    0,00    0,00    0,00
18:38:09       8    0,00    0,00    0,00    0,00    0,00  100,00    0,00    0,00    0,00    0,00
18:38:09       9    0,00    0,00    0,00    0,00    0,00   12,00    0,00    0,00    0,00   88,00
18:38:09      10    0,00    0,00    0,00    0,00    0,00   28,28    0,00    0,00    0,00   71,72
18:38:09      11    0,00    0,00    0,00    0,00    0,00   43,00    0,00    0,00    0,00   57,00
18:38:09      12    0,00    0,00    0,00    0,00    0,00   34,00    0,00    0,00    0,00   66,00
18:38:09      13    0,00    0,00    0,00    0,00    0,00   38,38    0,00    0,00    0,00   61,62
18:38:09      14    0,00    0,00    0,00    0,00    0,00   44,90    0,00    0,00    0,00   55,10
18:38:09      15    0,00    0,00    0,00    0,00    0,00   46,94    0,00    0,00    0,00   53,06
18:38:09      16    0,00    0,00    0,00    0,00    0,00    1,00    0,00    0,00    0,00   99,00
18:38:09      17    1,00    0,00    0,00    0,00    0,00    0,00    0,00    0,00    0,00   99,00
18:38:09      18    1,01    0,00    0,00    0,00    0,00    0,00    0,00    0,00    0,00   98,99
18:38:09      19    0,00    0,00    0,00    0,00    0,00    0,00    0,00    0,00    0,00  100,00
18:38:09      20    0,99    0,00    0,99    0,00    0,00    0,00    0,00    0,00    0,00   98,02
18:38:09      21    0,00    0,00    0,00    0,00    0,00    0,00    0,00    0,00    0,00  100,00
18:38:09      22    0,00    0,00    0,00    0,00    0,00    0,00    0,00    0,00    0,00  100,00
18:38:09      23    0,00    0,00    0,00    0,00    0,00    0,00    0,00    0,00    0,00  100,00

18:38:09     CPU    %usr   %nice    %sys %iowait    %irq   %soft  %steal  %guest  %gnice   %idle
18:38:10     all    0,04    0,00    0,00    0,08    0,00   45,23    0,00    0,00    0,00   54,64
18:38:10       0    0,00    0,00    0,00    0,00    0,00   79,41    0,00    0,00    0,00   20,59
18:38:10       1    0,00    0,00    0,00    0,00    0,00  100,00    0,00    0,00    0,00    0,00
18:38:10       2    0,00    0,00    0,00    0,00    0,00   85,15    0,00    0,00    0,00   14,85
18:38:10       3    0,00    0,00    0,00    0,00    0,00   87,38    0,00    0,00    0,00   12,62
18:38:10       4    0,00    0,00    0,00    0,00    0,00  100,00    0,00    0,00    0,00    0,00
18:38:10       5    0,00    0,00    0,00    0,00    0,00  100,00    0,00    0,00    0,00    0,00
18:38:10       6    0,00    0,00    0,00    0,00    0,00   78,00    0,00    0,00    0,00   22,00
18:38:10       7    0,00    0,00    0,00    0,00    0,00  100,00    0,00    0,00    0,00    0,00
18:38:10       8    0,00    0,00    0,00    0,00    0,00   99,00    0,00    0,00    0,00    1,00
18:38:10       9    0,00    0,00    0,00    0,00    0,00   13,00    0,00    0,00    0,00   87,00
18:38:10      10    0,00    0,00    0,00    0,00    0,00   29,00    0,00    0,00    0,00   71,00
18:38:10      11    0,00    0,00    0,00    0,00    0,00   42,00    0,00    0,00    0,00   58,00
18:38:10      12    0,00    0,00    0,00    0,00    0,00   33,33    0,00    0,00    0,00   66,67
18:38:10      13    0,00    0,00    0,00    0,00    0,00   40,00    0,00    0,00    0,00   60,00
18:38:10      14    0,00    0,00    0,00    0,00    0,00   47,00    0,00    0,00    0,00   53,00
18:38:10      15    0,00    0,00    0,00    0,00    0,00   48,00    0,00    0,00    0,00   52,00
18:38:10      16    0,00    0,00    0,00    1,01    0,00    0,00    0,00    0,00    0,00   98,99
18:38:10      17    0,00    0,00    0,00    0,00    0,00    0,00    0,00    0,00    0,00  100,00
18:38:10      18    1,01    0,00    0,00    1,01    0,00    0,00    0,00    0,00    0,00   97,98
18:38:10      19    0,00    0,00    0,00    0,00    0,00    0,00    0,00    0,00    0,00  100,00
18:38:10      20    0,00    0,00    0,00    0,00    0,00    0,00    0,00    0,00    0,00  100,00
18:38:10      21    0,00    0,00    0,00    0,00    0,00    0,00    0,00    0,00    0,00  100,00
18:38:10      22    0,00    0,00    0,00    0,00    0,00    0,00    0,00    0,00    0,00  100,00
18:38:10      23    0,00    0,00    0,00    0,00    0,00    0,00    0,00    0,00    0,00  100,00

18:38:10     CPU    %usr   %nice    %sys %iowait    %irq   %soft  %steal  %guest  %gnice   %idle
18:38:11     all    0,08    0,00    0,08    0,00    0,00   44,75    0,00    0,00    0,00   55,08
18:38:11       0    0,00    0,00    0,00    0,00    0,00   79,00    0,00    0,00    0,00   21,00
18:38:11       1    0,00    0,00    0,00    0,00    0,00  100,00    0,00    0,00    0,00    0,00
18:38:11       2    0,00    0,00    0,00    0,00    0,00   83,17    0,00    0,00    0,00   16,83
18:38:11       3    0,00    0,00    0,00    0,00    0,00   87,00    0,00    0,00    0,00   13,00
18:38:11       4    0,00    0,00    0,00    0,00    0,00  100,00    0,00    0,00    0,00    0,00
18:38:11       5    0,00    0,00    0,00    0,00    0,00  100,00    0,00    0,00    0,00    0,00
18:38:11       6    0,00    0,00    0,00    0,00    0,00   77,00    0,00    0,00    0,00   23,00
18:38:11       7    0,00    0,00    0,00    0,00    0,00  100,00    0,00    0,00    0,00    0,00
18:38:11       8    0,00    0,00    0,00    0,00    0,00   99,00    0,00    0,00    0,00    1,00
18:38:11       9    0,00    0,00    0,00    0,00    0,00   12,00    0,00    0,00    0,00   88,00
18:38:11      10    0,00    0,00    0,00    0,00    0,00   28,00    0,00    0,00    0,00   72,00
18:38:11      11    0,00    0,00    0,00    0,00    0,00   42,42    0,00    0,00    0,00   57,58
18:38:11      12    0,00    0,00    0,00    0,00    0,00   33,66    0,00    0,00    0,00   66,34
18:38:11      13    0,00    0,00    0,00    0,00    0,00   39,00    0,00    0,00    0,00   61,00
18:38:11      14    1,00    0,00    0,00    0,00    0,00   46,00    0,00    0,00    0,00   53,00
18:38:11      15    0,00    0,00    0,00    0,00    0,00   47,52    0,00    0,00    0,00   52,48
18:38:11      16    0,99    0,00    0,99    0,00    0,00    0,00    0,00    0,00    0,00   98,02
18:38:11      17    0,00    0,00    0,00    0,00    0,00    0,00    0,00    0,00    0,00  100,00
18:38:11      18    0,00    0,00    0,00    0,00    0,00    0,00    0,00    0,00    0,00  100,00
18:38:11      19    0,00    0,00    0,00    0,00    0,00    0,00    0,00    0,00    0,00  100,00
18:38:11      20    0,00    0,00    0,00    0,00    0,00    0,00    0,00    0,00    0,00  100,00
18:38:11      21    0,00    0,00    0,00    0,00    0,00    0,00    0,00    0,00    0,00  100,00
18:38:11      22    0,00    0,00    0,00    0,00    0,00    0,00    0,00    0,00    0,00  100,00
18:38:11      23    0,00    0,00    1,00    0,00    0,00    0,00    0,00    0,00    0,00   99,00

18:38:11     CPU    %usr   %nice    %sys %iowait    %irq   %soft  %steal  %guest  %gnice   %idle
18:38:12     all    0,21    0,00    0,04    0,00    0,00   44,63    0,00    0,00    0,00   55,11
18:38:12       0    0,00    0,00    0,00    0,00    0,00   79,00    0,00    0,00    0,00   21,00
18:38:12       1    0,00    0,00    0,00    0,00    0,00  100,00    0,00    0,00    0,00    0,00
18:38:12       2    0,00    0,00    0,00    0,00    0,00   83,67    0,00    0,00    0,00   16,33
18:38:12       3    1,02    0,00    0,00    0,00    0,00   85,71    0,00    0,00    0,00   13,27
18:38:12       4    0,00    0,00    0,00    0,00    0,00  100,00    0,00    0,00    0,00    0,00
18:38:12       5    0,00    0,00    0,00    0,00    0,00  100,00    0,00    0,00    0,00    0,00
18:38:12       6    0,00    0,00    0,00    0,00    0,00   77,55    0,00    0,00    0,00   22,45
18:38:12       7    0,00    0,00    0,00    0,00    0,00  100,00    0,00    0,00    0,00    0,00
18:38:12       8    0,00    0,00    0,00    0,00    0,00   98,02    0,00    0,00    0,00    1,98
18:38:12       9    0,00    0,00    0,00    0,00    0,00   13,00    0,00    0,00    0,00   87,00
18:38:12      10    0,99    0,00    0,00    0,00    0,00   27,72    0,00    0,00    0,00   71,29
18:38:12      11    0,00    0,00    0,00    0,00    0,00   42,42    0,00    0,00    0,00   57,58
18:38:12      12    0,00    0,00    0,00    0,00    0,00   32,65    0,00    0,00    0,00   67,35
18:38:12      13    0,00    0,00    0,00    0,00    0,00   39,60    0,00    0,00    0,00   60,40
18:38:12      14    0,98    0,00    0,00    0,00    0,00   46,08    0,00    0,00    0,00   52,94
18:38:12      15    1,00    0,00    0,00    0,00    0,00   47,00    0,00    0,00    0,00   52,00
18:38:12      16    0,00    0,00    0,00    0,00    0,00    0,00    0,00    0,00    0,00  100,00
18:38:12      17    0,00    0,00    0,00    0,00    0,00    0,00    0,00    0,00    0,00  100,00
18:38:12      18    0,99    0,00    0,00    0,00    0,00    0,00    0,00    0,00    0,00   99,01
18:38:12      19    0,00    0,00    0,00    0,00    0,00    0,00    0,00    0,00    0,00  100,00
18:38:12      20    0,00    0,00    1,00    0,00    0,00    0,00    0,00    0,00    0,00   99,00
18:38:12      21    0,00    0,00    0,00    0,00    0,00    0,00    0,00    0,00    0,00  100,00
18:38:12      22    0,00    0,00    0,00    0,00    0,00    0,00    0,00    0,00    0,00  100,00
18:38:12      23    0,00    0,00    0,00    0,00    0,00    0,00    0,00    0,00    0,00  100,00

18:38:12     CPU    %usr   %nice    %sys %iowait    %irq   %soft  %steal  %guest  %gnice   %idle
18:38:13     all    0,17    0,00    0,08    0,00    0,00   44,72    0,00    0,00    0,00   55,03
18:38:13       0    0,00    0,00    0,00    0,00    0,00   78,79    0,00    0,00    0,00   21,21
18:38:13       1    0,00    0,00    0,00    0,00    0,00  100,00    0,00    0,00    0,00    0,00
18:38:13       2    0,00    0,00    0,00    0,00    0,00   83,00    0,00    0,00    0,00   17,00
18:38:13       3    0,00    0,00    0,00    0,00    0,00   86,14    0,00    0,00    0,00   13,86
18:38:13       4    0,00    0,00    0,00    0,00    0,00  100,00    0,00    0,00    0,00    0,00
18:38:13       5    0,00    0,00    0,00    0,00    0,00  100,00    0,00    0,00    0,00    0,00
18:38:13       6    0,00    0,00    0,00    0,00    0,00   77,00    0,00    0,00    0,00   23,00
18:38:13       7    0,00    0,00    0,00    0,00    0,00  100,00    0,00    0,00    0,00    0,00
18:38:13       8    0,00    0,00    0,00    0,00    0,00   97,06    0,00    0,00    0,00    2,94
18:38:13       9    0,00    0,00    0,00    0,00    0,00   14,00    0,00    0,00    0,00   86,00
18:38:13      10    0,99    0,00    0,99    0,00    0,00   27,72    0,00    0,00    0,00   70,30
18:38:13      11    0,00    0,00    0,00    0,00    0,00   43,56    0,00    0,00    0,00   56,44
18:38:13      12    0,98    0,00    0,00    0,00    0,00   34,31    0,00    0,00    0,00   64,71
18:38:13      13    0,99    0,00    0,00    0,00    0,00   39,60    0,00    0,00    0,00   59,41
18:38:13      14    0,00    0,00    0,00    0,00    0,00   43,88    0,00    0,00    0,00   56,12
18:38:13      15    0,00    0,00    0,00    0,00    0,00   47,00    0,00    0,00    0,00   53,00
18:38:13      16    0,00    0,00    0,00    0,00    0,00    0,00    0,00    0,00    0,00  100,00
18:38:13      17    1,00    0,00    0,00    0,00    0,00    0,00    0,00    0,00    0,00   99,00
18:38:13      18    0,00    0,00    0,00    0,00    0,00    0,00    0,00    0,00    0,00  100,00
18:38:13      19    0,00    0,00    0,00    0,00    0,00    0,00    0,00    0,00    0,00  100,00
18:38:13      20    0,00    0,00    0,00    0,00    0,00    0,00    0,00    0,00    0,00  100,00
18:38:13      21    0,00    0,00    0,99    0,00    0,00    0,00    0,00    0,00    0,00   99,01
18:38:13      22    0,00    0,00    0,00    0,00    0,00    0,00    0,00    0,00    0,00  100,00
18:38:13      23    0,00    0,00    0,00    0,00    0,00    0,00    0,00    0,00    0,00  100,00

18:38:13     CPU    %usr   %nice    %sys %iowait    %irq   %soft  %steal  %guest  %gnice   %idle
18:38:14     all    0,08    0,00    0,08    0,00    0,00   44,76    0,00    0,00    0,00   55,07
18:38:14       0    0,00    0,00    0,00    0,00    0,00   78,22    0,00    0,00    0,00   21,78
18:38:14       1    0,00    0,00    0,00    0,00    0,00  100,00    0,00    0,00    0,00    0,00
18:38:14       2    0,00    0,00    0,00    0,00    0,00   83,84    0,00    0,00    0,00   16,16
18:38:14       3    0,00    0,00    0,00    0,00    0,00   87,13    0,00    0,00    0,00   12,87
18:38:14       4    0,00    0,00    0,00    0,00    0,00  100,00    0,00    0,00    0,00    0,00
18:38:14       5    0,00    0,00    0,00    0,00    0,00  100,00    0,00    0,00    0,00    0,00
18:38:14       6    0,00    0,00    0,00    0,00    0,00   78,00    0,00    0,00    0,00   22,00
18:38:14       7    0,00    0,00    0,00    0,00    0,00  100,00    0,00    0,00    0,00    0,00
18:38:14       8    0,00    0,00    0,99    0,00    0,00   96,04    0,00    0,00    0,00    2,97
18:38:14       9    0,00    0,00    0,00    0,00    0,00   13,00    0,00    0,00    0,00   87,00
18:38:14      10    1,00    0,00    0,00    0,00    0,00   28,00    0,00    0,00    0,00   71,00
18:38:14      11    0,00    0,00    0,00    0,00    0,00   43,00    0,00    0,00    0,00   57,00
18:38:14      12    1,00    0,00    0,00    0,00    0,00   33,00    0,00    0,00    0,00   66,00
18:38:14      13    0,00    0,00    0,00    0,00    0,00   39,39    0,00    0,00    0,00   60,61
18:38:14      14    0,00    0,00    0,00    0,00    0,00   46,00    0,00    0,00    0,00   54,00
18:38:14      15    0,00    0,00    0,00    0,00    0,00   46,46    0,00    0,00    0,00   53,54
18:38:14      16    0,00    0,00    0,00    0,00    0,00    0,00    0,00    0,00    0,00  100,00
18:38:14      17    0,00    0,00    0,00    0,00    0,00    0,00    0,00    0,00    0,00  100,00
18:38:14      18    0,00    0,00    0,00    0,00    0,00    0,00    0,00    0,00    0,00  100,00
18:38:14      19    0,00    0,00    0,00    0,00    0,00    0,00    0,00    0,00    0,00  100,00
18:38:14      20    0,00    0,00    0,00    0,00    0,00    0,00    0,00    0,00    0,00  100,00
18:38:14      21    0,00    0,00    0,00    0,00    0,00    0,00    0,00    0,00    0,00  100,00
18:38:14      22    0,00    0,00    0,00    0,00    0,00    0,00    0,00    0,00    0,00  100,00
18:38:14      23    0,00    0,00    1,00    0,00    0,00    0,00    0,00    0,00    0,00   99,00

18:38:14     CPU    %usr   %nice    %sys %iowait    %irq   %soft  %steal  %guest  %gnice   %idle
18:38:15     all    0,04    0,00    0,08    0,08    0,00   44,60    0,00    0,00    0,00   55,19
18:38:15       0    0,00    0,00    0,00    0,00    0,00   78,57    0,00    0,00    0,00   21,43
18:38:15       1    0,00    0,00    0,00    0,00    0,00  100,00    0,00    0,00    0,00    0,00
18:38:15       2    0,00    0,00    0,00    0,00    0,00   84,00    0,00    0,00    0,00   16,00
18:38:15       3    0,00    0,00    0,00    0,00    0,00   86,14    0,00    0,00    0,00   13,86
18:38:15       4    0,00    0,00    0,00    0,00    0,00  100,00    0,00    0,00    0,00    0,00
18:38:15       5    0,00    0,00    0,00    0,00    0,00  100,00    0,00    0,00    0,00    0,00
18:38:15       6    0,00    0,00    0,00    0,00    0,00   77,23    0,00    0,00    0,00   22,77
18:38:15       7    0,00    0,00    0,00    0,00    0,00  100,00    0,00    0,00    0,00    0,00
18:38:15       8    0,00    0,00    0,00    0,00    0,00   96,08    0,00    0,00    0,00    3,92
18:38:15       9    0,00    0,00    0,00    0,00    0,00   13,13    0,00    0,00    0,00   86,87
18:38:15      10    0,00    0,00    0,00    0,00    0,00   27,27    0,00    0,00    0,00   72,73
18:38:15      11    0,00    0,00    0,00    0,00    0,00   43,00    0,00    0,00    0,00   57,00
18:38:15      12    0,00    0,00    0,00    0,00    0,00   33,33    0,00    0,00    0,00   66,67
18:38:15      13    0,00    0,00    0,00    0,00    0,00   38,38    0,00    0,00    0,00   61,62
18:38:15      14    0,00    0,00    0,00    0,00    0,00   45,00    0,00    0,00    0,00   55,00
18:38:15      15    0,00    0,00    0,00    0,00    0,00   47,00    0,00    0,00    0,00   53,00
18:38:15      16    0,00    0,00    1,00    0,00    0,00    0,00    0,00    0,00    0,00   99,00
18:38:15      17    0,00    0,00    1,00    0,00    0,00    0,00    0,00    0,00    0,00   99,00
18:38:15      18    0,00    0,00    0,00    2,00    0,00    0,00    0,00    0,00    0,00   98,00
18:38:15      19    0,99    0,00    0,00    0,00    0,00    0,00    0,00    0,00    0,00   99,01
18:38:15      20    0,00    0,00    0,00    0,00    0,00    0,00    0,00    0,00    0,00  100,00
18:38:15      21    0,00    0,00    0,00    0,00    0,00    0,00    0,00    0,00    0,00  100,00
18:38:15      22    0,00    0,00    0,00    0,00    0,00    0,00    0,00    0,00    0,00  100,00
18:38:15      23    0,00    0,00    0,00    0,00    0,00    0,00    0,00    0,00    0,00  100,00

18:38:15     CPU    %usr   %nice    %sys %iowait    %irq   %soft  %steal  %guest  %gnice   %idle
18:38:16     all    0,08    0,00    0,08    0,00    0,00   44,55    0,00    0,00    0,00   55,29
18:38:16       0    0,00    0,00    0,00    0,00    0,00   77,55    0,00    0,00    0,00   22,45
18:38:16       1    0,00    0,00    0,00    0,00    0,00  100,00    0,00    0,00    0,00    0,00
18:38:16       2    0,00    0,00    0,00    0,00    0,00   83,84    0,00    0,00    0,00   16,16
18:38:16       3    0,00    0,00    0,00    0,00    0,00   86,00    0,00    0,00    0,00   14,00
18:38:16       4    0,00    0,00    0,00    0,00    0,00  100,00    0,00    0,00    0,00    0,00
18:38:16       5    0,00    0,00    0,00    0,00    0,00  100,00    0,00    0,00    0,00    0,00
18:38:16       6    0,00    0,00    0,00    0,00    0,00   77,78    0,00    0,00    0,00   22,22
18:38:16       7    0,00    0,00    0,00    0,00    0,00  100,00    0,00    0,00    0,00    0,00
18:38:16       8    0,00    0,00    0,00    0,00    0,00   96,04    0,00    0,00    0,00    3,96
18:38:16       9    0,00    0,00    0,00    0,00    0,00   13,86    0,00    0,00    0,00   86,14
18:38:16      10    1,00    0,00    1,00    0,00    0,00   27,00    0,00    0,00    0,00   71,00
18:38:16      11    0,00    0,00    0,00    0,00    0,00   43,00    0,00    0,00    0,00   57,00
18:38:16      12    0,00    0,00    0,00    0,00    0,00   32,32    0,00    0,00    0,00   67,68
18:38:16      13    1,01    0,00    0,00    0,00    0,00   39,39    0,00    0,00    0,00   59,60
18:38:16      14    0,00    0,00    0,00    0,00    0,00   46,00    0,00    0,00    0,00   54,00
18:38:16      15    0,00    0,00    0,00    0,00    0,00   46,46    0,00    0,00    0,00   53,54
18:38:16      16    0,00    0,00    0,00    0,00    0,00    0,00    0,00    0,00    0,00  100,00
18:38:16      17    0,00    0,00    0,00    0,00    0,00    0,00    0,00    0,00    0,00  100,00
18:38:16      18    0,00    0,00    0,00    0,00    0,00    0,00    0,00    0,00    0,00  100,00
18:38:16      19    0,00    0,00    0,00    0,00    0,00    0,00    0,00    0,00    0,00  100,00
18:38:16      20    0,00    0,00    0,00    0,00    0,00    0,00    0,00    0,00    0,00  100,00
18:38:16      21    0,00    0,00    0,00    0,00    0,00    0,00    0,00    0,00    0,00  100,00
18:38:16      22    0,00    0,00    1,00    0,00    0,00    0,00    0,00    0,00    0,00   99,00
18:38:16      23    0,00    0,00    0,00    0,00    0,00    0,00    0,00    0,00    0,00  100,00

18:38:16     CPU    %usr   %nice    %sys %iowait    %irq   %soft  %steal  %guest  %gnice   %idle
18:38:17     all    0,12    0,00    0,04    0,00    0,00   44,83    0,00    0,00    0,00   55,00
18:38:17       0    0,00    0,00    0,00    0,00    0,00   79,21    0,00    0,00    0,00   20,79
18:38:17       1    0,00    0,00    0,00    0,00    0,00  100,00    0,00    0,00    0,00    0,00
18:38:17       2    0,97    0,00    0,00    0,00    0,00   82,52    0,00    0,00    0,00   16,50
18:38:17       3    0,00    0,00    0,00    0,00    0,00   86,27    0,00    0,00    0,00   13,73
18:38:17       4    0,00    0,00    0,00    0,00    0,00  100,00    0,00    0,00    0,00    0,00
18:38:17       5    0,00    0,00    0,00    0,00    0,00  100,00    0,00    0,00    0,00    0,00
18:38:17       6    0,00    0,00    0,00    0,00    0,00   77,78    0,00    0,00    0,00   22,22
18:38:17       7    0,00    0,00    0,00    0,00    0,00  100,00    0,00    0,00    0,00    0,00
18:38:17       8    0,00    0,00    0,00    0,00    0,00   97,03    0,00    0,00    0,00    2,97
18:38:17       9    0,00    0,00    0,00    0,00    0,00   14,00    0,00    0,00    0,00   86,00
18:38:17      10    0,00    0,00    0,00    0,00    0,00   28,71    0,00    0,00    0,00   71,29
18:38:17      11    0,00    0,00    0,00    0,00    0,00   42,42    0,00    0,00    0,00   57,58
18:38:17      12    0,99    0,00    0,99    0,00    0,00   32,67    0,00    0,00    0,00   65,35
18:38:17      13    0,00    0,00    0,00    0,00    0,00   39,00    0,00    0,00    0,00   61,00
18:38:17      14    0,00    0,00    0,00    0,00    0,00   45,45    0,00    0,00    0,00   54,55
18:38:17      15    0,00    0,00    0,00    0,00    0,00   46,46    0,00    0,00    0,00   53,54
18:38:17      16    1,00    0,00    0,00    0,00    0,00    0,00    0,00    0,00    0,00   99,00
18:38:17      17    0,00    0,00    0,00    0,00    0,00    0,00    0,00    0,00    0,00  100,00
18:38:17      18    0,00    0,00    0,00    0,00    0,00    0,00    0,00    0,00    0,00  100,00
18:38:17      19    0,00    0,00    0,00    0,00    0,00    0,00    0,00    0,00    0,00  100,00
18:38:17      20    0,00    0,00    0,00    0,00    0,00    0,00    0,00    0,00    0,00  100,00
18:38:17      21    0,00    0,00    0,00    0,00    0,00    0,00    0,00    0,00    0,00  100,00
18:38:17      22    0,00    0,00    0,00    0,00    0,00    0,00    0,00    0,00    0,00  100,00
18:38:17      23    0,00    0,00    0,00    0,00    0,00    0,00    0,00    0,00    0,00  100,00

18:38:17     CPU    %usr   %nice    %sys %iowait    %irq   %soft  %steal  %guest  %gnice   %idle
18:38:18     all    0,29    0,00    0,25    0,00    0,00   44,89    0,00    0,00    0,00   54,57
18:38:18       0    0,00    0,00    0,00    0,00    0,00   79,59    0,00    0,00    0,00   20,41
18:38:18       1    0,00    0,00    0,00    0,00    0,00  100,00    0,00    0,00    0,00    0,00
18:38:18       2    0,00    0,00    0,00    0,00    0,00   84,85    0,00    0,00    0,00   15,15
18:38:18       3    2,02    0,00    1,01    0,00    0,00   85,86    0,00    0,00    0,00   11,11
18:38:18       4    0,00    0,00    0,00    0,00    0,00  100,00    0,00    0,00    0,00    0,00
18:38:18       5    0,00    0,00    0,00    0,00    0,00  100,00    0,00    0,00    0,00    0,00
18:38:18       6    0,00    0,00    0,00    0,00    0,00   78,00    0,00    0,00    0,00   22,00
18:38:18       7    0,00    0,00    0,00    0,00    0,00  100,00    0,00    0,00    0,00    0,00
18:38:18       8    0,00    0,00    0,00    0,00    0,00   97,03    0,00    0,00    0,00    2,97
18:38:18       9    0,00    0,00    0,00    0,00    0,00   13,27    0,00    0,00    0,00   86,73
18:38:18      10    3,03    0,00    0,00    0,00    0,00   29,29    0,00    0,00    0,00   67,68
18:38:18      11    0,00    0,00    0,00    0,00    0,00   43,30    0,00    0,00    0,00   56,70
18:38:18      12    0,00    0,00    0,00    0,00    0,00   32,32    0,00    0,00    0,00   67,68
18:38:18      13    0,00    0,00    0,00    0,00    0,00   40,20    0,00    0,00    0,00   59,80
18:38:18      14    0,00    0,00    0,00    0,00    0,00   46,46    0,00    0,00    0,00   53,54
18:38:18      15    0,00    0,00    0,00    0,00    0,00   48,51    0,00    0,00    0,00   51,49
18:38:18      16    0,00    0,00    0,00    0,00    0,00    0,00    0,00    0,00    0,00  100,00
18:38:18      17    0,99    0,00    0,00    0,00    0,00    0,00    0,00    0,00    0,00   99,01
18:38:18      18    0,00    0,00    0,99    0,00    0,00    0,00    0,00    0,00    0,00   99,01
18:38:18      19    0,00    0,00    0,99    0,00    0,00    0,00    0,00    0,00    0,00   99,01
18:38:18      20    0,00    0,00    0,99    0,00    0,00    0,00    0,00    0,00    0,00   99,01
18:38:18      21    0,00    0,00    0,00    0,00    0,00    0,00    0,00    0,00    0,00  100,00
18:38:18      22    0,99    0,00    0,99    0,00    0,00    0,00    0,00    0,00    0,00   98,02
18:38:18      23    0,00    0,00    1,00    0,00    0,00    0,00    0,00    0,00    0,00   99,00

18:38:18     CPU    %usr   %nice    %sys %iowait    %irq   %soft  %steal  %guest  %gnice   %idle
18:38:19     all    5,23    0,00    2,70    0,00    0,00   47,36    0,00    0,00    0,00   44,70
18:38:19       0    0,00    0,00    0,97    0,00    0,00   84,47    0,00    0,00    0,00   14,56
18:38:19       1    0,00    0,00    0,00    0,00    0,00  100,00    0,00    0,00    0,00    0,00
18:38:19       2    3,00    0,00    0,00    0,00    0,00   91,00    0,00    0,00    0,00    6,00
18:38:19       3    0,99    0,00    0,00    0,00    0,00   95,05    0,00    0,00    0,00    3,96
18:38:19       4    0,00    0,00    0,00    0,00    0,00  100,00    0,00    0,00    0,00    0,00
18:38:19       5    0,00    0,00    0,00    0,00    0,00  100,00    0,00    0,00    0,00    0,00
18:38:19       6    0,00    0,00    0,97    0,00    0,00   85,44    0,00    0,00    0,00   13,59
18:38:19       7    0,00    0,00    0,00    0,00    0,00  100,00    0,00    0,00    0,00    0,00
18:38:19       8    0,00    0,00    0,00    0,00    0,00  100,00    0,00    0,00    0,00    0,00
18:38:19       9    0,00    0,00    0,00    0,00    0,00   16,00    0,00    0,00    0,00   84,00
18:38:19      10   12,12    0,00    3,03    0,00    0,00   36,36    0,00    0,00    0,00   48,48
18:38:19      11    1,18    0,00    1,18    0,00    0,00   50,59    0,00    0,00    0,00   47,06
18:38:19      12    7,00    0,00    4,00    0,00    0,00   36,00    0,00    0,00    0,00   53,00
18:38:19      13    1,98    0,00    0,99    0,00    0,00   43,56    0,00    0,00    0,00   53,47
18:38:19      14   19,00    0,00    3,00    0,00    0,00   50,00    0,00    0,00    0,00   28,00
18:38:19      15    0,00    0,00    0,00    0,00    0,00   41,46    0,00    0,00    0,00   58,54
18:38:19      16    8,91    0,00    7,92    0,00    0,00    0,99    0,00    0,00    0,00   82,18
18:38:19      17   31,63    0,00    8,16    0,00    0,00    0,00    0,00    0,00    0,00   60,20
18:38:19      18   12,00    0,00    6,00    0,00    0,00    0,00    0,00    0,00    0,00   82,00
18:38:19      19    5,05    0,00    4,04    0,00    0,00    0,00    0,00    0,00    0,00   90,91
18:38:19      20    8,00    0,00    9,00    0,00    0,00    0,00    0,00    0,00    0,00   83,00
18:38:19      21    3,06    0,00    4,08    0,00    0,00    0,00    0,00    0,00    0,00   92,86
18:38:19      22    6,06    0,00    7,07    0,00    0,00    0,00    0,00    0,00    0,00   86,87
18:38:19      23    5,00    0,00    4,00    0,00    0,00    0,00    0,00    0,00    0,00   91,00

18:38:14     CPU    %usr   %nice    %sys %iowait    %irq   %soft  %steal  %guest  %gnice   %idle
18:38:15     all    0,04    0,00    0,08    0,08    0,00   44,68    0,00    0,00    0,00   55,11
18:38:15       0    0,00    0,00    0,00    0,00    0,00   78,00    0,00    0,00    0,00   22,00
18:38:15       1    0,00    0,00    0,00    0,00    0,00  100,00    0,00    0,00    0,00    0,00
18:38:15       2    0,00    0,00    0,00    0,00    0,00   84,16    0,00    0,00    0,00   15,84
18:38:15       3    0,00    0,00    0,00    0,00    0,00   86,27    0,00    0,00    0,00   13,73
18:38:15       4    0,00    0,00    0,00    0,00    0,00  100,00    0,00    0,00    0,00    0,00
18:38:15       5    0,00    0,00    0,00    0,00    0,00  100,00    0,00    0,00    0,00    0,00
18:38:15       6    0,00    0,00    0,00    0,00    0,00   78,22    0,00    0,00    0,00   21,78
18:38:15       7    0,00    0,00    0,00    0,00    0,00  100,00    0,00    0,00    0,00    0,00
18:38:15       8    0,00    0,00    0,00    0,00    0,00   97,00    0,00    0,00    0,00    3,00
18:38:15       9    0,00    0,00    0,00    0,00    0,00   13,13    0,00    0,00    0,00   86,87
18:38:15      10    0,00    0,00    0,00    0,00    0,00   27,27    0,00    0,00    0,00   72,73
18:38:15      11    0,00    0,00    0,00    0,00    0,00   42,42    0,00    0,00    0,00   57,58
18:38:15      12    1,01    0,00    0,00    0,00    0,00   32,32    0,00    0,00    0,00   66,67
18:38:15      13    0,00    0,00    0,00    0,00    0,00   38,38    0,00    0,00    0,00   61,62
18:38:15      14    0,00    0,00    0,00    0,00    0,00   46,00    0,00    0,00    0,00   54,00
18:38:15      15    0,00    0,00    0,00    0,00    0,00   46,46    0,00    0,00    0,00   53,54
18:38:15      16    0,00    0,00    1,01    0,00    0,00    0,00    0,00    0,00    0,00   98,99
18:38:15      17    0,00    0,00    1,00    0,00    0,00    0,00    0,00    0,00    0,00   99,00
18:38:15      18    0,00    0,00    0,00    2,00    0,00    0,00    0,00    0,00    0,00   98,00
18:38:15      19    0,00    0,00    0,00    0,00    0,00    0,00    0,00    0,00    0,00  100,00
18:38:15      20    0,00    0,00    0,00    0,00    0,00    0,00    0,00    0,00    0,00  100,00
18:38:15      21    0,00    0,00    0,00    0,00    0,00    0,00    0,00    0,00    0,00  100,00
18:38:15      22    0,00    0,00    0,00    0,00    0,00    0,00    0,00    0,00    0,00  100,00
18:38:15      23    0,00    0,00    0,00    0,00    0,00    0,00    0,00    0,00    0,00  100,00

18:38:15     CPU    %usr   %nice    %sys %iowait    %irq   %soft  %steal  %guest  %gnice   %idle
18:38:16     all    0,13    0,00    0,08    0,00    0,00   44,57    0,00    0,00    0,00   55,22
18:38:16       0    0,00    0,00    0,00    0,00    0,00   78,35    0,00    0,00    0,00   21,65
18:38:16       1    0,00    0,00    0,00    0,00    0,00  100,00    0,00    0,00    0,00    0,00
18:38:16       2    0,00    0,00    0,00    0,00    0,00   82,65    0,00    0,00    0,00   17,35
18:38:16       3    0,00    0,00    0,00    0,00    0,00   86,00    0,00    0,00    0,00   14,00
18:38:16       4    0,00    0,00    0,00    0,00    0,00  100,00    0,00    0,00    0,00    0,00
18:38:16       5    0,00    0,00    0,00    0,00    0,00  100,00    0,00    0,00    0,00    0,00
18:38:16       6    0,00    0,00    0,00    0,00    0,00   77,78    0,00    0,00    0,00   22,22
18:38:16       7    0,00    0,00    0,00    0,00    0,00  100,00    0,00    0,00    0,00    0,00
18:38:16       8    0,00    0,00    0,00    0,00    0,00   96,08    0,00    0,00    0,00    3,92
18:38:16       9    0,00    0,00    0,00    0,00    0,00   14,00    0,00    0,00    0,00   86,00
18:38:16      10    1,00    0,00    1,00    0,00    0,00   27,00    0,00    0,00    0,00   71,00
18:38:16      11    0,00    0,00    0,00    0,00    0,00   43,00    0,00    0,00    0,00   57,00
18:38:16      12    0,00    0,00    0,00    0,00    0,00   33,00    0,00    0,00    0,00   67,00
18:38:16      13    1,00    0,00    0,00    0,00    0,00   39,00    0,00    0,00    0,00   60,00
18:38:16      14    0,00    0,00    0,00    0,00    0,00   46,00    0,00    0,00    0,00   54,00
18:38:16      15    0,00    0,00    0,00    0,00    0,00   47,00    0,00    0,00    0,00   53,00
18:38:16      16    0,00    0,00    0,00    0,00    0,00    0,00    0,00    0,00    0,00  100,00
18:38:16      17    0,00    0,00    0,00    0,00    0,00    0,00    0,00    0,00    0,00  100,00
18:38:16      18    0,00    0,00    0,00    0,00    0,00    0,00    0,00    0,00    0,00  100,00
18:38:16      19    0,99    0,00    0,00    0,00    0,00    0,00    0,00    0,00    0,00   99,01
18:38:16      20    0,00    0,00    0,00    0,00    0,00    0,00    0,00    0,00    0,00  100,00
18:38:16      21    0,00    0,00    0,00    0,00    0,00    0,00    0,00    0,00    0,00  100,00
18:38:16      22    0,00    0,00    1,00    0,00    0,00    0,00    0,00    0,00    0,00   99,00
18:38:16      23    0,00    0,00    0,00    0,00    0,00    0,00    0,00    0,00    0,00  100,00

18:38:16     CPU    %usr   %nice    %sys %iowait    %irq   %soft  %steal  %guest  %gnice   %idle
18:38:17     all    0,08    0,00    0,04    0,00    0,00   44,68    0,00    0,00    0,00   55,19
18:38:17       0    0,00    0,00    0,00    0,00    0,00   79,00    0,00    0,00    0,00   21,00
18:38:17       1    0,00    0,00    0,00    0,00    0,00  100,00    0,00    0,00    0,00    0,00
18:38:17       2    0,00    0,00    0,00    0,00    0,00   84,16    0,00    0,00    0,00   15,84
18:38:17       3    0,00    0,00    0,00    0,00    0,00   85,44    0,00    0,00    0,00   14,56
18:38:17       4    0,00    0,00    0,00    0,00    0,00  100,00    0,00    0,00    0,00    0,00
18:38:17       5    0,00    0,00    0,00    0,00    0,00  100,00    0,00    0,00    0,00    0,00
18:38:17       6    0,00    0,00    0,00    0,00    0,00   77,00    0,00    0,00    0,00   23,00
18:38:17       7    0,00    0,00    0,00    0,00    0,00  100,00    0,00    0,00    0,00    0,00
18:38:17       8    0,00    0,00    0,00    0,00    0,00   96,04    0,00    0,00    0,00    3,96
18:38:17       9    0,00    0,00    0,00    0,00    0,00   13,86    0,00    0,00    0,00   86,14
18:38:17      10    0,00    0,00    0,00    0,00    0,00   28,00    0,00    0,00    0,00   72,00
18:38:17      11    0,00    0,00    0,00    0,00    0,00   42,42    0,00    0,00    0,00   57,58
18:38:17      12    1,00    0,00    1,00    0,00    0,00   32,00    0,00    0,00    0,00   66,00
18:38:17      13    0,00    0,00    0,00    0,00    0,00   40,00    0,00    0,00    0,00   60,00
18:38:17      14    0,00    0,00    0,00    0,00    0,00   44,90    0,00    0,00    0,00   55,10
18:38:17      15    0,00    0,00    0,00    0,00    0,00   45,92    0,00    0,00    0,00   54,08
18:38:17      16    1,00    0,00    0,00    0,00    0,00    0,00    0,00    0,00    0,00   99,00
18:38:17      17    0,00    0,00    0,00    0,00    0,00    0,00    0,00    0,00    0,00  100,00
18:38:17      18    0,00    0,00    0,00    0,00    0,00    0,00    0,00    0,00    0,00  100,00
18:38:17      19    0,00    0,00    0,00    0,00    0,00    0,00    0,00    0,00    0,00  100,00
18:38:17      20    0,00    0,00    0,00    0,00    0,00    0,00    0,00    0,00    0,00  100,00
18:38:17      21    0,00    0,00    0,00    0,00    0,00    0,00    0,00    0,00    0,00  100,00
18:38:17      22    0,00    0,00    0,00    0,00    0,00    0,00    0,00    0,00    0,00  100,00
18:38:17      23    0,00    0,00    0,00    0,00    0,00    0,00    0,00    0,00    0,00  100,00

18:38:17     CPU    %usr   %nice    %sys %iowait    %irq   %soft  %steal  %guest  %gnice   %idle
18:38:18     all    0,21    0,00    0,08    0,00    0,00   44,89    0,00    0,00    0,00   54,82
18:38:18       0    0,00    0,00    0,00    0,00    0,00   78,79    0,00    0,00    0,00   21,21
18:38:18       1    0,00    0,00    0,00    0,00    0,00  100,00    0,00    0,00    0,00    0,00
18:38:18       2    0,97    0,00    0,00    0,00    0,00   82,52    0,00    0,00    0,00   16,50
18:38:18       3    0,00    0,00    0,00    0,00    0,00   86,87    0,00    0,00    0,00   13,13
18:38:18       4    0,00    0,00    0,00    0,00    0,00  100,00    0,00    0,00    0,00    0,00
18:38:18       5    0,00    0,00    0,00    0,00    0,00  100,00    0,00    0,00    0,00    0,00
18:38:18       6    0,00    0,00    0,00    0,00    0,00   78,00    0,00    0,00    0,00   22,00
18:38:18       7    0,00    0,00    0,00    0,00    0,00  100,00    0,00    0,00    0,00    0,00
18:38:18       8    0,00    0,00    0,00    0,00    0,00   97,03    0,00    0,00    0,00    2,97
18:38:18       9    0,00    0,00    0,00    0,00    0,00   14,14    0,00    0,00    0,00   85,86
18:38:18      10    3,00    0,00    0,00    0,00    0,00   29,00    0,00    0,00    0,00   68,00
18:38:18      11    0,00    0,00    0,00    0,00    0,00   43,56    0,00    0,00    0,00   56,44
18:38:18      12    0,00    0,00    0,00    0,00    0,00   34,00    0,00    0,00    0,00   66,00
18:38:18      13    0,00    0,00    0,00    0,00    0,00   39,60    0,00    0,00    0,00   60,40
18:38:18      14    0,00    0,00    0,00    0,00    0,00   46,00    0,00    0,00    0,00   54,00
18:38:18      15    0,00    0,00    0,00    0,00    0,00   47,52    0,00    0,00    0,00   52,48
18:38:18      16    0,00    0,00    0,00    0,00    0,00    0,00    0,00    0,00    0,00  100,00
18:38:18      17    0,99    0,00    0,00    0,00    0,00    0,00    0,00    0,00    0,00   99,01
18:38:18      18    0,00    0,00    0,00    0,00    0,00    0,00    0,00    0,00    0,00  100,00
18:38:18      19    0,00    0,00    0,99    0,00    0,00    0,00    0,00    0,00    0,00   99,01
18:38:18      20    0,00    0,00    0,00    0,00    0,00    0,00    0,00    0,00    0,00  100,00
18:38:18      21    0,00    0,00    0,00    0,00    0,00    0,00    0,00    0,00    0,00  100,00
18:38:18      22    0,00    0,00    0,00    0,00    0,00    0,00    0,00    0,00    0,00  100,00
18:38:18      23    0,00    0,00    0,99    0,00    0,00    0,00    0,00    0,00    0,00   99,01

18:38:18     CPU    %usr   %nice    %sys %iowait    %irq   %soft  %steal  %guest  %gnice   %idle
18:38:19     all    4,24    0,00    2,58    0,00    0,00   46,82    0,00    0,00    0,00   46,36
18:38:19       0    0,00    0,00    0,97    0,00    0,00   83,50    0,00    0,00    0,00   15,53
18:38:19       1    0,00    0,00    0,00    0,00    0,00  100,00    0,00    0,00    0,00    0,00
18:38:19       2    3,03    0,00    0,00    0,00    0,00   90,91    0,00    0,00    0,00    6,06
18:38:19       3    3,00    0,00    1,00    0,00    0,00   93,00    0,00    0,00    0,00    3,00
18:38:19       4    0,00    0,00    0,00    0,00    0,00  100,00    0,00    0,00    0,00    0,00
18:38:19       5    0,00    0,00    0,00    0,00    0,00  100,00    0,00    0,00    0,00    0,00
18:38:19       6    0,00    0,00    0,00    0,00    0,00   85,00    0,00    0,00    0,00   15,00
18:38:19       7    0,00    0,00    0,00    0,00    0,00  100,00    0,00    0,00    0,00    0,00
18:38:19       8    0,00    0,00    0,00    0,00    0,00  100,00    0,00    0,00    0,00    0,00
18:38:19       9    0,00    0,00    0,00    0,00    0,00   15,15    0,00    0,00    0,00   84,85
18:38:19      10    2,02    0,00    3,03    0,00    0,00   36,36    0,00    0,00    0,00   58,59
18:38:19      11    1,20    0,00    1,20    0,00    0,00   46,99    0,00    0,00    0,00   50,60
18:38:19      12    7,07    0,00    4,04    0,00    0,00   34,34    0,00    0,00    0,00   54,55
18:38:19      13    1,98    0,00    0,99    0,00    0,00   42,57    0,00    0,00    0,00   54,46
18:38:19      14   12,12    0,00    3,03    0,00    0,00   49,49    0,00    0,00    0,00   35,35
18:38:19      15    0,00    0,00    0,00    0,00    0,00   41,46    0,00    0,00    0,00   58,54
18:38:19      16    8,08    0,00    7,07    0,00    0,00    1,01    0,00    0,00    0,00   83,84
18:38:19      17   31,63    0,00    7,14    0,00    0,00    0,00    0,00    0,00    0,00   61,22
18:38:19      18    6,00    0,00    5,00    0,00    0,00    0,00    0,00    0,00    0,00   89,00
18:38:19      19    5,05    0,00    4,04    0,00    0,00    0,00    0,00    0,00    0,00   90,91
18:38:19      20    7,84    0,00    8,82    0,00    0,00    0,00    0,00    0,00    0,00   83,33
18:38:19      21    3,03    0,00    4,04    0,00    0,00    0,00    0,00    0,00    0,00   92,93
18:38:19      22    5,00    0,00    8,00    0,00    0,00    0,00    0,00    0,00    0,00   87,00
18:38:19      23    4,04    0,00    3,03    0,00    0,00    0,00    0,00    0,00    0,00   92,93

18:38:19     CPU    %usr   %nice    %sys %iowait    %irq   %soft  %steal  %guest  %gnice   %idle
18:38:20     all    1,69    0,00    0,34    0,00    0,00   45,43    0,00    0,00    0,00   52,54
18:38:20       0    0,00    0,00    0,00    0,00    0,00   81,63    0,00    0,00    0,00   18,37
18:38:20       1    0,00    0,00    0,00    0,00    0,00  100,00    0,00    0,00    0,00    0,00
18:38:20       2    0,00    0,00    0,00    0,00    0,00   87,00    0,00    0,00    0,00   13,00
18:38:20       3    0,00    0,00    0,00    0,00    0,00   89,90    0,00    0,00    0,00   10,10
18:38:20       4    0,00    0,00    0,00    0,00    0,00  100,00    0,00    0,00    0,00    0,00
18:38:20       5    0,00    0,00    0,00    0,00    0,00  100,00    0,00    0,00    0,00    0,00
18:38:20       6    0,00    0,00    0,97    0,00    0,00   79,61    0,00    0,00    0,00   19,42
18:38:20       7    0,00    0,00    0,00    0,00    0,00  100,00    0,00    0,00    0,00    0,00
18:38:20       8    0,00    0,00    0,00    0,00    0,00   99,00    0,00    0,00    0,00    1,00
18:38:20       9    0,00    0,00    0,00    0,00    0,00   14,14    0,00    0,00    0,00   85,86
18:38:20      10   10,00    0,00    0,00    0,00    0,00   34,00    0,00    0,00    0,00   56,00
18:38:20      11    9,09    0,00    0,00    0,00    0,00   31,82    0,00    0,00    0,00   59,09
18:38:20      12    1,00    0,00    0,00    0,00    0,00   31,00    0,00    0,00    0,00   68,00
18:38:20      13    1,00    0,00    0,00    0,00    0,00   40,00    0,00    0,00    0,00   59,00
18:38:20      14   10,00    0,00    0,00    0,00    0,00   48,00    0,00    0,00    0,00   42,00
18:38:20      15    0,00    0,00    0,00    0,00    0,00   49,00    0,00    0,00    0,00   51,00
18:38:20      16    2,00    0,00    1,00    0,00    0,00    0,00    0,00    0,00    0,00   97,00
18:38:20      17    0,99    0,00    0,99    0,00    0,00    0,00    0,00    0,00    0,00   98,02
18:38:20      18    5,94    0,00    1,98    0,00    0,00    0,00    0,00    0,00    0,00   92,08
18:38:20      19    0,00    0,00    0,00    0,00    0,00    0,00    0,00    0,00    0,00  100,00
18:38:20      20    0,00    0,00    1,01    0,00    0,00    0,00    0,00    0,00    0,00   98,99
18:38:20      21    0,00    0,00    0,00    0,00    0,00    0,00    0,00    0,00    0,00  100,00
18:38:20      22    2,00    0,00    0,00    0,00    0,00    0,00    0,00    0,00    0,00   98,00
18:38:20      23    1,00    0,00    2,00    0,00    0,00    0,00    0,00    0,00    0,00   97,00

18:38:20     CPU    %usr   %nice    %sys %iowait    %irq   %soft  %steal  %guest  %gnice   %idle
18:38:21     all    2,35    0,00    1,68    0,04    0,00   46,08    0,00    0,00    0,00   49,85
18:38:21       0    0,00    0,00    0,00    0,00    0,00   80,85    0,00    0,00    0,00   19,15
18:38:21       1    0,00    0,00    0,00    0,00    0,00  100,00    0,00    0,00    0,00    0,00
18:38:21       2    2,94    0,00    0,98    0,00    0,00   87,25    0,00    0,00    0,00    8,82
18:38:21       3    0,99    0,00    0,99    0,00    0,00   92,08    0,00    0,00    0,00    5,94
18:38:21       4    0,00    0,00    0,00    0,00    0,00  100,00    0,00    0,00    0,00    0,00
18:38:21       5    0,00    0,00    0,00    0,00    0,00  100,00    0,00    0,00    0,00    0,00
18:38:21       6    0,00    0,00    0,00    0,00    0,00   82,83    0,00    0,00    0,00   17,17
18:38:21       7    0,00    0,00    0,00    0,00    0,00  100,00    0,00    0,00    0,00    0,00
18:38:21       8    0,00    0,00    0,00    0,00    0,00  100,00    0,00    0,00    0,00    0,00
18:38:21       9    0,00    0,00    0,00    0,00    0,00   16,00    0,00    0,00    0,00   84,00
18:38:21      10    6,93    0,00    0,99    0,00    0,00   35,64    0,00    0,00    0,00   56,44
18:38:21      11    0,00    0,00    0,00    0,00    0,00   48,24    0,00    0,00    0,00   51,76
18:38:21      12    3,96    0,00    2,97    0,00    0,00   32,67    0,00    0,00    0,00   60,40
18:38:21      13    0,00    0,00    0,00    0,00    0,00   41,41    0,00    0,00    0,00   58,59
18:38:21      14    5,88    0,00    0,98    0,00    0,00   44,12    0,00    0,00    0,00   49,02
18:38:21      15    0,00    0,00    0,00    0,00    0,00   46,00    0,00    0,00    0,00   54,00
18:38:21      16    7,00    0,00    5,00    0,00    0,00    0,00    0,00    0,00    0,00   88,00
18:38:21      17    5,05    0,00    3,03    0,00    0,00    0,00    0,00    0,00    0,00   91,92
18:38:21      18    3,03    0,00    6,06    1,01    0,00    0,00    0,00    0,00    0,00   89,90
18:38:21      19    1,98    0,00    1,98    0,00    0,00    0,00    0,00    0,00    0,00   96,04
18:38:21      20    4,00    0,00    7,00    0,00    0,00    0,00    0,00    0,00    0,00   89,00
18:38:21      21    1,01    0,00    1,01    0,00    0,00    0,00    0,00    0,00    0,00   97,98
18:38:21      22    1,00    0,00    3,00    0,00    0,00    0,00    0,00    0,00    0,00   96,00
18:38:21      23   11,88    0,00    5,94    0,00    0,00    0,00    0,00    0,00    0,00   82,18

18:38:21     CPU    %usr   %nice    %sys %iowait    %irq   %soft  %steal  %guest  %gnice   %idle
18:38:22     all    0,55    0,00    0,13    0,00    0,00   44,39    0,00    0,00    0,00   54,93
18:38:22       0    0,00    0,00    0,00    0,00    0,00   81,19    0,00    0,00    0,00   18,81
18:38:22       1    0,00    0,00    0,00    0,00    0,00  100,00    0,00    0,00    0,00    0,00
18:38:22       2    0,00    0,00    0,00    0,00    0,00   87,00    0,00    0,00    0,00   13,00
18:38:22       3    0,00    0,00    0,00    0,00    0,00   89,80    0,00    0,00    0,00   10,20
18:38:22       4    0,00    0,00    0,00    0,00    0,00  100,00    0,00    0,00    0,00    0,00
18:38:22       5    0,00    0,00    0,00    0,00    0,00  100,00    0,00    0,00    0,00    0,00
18:38:22       6    0,00    0,00    0,00    0,00    0,00   79,80    0,00    0,00    0,00   20,20
18:38:22       7    0,00    0,00    0,00    0,00    0,00  100,00    0,00    0,00    0,00    0,00
18:38:22       8    0,00    0,00    0,00    0,00    0,00   98,99    0,00    0,00    0,00    1,01
18:38:22       9    0,00    0,00    0,00    0,00    0,00   15,00    0,00    0,00    0,00   85,00
18:38:22      10    0,00    0,00    0,00    0,00    0,00   33,33    0,00    0,00    0,00   66,67
18:38:22      11    0,00    0,00    0,00    0,00    0,00   20,34    0,00    0,00    0,00   79,66
18:38:22      12   10,10    0,00    0,00    0,00    0,00   31,31    0,00    0,00    0,00   58,59
18:38:22      13    0,00    0,00    0,00    0,00    0,00   36,36    0,00    0,00    0,00   63,64
18:38:22      14    0,99    0,00    0,99    0,00    0,00   39,60    0,00    0,00    0,00   58,42
18:38:22      15    0,00    0,00    0,00    0,00    0,00   43,00    0,00    0,00    0,00   57,00
18:38:22      16    0,00    0,00    0,00    0,00    0,00    0,00    0,00    0,00    0,00  100,00
18:38:22      17    2,00    0,00    1,00    0,00    0,00    0,00    0,00    0,00    0,00   97,00
18:38:22      18    0,00    0,00    0,00    0,00    0,00    0,00    0,00    0,00    0,00  100,00
18:38:22      19    0,00    0,00    0,00    0,00    0,00    0,00    0,00    0,00    0,00  100,00
18:38:22      20    0,00    0,00    0,00    0,00    0,00    0,00    0,00    0,00    0,00  100,00
18:38:22      21    0,00    0,00    0,00    0,00    0,00    0,00    0,00    0,00    0,00  100,00
18:38:22      22    0,00    0,00    0,00    0,00    0,00    0,00    0,00    0,00    0,00  100,00
18:38:22      23    0,00    0,00    1,00    0,00    0,00    0,00    0,00    0,00    0,00   99,00

18:38:22     CPU    %usr   %nice    %sys %iowait    %irq   %soft  %steal  %guest  %gnice   %idle
18:38:23     all    0,42    0,00    0,21    0,00    0,00   44,14    0,00    0,00    0,00   55,23
18:38:23       0    0,00    0,00    0,00    0,00    0,00   80,39    0,00    0,00    0,00   19,61
18:38:23       1    0,00    0,00    0,00    0,00    0,00  100,00    0,00    0,00    0,00    0,00
18:38:23       2    0,00    0,00    0,00    0,00    0,00   86,27    0,00    0,00    0,00   13,73
18:38:23       3    0,00    0,00    0,00    0,00    0,00   88,12    0,00    0,00    0,00   11,88
18:38:23       4    0,00    0,00    0,00    0,00    0,00  100,00    0,00    0,00    0,00    0,00
18:38:23       5    0,00    0,00    0,00    0,00    0,00  100,00    0,00    0,00    0,00    0,00
18:38:23       6    0,00    0,00    0,00    0,00    0,00   78,79    0,00    0,00    0,00   21,21
18:38:23       7    0,00    0,00    0,00    0,00    0,00  100,00    0,00    0,00    0,00    0,00
18:38:23       8    0,00    0,00    0,00    0,00    0,00   98,02    0,00    0,00    0,00    1,98
18:38:23       9    0,00    0,00    0,00    0,00    0,00   15,00    0,00    0,00    0,00   85,00
18:38:23      10    0,00    0,00    0,00    0,00    0,00   33,33    0,00    0,00    0,00   66,67
18:38:23      11    0,00    0,00    0,00    0,00    0,00    7,84    0,00    0,00    0,00   92,16
18:38:23      12    2,97    0,00    1,98    0,00    0,00   32,67    0,00    0,00    0,00   62,38
18:38:23      13    0,00    0,00    0,00    0,00    0,00   34,69    0,00    0,00    0,00   65,31
18:38:23      14    1,98    0,00    0,00    0,00    0,00   40,59    0,00    0,00    0,00   57,43
18:38:23      15    0,00    0,00    0,00    0,00    0,00   44,00    0,00    0,00    0,00   56,00
18:38:23      16    0,00    0,00    1,00    0,00    0,00    0,00    0,00    0,00    0,00   99,00
18:38:23      17    1,01    0,00    0,00    0,00    0,00    0,00    0,00    0,00    0,00   98,99
18:38:23      18    1,00    0,00    0,00    0,00    0,00    0,00    0,00    0,00    0,00   99,00
18:38:23      19    0,99    0,00    0,00    0,00    0,00    0,00    0,00    0,00    0,00   99,01
18:38:23      20    0,00    0,00    0,00    0,00    0,00    0,00    0,00    0,00    0,00  100,00
18:38:23      21    1,98    0,00    1,98    0,00    0,00    0,00    0,00    0,00    0,00   96,04
18:38:23      22    0,00    0,00    0,00    0,00    0,00    0,00    0,00    0,00    0,00  100,00
18:38:23      23    0,00    0,00    0,00    0,00    0,00    0,00    0,00    0,00    0,00  100,00

18:38:23     CPU    %usr   %nice    %sys %iowait    %irq   %soft  %steal  %guest  %gnice   %idle
18:38:24     all    2,09    0,00    1,15    0,09    0,00   45,37    0,00    0,00    0,00   51,30
18:38:24       0    0,00    0,00    0,00    0,00    0,00   81,82    0,00    0,00    0,00   18,18
18:38:24       1    0,00    0,00    0,00    0,00    0,00  100,00    0,00    0,00    0,00    0,00
18:38:24       2    0,00    0,00    0,00    0,00    0,00   88,12    0,00    0,00    0,00   11,88
18:38:24       3    0,00    0,00    0,00    0,00    0,00   92,00    0,00    0,00    0,00    8,00
18:38:24       4    0,00    0,00    0,99    0,00    0,00   99,01    0,00    0,00    0,00    0,00
18:38:24       5    0,00    0,00    0,00    0,00    0,00  100,00    0,00    0,00    0,00    0,00
18:38:24       6    0,00    0,00    0,00    0,00    0,00   81,82    0,00    0,00    0,00   18,18
18:38:24       7    0,00    0,00    0,00    0,00    0,00  100,00    0,00    0,00    0,00    0,00
18:38:24       8    0,00    0,00    0,00    0,00    0,00  100,00    0,00    0,00    0,00    0,00
18:38:24       9    0,00    0,00    0,00    0,00    0,00   15,15    0,00    0,00    0,00   84,85
18:38:24      10    0,00    0,00    0,00    0,00    0,00   33,33    0,00    0,00    0,00   66,67
18:38:24      11    0,00    0,00    0,00    0,00    0,00    8,16    0,00    0,00    0,00   91,84
18:38:24      12    1,00    0,00    1,00    0,00    0,00   30,00    0,00    0,00    0,00   68,00
18:38:24      13    1,01    0,00    1,01    0,00    0,00   36,36    0,00    0,00    0,00   61,62
18:38:24      14   16,16    0,00    2,02    0,00    0,00   51,52    0,00    0,00    0,00   30,30
18:38:24      15    0,00    0,00    0,00    0,00    0,00   50,50    0,00    0,00    0,00   49,50
18:38:24      16    3,96    0,00    3,96    0,00    0,00    0,99    0,00    0,00    0,00   91,09
18:38:24      17    2,97    0,00    1,98    0,99    0,00    0,00    0,00    0,00    0,00   94,06
18:38:24      18    5,00    0,00    5,00    0,00    0,00    0,00    0,00    0,00    0,00   90,00
18:38:24      19   15,15    0,00    3,03    1,01    0,00    0,00    0,00    0,00    0,00   80,81
18:38:24      20    1,01    0,00    2,02    0,00    0,00    0,00    0,00    0,00    0,00   96,97
18:38:24      21    1,01    0,00    3,03    0,00    0,00    0,00    0,00    0,00    0,00   95,96
18:38:24      22    1,00    0,00    1,00    0,00    0,00    0,00    0,00    0,00    0,00   98,00
18:38:24      23    1,00    0,00    2,00    0,00    0,00    0,00    0,00    0,00    0,00   97,00

18:38:24     CPU    %usr   %nice    %sys %iowait    %irq   %soft  %steal  %guest  %gnice   %idle
18:38:25     all    0,00    0,00    0,09    0,00    0,00   44,18    0,00    0,00    0,00   55,74
18:38:25       0    0,00    0,00    0,00    0,00    0,00   80,00    0,00    0,00    0,00   20,00
18:38:25       1    0,00    0,00    0,00    0,00    0,00  100,00    0,00    0,00    0,00    0,00
18:38:25       2    0,00    0,00    0,00    0,00    0,00   85,15    0,00    0,00    0,00   14,85
18:38:25       3    0,00    0,00    0,00    0,00    0,00   87,88    0,00    0,00    0,00   12,12
18:38:25       4    0,00    0,00    0,00    0,00    0,00  100,00    0,00    0,00    0,00    0,00
18:38:25       5    0,00    0,00    0,00    0,00    0,00  100,00    0,00    0,00    0,00    0,00
18:38:25       6    0,00    0,00    0,00    0,00    0,00   79,00    0,00    0,00    0,00   21,00
18:38:25       7    0,00    0,00    0,00    0,00    0,00  100,00    0,00    0,00    0,00    0,00
18:38:25       8    0,00    0,00    0,00    0,00    0,00   98,00    0,00    0,00    0,00    2,00
18:38:25       9    0,00    0,00    0,00    0,00    0,00   13,13    0,00    0,00    0,00   86,87
18:38:25      10    0,00    0,00    0,00    0,00    0,00   32,35    0,00    0,00    0,00   67,65
18:38:25      11    0,00    0,00    0,00    0,00    0,00    7,69    0,00    0,00    0,00   92,31
18:38:25      12    0,00    0,00    0,00    0,00    0,00   26,26    0,00    0,00    0,00   73,74
18:38:25      13    0,00    0,00    0,00    0,00    0,00   33,00    0,00    0,00    0,00   67,00
18:38:25      14    0,00    0,00    0,00    0,00    0,00   49,02    0,00    0,00    0,00   50,98
18:38:25      15    0,00    0,00    0,00    0,00    0,00   49,02    0,00    0,00    0,00   50,98
18:38:25      16    0,00    0,00    0,00    0,00    0,00    0,00    0,00    0,00    0,00  100,00
18:38:25      17    0,00    0,00    0,00    0,00    0,00    0,00    0,00    0,00    0,00  100,00
18:38:25      18    0,00    0,00    0,00    0,00    0,00    0,00    0,00    0,00    0,00  100,00
18:38:25      19    0,00    0,00    1,00    0,00    0,00    0,00    0,00    0,00    0,00   99,00
18:38:25      20    0,00    0,00    0,00    0,00    0,00    0,00    0,00    0,00    0,00  100,00
18:38:25      21    0,00    0,00    0,00    0,00    0,00    0,00    0,00    0,00    0,00  100,00
18:38:25      22    0,00    0,00    1,00    0,00    0,00    0,00    0,00    0,00    0,00   99,00
18:38:25      23    0,00    0,00    0,00    0,00    0,00    0,00    0,00    0,00    0,00  100,00

18:38:25     CPU    %usr   %nice    %sys %iowait    %irq   %soft  %steal  %guest  %gnice   %idle
18:38:26     all    0,13    0,00    0,04    0,09    0,00   43,96    0,00    0,00    0,00   55,79
18:38:26       0    0,00    0,00    0,00    0,00    0,00   79,38    0,00    0,00    0,00   20,62
18:38:26       1    0,00    0,00    0,00    0,00    0,00  100,00    0,00    0,00    0,00    0,00
18:38:26       2    0,00    0,00    0,00    0,00    0,00   84,69    0,00    0,00    0,00   15,31
18:38:26       3    0,00    0,00    0,00    0,00    0,00   88,00    0,00    0,00    0,00   12,00
18:38:26       4    0,00    0,00    0,00    0,00    0,00  100,00    0,00    0,00    0,00    0,00
18:38:26       5    0,00    0,00    0,00    0,00    0,00  100,00    0,00    0,00    0,00    0,00
18:38:26       6    0,00    0,00    0,00    0,00    0,00   78,57    0,00    0,00    0,00   21,43
18:38:26       7    0,00    0,00    0,00    0,00    0,00  100,00    0,00    0,00    0,00    0,00
18:38:26       8    0,00    0,00    0,00    0,00    0,00   98,00    0,00    0,00    0,00    2,00
18:38:26       9    0,00    0,00    0,00    0,00    0,00   14,00    0,00    0,00    0,00   86,00
18:38:26      10    0,00    0,00    0,00    0,00    0,00   30,61    0,00    0,00    0,00   69,39
18:38:26      11    0,00    0,00    0,00    0,00    0,00    9,62    0,00    0,00    0,00   90,38
18:38:26      12    0,00    0,00    0,00    0,00    0,00   27,00    0,00    0,00    0,00   73,00
18:38:26      13    0,00    0,00    0,00    0,00    0,00   33,66    0,00    0,00    0,00   66,34
18:38:26      14    0,00    0,00    0,00    0,00    0,00   48,48    0,00    0,00    0,00   51,52
18:38:26      15    0,00    0,00    0,00    0,00    0,00   48,00    0,00    0,00    0,00   52,00
18:38:26      16    1,01    0,00    0,00    0,00    0,00    0,00    0,00    0,00    0,00   98,99
18:38:26      17    0,00    0,00    0,00    0,00    0,00    0,00    0,00    0,00    0,00  100,00
18:38:26      18    0,00    0,00    0,00    1,01    0,00    0,00    0,00    0,00    0,00   98,99
18:38:26      19    1,01    0,00    0,00    0,00    0,00    0,00    0,00    0,00    0,00   98,99
18:38:26      20    0,00    0,00    0,99    0,99    0,00    0,00    0,00    0,00    0,00   98,02
18:38:26      21    0,00    0,00    0,00    0,00    0,00    0,00    0,00    0,00    0,00  100,00
18:38:26      22    0,00    0,00    0,00    0,00    0,00    0,00    0,00    0,00    0,00  100,00
18:38:26      23    0,99    0,00    0,00    0,00    0,00    0,00    0,00    0,00    0,00   99,01

18:38:26     CPU    %usr   %nice    %sys %iowait    %irq   %soft  %steal  %guest  %gnice   %idle
18:38:27     all    1,88    0,00    1,50    0,00    0,00   44,96    0,00    0,00    0,00   51,67
18:38:27       0    0,00    0,00    0,00    0,00    0,00   82,00    0,00    0,00    0,00   18,00
18:38:27       1    0,00    0,00    0,00    0,00    0,00  100,00    0,00    0,00    0,00    0,00
18:38:27       2    0,00    0,00    0,00    0,00    0,00   88,89    0,00    0,00    0,00   11,11
18:38:27       3    0,00    0,00    0,00    0,00    0,00   91,92    0,00    0,00    0,00    8,08
18:38:27       4    0,00    0,00    0,00    0,00    0,00  100,00    0,00    0,00    0,00    0,00
18:38:27       5    0,00    0,00    0,00    0,00    0,00  100,00    0,00    0,00    0,00    0,00
18:38:27       6    0,00    0,00    0,00    0,00    0,00   80,81    0,00    0,00    0,00   19,19
18:38:27       7    0,00    0,00    0,00    0,00    0,00  100,00    0,00    0,00    0,00    0,00
18:38:27       8    0,00    0,00    0,00    0,00    0,00   99,00    0,00    0,00    0,00    1,00
18:38:27       9    0,00    0,00    0,00    0,00    0,00   15,00    0,00    0,00    0,00   85,00
18:38:27      10    5,94    0,00    4,95    0,00    0,00   34,65    0,00    0,00    0,00   54,46
18:38:27      11    1,72    0,00    0,00    0,00    0,00   22,41    0,00    0,00    0,00   75,86
18:38:27      12    0,99    0,00    0,00    0,00    0,00   29,70    0,00    0,00    0,00   69,31
18:38:27      13    0,00    0,00    0,00    0,00    0,00   34,34    0,00    0,00    0,00   65,66
18:38:27      14    0,99    0,00    0,99    0,00    0,00   48,51    0,00    0,00    0,00   49,50
18:38:27      15    1,15    0,00    1,15    0,00    0,00   41,38    0,00    0,00    0,00   56,32
18:38:27      16    6,12    0,00    4,08    0,00    0,00    0,00    0,00    0,00    0,00   89,80
18:38:27      17    5,05    0,00    4,04    0,00    0,00    0,00    0,00    0,00    0,00   90,91
18:38:27      18    4,00    0,00    3,00    0,00    0,00    0,00    0,00    0,00    0,00   93,00
18:38:27      19    6,00    0,00    4,00    0,00    0,00    0,00    0,00    0,00    0,00   90,00
18:38:27      20    3,03    0,00    2,02    0,00    0,00    0,00    0,00    0,00    0,00   94,95
18:38:27      21    2,97    0,00    3,96    0,00    0,00    0,00    0,00    0,00    0,00   93,07
18:38:27      22    4,00    0,00    3,00    0,00    0,00    0,00    0,00    0,00    0,00   93,00
18:38:27      23    3,03    0,00    4,04    0,00    0,00    0,00    0,00    0,00    0,00   92,93

18:38:27     CPU    %usr   %nice    %sys %iowait    %irq   %soft  %steal  %guest  %gnice   %idle
18:38:28     all    1,46    0,00    0,33    0,00    0,00   46,01    0,00    0,00    0,00   52,19
18:38:28       0    0,00    0,00    0,00    0,00    0,00   80,39    0,00    0,00    0,00   19,61
18:38:28       1    0,00    0,00    0,00    0,00    0,00  100,00    0,00    0,00    0,00    0,00
18:38:28       2    0,00    0,00    0,00    0,00    0,00   87,00    0,00    0,00    0,00   13,00
18:38:28       3    0,00    0,00    0,00    0,00    0,00   89,80    0,00    0,00    0,00   10,20
18:38:28       4    0,00    0,00    0,00    0,00    0,00  100,00    0,00    0,00    0,00    0,00
18:38:28       5    0,00    0,00    0,00    0,00    0,00  100,00    0,00    0,00    0,00    0,00
18:38:28       6    0,00    0,00    0,00    0,00    0,00   81,82    0,00    0,00    0,00   18,18
18:38:28       7    0,00    0,00    0,00    0,00    0,00  100,00    0,00    0,00    0,00    0,00
18:38:28       8    0,00    0,00    0,00    0,00    0,00   98,99    0,00    0,00    0,00    1,01
18:38:28       9    0,00    0,00    0,00    0,00    0,00   16,00    0,00    0,00    0,00   84,00
18:38:28      10   13,86    0,00    1,98    0,00    0,00   33,66    0,00    0,00    0,00   50,50
18:38:28      11    1,01    0,00    1,01    0,00    0,00   54,55    0,00    0,00    0,00   43,43
18:38:28      12    1,00    0,00    0,00    0,00    0,00   30,00    0,00    0,00    0,00   69,00
18:38:28      13    0,00    0,00    0,00    0,00    0,00   38,00    0,00    0,00    0,00   62,00
18:38:28      14   14,85    0,00    0,99    0,00    0,00   47,52    0,00    0,00    0,00   36,63
18:38:28      15    0,00    0,00    0,00    0,00    0,00   47,87    0,00    0,00    0,00   52,13
18:38:28      16    1,98    0,00    0,99    0,00    0,00    0,00    0,00    0,00    0,00   97,03
18:38:28      17    0,00    0,00    1,00    0,00    0,00    0,00    0,00    0,00    0,00   99,00
18:38:28      18    1,00    0,00    0,00    0,00    0,00    0,00    0,00    0,00    0,00   99,00
18:38:28      19    0,00    0,00    0,00    0,00    0,00    0,00    0,00    0,00    0,00  100,00
18:38:28      20    1,00    0,00    1,00    0,00    0,00    0,00    0,00    0,00    0,00   98,00
18:38:28      21    0,00    0,00    0,00    0,00    0,00    0,00    0,00    0,00    0,00  100,00
18:38:28      22    0,00    0,00    0,00    0,00    0,00    0,00    0,00    0,00    0,00  100,00
18:38:28      23    0,00    0,00    1,00    0,00    0,00    0,00    0,00    0,00    0,00   99,00

18:38:28     CPU    %usr   %nice    %sys %iowait    %irq   %soft  %steal  %guest  %gnice   %idle
18:38:29     all    0,00    0,00    0,08    0,00    0,00   45,66    0,00    0,00    0,00   54,26
18:38:29       0    0,00    0,00    0,00    0,00    0,00   79,00    0,00    0,00    0,00   21,00
18:38:29       1    0,00    0,00    0,00    0,00    0,00  100,00    0,00    0,00    0,00    0,00
18:38:29       2    0,00    0,00    0,00    0,00    0,00   85,15    0,00    0,00    0,00   14,85
18:38:29       3    0,00    0,00    0,00    0,00    0,00   88,78    0,00    0,00    0,00   11,22
18:38:29       4    0,00    0,00    0,00    0,00    0,00  100,00    0,00    0,00    0,00    0,00
18:38:29       5    0,00    0,00    0,00    0,00    0,00  100,00    0,00    0,00    0,00    0,00
18:38:29       6    0,00    0,00    0,00    0,00    0,00   78,57    0,00    0,00    0,00   21,43
18:38:29       7    0,00    0,00    0,00    0,00    0,00  100,00    0,00    0,00    0,00    0,00
18:38:29       8    0,00    0,00    0,00    0,00    0,00   97,03    0,00    0,00    0,00    2,97
18:38:29       9    0,00    0,00    0,00    0,00    0,00   16,00    0,00    0,00    0,00   84,00
18:38:29      10    0,00    0,00    0,00    0,00    0,00   32,32    0,00    0,00    0,00   67,68
18:38:29      11    0,00    0,00    0,00    0,00    0,00   54,00    0,00    0,00    0,00   46,00
18:38:29      12    0,00    0,00    1,00    0,00    0,00   30,00    0,00    0,00    0,00   69,00
18:38:29      13    0,00    0,00    0,00    0,00    0,00   36,73    0,00    0,00    0,00   63,27
18:38:29      14    0,00    0,00    0,00    0,00    0,00   47,52    0,00    0,00    0,00   52,48
18:38:29      15    0,00    0,00    0,00    0,00    0,00   50,00    0,00    0,00    0,00   50,00
18:38:29      16    0,00    0,00    0,00    0,00    0,00    0,00    0,00    0,00    0,00  100,00
18:38:29      17    0,00    0,00    0,00    0,00    0,00    0,00    0,00    0,00    0,00  100,00
18:38:29      18    0,00    0,00    0,00    0,00    0,00    0,00    0,00    0,00    0,00  100,00
18:38:29      19    0,00    0,00    0,00    0,00    0,00    0,00    0,00    0,00    0,00  100,00
18:38:29      20    0,00    0,00    0,00    0,00    0,00    0,00    0,00    0,00    0,00  100,00
18:38:29      21    0,00    0,00    0,00    0,00    0,00    0,00    0,00    0,00    0,00  100,00
18:38:29      22    0,00    0,00    0,00    0,00    0,00    0,00    0,00    0,00    0,00  100,00
18:38:29      23    0,00    0,00    1,00    0,00    0,00    0,00    0,00    0,00    0,00   99,00

18:38:29     CPU    %usr   %nice    %sys %iowait    %irq   %soft  %steal  %guest  %gnice   %idle
18:38:30     all    0,25    0,00    0,00    0,00    0,00   45,51    0,00    0,00    0,00   54,24
18:38:30       0    0,00    0,00    0,00    0,00    0,00   79,00    0,00    0,00    0,00   21,00
18:38:30       1    0,00    0,00    0,00    0,00    0,00  100,00    0,00    0,00    0,00    0,00
18:38:30       2    0,00    0,00    0,00    0,00    0,00   85,00    0,00    0,00    0,00   15,00
18:38:30       3    0,00    0,00    0,00    0,00    0,00   89,11    0,00    0,00    0,00   10,89
18:38:30       4    0,00    0,00    0,00    0,00    0,00  100,00    0,00    0,00    0,00    0,00
18:38:30       5    0,00    0,00    0,00    0,00    0,00  100,00    0,00    0,00    0,00    0,00
18:38:30       6    0,00    0,00    0,00    0,00    0,00   80,39    0,00    0,00    0,00   19,61
18:38:30       7    0,00    0,00    0,00    0,00    0,00  100,00    0,00    0,00    0,00    0,00
18:38:30       8    0,00    0,00    0,00    0,00    0,00   97,03    0,00    0,00    0,00    2,97
18:38:30       9    0,00    0,00    0,00    0,00    0,00   14,29    0,00    0,00    0,00   85,71
18:38:30      10    0,00    0,00    0,00    0,00    0,00   30,61    0,00    0,00    0,00   69,39
18:38:30      11    0,00    0,00    0,00    0,00    0,00   53,47    0,00    0,00    0,00   46,53
18:38:30      12    1,00    0,00    0,00    0,00    0,00   29,00    0,00    0,00    0,00   70,00
18:38:30      13    1,00    0,00    0,00    0,00    0,00   37,00    0,00    0,00    0,00   62,00
18:38:30      14    0,00    0,00    0,00    0,00    0,00   46,39    0,00    0,00    0,00   53,61
18:38:30      15    0,00    0,00    0,00    0,00    0,00   48,45    0,00    0,00    0,00   51,55
18:38:30      16    0,00    0,00    0,00    0,00    0,00    0,00    0,00    0,00    0,00  100,00
18:38:30      17    1,00    0,00    0,00    0,00    0,00    0,00    0,00    0,00    0,00   99,00
18:38:30      18    1,00    0,00    0,00    0,00    0,00    0,00    0,00    0,00    0,00   99,00
18:38:30      19    0,00    0,00    0,00    0,00    0,00    0,00    0,00    0,00    0,00  100,00
18:38:30      20    0,99    0,00    0,00    0,00    0,00    0,00    0,00    0,00    0,00   99,01
18:38:30      21    0,99    0,00    0,00    0,00    0,00    0,00    0,00    0,00    0,00   99,01
18:38:30      22    0,00    0,00    0,00    0,00    0,00    0,00    0,00    0,00    0,00  100,00
18:38:30      23    0,00    0,00    0,00    0,00    0,00    0,00    0,00    0,00    0,00  100,00

18:38:30     CPU    %usr   %nice    %sys %iowait    %irq   %soft  %steal  %guest  %gnice   %idle
18:38:31     all    0,04    0,00    0,12    0,08    0,00   45,84    0,00    0,00    0,00   53,91
18:38:31       0    0,00    0,00    0,00    0,00    0,00   79,21    0,00    0,00    0,00   20,79
18:38:31       1    0,00    0,00    0,00    0,00    0,00  100,00    0,00    0,00    0,00    0,00
18:38:31       2    0,00    0,00    0,00    0,00    0,00   86,00    0,00    0,00    0,00   14,00
18:38:31       3    0,00    0,00    0,00    0,00    0,00   89,22    0,00    0,00    0,00   10,78
18:38:31       4    0,00    0,00    0,00    0,00    0,00  100,00    0,00    0,00    0,00    0,00
18:38:31       5    0,00    0,00    0,00    0,00    0,00  100,00    0,00    0,00    0,00    0,00
18:38:31       6    0,00    0,00    0,00    0,00    0,00   81,00    0,00    0,00    0,00   19,00
18:38:31       7    0,00    0,00    0,00    0,00    0,00  100,00    0,00    0,00    0,00    0,00
18:38:31       8    0,00    0,00    0,00    0,00    0,00   98,00    0,00    0,00    0,00    2,00
18:38:31       9    0,00    0,00    0,00    0,00    0,00   15,00    0,00    0,00    0,00   85,00
18:38:31      10    0,00    0,00    0,00    0,00    0,00   33,33    0,00    0,00    0,00   66,67
18:38:31      11    0,00    0,00    0,00    0,00    0,00   54,00    0,00    0,00    0,00   46,00
18:38:31      12    0,00    0,00    0,00    0,00    0,00   30,00    0,00    0,00    0,00   70,00
18:38:31      13    0,00    0,00    0,00    0,00    0,00   37,37    0,00    0,00    0,00   62,63
18:38:31      14    0,00    0,00    0,00    0,00    0,00   47,00    0,00    0,00    0,00   53,00
18:38:31      15    0,00    0,00    0,00    0,00    0,00   50,00    0,00    0,00    0,00   50,00
18:38:31      16    0,00    0,00    0,99    0,00    0,00    0,00    0,00    0,00    0,00   99,01
18:38:31      17    0,00    0,00    0,00    0,00    0,00    0,00    0,00    0,00    0,00  100,00
18:38:31      18    0,00    0,00    0,00    2,02    0,00    0,00    0,00    0,00    0,00   97,98
18:38:31      19    0,99    0,00    0,00    0,00    0,00    0,00    0,00    0,00    0,00   99,01
18:38:31      20    0,00    0,00    0,00    0,00    0,00    0,00    0,00    0,00    0,00  100,00
18:38:31      21    0,00    0,00    0,99    0,00    0,00    0,00    0,00    0,00    0,00   99,01
18:38:31      22    0,00    0,00    0,00    0,00    0,00    0,00    0,00    0,00    0,00  100,00
18:38:31      23    0,00    0,00    0,99    0,00    0,00    0,00    0,00    0,00    0,00   99,01

18:38:31     CPU    %usr   %nice    %sys %iowait    %irq   %soft  %steal  %guest  %gnice   %idle
18:38:32     all    0,17    0,00    0,08    0,00    0,00   45,33    0,00    0,00    0,00   54,42
18:38:32       0    0,00    0,00    0,00    0,00    0,00   79,21    0,00    0,00    0,00   20,79
18:38:32       1    0,00    0,00    0,00    0,00    0,00  100,00    0,00    0,00    0,00    0,00
18:38:32       2    0,00    0,00    0,00    0,00    0,00   84,85    0,00    0,00    0,00   15,15
18:38:32       3    0,00    0,00    0,00    0,00    0,00   88,89    0,00    0,00    0,00   11,11
18:38:32       4    0,00    0,00    0,00    0,00    0,00  100,00    0,00    0,00    0,00    0,00
18:38:32       5    0,00    0,00    0,00    0,00    0,00  100,00    0,00    0,00    0,00    0,00
18:38:32       6    0,00    0,00    0,00    0,00    0,00   80,20    0,00    0,00    0,00   19,80
18:38:32       7    0,00    0,00    0,00    0,00    0,00  100,00    0,00    0,00    0,00    0,00
18:38:32       8    0,00    0,00    0,00    0,00    0,00   98,00    0,00    0,00    0,00    2,00
18:38:32       9    0,00    0,00    0,00    0,00    0,00   14,14    0,00    0,00    0,00   85,86
18:38:32      10    1,00    0,00    0,00    0,00    0,00   32,00    0,00    0,00    0,00   67,00
18:38:32      11    0,00    0,00    0,00    0,00    0,00   52,53    0,00    0,00    0,00   47,47
18:38:32      12    0,00    0,00    0,00    0,00    0,00   29,00    0,00    0,00    0,00   71,00
18:38:32      13    0,00    0,00    1,00    0,00    0,00   37,00    0,00    0,00    0,00   62,00
18:38:32      14    0,99    0,00    0,00    0,00    0,00   44,55    0,00    0,00    0,00   54,46
18:38:32      15    1,00    0,00    0,00    0,00    0,00   47,00    0,00    0,00    0,00   52,00
18:38:32      16    0,00    0,00    0,00    0,00    0,00    0,00    0,00    0,00    0,00  100,00
18:38:32      17    1,00    0,00    0,00    0,00    0,00    0,00    0,00    0,00    0,00   99,00
18:38:32      18    0,00    0,00    1,00    0,00    0,00    0,00    0,00    0,00    0,00   99,00
18:38:32      19    0,00    0,00    0,00    0,00    0,00    0,00    0,00    0,00    0,00  100,00
18:38:32      20    0,00    0,00    0,00    0,00    0,00    0,00    0,00    0,00    0,00  100,00
18:38:32      21    0,00    0,00    0,00    0,00    0,00    0,00    0,00    0,00    0,00  100,00
18:38:32      22    0,00    0,00    0,00    0,00    0,00    0,00    0,00    0,00    0,00  100,00
18:38:32      23    0,00    0,00    0,00    0,00    0,00    0,00    0,00    0,00    0,00  100,00

18:38:32     CPU    %usr   %nice    %sys %iowait    %irq   %soft  %steal  %guest  %gnice   %idle
18:38:33     all    2,35    0,00    1,01    0,08    0,00   46,59    0,00    0,00    0,00   49,98
18:38:33       0    0,00    0,00    0,00    0,00    0,00   81,82    0,00    0,00    0,00   18,18
18:38:33       1    0,00    0,00    0,00    0,00    0,00  100,00    0,00    0,00    0,00    0,00
18:38:33       2    6,19    0,00    0,00    0,00    0,00   88,66    0,00    0,00    0,00    5,15
18:38:33       3    0,98    0,00    0,00    0,00    0,00   92,16    0,00    0,00    0,00    6,86
18:38:33       4    0,00    0,00    0,00    0,00    0,00  100,00    0,00    0,00    0,00    0,00
18:38:33       5    0,00    0,00    0,00    0,00    0,00  100,00    0,00    0,00    0,00    0,00
18:38:33       6    0,00    0,00    0,00    0,00    0,00   83,00    0,00    0,00    0,00   17,00
18:38:33       7    0,00    0,00    0,00    0,00    0,00  100,00    0,00    0,00    0,00    0,00
18:38:33       8    0,00    0,00    0,00    0,00    0,00  100,00    0,00    0,00    0,00    0,00
18:38:33       9    0,00    0,00    0,00    0,00    0,00   13,27    0,00    0,00    0,00   86,73
18:38:33      10    2,00    0,00    0,00    0,00    0,00   35,00    0,00    0,00    0,00   63,00
18:38:33      11    0,00    0,00    0,00    0,00    0,00   54,00    0,00    0,00    0,00   46,00
18:38:33      12    2,02    0,00    0,00    0,00    0,00   34,34    0,00    0,00    0,00   63,64
18:38:33      13   14,85    0,00    1,98    0,00    0,00   39,60    0,00    0,00    0,00   43,56
18:38:33      14    1,02    0,00    1,02    0,00    0,00   44,90    0,00    0,00    0,00   53,06
18:38:33      15    0,00    0,00    0,00    0,00    0,00   48,48    0,00    0,00    0,00   51,52
18:38:33      16    5,05    0,00    1,01    0,00    0,00    0,00    0,00    0,00    0,00   93,94
18:38:33      17    5,05    0,00    3,03    0,00    0,00    0,00    0,00    0,00    0,00   91,92
18:38:33      18    2,02    0,00    3,03    1,01    0,00    0,00    0,00    0,00    0,00   93,94
18:38:33      19    4,08    0,00    4,08    0,00    0,00    0,00    0,00    0,00    0,00   91,84
18:38:33      20    2,00    0,00    4,00    0,00    0,00    0,00    0,00    0,00    0,00   94,00
18:38:33      21    6,06    0,00    2,02    0,00    0,00    0,00    0,00    0,00    0,00   91,92
18:38:33      22    2,00    0,00    3,00    1,00    0,00    0,00    0,00    0,00    0,00   94,00
18:38:33      23    3,00    0,00    1,00    0,00    0,00    0,00    0,00    0,00    0,00   96,00

18:38:33     CPU    %usr   %nice    %sys %iowait    %irq   %soft  %steal  %guest  %gnice   %idle
18:38:34     all    3,25    0,00    2,15    0,00    0,00   46,22    0,00    0,00    0,00   48,37
18:38:34       0    0,00    0,00    0,00    0,00    0,00   82,52    0,00    0,00    0,00   17,48
18:38:34       1    0,00    0,00    0,00    0,00    0,00  100,00    0,00    0,00    0,00    0,00
18:38:34       2    3,16    0,00    1,05    0,00    0,00   90,53    0,00    0,00    0,00    5,26
18:38:34       3    0,00    0,00    0,00    0,00    0,00   94,00    0,00    0,00    0,00    6,00
18:38:34       4    0,00    0,00    0,00    0,00    0,00  100,00    0,00    0,00    0,00    0,00
18:38:34       5    0,00    0,00    0,00    0,00    0,00  100,00    0,00    0,00    0,00    0,00
18:38:34       6    0,00    0,00    0,00    0,00    0,00   83,84    0,00    0,00    0,00   16,16
18:38:34       7    0,00    0,00    0,00    0,00    0,00  100,00    0,00    0,00    0,00    0,00
18:38:34       8    0,00    0,00    0,00    0,00    0,00  100,00    0,00    0,00    0,00    0,00
18:38:34       9    0,00    0,00    0,00    0,00    0,00   14,00    0,00    0,00    0,00   86,00
18:38:34      10   12,24    0,00    6,12    0,00    0,00   31,63    0,00    0,00    0,00   50,00
18:38:34      11    0,00    0,00    0,00    0,00    0,00   51,52    0,00    0,00    0,00   48,48
18:38:34      12    3,03    0,00    3,03    0,00    0,00   32,32    0,00    0,00    0,00   61,62
18:38:34      13    0,00    0,00    0,00    0,00    0,00   41,58    0,00    0,00    0,00   58,42
18:38:34      14    9,78    0,00    2,17    0,00    0,00   45,65    0,00    0,00    0,00   42,39
18:38:34      15    0,00    0,00    0,00    0,00    0,00   41,46    0,00    0,00    0,00   58,54
18:38:34      16    5,00    0,00    3,00    0,00    0,00    1,00    0,00    0,00    0,00   91,00
18:38:34      17   12,00    0,00    3,00    0,00    0,00    0,00    0,00    0,00    0,00   85,00
18:38:34      18    8,00    0,00    7,00    0,00    0,00    0,00    0,00    0,00    0,00   85,00
18:38:34      19    7,92    0,00    6,93    0,00    0,00    0,00    0,00    0,00    0,00   85,15
18:38:34      20    3,03    0,00    5,05    0,00    0,00    0,00    0,00    0,00    0,00   91,92
18:38:34      21    3,00    0,00    3,00    0,00    0,00    0,00    0,00    0,00    0,00   94,00
18:38:34      22    6,00    0,00    7,00    0,00    0,00    0,00    0,00    0,00    0,00   87,00
18:38:34      23    4,95    0,00    3,96    0,00    0,00    0,00    0,00    0,00    0,00   91,09

18:38:34     CPU    %usr   %nice    %sys %iowait    %irq   %soft  %steal  %guest  %gnice   %idle
18:38:35     all    4,45    0,00    2,67    0,00    0,00   47,21    0,00    0,00    0,00   45,68
18:38:35       0    0,00    0,00    0,00    0,00    0,00   85,44    0,00    0,00    0,00   14,56
18:38:35       1    0,00    0,00    0,00    0,00    0,00  100,00    0,00    0,00    0,00    0,00
18:38:35       2    1,98    0,00    0,99    0,00    0,00   93,07    0,00    0,00    0,00    3,96
18:38:35       3    0,00    0,00    0,00    0,00    0,00   96,94    0,00    0,00    0,00    3,06
18:38:35       4    0,00    0,00    0,00    0,00    0,00  100,00    0,00    0,00    0,00    0,00
18:38:35       5    0,00    0,00    0,00    0,00    0,00  100,00    0,00    0,00    0,00    0,00
18:38:35       6    0,00    0,00    0,00    0,00    0,00   86,14    0,00    0,00    0,00   13,86
18:38:35       7    0,00    0,00    0,00    0,00    0,00  100,00    0,00    0,00    0,00    0,00
18:38:35       8    0,00    0,00    0,00    0,00    0,00  100,00    0,00    0,00    0,00    0,00
18:38:35       9    0,00    0,00    0,00    0,00    0,00   13,27    0,00    0,00    0,00   86,73
18:38:35      10    9,90    0,00    4,95    0,00    0,00   34,65    0,00    0,00    0,00   50,50
18:38:35      11    0,00    0,00    0,00    0,00    0,00   56,00    0,00    0,00    0,00   44,00
18:38:35      12   19,80    0,00    4,95    0,00    0,00   34,65    0,00    0,00    0,00   40,59
18:38:35      13    0,00    0,00    0,00    0,00    0,00   43,88    0,00    0,00    0,00   56,12
18:38:35      14   11,00    0,00    4,00    0,00    0,00   52,00    0,00    0,00    0,00   33,00
18:38:35      15    0,00    0,00    0,00    0,00    0,00   25,40    0,00    0,00    0,00   74,60
18:38:35      16    9,18    0,00    7,14    0,00    0,00    1,02    0,00    0,00    0,00   82,65
18:38:35      17   12,00    0,00    7,00    0,00    0,00    0,00    0,00    0,00    0,00   81,00
18:38:35      18    5,05    0,00    5,05    0,00    0,00    0,00    0,00    0,00    0,00   89,90
18:38:35      19    7,00    0,00    6,00    0,00    0,00    0,00    0,00    0,00    0,00   87,00
18:38:35      20    8,00    0,00    6,00    0,00    0,00    0,00    0,00    0,00    0,00   86,00
18:38:35      21    6,06    0,00    7,07    0,00    0,00    0,00    0,00    0,00    0,00   86,87
18:38:35      22    4,95    0,00    4,95    0,00    0,00    0,00    0,00    0,00    0,00   90,10
18:38:35      23    9,90    0,00    4,95    0,00    0,00    0,00    0,00    0,00    0,00   85,15
