{
  "peak_forwarded_pps": 4855142.0,
  "peak_forwarded_gbps": 2.330478656,
  "sender_injection_pps": 37053646.09859155,
  "packet_loss_pct": 86.93308889636886,
  "nic_drop_rate_mean": 0.0,
  "nic_drop_rate_peak": 0.0,
  "forwarding_efficiency_pct": 13.06691110363114,
  "throughput_std_dev": 14923.63455080268
}