{
  "peak_forwarded_pps": 30833880.0,
  "peak_forwarded_gbps": 20.720365312,
  "sender_injection_pps": 37194017.0,
  "packet_loss_pct": 17.333891073788646,
  "nic_drop_rate_mean": 0.0,
  "nic_drop_rate_peak": 0.0,
  "forwarding_efficiency_pct": 82.66610892621135,
  "throughput_std_dev": 146409.59208776438
}