{
  "peak_forwarded_pps": 7103565.5,
  "peak_forwarded_gbps": 3.4097076,
  "sender_injection_pps": 37200493.44736842,
  "packet_loss_pct": 80.96903403754185,
  "nic_drop_rate_mean": 0.0,
  "nic_drop_rate_peak": 0.0,
  "forwarding_efficiency_pct": 19.030965962458147,
  "throughput_std_dev": 20983.85572480584
}