{
  "peak_forwarded_pps": 12595649.4,
  "peak_forwarded_gbps": 6.0459116608,
  "sender_injection_pps": 37203441.65024631,
  "packet_loss_pct": 72.8128805503045,
  "nic_drop_rate_mean": 0.0,
  "nic_drop_rate_peak": 0.0,
  "forwarding_efficiency_pct": 27.1871194496955,
  "throughput_std_dev": 2993398.935687904
}