{
  "peak_forwarded_pps": 23367281.49999999,
  "peak_forwarded_gbps": 15.702806793599994,
  "sender_injection_pps": 37130677.458333336,
  "packet_loss_pct": 53.10306365623907,
  "nic_drop_rate_mean": 0.0,
  "nic_drop_rate_peak": 0.0,
  "forwarding_efficiency_pct": 46.89693634376093,
  "throughput_std_dev": 4455536.401982386
}