{
  "peak_forwarded_pps": 841073.2,
  "peak_forwarded_gbps": 0.4037153152,
  "sender_injection_pps": 35859279.35714286,
  "packet_loss_pct": 97.78033552456415,
  "nic_drop_rate_mean": 0.0,
  "nic_drop_rate_peak": 0.0,
  "forwarding_efficiency_pct": 2.219664475435846,
  "throughput_std_dev": 161229.68706565656
}