{
  "peak_forwarded_pps": 5349230.6,
  "peak_forwarded_gbps": 3.5946839616,
  "sender_injection_pps": 37110927.208333336,
  "packet_loss_pct": 87.89666071145975,
  "nic_drop_rate_mean": 0.0,
  "nic_drop_rate_peak": 0.0,
  "forwarding_efficiency_pct": 12.103339288540258,
  "throughput_std_dev": 628998.8010906642
}