{
  "peak_forwarded_pps": 6651098.75,
  "peak_forwarded_gbps": 3.1925279887999998,
  "sender_injection_pps": 37163864.078431375,
  "packet_loss_pct": 84.4989276418895,
  "nic_drop_rate_mean": 0.0,
  "nic_drop_rate_peak": 0.0,
  "forwarding_efficiency_pct": 15.501072358110502,
  "throughput_std_dev": 571553.7103296714
}