{
  "peak_forwarded_pps": 32288384.15,
  "peak_forwarded_gbps": 21.6977932528,
  "sender_injection_pps": 38848872.68181818,
  "packet_loss_pct": 16.88198289196401,
  "nic_drop_rate_mean": 0.0,
  "nic_drop_rate_peak": 0.0,
  "forwarding_efficiency_pct": 83.11801710803599,
  "throughput_std_dev": 2091489.0085866703
}